<?xml version="1.0" encoding="UTF-8"?>
<XML>
	<MATERIALLIST>
		<MATERIAL name="Walls_Wall012_mt_con">
			<DIFFUSE>1.00000000 1.00000000 1.00000000</DIFFUSE>
			<AMBIENT>1.00000000 1.00000000 1.00000000</AMBIENT>
			<SPECULAR>1.00000000 1.00000000 1.00000000</SPECULAR>
			<DIFFUSEMAP>Walls/Wall012.tga</DIFFUSEMAP>
		</MATERIAL>
		<MATERIAL name="Walls_Wall010_mt_con">
			<DIFFUSE>1.00000000 1.00000000 1.00000000</DIFFUSE>
			<AMBIENT>1.00000000 1.00000000 1.00000000</AMBIENT>
			<SPECULAR>1.00000000 1.00000000 1.00000000</SPECULAR>
			<DIFFUSEMAP>Walls/Wall010.tga</DIFFUSEMAP>
		</MATERIAL>
		<MATERIAL name="Walls_Wall055_mt_con">
			<DIFFUSE>1.00000000 1.00000000 1.00000000</DIFFUSE>
			<AMBIENT>1.00000000 1.00000000 1.00000000</AMBIENT>
			<SPECULAR>1.00000000 1.00000000 1.00000000</SPECULAR>
			<DIFFUSEMAP>Walls/Wall055.tga</DIFFUSEMAP>
		</MATERIAL>
		<MATERIAL name="Walls_Wall011_mt_con">
			<DIFFUSE>1.00000000 1.00000000 1.00000000</DIFFUSE>
			<AMBIENT>1.00000000 1.00000000 1.00000000</AMBIENT>
			<SPECULAR>1.00000000 1.00000000 1.00000000</SPECULAR>
			<DIFFUSEMAP>Walls/Wall011.tga</DIFFUSEMAP>
		</MATERIAL>
		<MATERIAL name="Floors_Floor008_mt_con">
			<DIFFUSE>1.00000000 1.00000000 1.00000000</DIFFUSE>
			<AMBIENT>1.00000000 1.00000000 1.00000000</AMBIENT>
			<SPECULAR>1.00000000 1.00000000 1.00000000</SPECULAR>
			<DIFFUSEMAP>Floors/Floor008.tga</DIFFUSEMAP>
		</MATERIAL>
		<MATERIAL name="Walls_Wall007_mt_con">
			<DIFFUSE>1.00000000 1.00000000 1.00000000</DIFFUSE>
			<AMBIENT>1.00000000 1.00000000 1.00000000</AMBIENT>
			<SPECULAR>1.00000000 1.00000000 1.00000000</SPECULAR>
			<DIFFUSEMAP>Walls/Wall007.tga</DIFFUSEMAP>
		</MATERIAL>
		<MATERIAL name="common_dayla1soidayxich">
			<DIFFUSE>1.00000000 1.00000000 1.00000000</DIFFUSE>
			<AMBIENT>1.00000000 1.00000000 1.00000000</AMBIENT>
			<SPECULAR>1.00000000 1.00000000 1.00000000</SPECULAR>
			<DIFFUSEMAP>common/dayla1soidayxich.png</DIFFUSEMAP>
			<USEOPACITY/>
			<USEALPHATEST/>
		</MATERIAL>
		<MATERIAL name="Walls_Wall013_mt_con">
			<DIFFUSE>1.00000000 1.00000000 1.00000000</DIFFUSE>
			<AMBIENT>1.00000000 1.00000000 1.00000000</AMBIENT>
			<SPECULAR>1.00000000 1.00000000 1.00000000</SPECULAR>
			<DIFFUSEMAP>Walls/Wall013.tga</DIFFUSEMAP>
		</MATERIAL>
	</MATERIALLIST>
	<LIGHTLIST>
		<LIGHT name="Omni_street_light_b01">
			<POSITION>1080.00000000 0.00000000 832.00000000</POSITION>
			<COLOR>1.0 1.0 1.0</COLOR>
			<INTENSITY>0.7</INTENSITY>
			<ATTENUATIONSTART>1000</ATTENUATIONSTART>
			<ATTENUATIONEND>1000</ATTENUATIONEND>
		</LIGHT>
		<LIGHT name="Omni_street_light_b02">
			<POSITION>-184.00000000 1280.00000000 832.00000000</POSITION>
			<COLOR>1.0 1.0 1.0</COLOR>
			<INTENSITY>0.45</INTENSITY>
			<ATTENUATIONSTART>1000</ATTENUATIONSTART>
			<ATTENUATIONEND>1000</ATTENUATIONEND>
		</LIGHT>
		<LIGHT name="Omni_street_light_b03">
			<POSITION>1096.00000000 1280.00000000 832.00000000</POSITION>
			<COLOR>1.0 1.0 1.0</COLOR>
			<INTENSITY>0.45</INTENSITY>
			<ATTENUATIONSTART>1000</ATTENUATIONSTART>
			<ATTENUATIONEND>1000</ATTENUATIONEND>
		</LIGHT>
		<LIGHT name="Omni_street_light_b04">
			<POSITION>1664.00000000 768.00000000 832.00000000</POSITION>
			<COLOR>1.0 1.0 1.0</COLOR>
			<INTENSITY>0.45</INTENSITY>
			<ATTENUATIONSTART>1000</ATTENUATIONSTART>
			<ATTENUATIONEND>1000</ATTENUATIONEND>
		</LIGHT>
		<LIGHT name="Omni_street_light_b05">
			<POSITION>-1464.00000000 1280.00000000 832.00000000</POSITION>
			<COLOR>1.0 1.0 1.0</COLOR>
			<INTENSITY>0.45</INTENSITY>
			<ATTENUATIONSTART>1000</ATTENUATIONSTART>
			<ATTENUATIONEND>1000</ATTENUATIONEND>
		</LIGHT>
		<LIGHT name="Omni_street_light_b06">
			<POSITION>1664.00000000 -768.00000000 832.00000000</POSITION>
			<COLOR>1.0 1.0 1.0</COLOR>
			<INTENSITY>0.45</INTENSITY>
			<ATTENUATIONSTART>1000</ATTENUATIONSTART>
			<ATTENUATIONEND>1000</ATTENUATIONEND>
		</LIGHT>
		<LIGHT name="Omni_street_light_b07">
			<POSITION>-200.00000000 -1280.00000000 832.00000000</POSITION>
			<COLOR>1.0 1.0 1.0</COLOR>
			<INTENSITY>0.45</INTENSITY>
			<ATTENUATIONSTART>1000</ATTENUATIONSTART>
			<ATTENUATIONEND>1000</ATTENUATIONEND>
		</LIGHT>
		<LIGHT name="Omni_street_light_b08">
			<POSITION>-1480.00000000 -1280.00000000 832.00000000</POSITION>
			<COLOR>1.0 1.0 1.0</COLOR>
			<INTENSITY>0.45</INTENSITY>
			<ATTENUATIONSTART>1000</ATTENUATIONSTART>
			<ATTENUATIONEND>1000</ATTENUATIONEND>
		</LIGHT>
		<LIGHT name="Omni_street_light_b09">
			<POSITION>-2048.00000000 -768.00000000 832.00000000</POSITION>
			<COLOR>1.0 1.0 1.0</COLOR>
			<INTENSITY>0.45</INTENSITY>
			<ATTENUATIONSTART>1000</ATTENUATIONSTART>
			<ATTENUATIONEND>1000</ATTENUATIONEND>
		</LIGHT>
		<LIGHT name="Omni_street_light_b010">
			<POSITION>1080.00000000 -1280.00000000 832.00000000</POSITION>
			<COLOR>1.0 1.0 1.0</COLOR>
			<INTENSITY>0.45</INTENSITY>
			<ATTENUATIONSTART>1000</ATTENUATIONSTART>
			<ATTENUATIONEND>1000</ATTENUATIONEND>
		</LIGHT>
		<LIGHT name="Omni_street_light_b011">
			<POSITION>-2048.00000000 768.00000000 832.00000000</POSITION>
			<COLOR>1.0 1.0 1.0</COLOR>
			<INTENSITY>0.45</INTENSITY>
			<ATTENUATIONSTART>1000</ATTENUATIONSTART>
			<ATTENUATIONEND>1000</ATTENUATIONEND>
		</LIGHT>
		<LIGHT name="Omni_street_light_b012">
			<POSITION>-1480.00000000 0.00000000 832.00000000</POSITION>
			<COLOR>1.0 1.0 1.0</COLOR>
			<INTENSITY>0.45</INTENSITY>
			<ATTENUATIONSTART>1000</ATTENUATIONSTART>
			<ATTENUATIONEND>1000</ATTENUATIONEND>
		</LIGHT>
		<LIGHT name="Omni_street_light_b013">
			<POSITION>-200.00000000 0.00000000 832.00000000</POSITION>
			<COLOR>1.0 1.0 1.0</COLOR>
			<INTENSITY>0.45</INTENSITY>
			<ATTENUATIONSTART>1000</ATTENUATIONSTART>
			<ATTENUATIONEND>1000</ATTENUATIONEND>
		</LIGHT>
		<LIGHT name="sun_Omni">
			<POSITION>-824.00000000 -840.00000000 4096.00000000</POSITION>
			<COLOR>1.0000000 1.0000000 1.0000000</COLOR>
			<INTENSITY>0.3700000</INTENSITY>
			<ATTENUATIONSTART>100000.0000000</ATTENUATIONSTART>
			<ATTENUATIONEND>100000.0000000</ATTENUATIONEND>
			<CASTSHADOW/>
		</LIGHT>
	</LIGHTLIST>
	<OBJECTLIST>
		<OBJECT name="stage_obj_sky_night.elu">
		</OBJECT>
	</OBJECTLIST>
	<DUMMYLIST>
		<DUMMY name="spawn_solo_101">
			<POSITION>-24.00000000 760.00000000 288.00000000</POSITION>
			<DIRECTION>-1.00000000 0.00000000 0.00000000</DIRECTION>
		</DUMMY>
		<DUMMY name="spawn_solo_102">
			<POSITION>192.00000000 1016.00000000 288.00000000</POSITION>
			<DIRECTION>-1.00000000 0.00000000 0.00000000</DIRECTION>
		</DUMMY>
		<DUMMY name="spawn_solo_103">
			<POSITION>-624.00000000 856.00000000 288.00000000</POSITION>
			<DIRECTION>-1.00000000 0.00000000 0.00000000</DIRECTION>
		</DUMMY>
		<DUMMY name="spawn_solo_104">
			<POSITION>408.00000000 472.00000000 288.00000000</POSITION>
			<DIRECTION>-1.00000000 0.00000000 0.00000000</DIRECTION>
		</DUMMY>
		<DUMMY name="spawn_solo_105">
			<POSITION>1640.00000000 144.00000000 288.00000000</POSITION>
			<DIRECTION>-1.00000000 0.00000000 0.00000000</DIRECTION>
		</DUMMY>
		<DUMMY name="spawn_solo_106">
			<POSITION>184.00000000 -384.00000000 288.00000000</POSITION>
			<DIRECTION>-1.00000000 0.00000000 0.00000000</DIRECTION>
		</DUMMY>
		<DUMMY name="spawn_solo_107">
			<POSITION>400.00000000 -1616.00000000 288.00000000</POSITION>
			<DIRECTION>-1.00000000 0.00000000 0.00000000</DIRECTION>
		</DUMMY>
		<DUMMY name="spawn_solo_108">
			<POSITION>1832.00000000 -1216.00000000 288.00000000</POSITION>
			<DIRECTION>-1.00000000 0.00000000 0.00000000</DIRECTION>
		</DUMMY>
		<DUMMY name="spawn_solo_109">
			<POSITION>360.00000000 -904.00000000 288.00000000</POSITION>
			<DIRECTION>-1.00000000 0.00000000 0.00000000</DIRECTION>
		</DUMMY>
		<DUMMY name="spawn_solo_110">
			<POSITION>-1840.00000000 -520.00000000 288.00000000</POSITION>
			<DIRECTION>-1.00000000 0.00000000 0.00000000</DIRECTION>
		</DUMMY>
		<DUMMY name="spawn_solo_111">
			<POSITION>-1984.00000000 -1192.00000000 288.00000000</POSITION>
			<DIRECTION>-1.00000000 0.00000000 0.00000000</DIRECTION>
		</DUMMY>
		<DUMMY name="spawn_solo_112">
			<POSITION>-1928.00000000 224.00000000 288.00000000</POSITION>
			<DIRECTION>-1.00000000 0.00000000 0.00000000</DIRECTION>
		</DUMMY>
		<DUMMY name="spawn_team1_101">
			<POSITION>1328.00000000 1872.00000000 288.00000000</POSITION>
			<DIRECTION>-0.01627273 0.99986759 0.00000000</DIRECTION>
		</DUMMY>
		<DUMMY name="spawn_team1_102">
			<POSITION>328.00000000 1864.00000000 288.00000000</POSITION>
			<DIRECTION>-0.01627273 0.99986759 0.00000000</DIRECTION>
		</DUMMY>
		<DUMMY name="spawn_team1_103">
			<POSITION>-712.00000000 1872.00000000 288.00000000</POSITION>
			<DIRECTION>-0.01627273 0.99986759 0.00000000</DIRECTION>
		</DUMMY>
		<DUMMY name="spawn_team1_104">
			<POSITION>-1728.00000000 1856.00000000 288.00000000</POSITION>
			<DIRECTION>-0.01627273 0.99986759 0.00000000</DIRECTION>
		</DUMMY>
		<DUMMY name="spawn_team2_101">
			<POSITION>1320.00000000 -1912.00000000 288.00000000</POSITION>
			<DIRECTION>0.01642805 -0.99986505 0.00000000</DIRECTION>
		</DUMMY>
		<DUMMY name="spawn_team2_102">
			<POSITION>-1760.00000000 -1904.00000000 288.00000000</POSITION>
			<DIRECTION>0.01642805 -0.99986505 0.00000000</DIRECTION>
		</DUMMY>
		<DUMMY name="spawn_team2_103">
			<POSITION>-704.00000000 -1920.00000000 288.00000000</POSITION>
			<DIRECTION>0.01642805 -0.99986505 0.00000000</DIRECTION>
		</DUMMY>
		<DUMMY name="spawn_team2_104">
			<POSITION>336.00000000 -1904.00000000 288.00000000</POSITION>
			<DIRECTION>0.01642805 -0.99986505 0.00000000</DIRECTION>
		</DUMMY>
	</DUMMYLIST>
	<GLOBAL>
		<far_z>13000</far_z>
	</GLOBAL>
</XML>
