<?xml version="1.0" encoding="UTF-8"?>
<XML>
	<MATERIALLIST>
		<MATERIAL name="TheOffice_ho_bookshelf3">
			<DIFFUSE>1.00000000 1.00000000 1.00000000</DIFFUSE>
			<AMBIENT>1.00000000 1.00000000 1.00000000</AMBIENT>
			<SPECULAR>1.00000000 1.00000000 1.00000000</SPECULAR>
			<DIFFUSEMAP>TheOffice_ho/bookshelf3.tga</DIFFUSEMAP>
		</MATERIAL>
		<MATERIAL name="TheOffice_ho_ho_bookshelf1">
			<DIFFUSE>1.00000000 1.00000000 1.00000000</DIFFUSE>
			<AMBIENT>1.00000000 1.00000000 1.00000000</AMBIENT>
			<SPECULAR>1.00000000 1.00000000 1.00000000</SPECULAR>
			<DIFFUSEMAP>TheOffice_ho/ho_bookshelf1.tga</DIFFUSEMAP>
		</MATERIAL>
		<MATERIAL name="TheOffice_ho_metal_puterback">
			<DIFFUSE>1.00000000 1.00000000 1.00000000</DIFFUSE>
			<AMBIENT>1.00000000 1.00000000 1.00000000</AMBIENT>
			<SPECULAR>1.00000000 1.00000000 1.00000000</SPECULAR>
			<DIFFUSEMAP>TheOffice_ho/metal_puterback.tga</DIFFUSEMAP>
		</MATERIAL>
		<MATERIAL name="TheOffice_ho_fabric_lt_beige">
			<DIFFUSE>1.00000000 1.00000000 1.00000000</DIFFUSE>
			<AMBIENT>1.00000000 1.00000000 1.00000000</AMBIENT>
			<SPECULAR>1.00000000 1.00000000 1.00000000</SPECULAR>
			<DIFFUSEMAP>TheOffice_ho/fabric_lt_beige.tga</DIFFUSEMAP>
		</MATERIAL>
		<MATERIAL name="TheOffice_ho_ho_wooddark1">
			<DIFFUSE>1.00000000 1.00000000 1.00000000</DIFFUSE>
			<AMBIENT>1.00000000 1.00000000 1.00000000</AMBIENT>
			<SPECULAR>1.00000000 1.00000000 1.00000000</SPECULAR>
			<DIFFUSEMAP>TheOffice_ho/ho_wooddark1.tga</DIFFUSEMAP>
		</MATERIAL>
		<MATERIAL name="padshop_pctextu_wood002">
			<DIFFUSE>1.00000000 1.00000000 1.00000000</DIFFUSE>
			<AMBIENT>1.00000000 1.00000000 1.00000000</AMBIENT>
			<SPECULAR>1.00000000 1.00000000 1.00000000</SPECULAR>
			<DIFFUSEMAP>padshop_pctextu/wood002.tga</DIFFUSEMAP>
		</MATERIAL>
		<MATERIAL name="TheOffice_ho_ho_wall_128">
			<DIFFUSE>1.00000000 1.00000000 1.00000000</DIFFUSE>
			<AMBIENT>1.00000000 1.00000000 1.00000000</AMBIENT>
			<SPECULAR>1.00000000 1.00000000 1.00000000</SPECULAR>
			<DIFFUSEMAP>TheOffice_ho/ho_wall_128.tga</DIFFUSEMAP>
		</MATERIAL>
		<MATERIAL name="TheOffice_ho_ho_tableleg_base">
			<DIFFUSE>1.00000000 1.00000000 1.00000000</DIFFUSE>
			<AMBIENT>1.00000000 1.00000000 1.00000000</AMBIENT>
			<SPECULAR>1.00000000 1.00000000 1.00000000</SPECULAR>
			<DIFFUSEMAP>TheOffice_ho/ho_tableleg_base.tga</DIFFUSEMAP>
		</MATERIAL>
		<MATERIAL name="padshop_pcshop_sineuroboxl">
			<DIFFUSE>1.00000000 1.00000000 1.00000000</DIFFUSE>
			<AMBIENT>1.00000000 1.00000000 1.00000000</AMBIENT>
			<SPECULAR>1.00000000 1.00000000 1.00000000</SPECULAR>
			<DIFFUSEMAP>padshop_pcshop/sineuroboxl.jpg</DIFFUSEMAP>
		</MATERIAL>
		<MATERIAL name="padshop_pcshop_boden21X">
			<DIFFUSE>1.00000000 1.00000000 1.00000000</DIFFUSE>
			<AMBIENT>1.00000000 1.00000000 1.00000000</AMBIENT>
			<SPECULAR>1.00000000 1.00000000 1.00000000</SPECULAR>
			<DIFFUSEMAP>padshop_pcshop/boden21X.jpg</DIFFUSEMAP>
		</MATERIAL>
		<MATERIAL name="padshop_pctextu_wood002b">
			<DIFFUSE>1.00000000 1.00000000 1.00000000</DIFFUSE>
			<AMBIENT>1.00000000 1.00000000 1.00000000</AMBIENT>
			<SPECULAR>1.00000000 1.00000000 1.00000000</SPECULAR>
			<DIFFUSEMAP>padshop_pctextu/wood002b.tga</DIFFUSEMAP>
		</MATERIAL>
		<MATERIAL name="TheOffice_ho_ho_desktop_yyyy">
			<DIFFUSE>1.00000000 1.00000000 1.00000000</DIFFUSE>
			<AMBIENT>1.00000000 1.00000000 1.00000000</AMBIENT>
			<SPECULAR>1.00000000 1.00000000 1.00000000</SPECULAR>
			<DIFFUSEMAP>TheOffice_ho/ho_desktop_yyyy.tga</DIFFUSEMAP>
		</MATERIAL>
		<MATERIAL name="TheOffice_ho_ho_deskxxx">
			<DIFFUSE>1.00000000 1.00000000 1.00000000</DIFFUSE>
			<AMBIENT>1.00000000 1.00000000 1.00000000</AMBIENT>
			<SPECULAR>1.00000000 1.00000000 1.00000000</SPECULAR>
			<DIFFUSEMAP>TheOffice_ho/ho_deskxxx.tga</DIFFUSEMAP>
		</MATERIAL>
		<MATERIAL name="TheOffice_ho_ho_desk_top1">
			<DIFFUSE>1.00000000 1.00000000 1.00000000</DIFFUSE>
			<AMBIENT>1.00000000 1.00000000 1.00000000</AMBIENT>
			<SPECULAR>1.00000000 1.00000000 1.00000000</SPECULAR>
			<DIFFUSEMAP>TheOffice_ho/ho_desk_top1.tga</DIFFUSEMAP>
		</MATERIAL>
		<MATERIAL name="padshop_pcshop_color15">
			<DIFFUSE>1.00000000 1.00000000 1.00000000</DIFFUSE>
			<AMBIENT>1.00000000 1.00000000 1.00000000</AMBIENT>
			<SPECULAR>1.00000000 1.00000000 1.00000000</SPECULAR>
			<DIFFUSEMAP>padshop_pcshop/color15.tga</DIFFUSEMAP>
		</MATERIAL>
		<MATERIAL name="TheOffice_miniman_g3blue">
			<DIFFUSE>1.00000000 1.00000000 1.00000000</DIFFUSE>
			<AMBIENT>1.00000000 1.00000000 1.00000000</AMBIENT>
			<SPECULAR>1.00000000 1.00000000 1.00000000</SPECULAR>
			<DIFFUSEMAP>TheOffice_miniman/g3blue.tga</DIFFUSEMAP>
		</MATERIAL>
		<MATERIAL name="TheOffice_ho_plstc_eoutlet">
			<DIFFUSE>1.00000000 1.00000000 1.00000000</DIFFUSE>
			<AMBIENT>1.00000000 1.00000000 1.00000000</AMBIENT>
			<SPECULAR>1.00000000 1.00000000 1.00000000</SPECULAR>
			<DIFFUSEMAP>TheOffice_ho/plstc_eoutlet.tga</DIFFUSEMAP>
		</MATERIAL>
		<MATERIAL name="TheOffice_ho_ho_blue_knittop">
			<DIFFUSE>1.00000000 1.00000000 1.00000000</DIFFUSE>
			<AMBIENT>1.00000000 1.00000000 1.00000000</AMBIENT>
			<SPECULAR>1.00000000 1.00000000 1.00000000</SPECULAR>
			<DIFFUSEMAP>TheOffice_ho/ho_blue_knittop.tga</DIFFUSEMAP>
		</MATERIAL>
		<MATERIAL name="padshop_pcshop_maga07">
			<DIFFUSE>1.00000000 1.00000000 1.00000000</DIFFUSE>
			<AMBIENT>1.00000000 1.00000000 1.00000000</AMBIENT>
			<SPECULAR>1.00000000 1.00000000 1.00000000</SPECULAR>
			<DIFFUSEMAP>padshop_pcshop/maga07.jpg</DIFFUSEMAP>
		</MATERIAL>
		<MATERIAL name="TheOffice_ho_ho_dirt1">
			<DIFFUSE>1.00000000 1.00000000 1.00000000</DIFFUSE>
			<AMBIENT>1.00000000 1.00000000 1.00000000</AMBIENT>
			<SPECULAR>1.00000000 1.00000000 1.00000000</SPECULAR>
			<DIFFUSEMAP>TheOffice_ho/ho_dirt1.tga</DIFFUSEMAP>
		</MATERIAL>
		<MATERIAL name="padshop_pcshop_monicol">
			<DIFFUSE>1.00000000 1.00000000 1.00000000</DIFFUSE>
			<AMBIENT>1.00000000 1.00000000 1.00000000</AMBIENT>
			<SPECULAR>1.00000000 1.00000000 1.00000000</SPECULAR>
			<DIFFUSEMAP>padshop_pcshop/monicol.jpg</DIFFUSEMAP>
		</MATERIAL>
		<MATERIAL name="TheOffice_miniman_key1">
			<DIFFUSE>1.00000000 1.00000000 1.00000000</DIFFUSE>
			<AMBIENT>1.00000000 1.00000000 1.00000000</AMBIENT>
			<SPECULAR>1.00000000 1.00000000 1.00000000</SPECULAR>
			<DIFFUSEMAP>TheOffice_miniman/key1.jpg</DIFFUSEMAP>
		</MATERIAL>
		<MATERIAL name="pCenter_Chair2">
			<DIFFUSE>1.00000000 1.00000000 1.00000000</DIFFUSE>
			<AMBIENT>1.00000000 1.00000000 1.00000000</AMBIENT>
			<SPECULAR>1.00000000 1.00000000 1.00000000</SPECULAR>
			<DIFFUSEMAP>pCenter/Chair2.tga</DIFFUSEMAP>
		</MATERIAL>
		<MATERIAL name="padshop_pccover_pc_tep">
			<DIFFUSE>1.00000000 1.00000000 1.00000000</DIFFUSE>
			<AMBIENT>1.00000000 1.00000000 1.00000000</AMBIENT>
			<SPECULAR>1.00000000 1.00000000 1.00000000</SPECULAR>
			<DIFFUSEMAP>padshop_pccover/pc_tep.jpg</DIFFUSEMAP>
		</MATERIAL>
		<MATERIAL name="padshop_pcshop_tower_3b">
			<DIFFUSE>1.00000000 1.00000000 1.00000000</DIFFUSE>
			<AMBIENT>1.00000000 1.00000000 1.00000000</AMBIENT>
			<SPECULAR>1.00000000 1.00000000 1.00000000</SPECULAR>
			<DIFFUSEMAP>padshop_pcshop/tower_3b.jpg</DIFFUSEMAP>
		</MATERIAL>
		<MATERIAL name="TheOffice_ho_paper_box_brown1">
			<DIFFUSE>1.00000000 1.00000000 1.00000000</DIFFUSE>
			<AMBIENT>1.00000000 1.00000000 1.00000000</AMBIENT>
			<SPECULAR>1.00000000 1.00000000 1.00000000</SPECULAR>
			<DIFFUSEMAP>TheOffice_ho/paper_box_brown1.tga</DIFFUSEMAP>
		</MATERIAL>
		<MATERIAL name="padshop_pcshop_tower2">
			<DIFFUSE>1.00000000 1.00000000 1.00000000</DIFFUSE>
			<AMBIENT>1.00000000 1.00000000 1.00000000</AMBIENT>
			<SPECULAR>1.00000000 1.00000000 1.00000000</SPECULAR>
			<DIFFUSEMAP>padshop_pcshop/tower2.jpg</DIFFUSEMAP>
		</MATERIAL>
		<MATERIAL name="padshop_pccover_hexenB_box">
			<DIFFUSE>1.00000000 1.00000000 1.00000000</DIFFUSE>
			<AMBIENT>1.00000000 1.00000000 1.00000000</AMBIENT>
			<SPECULAR>1.00000000 1.00000000 1.00000000</SPECULAR>
			<DIFFUSEMAP>padshop_pccover/hexenB_box.jpg</DIFFUSEMAP>
		</MATERIAL>
		<MATERIAL name="padshop_pccover_sanity02">
			<DIFFUSE>1.00000000 1.00000000 1.00000000</DIFFUSE>
			<AMBIENT>1.00000000 1.00000000 1.00000000</AMBIENT>
			<SPECULAR>1.00000000 1.00000000 1.00000000</SPECULAR>
			<DIFFUSEMAP>padshop_pccover/sanity02.jpg</DIFFUSEMAP>
		</MATERIAL>
		<MATERIAL name="padshop_pccover_sanity03">
			<DIFFUSE>1.00000000 1.00000000 1.00000000</DIFFUSE>
			<AMBIENT>1.00000000 1.00000000 1.00000000</AMBIENT>
			<SPECULAR>1.00000000 1.00000000 1.00000000</SPECULAR>
			<DIFFUSEMAP>padshop_pccover/sanity03.jpg</DIFFUSEMAP>
		</MATERIAL>
		<MATERIAL name="padshop_pccover_starbor1_box">
			<DIFFUSE>1.00000000 1.00000000 1.00000000</DIFFUSE>
			<AMBIENT>1.00000000 1.00000000 1.00000000</AMBIENT>
			<SPECULAR>1.00000000 1.00000000 1.00000000</SPECULAR>
			<DIFFUSEMAP>padshop_pccover/starbor1_box.jpg</DIFFUSEMAP>
		</MATERIAL>
		<MATERIAL name="TheOffice_ho_print_box_dmw1">
			<DIFFUSE>1.00000000 1.00000000 1.00000000</DIFFUSE>
			<AMBIENT>1.00000000 1.00000000 1.00000000</AMBIENT>
			<SPECULAR>1.00000000 1.00000000 1.00000000</SPECULAR>
			<DIFFUSEMAP>TheOffice_ho/print_box_dmw1.tga</DIFFUSEMAP>
		</MATERIAL>
		<MATERIAL name="padshop_pcshop_tower3">
			<DIFFUSE>1.00000000 1.00000000 1.00000000</DIFFUSE>
			<AMBIENT>1.00000000 1.00000000 1.00000000</AMBIENT>
			<SPECULAR>1.00000000 1.00000000 1.00000000</SPECULAR>
			<DIFFUSEMAP>padshop_pcshop/tower3.jpg</DIFFUSEMAP>
		</MATERIAL>
		<MATERIAL name="padshop_pcshop_tower2col">
			<DIFFUSE>1.00000000 1.00000000 1.00000000</DIFFUSE>
			<AMBIENT>1.00000000 1.00000000 1.00000000</AMBIENT>
			<SPECULAR>1.00000000 1.00000000 1.00000000</SPECULAR>
			<DIFFUSEMAP>padshop_pcshop/tower2col.jpg</DIFFUSEMAP>
		</MATERIAL>
		<MATERIAL name="padshop_pcshop_shuttle03">
			<DIFFUSE>1.00000000 1.00000000 1.00000000</DIFFUSE>
			<AMBIENT>1.00000000 1.00000000 1.00000000</AMBIENT>
			<SPECULAR>1.00000000 1.00000000 1.00000000</SPECULAR>
			<DIFFUSEMAP>padshop_pcshop/shuttle03.jpg</DIFFUSEMAP>
		</MATERIAL>
		<MATERIAL name="padshop_pcshop_shuttle04">
			<DIFFUSE>1.00000000 1.00000000 1.00000000</DIFFUSE>
			<AMBIENT>1.00000000 1.00000000 1.00000000</AMBIENT>
			<SPECULAR>1.00000000 1.00000000 1.00000000</SPECULAR>
			<DIFFUSEMAP>padshop_pcshop/shuttle04.jpg</DIFFUSEMAP>
		</MATERIAL>
		<MATERIAL name="TheOffice_ho_metal_brshd_alm">
			<DIFFUSE>1.00000000 1.00000000 1.00000000</DIFFUSE>
			<AMBIENT>1.00000000 1.00000000 1.00000000</AMBIENT>
			<SPECULAR>1.00000000 1.00000000 1.00000000</SPECULAR>
			<DIFFUSEMAP>TheOffice_ho/metal_brshd_alm.tga</DIFFUSEMAP>
		</MATERIAL>
		<MATERIAL name="TheOffice_ho_paper_box_white1">
			<DIFFUSE>1.00000000 1.00000000 1.00000000</DIFFUSE>
			<AMBIENT>1.00000000 1.00000000 1.00000000</AMBIENT>
			<SPECULAR>1.00000000 1.00000000 1.00000000</SPECULAR>
			<DIFFUSEMAP>TheOffice_ho/paper_box_white1.tga</DIFFUSEMAP>
		</MATERIAL>
		<MATERIAL name="padshop_pcshop_maga09">
			<DIFFUSE>1.00000000 1.00000000 1.00000000</DIFFUSE>
			<AMBIENT>1.00000000 1.00000000 1.00000000</AMBIENT>
			<SPECULAR>1.00000000 1.00000000 1.00000000</SPECULAR>
			<DIFFUSEMAP>padshop_pcshop/maga09.jpg</DIFFUSEMAP>
		</MATERIAL>
		<MATERIAL name="padshop_pctextu_bc302308">
			<DIFFUSE>1.00000000 1.00000000 1.00000000</DIFFUSE>
			<AMBIENT>1.00000000 1.00000000 1.00000000</AMBIENT>
			<SPECULAR>1.00000000 1.00000000 1.00000000</SPECULAR>
			<DIFFUSEMAP>padshop_pctextu/bc302308.jpg</DIFFUSEMAP>
		</MATERIAL>
		<MATERIAL name="padshop_pccover_fakk_box">
			<DIFFUSE>1.00000000 1.00000000 1.00000000</DIFFUSE>
			<AMBIENT>1.00000000 1.00000000 1.00000000</AMBIENT>
			<SPECULAR>1.00000000 1.00000000 1.00000000</SPECULAR>
			<DIFFUSEMAP>padshop_pccover/fakk_box.jpg</DIFFUSEMAP>
		</MATERIAL>
		<MATERIAL name="padshop_pccover_nolf02">
			<DIFFUSE>1.00000000 1.00000000 1.00000000</DIFFUSE>
			<AMBIENT>1.00000000 1.00000000 1.00000000</AMBIENT>
			<SPECULAR>1.00000000 1.00000000 1.00000000</SPECULAR>
			<DIFFUSEMAP>padshop_pccover/nolf02.jpg</DIFFUSEMAP>
		</MATERIAL>
		<MATERIAL name="padshop_pccover_nolf04">
			<DIFFUSE>1.00000000 1.00000000 1.00000000</DIFFUSE>
			<AMBIENT>1.00000000 1.00000000 1.00000000</AMBIENT>
			<SPECULAR>1.00000000 1.00000000 1.00000000</SPECULAR>
			<DIFFUSEMAP>padshop_pccover/nolf04.jpg</DIFFUSEMAP>
		</MATERIAL>
		<MATERIAL name="padshop_pccover_hexenB1_box">
			<DIFFUSE>1.00000000 1.00000000 1.00000000</DIFFUSE>
			<AMBIENT>1.00000000 1.00000000 1.00000000</AMBIENT>
			<SPECULAR>1.00000000 1.00000000 1.00000000</SPECULAR>
			<DIFFUSEMAP>padshop_pccover/hexenB1_box.jpg</DIFFUSEMAP>
		</MATERIAL>
		<MATERIAL name="padshop_pcshop_maga_back">
			<DIFFUSE>1.00000000 1.00000000 1.00000000</DIFFUSE>
			<AMBIENT>1.00000000 1.00000000 1.00000000</AMBIENT>
			<SPECULAR>1.00000000 1.00000000 1.00000000</SPECULAR>
			<DIFFUSEMAP>padshop_pcshop/maga_back.jpg</DIFFUSEMAP>
		</MATERIAL>
		<MATERIAL name="padshop_pcshop_manymaga2">
			<DIFFUSE>1.00000000 1.00000000 1.00000000</DIFFUSE>
			<AMBIENT>1.00000000 1.00000000 1.00000000</AMBIENT>
			<SPECULAR>1.00000000 1.00000000 1.00000000</SPECULAR>
			<DIFFUSEMAP>padshop_pcshop/manymaga2.jpg</DIFFUSEMAP>
		</MATERIAL>
		<MATERIAL name="padshop_pccover_alice01">
			<DIFFUSE>1.00000000 1.00000000 1.00000000</DIFFUSE>
			<AMBIENT>1.00000000 1.00000000 1.00000000</AMBIENT>
			<SPECULAR>1.00000000 1.00000000 1.00000000</SPECULAR>
			<DIFFUSEMAP>padshop_pccover/alice01.jpg</DIFFUSEMAP>
		</MATERIAL>
		<MATERIAL name="padshop_pccover_padman002">
			<DIFFUSE>1.00000000 1.00000000 1.00000000</DIFFUSE>
			<AMBIENT>1.00000000 1.00000000 1.00000000</AMBIENT>
			<SPECULAR>1.00000000 1.00000000 1.00000000</SPECULAR>
			<DIFFUSEMAP>padshop_pccover/padman002.jpg</DIFFUSEMAP>
		</MATERIAL>
		<MATERIAL name="padshop_pccover_Q3a_box">
			<DIFFUSE>1.00000000 1.00000000 1.00000000</DIFFUSE>
			<AMBIENT>1.00000000 1.00000000 1.00000000</AMBIENT>
			<SPECULAR>1.00000000 1.00000000 1.00000000</SPECULAR>
			<DIFFUSEMAP>padshop_pccover/Q3a_box.jpg</DIFFUSEMAP>
		</MATERIAL>
		<MATERIAL name="padshop_pccover_requ3">
			<DIFFUSE>1.00000000 1.00000000 1.00000000</DIFFUSE>
			<AMBIENT>1.00000000 1.00000000 1.00000000</AMBIENT>
			<SPECULAR>1.00000000 1.00000000 1.00000000</SPECULAR>
			<DIFFUSEMAP>padshop_pccover/requ3.jpg</DIFFUSEMAP>
		</MATERIAL>
		<MATERIAL name="padshop_pccover_nolf01">
			<DIFFUSE>1.00000000 1.00000000 1.00000000</DIFFUSE>
			<AMBIENT>1.00000000 1.00000000 1.00000000</AMBIENT>
			<SPECULAR>1.00000000 1.00000000 1.00000000</SPECULAR>
			<DIFFUSEMAP>padshop_pccover/nolf01.jpg</DIFFUSEMAP>
		</MATERIAL>
		<MATERIAL name="padshop_pccover_blood4_box">
			<DIFFUSE>1.00000000 1.00000000 1.00000000</DIFFUSE>
			<AMBIENT>1.00000000 1.00000000 1.00000000</AMBIENT>
			<SPECULAR>1.00000000 1.00000000 1.00000000</SPECULAR>
			<DIFFUSEMAP>padshop_pccover/blood4_box.jpg</DIFFUSEMAP>
		</MATERIAL>
		<MATERIAL name="padshop_pccover_avp_box">
			<DIFFUSE>1.00000000 1.00000000 1.00000000</DIFFUSE>
			<AMBIENT>1.00000000 1.00000000 1.00000000</AMBIENT>
			<SPECULAR>1.00000000 1.00000000 1.00000000</SPECULAR>
			<DIFFUSEMAP>padshop_pccover/avp_box.jpg</DIFFUSEMAP>
		</MATERIAL>
		<MATERIAL name="padshop_pccover_fakk02">
			<DIFFUSE>1.00000000 1.00000000 1.00000000</DIFFUSE>
			<AMBIENT>1.00000000 1.00000000 1.00000000</AMBIENT>
			<SPECULAR>1.00000000 1.00000000 1.00000000</SPECULAR>
			<DIFFUSEMAP>padshop_pccover/fakk02.jpg</DIFFUSEMAP>
		</MATERIAL>
		<MATERIAL name="TheOffice_ho_paper_cardboard_sticker1">
			<DIFFUSE>1.00000000 1.00000000 1.00000000</DIFFUSE>
			<AMBIENT>1.00000000 1.00000000 1.00000000</AMBIENT>
			<SPECULAR>1.00000000 1.00000000 1.00000000</SPECULAR>
			<DIFFUSEMAP>TheOffice_ho/paper_cardboard_sticker1.tga</DIFFUSEMAP>
		</MATERIAL>
		<MATERIAL name="padshop_pccover_daikatana_box">
			<DIFFUSE>1.00000000 1.00000000 1.00000000</DIFFUSE>
			<AMBIENT>1.00000000 1.00000000 1.00000000</AMBIENT>
			<SPECULAR>1.00000000 1.00000000 1.00000000</SPECULAR>
			<DIFFUSEMAP>padshop_pccover/daikatana_box.jpg</DIFFUSEMAP>
		</MATERIAL>
		<MATERIAL name="padshop_pccover_monkey_box">
			<DIFFUSE>1.00000000 1.00000000 1.00000000</DIFFUSE>
			<AMBIENT>1.00000000 1.00000000 1.00000000</AMBIENT>
			<SPECULAR>1.00000000 1.00000000 1.00000000</SPECULAR>
			<DIFFUSEMAP>padshop_pccover/monkey_box.jpg</DIFFUSEMAP>
		</MATERIAL>
		<MATERIAL name="padshop_pccover_kingpin_box">
			<DIFFUSE>1.00000000 1.00000000 1.00000000</DIFFUSE>
			<AMBIENT>1.00000000 1.00000000 1.00000000</AMBIENT>
			<SPECULAR>1.00000000 1.00000000 1.00000000</SPECULAR>
			<DIFFUSEMAP>padshop_pccover/kingpin_box.jpg</DIFFUSEMAP>
		</MATERIAL>
		<MATERIAL name="padshop_pccover_kiss03">
			<DIFFUSE>1.00000000 1.00000000 1.00000000</DIFFUSE>
			<AMBIENT>1.00000000 1.00000000 1.00000000</AMBIENT>
			<SPECULAR>1.00000000 1.00000000 1.00000000</SPECULAR>
			<DIFFUSEMAP>padshop_pccover/kiss03.jpg</DIFFUSEMAP>
		</MATERIAL>
		<MATERIAL name="padshop_pccover_monkey02">
			<DIFFUSE>1.00000000 1.00000000 1.00000000</DIFFUSE>
			<AMBIENT>1.00000000 1.00000000 1.00000000</AMBIENT>
			<SPECULAR>1.00000000 1.00000000 1.00000000</SPECULAR>
			<DIFFUSEMAP>padshop_pccover/monkey02.jpg</DIFFUSEMAP>
		</MATERIAL>
		<MATERIAL name="padshop_pccover_monkey03">
			<DIFFUSE>1.00000000 1.00000000 1.00000000</DIFFUSE>
			<AMBIENT>1.00000000 1.00000000 1.00000000</AMBIENT>
			<SPECULAR>1.00000000 1.00000000 1.00000000</SPECULAR>
			<DIFFUSEMAP>padshop_pccover/monkey03.jpg</DIFFUSEMAP>
		</MATERIAL>
		<MATERIAL name="TheOffice_ho_print_movieside">
			<DIFFUSE>1.00000000 1.00000000 1.00000000</DIFFUSE>
			<AMBIENT>1.00000000 1.00000000 1.00000000</AMBIENT>
			<SPECULAR>1.00000000 1.00000000 1.00000000</SPECULAR>
			<DIFFUSEMAP>TheOffice_ho/print_movieside.tga</DIFFUSEMAP>
		</MATERIAL>
		<MATERIAL name="padshop_pccover_mouse_box">
			<DIFFUSE>1.00000000 1.00000000 1.00000000</DIFFUSE>
			<AMBIENT>1.00000000 1.00000000 1.00000000</AMBIENT>
			<SPECULAR>1.00000000 1.00000000 1.00000000</SPECULAR>
			<DIFFUSEMAP>padshop_pccover/mouse_box.jpg</DIFFUSEMAP>
		</MATERIAL>
		<MATERIAL name="padshop_pccover_croc02">
			<DIFFUSE>1.00000000 1.00000000 1.00000000</DIFFUSE>
			<AMBIENT>1.00000000 1.00000000 1.00000000</AMBIENT>
			<SPECULAR>1.00000000 1.00000000 1.00000000</SPECULAR>
			<DIFFUSEMAP>padshop_pccover/croc02.jpg</DIFFUSEMAP>
		</MATERIAL>
		<MATERIAL name="padshop_pccover_croc_box">
			<DIFFUSE>1.00000000 1.00000000 1.00000000</DIFFUSE>
			<AMBIENT>1.00000000 1.00000000 1.00000000</AMBIENT>
			<SPECULAR>1.00000000 1.00000000 1.00000000</SPECULAR>
			<DIFFUSEMAP>padshop_pccover/croc_box.jpg</DIFFUSEMAP>
		</MATERIAL>
		<MATERIAL name="padshop_pccover_croc03">
			<DIFFUSE>1.00000000 1.00000000 1.00000000</DIFFUSE>
			<AMBIENT>1.00000000 1.00000000 1.00000000</AMBIENT>
			<SPECULAR>1.00000000 1.00000000 1.00000000</SPECULAR>
			<DIFFUSEMAP>padshop_pccover/croc03.jpg</DIFFUSEMAP>
		</MATERIAL>
		<MATERIAL name="padshop_pccover_monkey004">
			<DIFFUSE>1.00000000 1.00000000 1.00000000</DIFFUSE>
			<AMBIENT>1.00000000 1.00000000 1.00000000</AMBIENT>
			<SPECULAR>1.00000000 1.00000000 1.00000000</SPECULAR>
			<DIFFUSEMAP>padshop_pccover/monkey004.jpg</DIFFUSEMAP>
		</MATERIAL>
		<MATERIAL name="padshop_pccover_alice02">
			<DIFFUSE>1.00000000 1.00000000 1.00000000</DIFFUSE>
			<AMBIENT>1.00000000 1.00000000 1.00000000</AMBIENT>
			<SPECULAR>1.00000000 1.00000000 1.00000000</SPECULAR>
			<DIFFUSEMAP>padshop_pccover/alice02.jpg</DIFFUSEMAP>
		</MATERIAL>
		<MATERIAL name="padshop_pccover_bunni4_box">
			<DIFFUSE>1.00000000 1.00000000 1.00000000</DIFFUSE>
			<AMBIENT>1.00000000 1.00000000 1.00000000</AMBIENT>
			<SPECULAR>1.00000000 1.00000000 1.00000000</SPECULAR>
			<DIFFUSEMAP>padshop_pccover/bunni4_box.jpg</DIFFUSEMAP>
		</MATERIAL>
		<MATERIAL name="padshop_pccover_heretica_box">
			<DIFFUSE>1.00000000 1.00000000 1.00000000</DIFFUSE>
			<AMBIENT>1.00000000 1.00000000 1.00000000</AMBIENT>
			<SPECULAR>1.00000000 1.00000000 1.00000000</SPECULAR>
			<DIFFUSEMAP>padshop_pccover/heretica_box.jpg</DIFFUSEMAP>
		</MATERIAL>
		<MATERIAL name="TheOffice_ho_print_crackers_top">
			<DIFFUSE>1.00000000 1.00000000 1.00000000</DIFFUSE>
			<AMBIENT>1.00000000 1.00000000 1.00000000</AMBIENT>
			<SPECULAR>1.00000000 1.00000000 1.00000000</SPECULAR>
			<DIFFUSEMAP>TheOffice_ho/print_crackers_top.tga</DIFFUSEMAP>
		</MATERIAL>
		<MATERIAL name="padshop_pccover_duke1_box">
			<DIFFUSE>1.00000000 1.00000000 1.00000000</DIFFUSE>
			<AMBIENT>1.00000000 1.00000000 1.00000000</AMBIENT>
			<SPECULAR>1.00000000 1.00000000 1.00000000</SPECULAR>
			<DIFFUSEMAP>padshop_pccover/duke1_box.jpg</DIFFUSEMAP>
		</MATERIAL>
		<MATERIAL name="padshop_pccover_duke3_box">
			<DIFFUSE>1.00000000 1.00000000 1.00000000</DIFFUSE>
			<AMBIENT>1.00000000 1.00000000 1.00000000</AMBIENT>
			<SPECULAR>1.00000000 1.00000000 1.00000000</SPECULAR>
			<DIFFUSEMAP>padshop_pccover/duke3_box.jpg</DIFFUSEMAP>
		</MATERIAL>
		<MATERIAL name="padshop_pccover_daika02">
			<DIFFUSE>1.00000000 1.00000000 1.00000000</DIFFUSE>
			<AMBIENT>1.00000000 1.00000000 1.00000000</AMBIENT>
			<SPECULAR>1.00000000 1.00000000 1.00000000</SPECULAR>
			<DIFFUSEMAP>padshop_pccover/daika02.jpg</DIFFUSEMAP>
		</MATERIAL>
		<MATERIAL name="padshop_pccover_monkey01">
			<DIFFUSE>1.00000000 1.00000000 1.00000000</DIFFUSE>
			<AMBIENT>1.00000000 1.00000000 1.00000000</AMBIENT>
			<SPECULAR>1.00000000 1.00000000 1.00000000</SPECULAR>
			<DIFFUSEMAP>padshop_pccover/monkey01.jpg</DIFFUSEMAP>
		</MATERIAL>
		<MATERIAL name="padshop_pccover_hl1_box">
			<DIFFUSE>1.00000000 1.00000000 1.00000000</DIFFUSE>
			<AMBIENT>1.00000000 1.00000000 1.00000000</AMBIENT>
			<SPECULAR>1.00000000 1.00000000 1.00000000</SPECULAR>
			<DIFFUSEMAP>padshop_pccover/hl1_box.jpg</DIFFUSEMAP>
		</MATERIAL>
		<MATERIAL name="padshop_pccover_bladeR_box">
			<DIFFUSE>1.00000000 1.00000000 1.00000000</DIFFUSE>
			<AMBIENT>1.00000000 1.00000000 1.00000000</AMBIENT>
			<SPECULAR>1.00000000 1.00000000 1.00000000</SPECULAR>
			<DIFFUSEMAP>padshop_pccover/bladeR_box.jpg</DIFFUSEMAP>
		</MATERIAL>
		<MATERIAL name="padshop_pctextu_grass02">
			<DIFFUSE>1.00000000 1.00000000 1.00000000</DIFFUSE>
			<AMBIENT>1.00000000 1.00000000 1.00000000</AMBIENT>
			<SPECULAR>1.00000000 1.00000000 1.00000000</SPECULAR>
			<DIFFUSEMAP>padshop_pctextu/grass02.jpg</DIFFUSEMAP>
		</MATERIAL>
		<MATERIAL name="common_2903_mt_fsh">
			<DIFFUSE>1.00000000 1.00000000 1.00000000</DIFFUSE>
			<AMBIENT>1.00000000 1.00000000 1.00000000</AMBIENT>
			<SPECULAR>1.00000000 1.00000000 1.00000000</SPECULAR>
			<DIFFUSEMAP>common/2903_mt_fsh.tga</DIFFUSEMAP>
		</MATERIAL>
		<MATERIAL name="padshop_pcshop_floor_002">
			<DIFFUSE>1.00000000 1.00000000 1.00000000</DIFFUSE>
			<AMBIENT>1.00000000 1.00000000 1.00000000</AMBIENT>
			<SPECULAR>1.00000000 1.00000000 1.00000000</SPECULAR>
			<DIFFUSEMAP>padshop_pcshop/floor_002.jpg</DIFFUSEMAP>
		</MATERIAL>
		<MATERIAL name="padshop_pctextu_jump_disc">
			<DIFFUSE>1.00000000 1.00000000 1.00000000</DIFFUSE>
			<AMBIENT>1.00000000 1.00000000 1.00000000</AMBIENT>
			<SPECULAR>1.00000000 1.00000000 1.00000000</SPECULAR>
			<DIFFUSEMAP>padshop_pctextu/jump_disc.tga</DIFFUSEMAP>
		</MATERIAL>
		<MATERIAL name="padshop_pcshop_maga06">
			<DIFFUSE>1.00000000 1.00000000 1.00000000</DIFFUSE>
			<AMBIENT>1.00000000 1.00000000 1.00000000</AMBIENT>
			<SPECULAR>1.00000000 1.00000000 1.00000000</SPECULAR>
			<DIFFUSEMAP>padshop_pcshop/maga06.jpg</DIFFUSEMAP>
		</MATERIAL>
		<MATERIAL name="padshop_pccover_hlbo2_box">
			<DIFFUSE>1.00000000 1.00000000 1.00000000</DIFFUSE>
			<AMBIENT>1.00000000 1.00000000 1.00000000</AMBIENT>
			<SPECULAR>1.00000000 1.00000000 1.00000000</SPECULAR>
			<DIFFUSEMAP>padshop_pccover/hlbo2_box.jpg</DIFFUSEMAP>
		</MATERIAL>
		<MATERIAL name="padshop_pccover_monkey003">
			<DIFFUSE>1.00000000 1.00000000 1.00000000</DIFFUSE>
			<AMBIENT>1.00000000 1.00000000 1.00000000</AMBIENT>
			<SPECULAR>1.00000000 1.00000000 1.00000000</SPECULAR>
			<DIFFUSEMAP>padshop_pccover/monkey003.jpg</DIFFUSEMAP>
		</MATERIAL>
		<MATERIAL name="padshop_pccover_kiss_box">
			<DIFFUSE>1.00000000 1.00000000 1.00000000</DIFFUSE>
			<AMBIENT>1.00000000 1.00000000 1.00000000</AMBIENT>
			<SPECULAR>1.00000000 1.00000000 1.00000000</SPECULAR>
			<DIFFUSEMAP>padshop_pccover/kiss_box.jpg</DIFFUSEMAP>
		</MATERIAL>
		<MATERIAL name="padshop_pccover_deus_box">
			<DIFFUSE>1.00000000 1.00000000 1.00000000</DIFFUSE>
			<AMBIENT>1.00000000 1.00000000 1.00000000</AMBIENT>
			<SPECULAR>1.00000000 1.00000000 1.00000000</SPECULAR>
			<DIFFUSEMAP>padshop_pccover/deus_box.jpg</DIFFUSEMAP>
		</MATERIAL>
		<MATERIAL name="padshop_pcshop_manymaga">
			<DIFFUSE>1.00000000 1.00000000 1.00000000</DIFFUSE>
			<AMBIENT>1.00000000 1.00000000 1.00000000</AMBIENT>
			<SPECULAR>1.00000000 1.00000000 1.00000000</SPECULAR>
			<DIFFUSEMAP>padshop_pcshop/manymaga.jpg</DIFFUSEMAP>
		</MATERIAL>
		<MATERIAL name="padshop_pccover_ut1_box">
			<DIFFUSE>1.00000000 1.00000000 1.00000000</DIFFUSE>
			<AMBIENT>1.00000000 1.00000000 1.00000000</AMBIENT>
			<SPECULAR>1.00000000 1.00000000 1.00000000</SPECULAR>
			<DIFFUSEMAP>padshop_pccover/ut1_box.jpg</DIFFUSEMAP>
		</MATERIAL>
		<MATERIAL name="padshop_pccover_thanks">
			<DIFFUSE>1.00000000 1.00000000 1.00000000</DIFFUSE>
			<AMBIENT>1.00000000 1.00000000 1.00000000</AMBIENT>
			<SPECULAR>1.00000000 1.00000000 1.00000000</SPECULAR>
			<DIFFUSEMAP>padshop_pccover/thanks.jpg</DIFFUSEMAP>
		</MATERIAL>
		<MATERIAL name="padshop_pcshop_muell">
			<DIFFUSE>1.00000000 1.00000000 1.00000000</DIFFUSE>
			<AMBIENT>1.00000000 1.00000000 1.00000000</AMBIENT>
			<SPECULAR>1.00000000 1.00000000 1.00000000</SPECULAR>
			<DIFFUSEMAP>padshop_pcshop/muell.jpg</DIFFUSEMAP>
		</MATERIAL>
		<MATERIAL name="padshop_pccover_doom">
			<DIFFUSE>1.00000000 1.00000000 1.00000000</DIFFUSE>
			<AMBIENT>1.00000000 1.00000000 1.00000000</AMBIENT>
			<SPECULAR>1.00000000 1.00000000 1.00000000</SPECULAR>
			<DIFFUSEMAP>padshop_pccover/doom.jpg</DIFFUSEMAP>
		</MATERIAL>
		<MATERIAL name="padshop_pccover_padman001">
			<DIFFUSE>1.00000000 1.00000000 1.00000000</DIFFUSE>
			<AMBIENT>1.00000000 1.00000000 1.00000000</AMBIENT>
			<SPECULAR>1.00000000 1.00000000 1.00000000</SPECULAR>
			<DIFFUSEMAP>padshop_pccover/padman001.jpg</DIFFUSEMAP>
		</MATERIAL>
		<MATERIAL name="TheOffice_ho_print_dmw_side">
			<DIFFUSE>1.00000000 1.00000000 1.00000000</DIFFUSE>
			<AMBIENT>1.00000000 1.00000000 1.00000000</AMBIENT>
			<SPECULAR>1.00000000 1.00000000 1.00000000</SPECULAR>
			<DIFFUSEMAP>TheOffice_ho/print_dmw_side.tga</DIFFUSEMAP>
		</MATERIAL>
		<MATERIAL name="padshop_pccover_bunni1_box">
			<DIFFUSE>1.00000000 1.00000000 1.00000000</DIFFUSE>
			<AMBIENT>1.00000000 1.00000000 1.00000000</AMBIENT>
			<SPECULAR>1.00000000 1.00000000 1.00000000</SPECULAR>
			<DIFFUSEMAP>padshop_pccover/bunni1_box.jpg</DIFFUSEMAP>
		</MATERIAL>
		<MATERIAL name="TheOffice_miniman_pinwand">
			<DIFFUSE>1.00000000 1.00000000 1.00000000</DIFFUSE>
			<AMBIENT>1.00000000 1.00000000 1.00000000</AMBIENT>
			<SPECULAR>1.00000000 1.00000000 1.00000000</SPECULAR>
			<DIFFUSEMAP>TheOffice_miniman/pinwand.jpg</DIFFUSEMAP>
		</MATERIAL>
		<MATERIAL name="padshop_pcshop_monkeyhead">
			<DIFFUSE>1.00000000 1.00000000 1.00000000</DIFFUSE>
			<AMBIENT>1.00000000 1.00000000 1.00000000</AMBIENT>
			<SPECULAR>1.00000000 1.00000000 1.00000000</SPECULAR>
			<DIFFUSEMAP>padshop_pcshop/monkeyhead.jpg</DIFFUSEMAP>
		</MATERIAL>
		<MATERIAL name="padshop_pccover_alien02">
			<DIFFUSE>1.00000000 1.00000000 1.00000000</DIFFUSE>
			<AMBIENT>1.00000000 1.00000000 1.00000000</AMBIENT>
			<SPECULAR>1.00000000 1.00000000 1.00000000</SPECULAR>
			<DIFFUSEMAP>padshop_pccover/alien02.jpg</DIFFUSEMAP>
		</MATERIAL>
		<MATERIAL name="TheOffice_miniman_kinderschoko">
			<DIFFUSE>1.00000000 1.00000000 1.00000000</DIFFUSE>
			<AMBIENT>1.00000000 1.00000000 1.00000000</AMBIENT>
			<SPECULAR>1.00000000 1.00000000 1.00000000</SPECULAR>
			<DIFFUSEMAP>TheOffice_miniman/kinderschoko.jpg</DIFFUSEMAP>
		</MATERIAL>
		<MATERIAL name="TheOffice_ho_ho_ceiling1_128">
			<DIFFUSE>1.00000000 1.00000000 1.00000000</DIFFUSE>
			<AMBIENT>1.00000000 1.00000000 1.00000000</AMBIENT>
			<SPECULAR>1.00000000 1.00000000 1.00000000</SPECULAR>
			<DIFFUSEMAP>TheOffice_ho/ho_ceiling1_128.tga</DIFFUSEMAP>
		</MATERIAL>
		<MATERIAL name="padshop_pccover_blood1_box">
			<DIFFUSE>1.00000000 1.00000000 1.00000000</DIFFUSE>
			<AMBIENT>1.00000000 1.00000000 1.00000000</AMBIENT>
			<SPECULAR>1.00000000 1.00000000 1.00000000</SPECULAR>
			<DIFFUSEMAP>padshop_pccover/blood1_box.jpg</DIFFUSEMAP>
		</MATERIAL>
		<MATERIAL name="padshop_pccover_blood2_box">
			<DIFFUSE>1.00000000 1.00000000 1.00000000</DIFFUSE>
			<AMBIENT>1.00000000 1.00000000 1.00000000</AMBIENT>
			<SPECULAR>1.00000000 1.00000000 1.00000000</SPECULAR>
			<DIFFUSEMAP>padshop_pccover/blood2_box.jpg</DIFFUSEMAP>
		</MATERIAL>
		<MATERIAL name="padshop_pcshop_moniback2">
			<DIFFUSE>1.00000000 1.00000000 1.00000000</DIFFUSE>
			<AMBIENT>1.00000000 1.00000000 1.00000000</AMBIENT>
			<SPECULAR>1.00000000 1.00000000 1.00000000</SPECULAR>
			<DIFFUSEMAP>padshop_pcshop/moniback2.jpg</DIFFUSEMAP>
		</MATERIAL>
		<MATERIAL name="TheOffice_ho_desktop_nick">
			<DIFFUSE>1.00000000 1.00000000 1.00000000</DIFFUSE>
			<AMBIENT>1.00000000 1.00000000 1.00000000</AMBIENT>
			<SPECULAR>1.00000000 1.00000000 1.00000000</SPECULAR>
			<DIFFUSEMAP>TheOffice_ho/desktop_nick.jpg</DIFFUSEMAP>
		</MATERIAL>
		<MATERIAL name="TheOffice_miniman_screen">
			<DIFFUSE>1.00000000 1.00000000 1.00000000</DIFFUSE>
			<AMBIENT>1.00000000 1.00000000 1.00000000</AMBIENT>
			<SPECULAR>1.00000000 1.00000000 1.00000000</SPECULAR>
			<DIFFUSEMAP>TheOffice_miniman/screen.tga</DIFFUSEMAP>
		</MATERIAL>
		<MATERIAL name="padshop_pcshop_monifront">
			<DIFFUSE>1.00000000 1.00000000 1.00000000</DIFFUSE>
			<AMBIENT>1.00000000 1.00000000 1.00000000</AMBIENT>
			<SPECULAR>1.00000000 1.00000000 1.00000000</SPECULAR>
			<DIFFUSEMAP>padshop_pcshop/monifront.jpg</DIFFUSEMAP>
		</MATERIAL>
		<MATERIAL name="padshop_pccover_carnosau_box">
			<DIFFUSE>1.00000000 1.00000000 1.00000000</DIFFUSE>
			<AMBIENT>1.00000000 1.00000000 1.00000000</AMBIENT>
			<SPECULAR>1.00000000 1.00000000 1.00000000</SPECULAR>
			<DIFFUSEMAP>padshop_pccover/carnosau_box.jpg</DIFFUSEMAP>
		</MATERIAL>
		<MATERIAL name="padshop_pctextu_60900-39">
			<DIFFUSE>1.00000000 1.00000000 1.00000000</DIFFUSE>
			<AMBIENT>1.00000000 1.00000000 1.00000000</AMBIENT>
			<SPECULAR>1.00000000 1.00000000 1.00000000</SPECULAR>
			<DIFFUSEMAP>padshop_pctextu/60900-39.jpg</DIFFUSEMAP>
		</MATERIAL>
		<MATERIAL name="padshop_pccover_keeper_box">
			<DIFFUSE>1.00000000 1.00000000 1.00000000</DIFFUSE>
			<AMBIENT>1.00000000 1.00000000 1.00000000</AMBIENT>
			<SPECULAR>1.00000000 1.00000000 1.00000000</SPECULAR>
			<DIFFUSEMAP>padshop_pccover/keeper_box.jpg</DIFFUSEMAP>
		</MATERIAL>
		<MATERIAL name="padshop_pcshop_monback">
			<DIFFUSE>1.00000000 1.00000000 1.00000000</DIFFUSE>
			<AMBIENT>1.00000000 1.00000000 1.00000000</AMBIENT>
			<SPECULAR>1.00000000 1.00000000 1.00000000</SPECULAR>
			<DIFFUSEMAP>padshop_pcshop/monback.jpg</DIFFUSEMAP>
		</MATERIAL>
		<MATERIAL name="padshop_pccover_HLback_box">
			<DIFFUSE>1.00000000 1.00000000 1.00000000</DIFFUSE>
			<AMBIENT>1.00000000 1.00000000 1.00000000</AMBIENT>
			<SPECULAR>1.00000000 1.00000000 1.00000000</SPECULAR>
			<DIFFUSEMAP>padshop_pccover/HLback_box.jpg</DIFFUSEMAP>
		</MATERIAL>
		<MATERIAL name="padshop_pcshop_metal01">
			<DIFFUSE>1.00000000 1.00000000 1.00000000</DIFFUSE>
			<AMBIENT>1.00000000 1.00000000 1.00000000</AMBIENT>
			<SPECULAR>1.00000000 1.00000000 1.00000000</SPECULAR>
			<DIFFUSEMAP>padshop_pcshop/metal01.jpg</DIFFUSEMAP>
		</MATERIAL>
	</MATERIALLIST>
	<DUMMYLIST>
		<DUMMY name="spawn_solo_101">
			<POSITION>-1928.00000000 288.00000000 -72.00000000</POSITION>
			<DIRECTION>-1.00000000 0.00000000 0.00000000</DIRECTION>
		</DUMMY>
		<DUMMY name="spawn_solo_102">
			<POSITION>-1940.00000000 -228.00000000 -1920.00000000</POSITION>
			<DIRECTION>0.00000000 1.00000000 0.00000000</DIRECTION>
		</DUMMY>
		<DUMMY name="spawn_solo_103">
			<POSITION>-1388.00000000 -2112.00000000 -1932.00000000</POSITION>
			<DIRECTION>-1.00000000 0.00000000 0.00000000</DIRECTION>
		</DUMMY>
		<DUMMY name="spawn_solo_104">
			<POSITION>-452.00000000 -1656.00000000 -1116.00000000</POSITION>
			<DIRECTION>1.00000000 -0.00000000 0.00000000</DIRECTION>
		</DUMMY>
		<DUMMY name="spawn_solo_105">
			<POSITION>1300.00000000 -1896.00000000 -756.00000000</POSITION>
			<DIRECTION>-1.00000000 0.00000000 0.00000000</DIRECTION>
		</DUMMY>
		<DUMMY name="spawn_solo_106">
			<POSITION>-812.00000000 -1296.00000000 -468.00000000</POSITION>
			<DIRECTION>1.00000000 -0.00000000 0.00000000</DIRECTION>
		</DUMMY>
		<DUMMY name="spawn_solo_107">
			<POSITION>628.00000000 -1224.00000000 -1212.00000000</POSITION>
			<DIRECTION>-0.00000000 -1.00000000 0.00000000</DIRECTION>
		</DUMMY>
		<DUMMY name="spawn_solo_108">
			<POSITION>1300.00000000 1128.00000000 -1932.00000000</POSITION>
			<DIRECTION>-0.00000000 -1.00000000 0.00000000</DIRECTION>
		</DUMMY>
		<DUMMY name="spawn_solo_109">
			<POSITION>2020.00000000 -672.00000000 -1140.00000000</POSITION>
			<DIRECTION>-0.00000000 -1.00000000 0.00000000</DIRECTION>
		</DUMMY>
		<DUMMY name="spawn_solo_110">
			<POSITION>1996.00000000 912.00000000 -300.00000000</POSITION>
			<DIRECTION>-0.00000000 -1.00000000 0.00000000</DIRECTION>
		</DUMMY>
		<DUMMY name="spawn_solo_111">
			<POSITION>1636.00000000 2040.00000000 540.00000000</POSITION>
			<DIRECTION>0.00000000 1.00000000 0.00000000</DIRECTION>
		</DUMMY>
		<DUMMY name="spawn_solo_112">
			<POSITION>1948.00000000 1776.00000000 1404.00000000</POSITION>
			<DIRECTION>-0.70710678 0.70710678 0.00000000</DIRECTION>
		</DUMMY>
		<DUMMY name="spawn_solo_113">
			<POSITION>820.00000000 3384.00000000 1356.00000000</POSITION>
			<DIRECTION>-1.00000000 0.00000000 0.00000000</DIRECTION>
		</DUMMY>
		<DUMMY name="spawn_solo_114">
			<POSITION>-4028.00000000 3048.00000000 1548.00000000</POSITION>
			<DIRECTION>1.00000000 -0.00000000 0.00000000</DIRECTION>
		</DUMMY>
		<DUMMY name="spawn_solo_115">
			<POSITION>-1700.00000000 3048.00000000 516.00000000</POSITION>
			<DIRECTION>1.00000000 -0.00000000 0.00000000</DIRECTION>
		</DUMMY>
		<DUMMY name="spawn_solo_116">
			<POSITION>364.00000000 3456.00000000 -324.00000000</POSITION>
			<DIRECTION>-1.00000000 0.00000000 0.00000000</DIRECTION>
		</DUMMY>
		<DUMMY name="spawn_solo_117">
			<POSITION>508.00000000 3432.00000000 -1164.00000000</POSITION>
			<DIRECTION>-1.00000000 0.00000000 0.00000000</DIRECTION>
		</DUMMY>
		<DUMMY name="spawn_solo_118">
			<POSITION>1900.00000000 2736.00000000 -1164.00000000</POSITION>
			<DIRECTION>0.00000000 1.00000000 0.00000000</DIRECTION>
		</DUMMY>
		<DUMMY name="spawn_solo_119">
			<POSITION>-1508.00000000 192.00000000 -1932.00000000</POSITION>
			<DIRECTION>-0.00000000 -1.00000000 0.00000000</DIRECTION>
		</DUMMY>
		<DUMMY name="spawn_solo_120">
			<POSITION>-3428.00000000 2544.00000000 -1908.00000000</POSITION>
			<DIRECTION>0.00000000 1.00000000 0.00000000</DIRECTION>
		</DUMMY>
		<DUMMY name="spawn_solo_121">
			<POSITION>1204.00000000 -384.00000000 -1932.00000000</POSITION>
			<DIRECTION>-1.00000000 0.00000000 0.00000000</DIRECTION>
		</DUMMY>
		<DUMMY name="spawn_solo_122">
			<POSITION>220.00000000 288.00000000 -516.00000000</POSITION>
			<DIRECTION>-1.00000000 0.00000000 0.00000000</DIRECTION>
		</DUMMY>
		<DUMMY name="spawn_solo_123">
			<POSITION>-2180.00000000 264.00000000 1548.00000000</POSITION>
			<DIRECTION>-1.00000000 0.00000000 0.00000000</DIRECTION>
		</DUMMY>
		<DUMMY name="spawn_solo_124">
			<POSITION>-3956.00000000 -1416.00000000 -84.00000000</POSITION>
			<DIRECTION>-0.00000000 -1.00000000 0.00000000</DIRECTION>
		</DUMMY>
		<DUMMY name="spawn_team1_101">
			<POSITION>-1944.00000000 416.00000000 -72.00000000</POSITION>
			<DIRECTION>-1.00000000 0.00000000 0.00000000</DIRECTION>
		</DUMMY>
		<DUMMY name="spawn_team2_101">
			<POSITION>1968.00000000 1656.00000000 1408.00000000</POSITION>
			<DIRECTION>-1.00000000 0.00000000 0.00000000</DIRECTION>
		</DUMMY>
	</DUMMYLIST>

	<FOG min="0" max="9990">
	      <R>1</R>
	      <G>1</G>
	      <B>1</B>
	   </FOG>

</XML>
