<?xml version="1.0" encoding="UTF-8"?>
<XML>
	<MATERIALLIST>
		<MATERIAL name="quake_sfloor4_1">
			<DIFFUSE>1.00000000 1.00000000 1.00000000</DIFFUSE>
			<AMBIENT>1.00000000 1.00000000 1.00000000</AMBIENT>
			<SPECULAR>1.00000000 1.00000000 1.00000000</SPECULAR>
			<DIFFUSEMAP>quake/sfloor4_1.jpg</DIFFUSEMAP>
		</MATERIAL>
		<MATERIAL name="quake_crate0_side">
			<DIFFUSE>1.00000000 1.00000000 1.00000000</DIFFUSE>
			<AMBIENT>1.00000000 1.00000000 1.00000000</AMBIENT>
			<SPECULAR>1.00000000 1.00000000 1.00000000</SPECULAR>
			<DIFFUSEMAP>quake/crate0_side.jpg</DIFFUSEMAP>
		</MATERIAL>
		<MATERIAL name="quake_htek14_7">
			<DIFFUSE>1.00000000 1.00000000 1.00000000</DIFFUSE>
			<AMBIENT>1.00000000 1.00000000 1.00000000</AMBIENT>
			<SPECULAR>1.00000000 1.00000000 1.00000000</SPECULAR>
			<DIFFUSEMAP>quake/htek14_7.jpg</DIFFUSEMAP>
		</MATERIAL>
		<MATERIAL name="credittags_SMD">
			<DIFFUSE>1.00000000 1.00000000 1.00000000</DIFFUSE>
			<AMBIENT>1.00000000 1.00000000 1.00000000</AMBIENT>
			<SPECULAR>1.00000000 1.00000000 1.00000000</SPECULAR>
			<DIFFUSEMAP>credittags/SMD.jpg</DIFFUSEMAP>
		</MATERIAL>
		<MATERIAL name="credittags_EvilGunZ">
			<DIFFUSE>1.00000000 1.00000000 1.00000000</DIFFUSE>
			<AMBIENT>1.00000000 1.00000000 1.00000000</AMBIENT>
			<SPECULAR>1.00000000 1.00000000 1.00000000</SPECULAR>
			<DIFFUSEMAP>credittags/EvilGunZ.jpg</DIFFUSEMAP>
		</MATERIAL>
		<MATERIAL name="gunz_Floor004">
			<DIFFUSE>1.00000000 1.00000000 1.00000000</DIFFUSE>
			<AMBIENT>1.00000000 1.00000000 1.00000000</AMBIENT>
			<SPECULAR>1.00000000 1.00000000 1.00000000</SPECULAR>
			<DIFFUSEMAP>gunz/Floor004.jpg</DIFFUSEMAP>
		</MATERIAL>
		<MATERIAL name="quake_comp1_6">
			<DIFFUSE>1.00000000 1.00000000 1.00000000</DIFFUSE>
			<AMBIENT>1.00000000 1.00000000 1.00000000</AMBIENT>
			<SPECULAR>1.00000000 1.00000000 1.00000000</SPECULAR>
			<DIFFUSEMAP>quake/comp1_6.jpg</DIFFUSEMAP>
		</MATERIAL>
		<MATERIAL name="quake_#tele01">
			<DIFFUSE>1.00000000 1.00000000 1.00000000</DIFFUSE>
			<AMBIENT>1.00000000 1.00000000 1.00000000</AMBIENT>
			<SPECULAR>1.00000000 1.00000000 1.00000000</SPECULAR>
			<DIFFUSEMAP>quake/#tele01.jpg</DIFFUSEMAP>
		</MATERIAL>
	</MATERIALLIST>
	<DUMMYLIST>
		<DUMMY name="spawn_solo_101">
			<POSITION>512.00000000 272.00000000 8.00000000</POSITION>
			<DIRECTION>-0.00000000 -1.00000000 0.00000000</DIRECTION>
		</DUMMY>
		<DUMMY name="wait_pos_1">
			<POSITION>512.00000000 272.00000000 8.00000000</POSITION>
			<DIRECTION>-0.00000000 -1.00000000 0.00000000</DIRECTION>
		</DUMMY>
		<DUMMY name="spawn_solo_102">
			<POSITION>1992.00000000 -1280.00000000 8.00000000</POSITION>
			<DIRECTION>-1.00000000 0.00000000 0.00000000</DIRECTION>
		</DUMMY>
		<DUMMY name="link01">
			<POSITION>1992.00000000 -1280.00000000 8.00000000</POSITION>
			<DIRECTION>-1.00000000 0.00000000 0.00000000</DIRECTION>
		</DUMMY>
		<DUMMY name="spawn_solo_103">
			<POSITION>1992.00000000 -1200.00000000 8.00000000</POSITION>
			<DIRECTION>-1.00000000 0.00000000 0.00000000</DIRECTION>
		</DUMMY>
		<DUMMY name="spawn_solo_104">
			<POSITION>1992.00000000 -1120.00000000 8.00000000</POSITION>
			<DIRECTION>-1.00000000 0.00000000 0.00000000</DIRECTION>
		</DUMMY>
		<DUMMY name="spawn_npc_melee_01">
			<POSITION>1088.00000000 -920.00000000 8.00000000</POSITION>
			<DIRECTION>-1.00000000 0.00000000 0.00000000</DIRECTION>
		</DUMMY>
		<DUMMY name="spawn_npc_melee_02">
			<POSITION>-376.00000000 -952.00000000 8.00000000</POSITION>
			<DIRECTION>-1.00000000 0.00000000 0.00000000</DIRECTION>
		</DUMMY>
		<DUMMY name="spawn_npc_melee_03">
			<POSITION>360.00000000 -216.00000000 8.00000000</POSITION>
			<DIRECTION>-1.00000000 0.00000000 0.00000000</DIRECTION>
		</DUMMY>
		<DUMMY name="spawn_npc_melee_04">
			<POSITION>408.00000000 -832.00000000 8.00000000</POSITION>
			<DIRECTION>-1.00000000 0.00000000 0.00000000</DIRECTION>
		</DUMMY>
		<DUMMY name="spawn_npc_melee_05">
			<POSITION>1152.00000000 832.00000000 8.00000000</POSITION>
			<DIRECTION>-1.00000000 0.00000000 0.00000000</DIRECTION>
		</DUMMY>
		<DUMMY name="spawn_npc_melee_06">
			<POSITION>1160.00000000 1040.00000000 8.00000000</POSITION>
			<DIRECTION>-1.00000000 0.00000000 0.00000000</DIRECTION>
		</DUMMY>
		<DUMMY name="spawn_npc_melee_07">
			<POSITION>408.00000000 1976.00000000 8.00000000</POSITION>
			<DIRECTION>-1.00000000 0.00000000 0.00000000</DIRECTION>
		</DUMMY>
		<DUMMY name="spawn_npc_melee_08">
			<POSITION>-384.00000000 1096.00000000 8.00000000</POSITION>
			<DIRECTION>-1.00000000 0.00000000 0.00000000</DIRECTION>
		</DUMMY>
		<DUMMY name="spawn_npc_melee_09">
			<POSITION>-240.00000000 520.00000000 8.00000000</POSITION>
			<DIRECTION>-1.00000000 0.00000000 0.00000000</DIRECTION>
		</DUMMY>
		<DUMMY name="spawn_npc_melee_10">
			<POSITION>-680.00000000 -544.00000000 8.00000000</POSITION>
			<DIRECTION>-1.00000000 0.00000000 0.00000000</DIRECTION>
		</DUMMY>
		<DUMMY name="spawn_npc_boss_01">
			<POSITION>1896.00000000 -240.00000000 8.00000000</POSITION>
			<DIRECTION>-1.00000000 0.00000000 0.00000000</DIRECTION>
		</DUMMY>

	</DUMMYLIST>
<FOG min="1200" max="2600">
		<R>155</R>
		<G>155</G>
		<B>155</B>
	</FOG>
	<GLOBAL>

		<fog_enable>TRUE</fog_enable>
		<fog_min>500</fog_min>
		<fog_max>2600</fog_max>
		<fog_color>100,100,100</fog_color>
		<far_z>7000</far_z>
	</GLOBAL>
</XML>
