<?xml version="1.0"?>
<!--
Gtkradiant, GunZ Online build settings
By Legion/Damnation 2007
-->

<project version="2.0">
<var name="gzmap">"gzmap.exe" -basez "[EnginePath]data"<cond value="[MonitorAddress]"> -connect [MonitorAddress]</cond></var>
<build name="GzMAP: -nolight">
<command>[gzmap] -zip -mrs -nolight "[MapFile]"</command>
</build>

<build name="GzMAP: -fastlight">
<command>[gzmap] -zip -mrs -fastlight "[MapFile]"</command>
</build>

<build name="GzMAP: light">
<command>[gzmap] -zip -mrs "[MapFile]"</command>
</build>
</project>
