<?xml version="1.0" encoding="UTF-8"?>
<XML>
	<GAMETYPE id="solo">
		<SPAWN item="bullet02" timesec="35000">
			<POSITION>-5128.9000000 -2442.8000000 77.3000000</POSITION>
		</SPAWN>
		<SPAWN item="bullet02" timesec="35000">
			<POSITION>-804.9000000 915.7000000 77.3000000</POSITION>
		</SPAWN>
		<SPAWN item="ap01" timesec="35000">
			<POSITION>-5388.8000000 -361.7000000 436.6000000</POSITION>
		</SPAWN>
		<SPAWN item="ap02" timesec="35000">
			<POSITION>-567.9000000 -1155.0000000 436.6000000</POSITION>
		</SPAWN>
		<SPAWN item="hp03" timesec="35000">
			<POSITION>-2959.5000000 -745.8000000 366.3000000</POSITION>
		</SPAWN>
	</GAMETYPE>

	<GAMETYPE id="team">
		<SPAWN item="bullet02" timesec="35000">
			<POSITION>-5128.9000000 -2442.8000000 77.3000000</POSITION>
		</SPAWN>
		<SPAWN item="bullet02" timesec="35000">
			<POSITION>-804.9000000 915.7000000 77.3000000</POSITION>
		</SPAWN>
		<SPAWN item="ap01" timesec="35000">
			<POSITION>-5388.8000000 -361.7000000 436.6000000</POSITION>
		</SPAWN>
		<SPAWN item="ap02" timesec="35000">
			<POSITION>-567.9000000 -1155.0000000 436.6000000</POSITION>
		</SPAWN>
		<SPAWN item="hp03" timesec="35000">
			<POSITION>-2959.5000000 -745.8000000 366.3000000</POSITION>
		</SPAWN>
	</GAMETYPE>
</XML>
