<?xml version="1.0"?>
<XML>
	<MATERIALLIST>
		<MATERIAL name="gzd_map_Castle_wall01_mt_con">
			<DIFFUSE>0.5882353 0.5882353 0.5882353</DIFFUSE>
			<AMBIENT>0.5882353 0.5882353 0.5882353</AMBIENT>
			<SPECULAR>0.9000000 0.9000000 0.9000000</SPECULAR>
			<DIFFUSEMAP>gzd_map_Castle_wall01.bmp</DIFFUSEMAP>
		</MATERIAL>
		<MATERIAL name="gzd_map_Castle_wall02_mt_con">
			<DIFFUSE>0.5882353 0.5882353 0.5882353</DIFFUSE>
			<AMBIENT>0.5882353 0.5882353 0.5882353</AMBIENT>
			<SPECULAR>0.9000000 0.9000000 0.9000000</SPECULAR>
			<DIFFUSEMAP>gzd_map_Castle_wall02.bmp</DIFFUSEMAP>
		</MATERIAL>
		<MATERIAL name="gzd_map_Castle_deco01_mt_con">
			<DIFFUSE>0.5882353 0.5882353 0.5882353</DIFFUSE>
			<AMBIENT>0.5882353 0.5882353 0.5882353</AMBIENT>
			<SPECULAR>0.9000000 0.9000000 0.9000000</SPECULAR>
			<DIFFUSEMAP>gzd_map_Castle_deco01.bmp</DIFFUSEMAP>
		</MATERIAL>
		<MATERIAL name="gzd_map_Castle_floor01_mt_con">
			<DIFFUSE>0.5882353 0.5882353 0.5882353</DIFFUSE>
			<AMBIENT>0.5882353 0.5882353 0.5882353</AMBIENT>
			<SPECULAR>0.9000000 0.9000000 0.9000000</SPECULAR>
			<DIFFUSEMAP>gzd_map_Castle_floor01.bmp</DIFFUSEMAP>
		</MATERIAL>
		<MATERIAL name="hide">
			<DIFFUSE>0.0313726 0.0313726 0.5333334</DIFFUSE>
			<AMBIENT>0.0313726 0.0313726 0.5333334</AMBIENT>
			<SPECULAR>0.0313726 0.0313726 0.5333334</SPECULAR>
			<DIFFUSEMAP></DIFFUSEMAP>
		</MATERIAL>
		<MATERIAL name="gzd_map_BA_black">
			<DIFFUSE>0.5882353 0.5882353 0.5882353</DIFFUSE>
			<AMBIENT>0.5882353 0.5882353 0.5882353</AMBIENT>
			<SPECULAR>0.9000000 0.9000000 0.9000000</SPECULAR>
			<DIFFUSEMAP>../battle arena/black.tga</DIFFUSEMAP>
			<USEOPACITY/>
		</MATERIAL>
		<MATERIAL name="gzd_map_Castle_roof01_mt_wod">
			<DIFFUSE>0.5882353 0.5882353 0.5882353</DIFFUSE>
			<AMBIENT>0.5882353 0.5882353 0.5882353</AMBIENT>
			<SPECULAR>0.9000000 0.9000000 0.9000000</SPECULAR>
			<DIFFUSEMAP>gzd_map_Castle_roof01.bmp</DIFFUSEMAP>
		</MATERIAL>
		<MATERIAL name="gzd_map_Castle_wall04_mt_con">
			<DIFFUSE>0.5882353 0.5882353 0.5882353</DIFFUSE>
			<AMBIENT>0.5882353 0.5882353 0.5882353</AMBIENT>
			<SPECULAR>0.9000000 0.9000000 0.9000000</SPECULAR>
			<DIFFUSEMAP>gzd_map_Castle_wall04.bmp</DIFFUSEMAP>
		</MATERIAL>
		<MATERIAL name="gzd_map_Castle_door01_mt_wod">
			<DIFFUSE>0.5882353 0.5882353 0.5882353</DIFFUSE>
			<AMBIENT>0.5882353 0.5882353 0.5882353</AMBIENT>
			<SPECULAR>0.9000000 0.9000000 0.9000000</SPECULAR>
			<DIFFUSEMAP>gzd_map_Castle_door01.bmp</DIFFUSEMAP>
		</MATERIAL>
		<MATERIAL name="gzd_map_Castle_bluff01_mt_con">
			<DIFFUSE>0.5882353 0.5882353 0.5882353</DIFFUSE>
			<AMBIENT>0.5882353 0.5882353 0.5882353</AMBIENT>
			<SPECULAR>0.9000000 0.9000000 0.9000000</SPECULAR>
			<DIFFUSEMAP>gzd_map_Castle_bluff01.bmp</DIFFUSEMAP>
		</MATERIAL>
		<MATERIAL name="gzd_map_DG_wreckage01_mt_con">
			<DIFFUSE>0.5882353 0.5882353 0.5882353</DIFFUSE>
			<AMBIENT>0.5882353 0.5882353 0.5882353</AMBIENT>
			<SPECULAR>0.9000000 0.9000000 0.9000000</SPECULAR>
			<DIFFUSEMAP>../dungeon/gzd_map_DG_wreckage01.bmp</DIFFUSEMAP>
		</MATERIAL>
		<MATERIAL name="gzd_map_Mansion_drum04_mt_wod">
			<DIFFUSE>0.5880000 0.5880000 0.5880000</DIFFUSE>
			<AMBIENT>0.5880000 0.5880000 0.5880000</AMBIENT>
			<SPECULAR>0.9000000 0.9000000 0.9000000</SPECULAR>
			<DIFFUSEMAP>../mansion/gzd_map_Mansion_drum04.bmp</DIFFUSEMAP>
		</MATERIAL>
		<MATERIAL name="gzd_map_Mansion_drum03_mt_wod">
			<DIFFUSE>0.5880000 0.5880000 0.5880000</DIFFUSE>
			<AMBIENT>0.5880000 0.5880000 0.5880000</AMBIENT>
			<SPECULAR>0.9000000 0.9000000 0.9000000</SPECULAR>
			<DIFFUSEMAP>../mansion/gzd_map_Mansion_drum03.bmp</DIFFUSEMAP>
		</MATERIAL>
		<MATERIAL name="gzd_map_Castle_door02_mt_wod">
			<DIFFUSE>0.5882353 0.5882353 0.5882353</DIFFUSE>
			<AMBIENT>0.5882353 0.5882353 0.5882353</AMBIENT>
			<SPECULAR>0.9000000 0.9000000 0.9000000</SPECULAR>
			<DIFFUSEMAP>gzd_map_Castle_door02.bmp</DIFFUSEMAP>
		</MATERIAL>
		<MATERIAL name="txa 30 2000 fire_a00_2s">
			<DIFFUSE>0.5882353 0.5882353 0.5882353</DIFFUSE>
			<AMBIENT>0.5882353 0.5882353 0.5882353</AMBIENT>
			<SPECULAR>0.9000000 0.9000000 0.9000000</SPECULAR>
			<DIFFUSEMAP>../mansion/txa 30 2000 fire_a00.bmp</DIFFUSEMAP>
			<ADDITIVE/>
			<TWOSIDED/>
		</MATERIAL>
		<MATERIAL name="gzd_map_BA_wall03_mt_wod">
			<DIFFUSE>0.5882353 0.5882353 0.5882353</DIFFUSE>
			<AMBIENT>0.5882353 0.5882353 0.5882353</AMBIENT>
			<SPECULAR>0.9000000 0.9000000 0.9000000</SPECULAR>
			<DIFFUSEMAP>../battle arena/gzd_map_BA_wall03.bmp</DIFFUSEMAP>
		</MATERIAL>
		<MATERIAL name="at_gzd_map_BA_mask_2s_mt_met">
			<DIFFUSE>0.5882353 0.5882353 0.5882353</DIFFUSE>
			<AMBIENT>0.5882353 0.5882353 0.5882353</AMBIENT>
			<SPECULAR>0.9000000 0.9000000 0.9000000</SPECULAR>
			<DIFFUSEMAP>../battle arena/gzd_map_BA_mask.tga</DIFFUSEMAP>
			<TWOSIDED/>
			<USEOPACITY/>
			<USEALPHATEST/>
		</MATERIAL>
	</MATERIALLIST>
	<LIGHTLIST>
		<LIGHT name="Omni_main_a 01">
			<POSITION>-11000.0000000 11000.0000000 11000.0000000</POSITION>
			<COLOR>1.0000000 1.0000000 1.0000000</COLOR>
			<INTENSITY>0.1500000</INTENSITY>
			<ATTENUATIONSTART>30000.0000000</ATTENUATIONSTART>
			<ATTENUATIONEND>30000.0000000</ATTENUATIONEND>
		</LIGHT>
		<LIGHT name="Omni_main_a 02">
			<POSITION>11000.0000000 11000.0000000 11000.0000000</POSITION>
			<COLOR>1.0000000 1.0000000 1.0000000</COLOR>
			<INTENSITY>0.1500000</INTENSITY>
			<ATTENUATIONSTART>30000.0000000</ATTENUATIONSTART>
			<ATTENUATIONEND>30000.0000000</ATTENUATIONEND>
		</LIGHT>
		<LIGHT name="Omni_main_a 03">
			<POSITION>11000.0000000 -11000.0000000 11000.0000000</POSITION>
			<COLOR>1.0000000 1.0000000 1.0000000</COLOR>
			<INTENSITY>0.1500000</INTENSITY>
			<ATTENUATIONSTART>30000.0000000</ATTENUATIONSTART>
			<ATTENUATIONEND>30000.0000000</ATTENUATIONEND>
		</LIGHT>
		<LIGHT name="Omni_main_a 04">
			<POSITION>-11000.0000000 -11000.0000000 11000.0000000</POSITION>
			<COLOR>1.0000000 1.0000000 1.0000000</COLOR>
			<INTENSITY>0.1500000</INTENSITY>
			<ATTENUATIONSTART>30000.0000000</ATTENUATIONSTART>
			<ATTENUATIONEND>30000.0000000</ATTENUATIONEND>
		</LIGHT>
		<LIGHT name="Omni_main_b 01">
			<POSITION>-11000.0000000 11000.0000000 -11000.0000000</POSITION>
			<COLOR>1.0000000 1.0000000 1.0000000</COLOR>
			<INTENSITY>0.1000000</INTENSITY>
			<ATTENUATIONSTART>30000.0000000</ATTENUATIONSTART>
			<ATTENUATIONEND>30000.0000000</ATTENUATIONEND>
		</LIGHT>
		<LIGHT name="Omni_main_b 02">
			<POSITION>11000.0000000 11000.0000000 -11000.0000000</POSITION>
			<COLOR>1.0000000 1.0000000 1.0000000</COLOR>
			<INTENSITY>0.1000000</INTENSITY>
			<ATTENUATIONSTART>30000.0000000</ATTENUATIONSTART>
			<ATTENUATIONEND>30000.0000000</ATTENUATIONEND>
		</LIGHT>
		<LIGHT name="Omni_main_b 03">
			<POSITION>-11000.0000000 -11000.0000000 -11000.0000000</POSITION>
			<COLOR>1.0000000 1.0000000 1.0000000</COLOR>
			<INTENSITY>0.1000000</INTENSITY>
			<ATTENUATIONSTART>30000.0000000</ATTENUATIONSTART>
			<ATTENUATIONEND>30000.0000000</ATTENUATIONEND>
		</LIGHT>
		<LIGHT name="Omni_main_b 04">
			<POSITION>11000.0000000 -11000.0000000 -11000.0000000</POSITION>
			<COLOR>1.0000000 1.0000000 1.0000000</COLOR>
			<INTENSITY>0.1000000</INTENSITY>
			<ATTENUATIONSTART>30000.0000000</ATTENUATIONSTART>
			<ATTENUATIONEND>30000.0000000</ATTENUATIONEND>
		</LIGHT>
		<LIGHT name="Omni_shadow">
			<POSITION>-10830.7539063 -26448.1835938 29126.3554688</POSITION>
			<COLOR>1.0000000 1.0000000 1.0000000</COLOR>
			<INTENSITY>1.0000000</INTENSITY>
			<ATTENUATIONSTART>50000.0000000</ATTENUATIONSTART>
			<ATTENUATIONEND>50000.0000000</ATTENUATIONEND>
			<CASTSHADOW/>
		</LIGHT>
		<LIGHT name="obj_Omni_shadow01">
			<POSITION>-3387.9042969 -11729.6357422 9506.9765625</POSITION>
			<COLOR>1.0000000 1.0000000 1.0000000</COLOR>
			<INTENSITY>1.1000000</INTENSITY>
			<ATTENUATIONSTART>50000.0000000</ATTENUATIONSTART>
			<ATTENUATIONEND>50000.0000000</ATTENUATIONEND>
			<CASTSHADOW/>
		</LIGHT>
		<LIGHT name="obj_Omni_torch_a 01">
			<POSITION>6342.4702148 3667.5085449 -610.3513184</POSITION>
			<COLOR>1.0000000 0.5725490 0.3372549</COLOR>
			<INTENSITY>0.7000000</INTENSITY>
			<ATTENUATIONSTART>200.0000000</ATTENUATIONSTART>
			<ATTENUATIONEND>500.0000000</ATTENUATIONEND>
			<CASTSHADOW/>
		</LIGHT>
		<LIGHT name="Omni_torch_a 01">
			<POSITION>6317.3041992 3667.5070801 -610.3513184</POSITION>
			<COLOR>1.0000000 0.5725490 0.3372549</COLOR>
			<INTENSITY>1.0000000</INTENSITY>
			<ATTENUATIONSTART>200.0000000</ATTENUATIONSTART>
			<ATTENUATIONEND>500.0000000</ATTENUATIONEND>
			<CASTSHADOW/>
		</LIGHT>
		<LIGHT name="Omni_torch_a 02">
			<POSITION>3784.9328613 3667.0976563 -610.3513184</POSITION>
			<COLOR>1.0000000 0.5725490 0.3372549</COLOR>
			<INTENSITY>1.0000000</INTENSITY>
			<ATTENUATIONSTART>200.0000000</ATTENUATIONSTART>
			<ATTENUATIONEND>500.0000000</ATTENUATIONEND>
			<CASTSHADOW/>
		</LIGHT>
		<LIGHT name="obj_Omni_torch_a 02">
			<POSITION>3759.6196289 3667.0991211 -610.3513184</POSITION>
			<COLOR>1.0000000 0.5725490 0.3372549</COLOR>
			<INTENSITY>0.7000000</INTENSITY>
			<ATTENUATIONSTART>200.0000000</ATTENUATIONSTART>
			<ATTENUATIONEND>500.0000000</ATTENUATIONEND>
			<CASTSHADOW/>
		</LIGHT>
		<LIGHT name="Omni_torch_a 03">
			<POSITION>5300.7158203 3816.3713379 -660.3513184</POSITION>
			<COLOR>1.0000000 0.5725490 0.3372549</COLOR>
			<INTENSITY>1.0000000</INTENSITY>
			<ATTENUATIONSTART>200.0000000</ATTENUATIONSTART>
			<ATTENUATIONEND>500.0000000</ATTENUATIONEND>
			<CASTSHADOW/>
		</LIGHT>
		<LIGHT name="obj_Omni_torch_a 03">
			<POSITION>5300.7143555 3492.3088379 -660.3513184</POSITION>
			<COLOR>1.0000000 0.5725490 0.3372549</COLOR>
			<INTENSITY>0.7000000</INTENSITY>
			<ATTENUATIONSTART>200.0000000</ATTENUATIONSTART>
			<ATTENUATIONEND>500.0000000</ATTENUATIONEND>
			<CASTSHADOW/>
		</LIGHT>
		<LIGHT name="obj_Omni_torch_a 04">
			<POSITION>5300.7143555 3841.5378418 -660.3513184</POSITION>
			<COLOR>1.0000000 0.5725490 0.3372549</COLOR>
			<INTENSITY>0.7000000</INTENSITY>
			<ATTENUATIONSTART>200.0000000</ATTENUATIONSTART>
			<ATTENUATIONEND>500.0000000</ATTENUATIONEND>
			<CASTSHADOW/>
		</LIGHT>
		<LIGHT name="Omni_torch_a 04">
			<POSITION>5300.7158203 3517.6220703 -660.3513184</POSITION>
			<COLOR>1.0000000 0.5725490 0.3372549</COLOR>
			<INTENSITY>1.0000000</INTENSITY>
			<ATTENUATIONSTART>200.0000000</ATTENUATIONSTART>
			<ATTENUATIONEND>500.0000000</ATTENUATIONEND>
			<CASTSHADOW/>
		</LIGHT>
		<LIGHT name="Omni_torch_a 05">
			<POSITION>4301.4199219 3816.3713379 -660.3513184</POSITION>
			<COLOR>1.0000000 0.5725490 0.3372549</COLOR>
			<INTENSITY>1.0000000</INTENSITY>
			<ATTENUATIONSTART>200.0000000</ATTENUATIONSTART>
			<ATTENUATIONEND>500.0000000</ATTENUATIONEND>
			<CASTSHADOW/>
		</LIGHT>
		<LIGHT name="obj_Omni_torch_a 05">
			<POSITION>4301.4184570 3492.3088379 -660.3513184</POSITION>
			<COLOR>1.0000000 0.5725490 0.3372549</COLOR>
			<INTENSITY>0.7000000</INTENSITY>
			<ATTENUATIONSTART>200.0000000</ATTENUATIONSTART>
			<ATTENUATIONEND>500.0000000</ATTENUATIONEND>
			<CASTSHADOW/>
		</LIGHT>
		<LIGHT name="obj_Omni_torch_a 06">
			<POSITION>4301.4184570 3841.5378418 -660.3513184</POSITION>
			<COLOR>1.0000000 0.5725490 0.3372549</COLOR>
			<INTENSITY>0.7000000</INTENSITY>
			<ATTENUATIONSTART>200.0000000</ATTENUATIONSTART>
			<ATTENUATIONEND>500.0000000</ATTENUATIONEND>
			<CASTSHADOW/>
		</LIGHT>
		<LIGHT name="Omni_torch_a 06">
			<POSITION>4301.4199219 3517.6220703 -660.3513184</POSITION>
			<COLOR>1.0000000 0.5725490 0.3372549</COLOR>
			<INTENSITY>1.0000000</INTENSITY>
			<ATTENUATIONSTART>200.0000000</ATTENUATIONSTART>
			<ATTENUATIONEND>500.0000000</ATTENUATIONEND>
			<CASTSHADOW/>
		</LIGHT>
		<LIGHT name="Omni_torch_a 07">
			<POSITION>4950.4785156 4166.6069336 -660.3513184</POSITION>
			<COLOR>1.0000000 0.5725490 0.3372549</COLOR>
			<INTENSITY>1.0000000</INTENSITY>
			<ATTENUATIONSTART>200.0000000</ATTENUATIONSTART>
			<ATTENUATIONEND>500.0000000</ATTENUATIONEND>
			<CASTSHADOW/>
		</LIGHT>
		<LIGHT name="obj_Omni_torch_a 07">
			<POSITION>4626.4160156 4166.6083984 -660.3513184</POSITION>
			<COLOR>1.0000000 0.5725490 0.3372549</COLOR>
			<INTENSITY>0.7000000</INTENSITY>
			<ATTENUATIONSTART>200.0000000</ATTENUATIONSTART>
			<ATTENUATIONEND>500.0000000</ATTENUATIONEND>
			<CASTSHADOW/>
		</LIGHT>
		<LIGHT name="obj_Omni_torch_a 08">
			<POSITION>4975.6445313 4166.6083984 -660.3513184</POSITION>
			<COLOR>1.0000000 0.5725490 0.3372549</COLOR>
			<INTENSITY>0.7000000</INTENSITY>
			<ATTENUATIONSTART>200.0000000</ATTENUATIONSTART>
			<ATTENUATIONEND>500.0000000</ATTENUATIONEND>
			<CASTSHADOW/>
		</LIGHT>
		<LIGHT name="Omni_torch_a 08">
			<POSITION>4651.7290039 4166.6069336 -660.3513184</POSITION>
			<COLOR>1.0000000 0.5725490 0.3372549</COLOR>
			<INTENSITY>1.0000000</INTENSITY>
			<ATTENUATIONSTART>200.0000000</ATTENUATIONSTART>
			<ATTENUATIONEND>500.0000000</ATTENUATIONEND>
			<CASTSHADOW/>
		</LIGHT>
		<LIGHT name="obj_Omni_torch_a 09">
			<POSITION>4626.4160156 3167.3125000 -660.3513184</POSITION>
			<COLOR>1.0000000 0.5725490 0.3372549</COLOR>
			<INTENSITY>0.7000000</INTENSITY>
			<ATTENUATIONSTART>200.0000000</ATTENUATIONSTART>
			<ATTENUATIONEND>500.0000000</ATTENUATIONEND>
			<CASTSHADOW/>
		</LIGHT>
		<LIGHT name="obj_Omni_torch_a 10">
			<POSITION>4975.6445313 3167.3125000 -660.3513184</POSITION>
			<COLOR>1.0000000 0.5725490 0.3372549</COLOR>
			<INTENSITY>0.7000000</INTENSITY>
			<ATTENUATIONSTART>200.0000000</ATTENUATIONSTART>
			<ATTENUATIONEND>500.0000000</ATTENUATIONEND>
			<CASTSHADOW/>
		</LIGHT>
		<LIGHT name="Omni_torch_a 09">
			<POSITION>4651.7290039 3167.3110352 -660.3513184</POSITION>
			<COLOR>1.0000000 0.5725490 0.3372549</COLOR>
			<INTENSITY>1.0000000</INTENSITY>
			<ATTENUATIONSTART>200.0000000</ATTENUATIONSTART>
			<ATTENUATIONEND>500.0000000</ATTENUATIONEND>
			<CASTSHADOW/>
		</LIGHT>
		<LIGHT name="Omni_torch_a 10">
			<POSITION>4950.4785156 3167.3110352 -660.3513184</POSITION>
			<COLOR>1.0000000 0.5725490 0.3372549</COLOR>
			<INTENSITY>1.0000000</INTENSITY>
			<ATTENUATIONSTART>200.0000000</ATTENUATIONSTART>
			<ATTENUATIONEND>500.0000000</ATTENUATIONEND>
			<CASTSHADOW/>
		</LIGHT>
		<LIGHT name="obj_Omni_torch_a 11">
			<POSITION>4129.7963867 -582.8386230 -685.3513184</POSITION>
			<COLOR>1.0000000 0.5725490 0.3372549</COLOR>
			<INTENSITY>0.7000000</INTENSITY>
			<ATTENUATIONSTART>200.0000000</ATTENUATIONSTART>
			<ATTENUATIONEND>500.0000000</ATTENUATIONEND>
			<CASTSHADOW/>
		</LIGHT>
		<LIGHT name="obj_Omni_torch_a 12">
			<POSITION>4800.9321289 4708.7099609 -610.3513184</POSITION>
			<COLOR>1.0000000 0.5725490 0.3372549</COLOR>
			<INTENSITY>0.7000000</INTENSITY>
			<ATTENUATIONSTART>200.0000000</ATTENUATIONSTART>
			<ATTENUATIONEND>500.0000000</ATTENUATIONEND>
			<CASTSHADOW/>
		</LIGHT>
		<LIGHT name="Omni_torch_a 11">
			<POSITION>4155.1093750 -582.8400879 -685.3513184</POSITION>
			<COLOR>1.0000000 0.5725490 0.3372549</COLOR>
			<INTENSITY>1.0000000</INTENSITY>
			<ATTENUATIONSTART>200.0000000</ATTENUATIONSTART>
			<ATTENUATIONEND>500.0000000</ATTENUATIONEND>
			<CASTSHADOW/>
		</LIGHT>
		<LIGHT name="Omni_torch_a 12">
			<POSITION>4800.9331055 4683.5439453 -610.3513184</POSITION>
			<COLOR>1.0000000 0.5725490 0.3372549</COLOR>
			<INTENSITY>1.0000000</INTENSITY>
			<ATTENUATIONSTART>200.0000000</ATTENUATIONSTART>
			<ATTENUATIONEND>500.0000000</ATTENUATIONEND>
			<CASTSHADOW/>
		</LIGHT>
		<LIGHT name="obj_Omni_torch_a 13">
			<POSITION>4626.4160156 2177.6503906 -660.3513184</POSITION>
			<COLOR>1.0000000 0.5725490 0.3372549</COLOR>
			<INTENSITY>0.7000000</INTENSITY>
			<ATTENUATIONSTART>200.0000000</ATTENUATIONSTART>
			<ATTENUATIONEND>500.0000000</ATTENUATIONEND>
			<CASTSHADOW/>
		</LIGHT>
		<LIGHT name="obj_Omni_torch_a 14">
			<POSITION>4975.6445313 2177.6503906 -660.3513184</POSITION>
			<COLOR>1.0000000 0.5725490 0.3372549</COLOR>
			<INTENSITY>0.7000000</INTENSITY>
			<ATTENUATIONSTART>200.0000000</ATTENUATIONSTART>
			<ATTENUATIONEND>500.0000000</ATTENUATIONEND>
			<CASTSHADOW/>
		</LIGHT>
		<LIGHT name="Omni_torch_a 13">
			<POSITION>4651.7290039 2177.6489258 -660.3513184</POSITION>
			<COLOR>1.0000000 0.5725490 0.3372549</COLOR>
			<INTENSITY>1.0000000</INTENSITY>
			<ATTENUATIONSTART>200.0000000</ATTENUATIONSTART>
			<ATTENUATIONEND>500.0000000</ATTENUATIONEND>
			<CASTSHADOW/>
		</LIGHT>
		<LIGHT name="Omni_torch_a 14">
			<POSITION>4950.4785156 2177.6489258 -660.3513184</POSITION>
			<COLOR>1.0000000 0.5725490 0.3372549</COLOR>
			<INTENSITY>1.0000000</INTENSITY>
			<ATTENUATIONSTART>200.0000000</ATTENUATIONSTART>
			<ATTENUATIONEND>500.0000000</ATTENUATIONEND>
			<CASTSHADOW/>
		</LIGHT>
		<LIGHT name="obj_Omni_torch_a 15">
			<POSITION>5622.5629883 190.8198242 -208.9785156</POSITION>
			<COLOR>1.0000000 0.5725490 0.3372549</COLOR>
			<INTENSITY>0.7000000</INTENSITY>
			<ATTENUATIONSTART>200.0000000</ATTENUATIONSTART>
			<ATTENUATIONEND>500.0000000</ATTENUATIONEND>
			<CASTSHADOW/>
		</LIGHT>
		<LIGHT name="Omni_torch_a 15">
			<POSITION>5622.5615234 165.5065918 -208.9785156</POSITION>
			<COLOR>1.0000000 0.5725490 0.3372549</COLOR>
			<INTENSITY>1.0000000</INTENSITY>
			<ATTENUATIONSTART>200.0000000</ATTENUATIONSTART>
			<ATTENUATIONEND>500.0000000</ATTENUATIONEND>
			<CASTSHADOW/>
		</LIGHT>
		<LIGHT name="obj_Omni_torch_a 16">
			<POSITION>2880.1076660 -18.2874031 -208.9785156</POSITION>
			<COLOR>1.0000000 0.5725490 0.3372549</COLOR>
			<INTENSITY>0.7000000</INTENSITY>
			<ATTENUATIONSTART>200.0000000</ATTENUATIONSTART>
			<ATTENUATIONEND>500.0000000</ATTENUATIONEND>
			<CASTSHADOW/>
		</LIGHT>
		<LIGHT name="Omni_torch_a 16">
			<POSITION>2905.4206543 -18.2888985 -208.9785156</POSITION>
			<COLOR>1.0000000 0.5725490 0.3372549</COLOR>
			<INTENSITY>1.0000000</INTENSITY>
			<ATTENUATIONSTART>200.0000000</ATTENUATIONSTART>
			<ATTENUATIONEND>500.0000000</ATTENUATIONEND>
			<CASTSHADOW/>
		</LIGHT>
		<LIGHT name="Omni_torch_a 17">
			<POSITION>2047.1993408 -1151.3959961 -684.9222412</POSITION>
			<COLOR>1.0000000 0.5725490 0.3372549</COLOR>
			<INTENSITY>1.0000000</INTENSITY>
			<ATTENUATIONSTART>200.0000000</ATTENUATIONSTART>
			<ATTENUATIONEND>500.0000000</ATTENUATIONEND>
			<CASTSHADOW/>
		</LIGHT>
		<LIGHT name="obj_Omni_torch_a 17">
			<POSITION>2047.2008057 -1126.0827637 -684.9222412</POSITION>
			<COLOR>1.0000000 0.5725490 0.3372549</COLOR>
			<INTENSITY>0.7000000</INTENSITY>
			<ATTENUATIONSTART>200.0000000</ATTENUATIONSTART>
			<ATTENUATIONEND>500.0000000</ATTENUATIONEND>
			<CASTSHADOW/>
		</LIGHT>
		<LIGHT name="Omni_torch_a 18">
			<POSITION>2652.3415527 -2870.9394531 -585.3818359</POSITION>
			<COLOR>1.0000000 0.5725490 0.3372549</COLOR>
			<INTENSITY>1.0000000</INTENSITY>
			<ATTENUATIONSTART>200.0000000</ATTENUATIONSTART>
			<ATTENUATIONEND>500.0000000</ATTENUATIONEND>
			<CASTSHADOW/>
		</LIGHT>
		<LIGHT name="obj_Omni_torch_a 18">
			<POSITION>2627.0283203 -2870.9379883 -585.3818359</POSITION>
			<COLOR>1.0000000 0.5725490 0.3372549</COLOR>
			<INTENSITY>0.7000000</INTENSITY>
			<ATTENUATIONSTART>200.0000000</ATTENUATIONSTART>
			<ATTENUATIONEND>500.0000000</ATTENUATIONEND>
			<CASTSHADOW/>
		</LIGHT>
		<LIGHT name="obj_Omni_torch_a 19">
			<POSITION>0.0526285 -4032.5620117 -293.4402466</POSITION>
			<COLOR>1.0000000 0.5725490 0.3372549</COLOR>
			<INTENSITY>0.7000000</INTENSITY>
			<ATTENUATIONSTART>200.0000000</ATTENUATIONSTART>
			<ATTENUATIONEND>500.0000000</ATTENUATIONEND>
			<CASTSHADOW/>
		</LIGHT>
		<LIGHT name="Omni_torch_a 19">
			<POSITION>0.0511637 -4057.8754883 -293.4402466</POSITION>
			<COLOR>1.0000000 0.5725490 0.3372549</COLOR>
			<INTENSITY>1.0000000</INTENSITY>
			<ATTENUATIONSTART>200.0000000</ATTENUATIONSTART>
			<ATTENUATIONEND>500.0000000</ATTENUATIONEND>
			<CASTSHADOW/>
		</LIGHT>
		<LIGHT name="obj_Omni_torch_a 20">
			<POSITION>-3202.2009277 -3466.4475098 -679.0829468</POSITION>
			<COLOR>1.0000000 0.5725490 0.3372549</COLOR>
			<INTENSITY>0.7000000</INTENSITY>
			<ATTENUATIONSTART>200.0000000</ATTENUATIONSTART>
			<ATTENUATIONEND>500.0000000</ATTENUATIONEND>
			<CASTSHADOW/>
		</LIGHT>
		<LIGHT name="Omni_torch_a 20">
			<POSITION>-3202.1994629 -3441.1342773 -679.0829468</POSITION>
			<COLOR>1.0000000 0.5725490 0.3372549</COLOR>
			<INTENSITY>1.0000000</INTENSITY>
			<ATTENUATIONSTART>200.0000000</ATTENUATIONSTART>
			<ATTENUATIONEND>500.0000000</ATTENUATIONEND>
			<CASTSHADOW/>
		</LIGHT>
		<LIGHT name="obj_Omni_torch_a 21">
			<POSITION>-2055.5192871 -1672.1827393 -679.0829468</POSITION>
			<COLOR>1.0000000 0.5725490 0.3372549</COLOR>
			<INTENSITY>0.7000000</INTENSITY>
			<ATTENUATIONSTART>200.0000000</ATTENUATIONSTART>
			<ATTENUATIONEND>500.0000000</ATTENUATIONEND>
			<CASTSHADOW/>
		</LIGHT>
		<LIGHT name="Omni_torch_a 21">
			<POSITION>-2055.5178223 -1646.8695068 -679.0829468</POSITION>
			<COLOR>1.0000000 0.5725490 0.3372549</COLOR>
			<INTENSITY>1.0000000</INTENSITY>
			<ATTENUATIONSTART>200.0000000</ATTENUATIONSTART>
			<ATTENUATIONEND>500.0000000</ATTENUATIONEND>
			<CASTSHADOW/>
		</LIGHT>
		<LIGHT name="obj_Omni_torch_a 22">
			<POSITION>-3873.0734863 -488.6157227 -684.9222412</POSITION>
			<COLOR>1.0000000 0.5725490 0.3372549</COLOR>
			<INTENSITY>0.7000000</INTENSITY>
			<ATTENUATIONSTART>200.0000000</ATTENUATIONSTART>
			<ATTENUATIONEND>500.0000000</ATTENUATIONEND>
			<CASTSHADOW/>
		</LIGHT>
		<LIGHT name="Omni_torch_a 22">
			<POSITION>-3873.0749512 -513.9290771 -684.9222412</POSITION>
			<COLOR>1.0000000 0.5725490 0.3372549</COLOR>
			<INTENSITY>1.0000000</INTENSITY>
			<ATTENUATIONSTART>200.0000000</ATTENUATIONSTART>
			<ATTENUATIONEND>500.0000000</ATTENUATIONEND>
			<CASTSHADOW/>
		</LIGHT>
		<LIGHT name="obj_Omni_torch_a 23">
			<POSITION>-4358.5317383 558.1314087 -384.9222412</POSITION>
			<COLOR>1.0000000 0.5725490 0.3372549</COLOR>
			<INTENSITY>0.7000000</INTENSITY>
			<ATTENUATIONSTART>200.0000000</ATTENUATIONSTART>
			<ATTENUATIONEND>500.0000000</ATTENUATIONEND>
			<CASTSHADOW/>
		</LIGHT>
		<LIGHT name="Omni_torch_a 23">
			<POSITION>-4358.5302734 583.4446411 -384.9222412</POSITION>
			<COLOR>1.0000000 0.5725490 0.3372549</COLOR>
			<INTENSITY>1.0000000</INTENSITY>
			<ATTENUATIONSTART>200.0000000</ATTENUATIONSTART>
			<ATTENUATIONEND>500.0000000</ATTENUATIONEND>
			<CASTSHADOW/>
		</LIGHT>
		<LIGHT name="obj_Omni_torch_a 24">
			<POSITION>-4762.3056641 3234.8127441 -534.9222412</POSITION>
			<COLOR>1.0000000 0.5725490 0.3372549</COLOR>
			<INTENSITY>0.7000000</INTENSITY>
			<ATTENUATIONSTART>200.0000000</ATTENUATIONSTART>
			<ATTENUATIONEND>500.0000000</ATTENUATIONEND>
			<CASTSHADOW/>
		</LIGHT>
		<LIGHT name="Omni_torch_a 24">
			<POSITION>-4787.6186523 3234.8142090 -534.9222412</POSITION>
			<COLOR>1.0000000 0.5725490 0.3372549</COLOR>
			<INTENSITY>1.0000000</INTENSITY>
			<ATTENUATIONSTART>200.0000000</ATTENUATIONSTART>
			<ATTENUATIONEND>500.0000000</ATTENUATIONEND>
			<CASTSHADOW/>
		</LIGHT>
		<LIGHT name="Omni_torch_a 25">
			<POSITION>-5559.1616211 -1059.9737549 -684.9222412</POSITION>
			<COLOR>1.0000000 0.5725490 0.3372549</COLOR>
			<INTENSITY>1.0000000</INTENSITY>
			<ATTENUATIONSTART>200.0000000</ATTENUATIONSTART>
			<ATTENUATIONEND>500.0000000</ATTENUATIONEND>
			<CASTSHADOW/>
		</LIGHT>
		<LIGHT name="obj_Omni_torch_a 25">
			<POSITION>-5533.8481445 -1059.9757080 -684.9222412</POSITION>
			<COLOR>1.0000000 0.5725490 0.3372549</COLOR>
			<INTENSITY>0.7000000</INTENSITY>
			<ATTENUATIONSTART>200.0000000</ATTENUATIONSTART>
			<ATTENUATIONEND>500.0000000</ATTENUATIONEND>
			<CASTSHADOW/>
		</LIGHT>
		<LIGHT name="Omni_torch_a 26">
			<POSITION>5005.6313477 828.1102905 -685.3513184</POSITION>
			<COLOR>1.0000000 0.5725490 0.3372549</COLOR>
			<INTENSITY>1.0000000</INTENSITY>
			<ATTENUATIONSTART>200.0000000</ATTENUATIONSTART>
			<ATTENUATIONEND>500.0000000</ATTENUATIONEND>
			<CASTSHADOW/>
		</LIGHT>
		<LIGHT name="obj_Omni_torch_a 26">
			<POSITION>5005.6303711 802.7973022 -685.3513184</POSITION>
			<COLOR>1.0000000 0.5725490 0.3372549</COLOR>
			<INTENSITY>0.7000000</INTENSITY>
			<ATTENUATIONSTART>200.0000000</ATTENUATIONSTART>
			<ATTENUATIONEND>500.0000000</ATTENUATIONEND>
			<CASTSHADOW/>
		</LIGHT>
		<LIGHT name="obj_Omni_torch_a 27">
			<POSITION>4206.0146484 -2437.0234375 -685.3513184</POSITION>
			<COLOR>1.0000000 0.5725490 0.3372549</COLOR>
			<INTENSITY>0.7000000</INTENSITY>
			<ATTENUATIONSTART>200.0000000</ATTENUATIONSTART>
			<ATTENUATIONEND>500.0000000</ATTENUATIONEND>
			<CASTSHADOW/>
		</LIGHT>
		<LIGHT name="Omni_torch_a 27">
			<POSITION>4206.0156250 -2411.7104492 -685.3513184</POSITION>
			<COLOR>1.0000000 0.5725490 0.3372549</COLOR>
			<INTENSITY>1.0000000</INTENSITY>
			<ATTENUATIONSTART>200.0000000</ATTENUATIONSTART>
			<ATTENUATIONEND>500.0000000</ATTENUATIONEND>
			<CASTSHADOW/>
		</LIGHT>
		<LIGHT name="Omni_torch_a 28">
			<POSITION>-5221.2592773 1758.6274414 -534.9222412</POSITION>
			<COLOR>1.0000000 0.5725490 0.3372549</COLOR>
			<INTENSITY>1.0000000</INTENSITY>
			<ATTENUATIONSTART>200.0000000</ATTENUATIONSTART>
			<ATTENUATIONEND>500.0000000</ATTENUATIONEND>
			<CASTSHADOW/>
		</LIGHT>
		<LIGHT name="obj_Omni_torch_a 28">
			<POSITION>-5221.2612305 1733.3144531 -534.9222412</POSITION>
			<COLOR>1.0000000 0.5725490 0.3372549</COLOR>
			<INTENSITY>0.7000000</INTENSITY>
			<ATTENUATIONSTART>200.0000000</ATTENUATIONSTART>
			<ATTENUATIONEND>500.0000000</ATTENUATIONEND>
			<CASTSHADOW/>
		</LIGHT>
		<LIGHT name="Omni_torch_a 29">
			<POSITION>-4784.2055664 -1803.2646484 -404.9222412</POSITION>
			<COLOR>1.0000000 0.5725490 0.3372549</COLOR>
			<INTENSITY>1.0000000</INTENSITY>
			<ATTENUATIONSTART>200.0000000</ATTENUATIONSTART>
			<ATTENUATIONEND>500.0000000</ATTENUATIONEND>
			<CASTSHADOW/>
		</LIGHT>
		<LIGHT name="obj_Omni_torch_a 29">
			<POSITION>-4777.6557617 -1827.7160645 -404.9222412</POSITION>
			<COLOR>1.0000000 0.5725490 0.3372549</COLOR>
			<INTENSITY>0.7000000</INTENSITY>
			<ATTENUATIONSTART>200.0000000</ATTENUATIONSTART>
			<ATTENUATIONEND>500.0000000</ATTENUATIONEND>
			<CASTSHADOW/>
		</LIGHT>
		<LIGHT name="Omni_torch_a 30">
			<POSITION>2975.3471680 1159.3345947 -208.9785156</POSITION>
			<COLOR>1.0000000 0.5725490 0.3372549</COLOR>
			<INTENSITY>1.0000000</INTENSITY>
			<ATTENUATIONSTART>200.0000000</ATTENUATIONSTART>
			<ATTENUATIONEND>500.0000000</ATTENUATIONEND>
			<CASTSHADOW/>
		</LIGHT>
		<LIGHT name="obj_Omni_torch_a 30">
			<POSITION>2950.0341797 1159.3360596 -208.9785156</POSITION>
			<COLOR>1.0000000 0.5725490 0.3372549</COLOR>
			<INTENSITY>0.7000000</INTENSITY>
			<ATTENUATIONSTART>200.0000000</ATTENUATIONSTART>
			<ATTENUATIONEND>500.0000000</ATTENUATIONEND>
			<CASTSHADOW/>
		</LIGHT>
	</LIGHTLIST>
	<OBJECTLIST>
		<OBJECT name="Castle_obj_txa_fire_a 01.elu">
		</OBJECT>
		<OBJECT name="Castle_obj_txa_fire_a 04.elu">
		</OBJECT>
		<OBJECT name="Castle_obj_txa_fire_a 03.elu">
		</OBJECT>
		<OBJECT name="Castle_obj_txa_fire_a 02.elu">
		</OBJECT>
	</OBJECTLIST>
	<DUMMYLIST>
		<DUMMY name="spawn_team1_101">
			<POSITION>-5259.3247070 3777.0625000 -845.0000000</POSITION>
			<DIRECTION>0.0000001 -0.9999999 0.0000000</DIRECTION>
		</DUMMY>
		<DUMMY name="spawn_solo_101">
			<POSITION>5050.0000000 -2400.0000000 -995.0000000</POSITION>
			<DIRECTION>0.0000000 0.9999999 0.0000000</DIRECTION>
		</DUMMY>
		<DUMMY name="spawn_team2_101">
			<POSITION>4738.9584961 4503.7167969 -970.0000000</POSITION>
			<DIRECTION>0.0000001 -0.9999999 0.0000000</DIRECTION>
		</DUMMY>
		<DUMMY name="spawn_solo_102">
			<POSITION>-5580.9101563 982.5548096 -845.0000000</POSITION>
			<DIRECTION>0.9999999 0.0000000 0.0000000</DIRECTION>
		</DUMMY>
		<DUMMY name="spawn_solo_103">
			<POSITION>-5323.1459961 -757.2742310 -995.0000000</POSITION>
			<DIRECTION>0.0000001 -0.9999999 0.0000000</DIRECTION>
		</DUMMY>
		<DUMMY name="spawn_solo_104">
			<POSITION>3494.4382324 -3360.0087891 -995.0000000</POSITION>
			<DIRECTION>-0.9999999 0.0000000 0.0000000</DIRECTION>
		</DUMMY>
		<DUMMY name="spawn_solo_105">
			<POSITION>2920.3322754 -198.9592590 -545.0000000</POSITION>
			<DIRECTION>0.7071067 0.7071068 0.0000000</DIRECTION>
		</DUMMY>
		<DUMMY name="spawn_solo_106">
			<POSITION>-2748.5908203 -767.0392456 -995.0000000</POSITION>
			<DIRECTION>-0.9999999 0.0000000 0.0000000</DIRECTION>
		</DUMMY>
		<DUMMY name="spawn_solo_107">
			<POSITION>-4544.8417969 2961.3967285 -845.0000000</POSITION>
			<DIRECTION>0.0000001 -0.9999999 0.0000000</DIRECTION>
		</DUMMY>
		<DUMMY name="spawn_solo_108">
			<POSITION>-5071.7041016 4862.3588867 -465.0000000</POSITION>
			<DIRECTION>0.7071066 -0.7071068 0.0000000</DIRECTION>
		</DUMMY>
		<DUMMY name="spawn_solo_109">
			<POSITION>6152.5322266 3383.0869141 -870.0000000</POSITION>
			<DIRECTION>-0.8660254 0.4999999 0.0000000</DIRECTION>
		</DUMMY>
		<DUMMY name="spawn_solo_110">
			<POSITION>-3926.9838867 648.8038940 -845.0000000</POSITION>
			<DIRECTION>-0.0000002 0.9999999 0.0000000</DIRECTION>
		</DUMMY>
		<DUMMY name="spawn_solo_111">
			<POSITION>-2225.6660156 -2960.7434082 -995.0000000</POSITION>
			<DIRECTION>-0.9999999 0.0000005 0.0000000</DIRECTION>
		</DUMMY>
		<DUMMY name="spawn_solo_112">
			<POSITION>3948.4792480 3383.0869141 -870.0000000</POSITION>
			<DIRECTION>0.8660254 0.4999999 0.0000000</DIRECTION>
		</DUMMY>
		<DUMMY name="spawn_solo_113">
			<POSITION>5804.8339844 150.4602356 -545.0000000</POSITION>
			<DIRECTION>-0.7071068 -0.7071068 0.0000000</DIRECTION>
		</DUMMY>
		<DUMMY name="spawn_solo_114">
			<POSITION>2226.5493164 -3053.4653320 -995.0000000</POSITION>
			<DIRECTION>0.9999999 0.0000005 0.0000000</DIRECTION>
		</DUMMY>
		<DUMMY name="spawn_solo_115">
			<POSITION>3500.0000000 -2200.0000000 -495.0000000</POSITION>
			<DIRECTION>0.0000002 0.9999999 0.0000000</DIRECTION>
		</DUMMY>
		<DUMMY name="spawn_solo_116">
			<POSITION>-5829.9960938 2402.8537598 -845.0000000</POSITION>
			<DIRECTION>0.9999999 0.0000000 0.0000000</DIRECTION>
		</DUMMY>
		<DUMMY name="spawn_team2_102">
			<POSITION>4738.9584961 4372.4125977 -970.0000000</POSITION>
			<DIRECTION>0.0000001 -0.9999999 0.0000000</DIRECTION>
		</DUMMY>
		<DUMMY name="spawn_team1_102">
			<POSITION>-5128.0205078 3777.0625000 -845.0000000</POSITION>
			<DIRECTION>0.0000001 -0.9999999 0.0000000</DIRECTION>
		</DUMMY>
		<DUMMY name="spawn_team2_103">
			<POSITION>4738.9584961 4241.1083984 -970.0000000</POSITION>
			<DIRECTION>0.0000001 -0.9999999 0.0000000</DIRECTION>
		</DUMMY>
		<DUMMY name="spawn_team1_103">
			<POSITION>-5000.9916992 3777.0625000 -845.0000000</POSITION>
			<DIRECTION>0.0000001 -0.9999999 0.0000000</DIRECTION>
		</DUMMY>
		<DUMMY name="spawn_team2_104">
			<POSITION>4738.9584961 4109.8037109 -970.0000000</POSITION>
			<DIRECTION>0.0000001 -0.9999999 0.0000000</DIRECTION>
		</DUMMY>
		<DUMMY name="spawn_team1_104">
			<POSITION>-4869.6870117 3777.0625000 -845.0000000</POSITION>
			<DIRECTION>0.0000001 -0.9999999 0.0000000</DIRECTION>
		</DUMMY>
		<DUMMY name="spawn_team2_105">
			<POSITION>4867.7226563 4503.7167969 -970.0000000</POSITION>
			<DIRECTION>0.0000001 -0.9999999 0.0000000</DIRECTION>
		</DUMMY>
		<DUMMY name="spawn_team1_105">
			<POSITION>-5259.3247070 3905.8261719 -845.0000000</POSITION>
			<DIRECTION>0.0000001 -0.9999999 0.0000000</DIRECTION>
		</DUMMY>
		<DUMMY name="spawn_team2_106">
			<POSITION>4867.7226563 4372.4125977 -970.0000000</POSITION>
			<DIRECTION>0.0000001 -0.9999999 0.0000000</DIRECTION>
		</DUMMY>
		<DUMMY name="spawn_team1_106">
			<POSITION>-5128.0205078 3905.8261719 -845.0000000</POSITION>
			<DIRECTION>0.0000001 -0.9999999 0.0000000</DIRECTION>
		</DUMMY>
		<DUMMY name="spawn_team2_107">
			<POSITION>4867.7226563 4241.1083984 -970.0000000</POSITION>
			<DIRECTION>0.0000001 -0.9999999 0.0000000</DIRECTION>
		</DUMMY>
		<DUMMY name="spawn_team1_107">
			<POSITION>-5000.9916992 3905.8261719 -845.0000000</POSITION>
			<DIRECTION>0.0000001 -0.9999999 0.0000000</DIRECTION>
		</DUMMY>
		<DUMMY name="spawn_team2_108">
			<POSITION>4867.7226563 4109.8037109 -970.0000000</POSITION>
			<DIRECTION>0.0000001 -0.9999999 0.0000000</DIRECTION>
		</DUMMY>
		<DUMMY name="spawn_team1_108">
			<POSITION>-4869.6870117 3905.8261719 -845.0000000</POSITION>
			<DIRECTION>0.0000001 -0.9999999 0.0000000</DIRECTION>
		</DUMMY>
		<DUMMY name="spawn_item_team_hp03_01">
			<POSITION>-4976.5214844 1612.9936523 -845.0000000</POSITION>
			<DIRECTION>0.0000000 0.9999999 0.0000000</DIRECTION>
		</DUMMY>
		<DUMMY name="spawn_item_team_ap03_01">
			<POSITION>-0.0000000 -1400.0000000 -765.0000000</POSITION>
			<DIRECTION>0.0000000 0.9999999 0.0000000</DIRECTION>
		</DUMMY>
		<DUMMY name="spawn_item_team_bullet02_01">
			<POSITION>-3755.7094727 -763.2302246 -532.7045898</POSITION>
			<DIRECTION>0.0000000 0.9999999 0.0000000</DIRECTION>
		</DUMMY>
		<DUMMY name="spawn_item_solo_bullet02_01">
			<POSITION>0.0000000 -4224.5385742 -605.0000000</POSITION>
			<DIRECTION>0.0000000 0.9999999 0.0000000</DIRECTION>
		</DUMMY>
		<DUMMY name="spawn_item_solo_ap03_01">
			<POSITION>4354.0830078 -18.8507614 -545.0000000</POSITION>
			<DIRECTION>0.0000000 0.9999999 0.0000000</DIRECTION>
		</DUMMY>
		<DUMMY name="spawn_item_solo_hp03_01">
			<POSITION>4801.1953125 3667.2580566 -840.0000000</POSITION>
			<DIRECTION>0.0000000 0.9999999 0.0000000</DIRECTION>
		</DUMMY>
		<DUMMY name="spawn_item_solo_hp03_02">
			<POSITION>-4770.0000000 1630.0000000 -695.0000000</POSITION>
			<DIRECTION>0.0000000 0.9999999 0.0000000</DIRECTION>
		</DUMMY>
		<DUMMY name="spawn_item_solo_ap03_02">
			<POSITION>-5323.1459961 -923.4708252 -995.0000000</POSITION>
			<DIRECTION>0.0000000 0.9999999 0.0000000</DIRECTION>
		</DUMMY>
		<DUMMY name="spawn_item_solo_bullet02_02">
			<POSITION>-5060.0000000 3045.0000000 -845.0000000</POSITION>
			<DIRECTION>0.0000000 0.9999999 0.0000000</DIRECTION>
		</DUMMY>
		<DUMMY name="spawn_item_solo_bullet02_03">
			<POSITION>4675.0000000 -2400.0000000 -695.0000000</POSITION>
			<DIRECTION>0.0000000 0.9999999 0.0000000</DIRECTION>
		</DUMMY>
		<DUMMY name="spawn_item_team_bullet02_02">
			<POSITION>3500.0000000 -1635.6525879 -495.0000000</POSITION>
			<DIRECTION>0.0000000 0.9999999 0.0000000</DIRECTION>
		</DUMMY>
		<DUMMY name="spawn_item_team_hp03_02">
			<POSITION>4354.0830078 -18.8508091 -545.0000000</POSITION>
			<DIRECTION>0.0000000 0.9999999 0.0000000</DIRECTION>
		</DUMMY>
		<DUMMY name="spawn_item_team_ap03_02">
			<POSITION>-0.0000000 -4224.5385742 -605.0000000</POSITION>
			<DIRECTION>0.0000000 0.9999999 0.0000000</DIRECTION>
		</DUMMY>
		<DUMMY name="wait_pos_01">
			<POSITION>-1500.0000000 -1400.0000000 -596.0235596</POSITION>
			<DIRECTION>0.9868213 0.0000000 0.1618136</DIRECTION>
		</DUMMY>
		<DUMMY name="snd_amb_a1_wind 01">
			<POSITION>0.0000000 -1800.0000000 -1000.0000000</POSITION>
			<DIRECTION>0.0000000 0.9999999 0.0000000</DIRECTION>
		</DUMMY>
		<DUMMY name="snd_amb_a1_wind 02">
			<POSITION>0.0000000 -7104.9091797 -1000.0000000</POSITION>
			<DIRECTION>0.0000000 0.9999999 0.0000000</DIRECTION>
		</DUMMY>
		<DUMMY name="snd_amb_b1_torch 01">
			<POSITION>6342.4702148 3667.5085449 -610.3513184</POSITION>
			<DIRECTION>0.0000000 0.9999999 0.0000000</DIRECTION>
		</DUMMY>
		<DUMMY name="snd_amb_b1_torch 02">
			<POSITION>5300.7143555 3841.5378418 -660.3513184</POSITION>
			<DIRECTION>0.0000000 0.9999999 0.0000000</DIRECTION>
		</DUMMY>
		<DUMMY name="snd_amb_b1_torch 03">
			<POSITION>4800.9321289 4708.7099609 -610.3513184</POSITION>
			<DIRECTION>0.0000000 0.9999999 0.0000000</DIRECTION>
		</DUMMY>
		<DUMMY name="snd_amb_b1_torch 04">
			<POSITION>3759.6196289 3667.0991211 -610.3513184</POSITION>
			<DIRECTION>0.0000000 0.9999999 0.0000000</DIRECTION>
		</DUMMY>
		<DUMMY name="snd_amb_b1_torch 05">
			<POSITION>5300.7143555 3492.3088379 -660.3513184</POSITION>
			<DIRECTION>0.0000000 0.9999999 0.0000000</DIRECTION>
		</DUMMY>
		<DUMMY name="snd_amb_b1_torch 06">
			<POSITION>4301.4184570 3492.3088379 -660.3513184</POSITION>
			<DIRECTION>0.0000000 0.9999999 0.0000000</DIRECTION>
		</DUMMY>
		<DUMMY name="snd_amb_b1_torch 07">
			<POSITION>4301.4184570 3841.5378418 -660.3513184</POSITION>
			<DIRECTION>0.0000000 0.9999999 0.0000000</DIRECTION>
		</DUMMY>
		<DUMMY name="snd_amb_b1_torch 08">
			<POSITION>4975.6445313 4166.6083984 -660.3513184</POSITION>
			<DIRECTION>0.0000000 0.9999999 0.0000000</DIRECTION>
		</DUMMY>
		<DUMMY name="snd_amb_b1_torch 09">
			<POSITION>4626.4160156 4166.6083984 -660.3513184</POSITION>
			<DIRECTION>0.0000000 0.9999999 0.0000000</DIRECTION>
		</DUMMY>
		<DUMMY name="snd_amb_b1_torch 10">
			<POSITION>4626.4160156 3167.3125000 -660.3513184</POSITION>
			<DIRECTION>0.0000000 0.9999999 0.0000000</DIRECTION>
		</DUMMY>
		<DUMMY name="snd_amb_b1_torch 11">
			<POSITION>4975.6445313 3167.3125000 -660.3513184</POSITION>
			<DIRECTION>0.0000000 0.9999999 0.0000000</DIRECTION>
		</DUMMY>
		<DUMMY name="snd_amb_b1_torch 12">
			<POSITION>4626.4160156 2177.6503906 -660.3513184</POSITION>
			<DIRECTION>0.0000000 0.9999999 0.0000000</DIRECTION>
		</DUMMY>
		<DUMMY name="snd_amb_b1_torch 13">
			<POSITION>4975.6445313 2177.6503906 -660.3513184</POSITION>
			<DIRECTION>0.0000000 0.9999999 0.0000000</DIRECTION>
		</DUMMY>
		<DUMMY name="snd_amb_b1_torch 14">
			<POSITION>2950.0341797 1159.3360596 -208.9785156</POSITION>
			<DIRECTION>0.0000000 0.9999999 0.0000000</DIRECTION>
		</DUMMY>
		<DUMMY name="snd_amb_b1_torch 15">
			<POSITION>5005.6303711 802.7973022 -685.3513184</POSITION>
			<DIRECTION>0.0000000 0.9999999 0.0000000</DIRECTION>
		</DUMMY>
		<DUMMY name="snd_amb_b1_torch 16">
			<POSITION>2880.1076660 -18.2874031 -208.9785156</POSITION>
			<DIRECTION>0.0000000 0.9999999 0.0000000</DIRECTION>
		</DUMMY>
		<DUMMY name="snd_amb_b1_torch 17">
			<POSITION>5622.5629883 190.8198242 -208.9785156</POSITION>
			<DIRECTION>0.0000000 0.9999999 0.0000000</DIRECTION>
		</DUMMY>
		<DUMMY name="snd_amb_b1_torch 18">
			<POSITION>4129.7963867 -582.8386230 -685.3513184</POSITION>
			<DIRECTION>0.0000000 0.9999999 0.0000000</DIRECTION>
		</DUMMY>
		<DUMMY name="snd_amb_b1_torch 19">
			<POSITION>4206.0146484 -2437.0234375 -685.3513184</POSITION>
			<DIRECTION>0.0000000 0.9999999 0.0000000</DIRECTION>
		</DUMMY>
		<DUMMY name="snd_amb_b1_torch 20">
			<POSITION>2047.2008057 -1126.0827637 -685.3513184</POSITION>
			<DIRECTION>0.0000000 0.9999999 0.0000000</DIRECTION>
		</DUMMY>
		<DUMMY name="snd_amb_b1_torch 21">
			<POSITION>2627.0283203 -2870.9379883 -585.3818359</POSITION>
			<DIRECTION>0.0000000 0.9999999 0.0000000</DIRECTION>
		</DUMMY>
		<DUMMY name="snd_amb_b1_torch 22">
			<POSITION>0.0526276 -4032.5620117 -293.4402466</POSITION>
			<DIRECTION>0.0000000 0.9999999 0.0000000</DIRECTION>
		</DUMMY>
		<DUMMY name="snd_amb_b1_torch 23">
			<POSITION>-2055.5192871 -1672.1827393 -679.0829468</POSITION>
			<DIRECTION>0.0000000 0.9999999 0.0000000</DIRECTION>
		</DUMMY>
		<DUMMY name="snd_amb_b1_torch 24">
			<POSITION>-3202.2009277 -3466.4475098 -679.0829468</POSITION>
			<DIRECTION>0.0000000 0.9999999 0.0000000</DIRECTION>
		</DUMMY>
		<DUMMY name="snd_amb_b1_torch 25">
			<POSITION>-4777.6557617 -1827.7160645 -404.9222412</POSITION>
			<DIRECTION>0.0000000 0.9999999 0.0000000</DIRECTION>
		</DUMMY>
		<DUMMY name="snd_amb_b1_torch 26">
			<POSITION>-5533.8481445 -1059.9757080 -684.9222412</POSITION>
			<DIRECTION>0.0000000 0.9999999 0.0000000</DIRECTION>
		</DUMMY>
		<DUMMY name="snd_amb_b1_torch 27">
			<POSITION>-3873.0734863 -488.6157227 -684.9222412</POSITION>
			<DIRECTION>0.0000000 0.9999999 0.0000000</DIRECTION>
		</DUMMY>
		<DUMMY name="snd_amb_b1_torch 28">
			<POSITION>-4358.5317383 558.1314087 -384.9222412</POSITION>
			<DIRECTION>0.0000000 0.9999999 0.0000000</DIRECTION>
		</DUMMY>
		<DUMMY name="snd_amb_b1_torch 29">
			<POSITION>-5221.2612305 1733.3144531 -534.9222412</POSITION>
			<DIRECTION>0.0000000 0.9999999 0.0000000</DIRECTION>
		</DUMMY>
		<DUMMY name="snd_amb_b1_torch 30">
			<POSITION>-4762.3056641 3234.8127441 -534.9222412</POSITION>
			<DIRECTION>0.0000000 0.9999999 0.0000000</DIRECTION>
		</DUMMY>
	</DUMMYLIST>
	<OCCLUSIONLIST>
		<OCCLUSION name="wall_partition_00">
			<POSITION>2802.9111328 7500.0000000 -7400.0000000</POSITION>
			<POSITION>2802.9106445 7500.0000000 5000.0000000</POSITION>
			<POSITION>2802.9106445 -892.9018555 5000.0000000</POSITION>
			<POSITION>2802.9111328 -892.9020996 -7400.0000000</POSITION>
		</OCCLUSION>
		<OCCLUSION name="wall_partition_05">
			<POSITION>1434.9885254 -1774.4749756 -7400.0000000</POSITION>
			<POSITION>1434.9877930 -1774.4748535 5000.0000000</POSITION>
			<POSITION>1434.9877930 -3949.2482910 5000.0000000</POSITION>
			<POSITION>1434.9885254 -3949.2482910 -7400.0000000</POSITION>
		</OCCLUSION>
		<OCCLUSION name="wall_partition_04">
			<POSITION>-1434.9875488 -1774.4748535 -7400.0000000</POSITION>
			<POSITION>-1434.9882813 -1774.4747314 5000.0000000</POSITION>
			<POSITION>-1434.9882813 -3949.2482910 5000.0000000</POSITION>
			<POSITION>-1434.9875488 -3949.2482910 -7400.0000000</POSITION>
		</OCCLUSION>
		<OCCLUSION name="wall_partition_01">
			<POSITION>-3515.1977539 7517.7158203 -7400.0000000</POSITION>
			<POSITION>-3515.1982422 7517.7158203 5000.0000000</POSITION>
			<POSITION>-3515.1982422 -595.7409668 5000.0000000</POSITION>
			<POSITION>-3515.1977539 -595.7412109 -7400.0000000</POSITION>
		</OCCLUSION>
		<OCCLUSION name="wall_partition_06">
			<POSITION>1415.1540527 -860.9017944 -7400.0000000</POSITION>
			<POSITION>1415.1534424 -860.9017944 5000.0000000</POSITION>
			<POSITION>4087.5429688 -860.9015503 5000.0000000</POSITION>
			<POSITION>4087.5437012 -860.9014282 -7400.0000000</POSITION>
		</OCCLUSION>
		<OCCLUSION name="wall_partition_03">
			<POSITION>-4489.1625977 478.0521545 -7400.0000000</POSITION>
			<POSITION>-4489.1630859 478.0521545 5000.0000000</POSITION>
			<POSITION>2908.0520020 478.0523682 5000.0004883</POSITION>
			<POSITION>2908.0524902 478.0524902 -7399.9995117</POSITION>
		</OCCLUSION>
		<OCCLUSION name="wall_partition_02">
			<POSITION>-4251.1049805 2070.9401855 -7400.0000000</POSITION>
			<POSITION>-4251.1059570 2070.9401855 5000.0000000</POSITION>
			<POSITION>4636.5581055 2070.9404297 5000.0004883</POSITION>
			<POSITION>4636.5590820 2070.9404297 -7399.9995117</POSITION>
		</OCCLUSION>
	</OCCLUSIONLIST>

	<AMBIENTSOUNDLIST>
		<AMBIENTSOUND ObjName="snd_amb_a1_wind 01" type="a1" filename="amb_wind_hole_2d">
			<CENTER>0.0000000 -1800.0000000 -1000.0000000</CENTER>
			<RADIUS>3800</RADIUS>
		</AMBIENTSOUND>
		<AMBIENTSOUND ObjName="snd_amb_a1_wind 02" type="a1" filename="amb_wind_hole_2d">
			<CENTER>0.0000000 -7104.9091797 -1000.0000000</CENTER>
			<RADIUS>6000</RADIUS>
		</AMBIENTSOUND>
		<AMBIENTSOUND ObjName="snd_amb_b1_torch 01" type="b1" filename="amb_firesource">
			<CENTER>6342.4702148 3667.5085449 -610.3513184</CENTER>
			<RADIUS>500</RADIUS>
		</AMBIENTSOUND>
		<AMBIENTSOUND ObjName="snd_amb_b1_torch 02" type="b1" filename="amb_firesource">
			<CENTER>5300.7143555 3841.5378418 -660.3513184</CENTER>
			<RADIUS>500</RADIUS>
		</AMBIENTSOUND>
		<AMBIENTSOUND ObjName="snd_amb_b1_torch 03" type="b1" filename="amb_firesource">
			<CENTER>4800.9321289 4708.7099609 -610.3513184</CENTER>
			<RADIUS>500</RADIUS>
		</AMBIENTSOUND>
		<AMBIENTSOUND ObjName="snd_amb_b1_torch 04" type="b1" filename="amb_firesource">
			<CENTER>3759.6196289 3667.0991211 -610.3513184</CENTER>
			<RADIUS>500</RADIUS>
		</AMBIENTSOUND>
		<AMBIENTSOUND ObjName="snd_amb_b1_torch 05" type="b1" filename="amb_firesource">
			<CENTER>5300.7143555 3492.3088379 -660.3513184</CENTER>
			<RADIUS>500</RADIUS>
		</AMBIENTSOUND>
		<AMBIENTSOUND ObjName="snd_amb_b1_torch 06" type="b1" filename="amb_firesource">
			<CENTER>4301.4184570 3492.3088379 -660.3513184</CENTER>
			<RADIUS>500</RADIUS>
		</AMBIENTSOUND>
		<AMBIENTSOUND ObjName="snd_amb_b1_torch 07" type="b1" filename="amb_firesource">
			<CENTER>4301.4184570 3841.5378418 -660.3513184</CENTER>
			<RADIUS>500</RADIUS>
		</AMBIENTSOUND>
		<AMBIENTSOUND ObjName="snd_amb_b1_torch 08" type="b1" filename="amb_firesource">
			<CENTER>4975.6445313 4166.6083984 -660.3513184</CENTER>
			<RADIUS>500</RADIUS>
		</AMBIENTSOUND>
		<AMBIENTSOUND ObjName="snd_amb_b1_torch 09" type="b1" filename="amb_firesource">
			<CENTER>4626.4160156 4166.6083984 -660.3513184</CENTER>
			<RADIUS>500</RADIUS>
		</AMBIENTSOUND>
		<AMBIENTSOUND ObjName="snd_amb_b1_torch 10" type="b1" filename="amb_firesource">
			<CENTER>4626.4160156 3167.3125000 -660.3513184</CENTER>
			<RADIUS>500</RADIUS>
		</AMBIENTSOUND>
		<AMBIENTSOUND ObjName="snd_amb_b1_torch 11" type="b1" filename="amb_firesource">
			<CENTER>4975.6445313 3167.3125000 -660.3513184</CENTER>
			<RADIUS>500</RADIUS>
		</AMBIENTSOUND>
		<AMBIENTSOUND ObjName="snd_amb_b1_torch 12" type="b1" filename="amb_firesource">
			<CENTER>4626.4160156 2177.6503906 -660.3513184</CENTER>
			<RADIUS>500</RADIUS>
		</AMBIENTSOUND>
		<AMBIENTSOUND ObjName="snd_amb_b1_torch 13" type="b1" filename="amb_firesource">
			<CENTER>4975.6445313 2177.6503906 -660.3513184</CENTER>
			<RADIUS>500</RADIUS>
		</AMBIENTSOUND>
		<AMBIENTSOUND ObjName="snd_amb_b1_torch 14" type="b1" filename="amb_firesource">
			<CENTER>2950.0341797 1159.3360596 -208.9785156</CENTER>
			<RADIUS>500</RADIUS>
		</AMBIENTSOUND>
		<AMBIENTSOUND ObjName="snd_amb_b1_torch 15" type="b1" filename="amb_firesource">
			<CENTER>5005.6303711 802.7973022 -685.3513184</CENTER>
			<RADIUS>500</RADIUS>
		</AMBIENTSOUND>
		<AMBIENTSOUND ObjName="snd_amb_b1_torch 16" type="b1" filename="amb_firesource">
			<CENTER>2880.1076660 -18.2874031 -208.9785156</CENTER>
			<RADIUS>500</RADIUS>
		</AMBIENTSOUND>
		<AMBIENTSOUND ObjName="snd_amb_b1_torch 17" type="b1" filename="amb_firesource">
			<CENTER>5622.5629883 190.8198242 -208.9785156</CENTER>
			<RADIUS>500</RADIUS>
		</AMBIENTSOUND>
		<AMBIENTSOUND ObjName="snd_amb_b1_torch 18" type="b1" filename="amb_firesource">
			<CENTER>4129.7963867 -582.8386230 -685.3513184</CENTER>
			<RADIUS>500</RADIUS>
		</AMBIENTSOUND>
		<AMBIENTSOUND ObjName="snd_amb_b1_torch 19" type="b1" filename="amb_firesource">
			<CENTER>4206.0146484 -2437.0234375 -685.3513184</CENTER>
			<RADIUS>500</RADIUS>
		</AMBIENTSOUND>
		<AMBIENTSOUND ObjName="snd_amb_b1_torch 20" type="b1" filename="amb_firesource">
			<CENTER>2047.2008057 -1126.0827637 -685.3513184</CENTER>
			<RADIUS>500</RADIUS>
		</AMBIENTSOUND>
		<AMBIENTSOUND ObjName="snd_amb_b1_torch 21" type="b1" filename="amb_firesource">
			<CENTER>2627.0283203 -2870.9379883 -585.3818359</CENTER>
			<RADIUS>500</RADIUS>
		</AMBIENTSOUND>
		<AMBIENTSOUND ObjName="snd_amb_b1_torch 22" type="b1" filename="amb_firesource">
			<CENTER>0.0526276 -4032.5620117 -293.4402466</CENTER>
			<RADIUS>500</RADIUS>
		</AMBIENTSOUND>
		<AMBIENTSOUND ObjName="snd_amb_b1_torch 23" type="b1" filename="amb_firesource">
			<CENTER>-2055.5192871 -1672.1827393 -679.0829468</CENTER>
			<RADIUS>500</RADIUS>
		</AMBIENTSOUND>
		<AMBIENTSOUND ObjName="snd_amb_b1_torch 24" type="b1" filename="amb_firesource">
			<CENTER>-3202.2009277 -3466.4475098 -679.0829468</CENTER>
			<RADIUS>500</RADIUS>
		</AMBIENTSOUND>
		<AMBIENTSOUND ObjName="snd_amb_b1_torch 25" type="b1" filename="amb_firesource">
			<CENTER>-4777.6557617 -1827.7160645 -404.9222412</CENTER>
			<RADIUS>500</RADIUS>
		</AMBIENTSOUND>
		<AMBIENTSOUND ObjName="snd_amb_b1_torch 26" type="b1" filename="amb_firesource">
			<CENTER>-5533.8481445 -1059.9757080 -684.9222412</CENTER>
			<RADIUS>500</RADIUS>
		</AMBIENTSOUND>
		<AMBIENTSOUND ObjName="snd_amb_b1_torch 27" type="b1" filename="amb_firesource">
			<CENTER>-3873.0734863 -488.6157227 -684.9222412</CENTER>
			<RADIUS>500</RADIUS>
		</AMBIENTSOUND>
		<AMBIENTSOUND ObjName="snd_amb_b1_torch 28" type="b1" filename="amb_firesource">
			<CENTER>-4358.5317383 558.1314087 -384.9222412</CENTER>
			<RADIUS>500</RADIUS>
		</AMBIENTSOUND>
		<AMBIENTSOUND ObjName="snd_amb_b1_torch 29" type="b1" filename="amb_firesource">
			<CENTER>-5221.2612305 1733.3144531 -534.9222412</CENTER>
			<RADIUS>500</RADIUS>
		</AMBIENTSOUND>
		<AMBIENTSOUND ObjName="snd_amb_b1_torch 30" type="b1" filename="amb_firesource">
			<CENTER>-4762.3056641 3234.8127441 -534.9222412</CENTER>
			<RADIUS>500</RADIUS>
		</AMBIENTSOUND>
	</AMBIENTSOUNDLIST>

<FOG min="400" max="2500">
		<R>200</R>
		<G>50</G>
		<B>500</B>
	</FOG>
<GLOBAL>
		<fog_enable>TRUE</fog_enable>
		<fog_min>400</fog_min>
		<fog_max>2500</fog_max>
		<fog_color>222,212,910</fog_color>
	</GLOBAL>


</XML>
