<?xml version="1.0"?>
<XML>
	<GAMETYPE id="solo">
		<SPAWN item="bullet02" timesec="45000">
			<POSITION>0.0000000 -4224.5385742 -605.0000000</POSITION>
		</SPAWN>
		<SPAWN item="ap03" timesec="45000">
			<POSITION>4354.0830078 -18.8507614 -545.0000000</POSITION>
		</SPAWN>
		<SPAWN item="hp03" timesec="45000">
			<POSITION>4801.1953125 3667.2580566 -840.0000000</POSITION>
		</SPAWN>
		<SPAWN item="hp03" timesec="45000">
			<POSITION>-4770.0000000 1630.0000000 -695.0000000</POSITION>
		</SPAWN>
		<SPAWN item="ap03" timesec="45000">
			<POSITION>-5323.1459961 -923.4708252 -995.0000000</POSITION>
		</SPAWN>
		<SPAWN item="bullet02" timesec="45000">
			<POSITION>-5060.0000000 3045.0000000 -845.0000000</POSITION>
		</SPAWN>
		<SPAWN item="bullet02" timesec="45000">
			<POSITION>4675.0000000 -2400.0000000 -695.0000000</POSITION>
		</SPAWN>
</GAMETYPE><GAMETYPE id="team">
		<SPAWN item="hp03" timesec="45000">
			<POSITION>-4976.5214844 1612.9936523 -845.0000000</POSITION>
		</SPAWN>
		<SPAWN item="ap03" timesec="45000">
			<POSITION>-0.0000000 -1400.0000000 -765.0000000</POSITION>
		</SPAWN>
		<SPAWN item="bullet02" timesec="45000">
			<POSITION>-3755.7094727 -763.2302246 -532.7045898</POSITION>
		</SPAWN>
		<SPAWN item="bullet02" timesec="45000">
			<POSITION>3500.0000000 -1635.6525879 -495.0000000</POSITION>
		</SPAWN>
		<SPAWN item="hp03" timesec="45000">
			<POSITION>4354.0830078 -18.8508091 -545.0000000</POSITION>
		</SPAWN>
		<SPAWN item="ap03" timesec="45000">
			<POSITION>-0.0000000 -4224.5385742 -605.0000000</POSITION>
		</SPAWN>
</GAMETYPE>
</XML>
