<?xml version="1.0" encoding="UTF-8"?>
<XML>
	<MATERIALLIST>
		<MATERIAL name="PlainColor_Pink_mt_con">
			<DIFFUSE>1.00000000 1.00000000 1.00000000</DIFFUSE>
			<AMBIENT>1.00000000 1.00000000 1.00000000</AMBIENT>
			<SPECULAR>1.00000000 1.00000000 1.00000000</SPECULAR>
			<DIFFUSEMAP>PlainColor/Pink.jpg</DIFFUSEMAP>
		</MATERIAL>
		<MATERIAL name="Txt_GuidMap_mt_con">
			<DIFFUSE>1.00000000 1.00000000 1.00000000</DIFFUSE>
			<AMBIENT>1.00000000 1.00000000 1.00000000</AMBIENT>
			<SPECULAR>1.00000000 1.00000000 1.00000000</SPECULAR>
			<DIFFUSEMAP>Txt/GuidMap.jpg</DIFFUSEMAP>
		</MATERIAL>
		<MATERIAL name="PlainColor_Green_mt_con">
			<DIFFUSE>1.00000000 1.00000000 1.00000000</DIFFUSE>
			<AMBIENT>1.00000000 1.00000000 1.00000000</AMBIENT>
			<SPECULAR>1.00000000 1.00000000 1.00000000</SPECULAR>
			<DIFFUSEMAP>PlainColor/Green.tga</DIFFUSEMAP>
			<ADDITIVE/>
		</MATERIAL>
		<MATERIAL name="PlainColor_LightBlue_mt_con">
			<DIFFUSE>1.00000000 1.00000000 1.00000000</DIFFUSE>
			<AMBIENT>1.00000000 1.00000000 1.00000000</AMBIENT>
			<SPECULAR>1.00000000 1.00000000 1.00000000</SPECULAR>
			<DIFFUSEMAP>PlainColor/LightBlue.tga</DIFFUSEMAP>
		</MATERIAL>
		<MATERIAL name="Txt_Start1(HavesomeFUN_mt_con">
			<DIFFUSE>1.00000000 1.00000000 1.00000000</DIFFUSE>
			<AMBIENT>1.00000000 1.00000000 1.00000000</AMBIENT>
			<SPECULAR>1.00000000 1.00000000 1.00000000</SPECULAR>
			<DIFFUSEMAP>Txt/Start1(HavesomeFUN.jpg</DIFFUSEMAP>
		</MATERIAL>
		<MATERIAL name="Txt_Finish!1_mt_con">
			<DIFFUSE>1.00000000 1.00000000 1.00000000</DIFFUSE>
			<AMBIENT>1.00000000 1.00000000 1.00000000</AMBIENT>
			<SPECULAR>1.00000000 1.00000000 1.00000000</SPECULAR>
			<DIFFUSEMAP>Txt/Finish!1.bmp</DIFFUSEMAP>
		</MATERIAL>
		<MATERIAL name="common_Naruto">
			<DIFFUSE>1.00000000 1.00000000 1.00000000</DIFFUSE>
			<AMBIENT>1.00000000 1.00000000 1.00000000</AMBIENT>
			<SPECULAR>1.00000000 1.00000000 1.00000000</SPECULAR>
			<DIFFUSEMAP>common/Naruto.png</DIFFUSEMAP>
			<USEOPACITY/>
		</MATERIAL>
		<MATERIAL name="common_Zimykori">
			<DIFFUSE>1.00000000 1.00000000 1.00000000</DIFFUSE>
			<AMBIENT>1.00000000 1.00000000 1.00000000</AMBIENT>
			<SPECULAR>1.00000000 1.00000000 1.00000000</SPECULAR>
			<DIFFUSEMAP>common/Zimykori.png</DIFFUSEMAP>
			<USEOPACITY/>
		</MATERIAL>
		<MATERIAL name="common_plasma">
			<DIFFUSE>1.00000000 1.00000000 1.00000000</DIFFUSE>
			<AMBIENT>1.00000000 1.00000000 1.00000000</AMBIENT>
			<SPECULAR>1.00000000 1.00000000 1.00000000</SPECULAR>
			<DIFFUSEMAP>common/plasma.tga</DIFFUSEMAP>
			<TWOSIDED/>
			<ADDITIVE/>
		</MATERIAL>
	</MATERIALLIST>
	<DUMMYLIST>
		<DUMMY name="spawn_solo_101">
			<POSITION>1152.00000000 1280.00000000 0.00000000</POSITION>
			<DIRECTION>-0.78004286 0.62572608 0.00000000</DIRECTION>
		</DUMMY>
		<DUMMY name="spawn_solo_102">
			<POSITION>-256.00000000 -256.00000000 0.00000000</POSITION>
			<DIRECTION>0.55938099 -0.82891067 0.00000000</DIRECTION>
		</DUMMY>
		<DUMMY name="spawn_solo_103">
			<POSITION>1152.00000000 -256.00000000 0.00000000</POSITION>
			<DIRECTION>-0.33274219 -0.94301783 0.00000000</DIRECTION>
		</DUMMY>
		<DUMMY name="spawn_team1_101">
			<POSITION>896.00000000 -128.00000000 0.00000000</POSITION>
			<DIRECTION>-0.09375384 -0.99559541 0.00000000</DIRECTION>
		</DUMMY>
		<DUMMY name="spawn_team1_102">
			<POSITION>128.00000000 -128.00000000 0.00000000</POSITION>
			<DIRECTION>-0.09375384 -0.99559541 0.00000000</DIRECTION>
		</DUMMY>
		<DUMMY name="spawn_team1_103">
			<POSITION>384.00000000 -128.00000000 0.00000000</POSITION>
			<DIRECTION>-0.09375384 -0.99559541 0.00000000</DIRECTION>
		</DUMMY>
		<DUMMY name="spawn_team1_104">
			<POSITION>640.00000000 -128.00000000 0.00000000</POSITION>
			<DIRECTION>-0.09375384 -0.99559541 0.00000000</DIRECTION>
		</DUMMY>
		<DUMMY name="spawn_team1_105">
			<POSITION>896.00000000 -128.00000000 0.00000000</POSITION>
			<DIRECTION>-0.09375384 -0.99559541 0.00000000</DIRECTION>
		</DUMMY>
		<DUMMY name="spawn_team2_101">
			<POSITION>7808.00000000 -256.00000000 0.00000000</POSITION>
			<DIRECTION>0.03649022 -0.99933401 0.00000000</DIRECTION>
		</DUMMY>
		<DUMMY name="spawn_team2_102">
			<POSITION>6272.00000000 -256.00000000 0.00000000</POSITION>
			<DIRECTION>0.03649022 -0.99933401 0.00000000</DIRECTION>
		</DUMMY>
		<DUMMY name="spawn_team2_103">
			<POSITION>6656.00000000 -256.00000000 0.00000000</POSITION>
			<DIRECTION>0.03649022 -0.99933401 0.00000000</DIRECTION>
		</DUMMY>
		<DUMMY name="spawn_team2_104">
			<POSITION>7296.00000000 -256.00000000 0.00000000</POSITION>
			<DIRECTION>0.03649022 -0.99933401 0.00000000</DIRECTION>
		</DUMMY>
	</DUMMYLIST>
</XML>
