<?xml version="1.0"?>
<XML>
	<MATERIALLIST>
		<MATERIAL name="material_29">
			<DIFFUSE>1.0000000 1.0000000 1.0000000</DIFFUSE>
			<AMBIENT>0.5500000 0.5500000 0.5500000</AMBIENT>
			<SPECULAR>0.9000000 0.9000000 0.9000000</SPECULAR>
			<DIFFUSEMAP>ZombieHospital_material_29.tga</DIFFUSEMAP>
		</MATERIAL>
		<MATERIAL name="material_30">
			<DIFFUSE>1.0000000 1.0000000 1.0000000</DIFFUSE>
			<AMBIENT>0.5500000 0.5500000 0.5500000</AMBIENT>
			<SPECULAR>0.9000000 0.9000000 0.9000000</SPECULAR>
			<DIFFUSEMAP>ZombieHospital_material_30.tga</DIFFUSEMAP>
		</MATERIAL>
		<MATERIAL name="material_0">
			<DIFFUSE>1.0000000 1.0000000 1.0000000</DIFFUSE>
			<AMBIENT>0.5500000 0.5500000 0.5500000</AMBIENT>
			<SPECULAR>0.9000000 0.9000000 0.9000000</SPECULAR>
			<DIFFUSEMAP>ZombieHospital_material_0.tga</DIFFUSEMAP>
		</MATERIAL>
		<MATERIAL name="material_1">
			<DIFFUSE>1.0000000 1.0000000 1.0000000</DIFFUSE>
			<AMBIENT>0.5500000 0.5500000 0.5500000</AMBIENT>
			<SPECULAR>0.9000000 0.9000000 0.9000000</SPECULAR>
			<DIFFUSEMAP>ZombieHospital_material_1.tga</DIFFUSEMAP>
		</MATERIAL>
		<MATERIAL name="material_2">
			<DIFFUSE>1.0000000 1.0000000 1.0000000</DIFFUSE>
			<AMBIENT>0.5500000 0.5500000 0.5500000</AMBIENT>
			<SPECULAR>0.9000000 0.9000000 0.9000000</SPECULAR>
			<DIFFUSEMAP>ZombieHospital_material_2.tga</DIFFUSEMAP>
		</MATERIAL>
		<MATERIAL name="material_3">
			<DIFFUSE>1.0000000 1.0000000 1.0000000</DIFFUSE>
			<AMBIENT>0.5500000 0.5500000 0.5500000</AMBIENT>
			<SPECULAR>0.9000000 0.9000000 0.9000000</SPECULAR>
			<DIFFUSEMAP>ZombieHospital_material_3.tga</DIFFUSEMAP>
		</MATERIAL>
		<MATERIAL name="material_4">
			<DIFFUSE>1.0000000 1.0000000 1.0000000</DIFFUSE>
			<AMBIENT>0.5500000 0.5500000 0.5500000</AMBIENT>
			<SPECULAR>0.9000000 0.9000000 0.9000000</SPECULAR>
			<DIFFUSEMAP>ZombieHospital_material_4.tga</DIFFUSEMAP>
		</MATERIAL>
		<MATERIAL name="material_5">
			<DIFFUSE>1.0000000 1.0000000 1.0000000</DIFFUSE>
			<AMBIENT>0.5500000 0.5500000 0.5500000</AMBIENT>
			<SPECULAR>0.9000000 0.9000000 0.9000000</SPECULAR>
			<DIFFUSEMAP>ZombieHospital_material_5.tga</DIFFUSEMAP>
		</MATERIAL>
		<MATERIAL name="material_6">
			<DIFFUSE>1.0000000 1.0000000 1.0000000</DIFFUSE>
			<AMBIENT>0.5500000 0.5500000 0.5500000</AMBIENT>
			<SPECULAR>0.9000000 0.9000000 0.9000000</SPECULAR>
			<DIFFUSEMAP>ZombieHospital_material_6.tga</DIFFUSEMAP>
		</MATERIAL>
		<MATERIAL name="material_7">
			<DIFFUSE>1.0000000 1.0000000 1.0000000</DIFFUSE>
			<AMBIENT>0.5500000 0.5500000 0.5500000</AMBIENT>
			<SPECULAR>0.9000000 0.9000000 0.9000000</SPECULAR>
			<DIFFUSEMAP>ZombieHospital_material_7.tga</DIFFUSEMAP>
		</MATERIAL>
		<MATERIAL name="material_8">
			<DIFFUSE>1.0000000 1.0000000 1.0000000</DIFFUSE>
			<AMBIENT>0.5500000 0.5500000 0.5500000</AMBIENT>
			<SPECULAR>0.9000000 0.9000000 0.9000000</SPECULAR>
			<DIFFUSEMAP>ZombieHospital_material_8.tga</DIFFUSEMAP>
		</MATERIAL>
		<MATERIAL name="material_9">
			<DIFFUSE>1.0000000 1.0000000 1.0000000</DIFFUSE>
			<AMBIENT>0.5500000 0.5500000 0.5500000</AMBIENT>
			<SPECULAR>0.9000000 0.9000000 0.9000000</SPECULAR>
			<DIFFUSEMAP>ZombieHospital_material_9.tga</DIFFUSEMAP>
		</MATERIAL>
		<MATERIAL name="material_10">
			<DIFFUSE>1.0000000 1.0000000 1.0000000</DIFFUSE>
			<AMBIENT>0.5500000 0.5500000 0.5500000</AMBIENT>
			<SPECULAR>0.9000000 0.9000000 0.9000000</SPECULAR>
			<DIFFUSEMAP>ZombieHospital_material_10.tga</DIFFUSEMAP>
		</MATERIAL>
		<MATERIAL name="material_11">
			<DIFFUSE>1.0000000 1.0000000 1.0000000</DIFFUSE>
			<AMBIENT>0.5500000 0.5500000 0.5500000</AMBIENT>
			<SPECULAR>0.9000000 0.9000000 0.9000000</SPECULAR>
			<DIFFUSEMAP>ZombieHospital_material_11.tga</DIFFUSEMAP>
		</MATERIAL>
		<MATERIAL name="material_12">
			<DIFFUSE>1.0000000 1.0000000 1.0000000</DIFFUSE>
			<AMBIENT>0.5500000 0.5500000 0.5500000</AMBIENT>
			<SPECULAR>0.9000000 0.9000000 0.9000000</SPECULAR>
			<DIFFUSEMAP>ZombieHospital_material_12.tga</DIFFUSEMAP>
		</MATERIAL>
		<MATERIAL name="material_13">
			<DIFFUSE>1.0000000 1.0000000 1.0000000</DIFFUSE>
			<AMBIENT>0.5500000 0.5500000 0.5500000</AMBIENT>
			<SPECULAR>0.9000000 0.9000000 0.9000000</SPECULAR>
			<DIFFUSEMAP>ZombieHospital_material_13.tga</DIFFUSEMAP>
		</MATERIAL>
		<MATERIAL name="material_14">
			<DIFFUSE>1.0000000 1.0000000 1.0000000</DIFFUSE>
			<AMBIENT>0.5500000 0.5500000 0.5500000</AMBIENT>
			<SPECULAR>0.9000000 0.9000000 0.9000000</SPECULAR>
			<DIFFUSEMAP>ZombieHospital_material_14.tga</DIFFUSEMAP>
		</MATERIAL>
		<MATERIAL name="material_15">
			<DIFFUSE>1.0000000 1.0000000 1.0000000</DIFFUSE>
			<AMBIENT>0.5500000 0.5500000 0.5500000</AMBIENT>
			<SPECULAR>0.9000000 0.9000000 0.9000000</SPECULAR>
			<DIFFUSEMAP>ZombieHospital_material_15.tga</DIFFUSEMAP>
		</MATERIAL>
		<MATERIAL name="material_16">
			<DIFFUSE>1.0000000 1.0000000 1.0000000</DIFFUSE>
			<AMBIENT>0.5500000 0.5500000 0.5500000</AMBIENT>
			<SPECULAR>0.9000000 0.9000000 0.9000000</SPECULAR>
			<DIFFUSEMAP>ZombieHospital_material_16.tga</DIFFUSEMAP>
		</MATERIAL>
		<MATERIAL name="material_17">
			<DIFFUSE>1.0000000 1.0000000 1.0000000</DIFFUSE>
			<AMBIENT>0.5500000 0.5500000 0.5500000</AMBIENT>
			<SPECULAR>0.9000000 0.9000000 0.9000000</SPECULAR>
			<DIFFUSEMAP>ZombieHospital_material_17.tga</DIFFUSEMAP>
		</MATERIAL>
		<MATERIAL name="material_18">
			<DIFFUSE>1.0000000 1.0000000 1.0000000</DIFFUSE>
			<AMBIENT>0.5500000 0.5500000 0.5500000</AMBIENT>
			<SPECULAR>0.9000000 0.9000000 0.9000000</SPECULAR>
			<DIFFUSEMAP>ZombieHospital_material_18.tga</DIFFUSEMAP>
			<TWOSIDED/>
			<USEOPACITY/>
			<USEALPHATEST/>
		</MATERIAL>
		<MATERIAL name="material_19">
			<DIFFUSE>1.0000000 1.0000000 1.0000000</DIFFUSE>
			<AMBIENT>0.5500000 0.5500000 0.5500000</AMBIENT>
			<SPECULAR>0.9000000 0.9000000 0.9000000</SPECULAR>
			<DIFFUSEMAP>ZombieHospital_material_19.tga</DIFFUSEMAP>
		</MATERIAL>
		<MATERIAL name="material_20">
			<DIFFUSE>1.0000000 1.0000000 1.0000000</DIFFUSE>
			<AMBIENT>0.5500000 0.5500000 0.5500000</AMBIENT>
			<SPECULAR>0.9000000 0.9000000 0.9000000</SPECULAR>
			<DIFFUSEMAP>ZombieHospital_material_20.tga</DIFFUSEMAP>
		</MATERIAL>
		<MATERIAL name="material_21">
			<DIFFUSE>1.0000000 1.0000000 1.0000000</DIFFUSE>
			<AMBIENT>0.5500000 0.5500000 0.5500000</AMBIENT>
			<SPECULAR>0.9000000 0.9000000 0.9000000</SPECULAR>
			<DIFFUSEMAP>ZombieHospital_material_21.tga</DIFFUSEMAP>
		</MATERIAL>
		<MATERIAL name="material_22">
			<DIFFUSE>1.0000000 1.0000000 1.0000000</DIFFUSE>
			<AMBIENT>0.5500000 0.5500000 0.5500000</AMBIENT>
			<SPECULAR>0.9000000 0.9000000 0.9000000</SPECULAR>
			<DIFFUSEMAP>ZombieHospital_material_22.tga</DIFFUSEMAP>
		</MATERIAL>
		<MATERIAL name="material_23">
			<DIFFUSE>1.0000000 1.0000000 1.0000000</DIFFUSE>
			<AMBIENT>0.5500000 0.5500000 0.5500000</AMBIENT>
			<SPECULAR>0.9000000 0.9000000 0.9000000</SPECULAR>
			<DIFFUSEMAP>ZombieHospital_material_23.tga</DIFFUSEMAP>
		</MATERIAL>
		<MATERIAL name="material_24">
			<DIFFUSE>1.0000000 1.0000000 1.0000000</DIFFUSE>
			<AMBIENT>0.5500000 0.5500000 0.5500000</AMBIENT>
			<SPECULAR>0.9000000 0.9000000 0.9000000</SPECULAR>
			<DIFFUSEMAP>ZombieHospital_material_24.tga</DIFFUSEMAP>
		</MATERIAL>
		<MATERIAL name="material_25">
			<DIFFUSE>1.0000000 1.0000000 1.0000000</DIFFUSE>
			<AMBIENT>0.5500000 0.5500000 0.5500000</AMBIENT>
			<SPECULAR>0.9000000 0.9000000 0.9000000</SPECULAR>
			<DIFFUSEMAP>ZombieHospital_material_25.tga</DIFFUSEMAP>
		</MATERIAL>
		<MATERIAL name="material_26">
			<DIFFUSE>1.0000000 1.0000000 1.0000000</DIFFUSE>
			<AMBIENT>0.5500000 0.5500000 0.5500000</AMBIENT>
			<SPECULAR>0.9000000 0.9000000 0.9000000</SPECULAR>
			<DIFFUSEMAP>ZombieHospital_material_26.tga</DIFFUSEMAP>
		</MATERIAL>
		<MATERIAL name="material_27">
			<DIFFUSE>1.0000000 1.0000000 1.0000000</DIFFUSE>
			<AMBIENT>0.5500000 0.5500000 0.5500000</AMBIENT>
			<SPECULAR>0.9000000 0.9000000 0.9000000</SPECULAR>
			<DIFFUSEMAP>ZombieHospital_material_27.tga</DIFFUSEMAP>
		</MATERIAL>
		<MATERIAL name="material_31">
			<DIFFUSE>1.0000000 1.0000000 1.0000000</DIFFUSE>
			<AMBIENT>0.5500000 0.5500000 0.5500000</AMBIENT>
			<SPECULAR>0.9000000 0.9000000 0.9000000</SPECULAR>
			<DIFFUSEMAP>ZombieHospital_material_31.tga</DIFFUSEMAP>
		</MATERIAL>
		<MATERIAL name="material_32">
			<DIFFUSE>1.0000000 1.0000000 1.0000000</DIFFUSE>
			<AMBIENT>0.5500000 0.5500000 0.5500000</AMBIENT>
			<SPECULAR>0.9000000 0.9000000 0.9000000</SPECULAR>
			<DIFFUSEMAP>ZombieHospital_material_32.tga</DIFFUSEMAP>
		</MATERIAL>
		<MATERIAL name="material_33">
			<DIFFUSE>1.0000000 1.0000000 1.0000000</DIFFUSE>
			<AMBIENT>0.5500000 0.5500000 0.5500000</AMBIENT>
			<SPECULAR>0.9000000 0.9000000 0.9000000</SPECULAR>
			<DIFFUSEMAP>ZombieHospital_material_33.tga</DIFFUSEMAP>
		</MATERIAL>
		<MATERIAL name="material_34">
			<DIFFUSE>1.0000000 1.0000000 1.0000000</DIFFUSE>
			<AMBIENT>0.5500000 0.5500000 0.5500000</AMBIENT>
			<SPECULAR>0.9000000 0.9000000 0.9000000</SPECULAR>
			<DIFFUSEMAP>ZombieHospital_material_34.tga</DIFFUSEMAP>
		</MATERIAL>
		<MATERIAL name="material_35">
			<DIFFUSE>1.0000000 1.0000000 1.0000000</DIFFUSE>
			<AMBIENT>0.5500000 0.5500000 0.5500000</AMBIENT>
			<SPECULAR>0.9000000 0.9000000 0.9000000</SPECULAR>
			<DIFFUSEMAP>ZombieHospital_material_35.tga</DIFFUSEMAP>
		</MATERIAL>
		<MATERIAL name="material_36">
			<DIFFUSE>1.0000000 1.0000000 1.0000000</DIFFUSE>
			<AMBIENT>0.5500000 0.5500000 0.5500000</AMBIENT>
			<SPECULAR>0.9000000 0.9000000 0.9000000</SPECULAR>
			<DIFFUSEMAP>ZombieHospital_material_36.tga</DIFFUSEMAP>
		</MATERIAL>
		<MATERIAL name="material_37">
			<DIFFUSE>1.0000000 1.0000000 1.0000000</DIFFUSE>
			<AMBIENT>0.5500000 0.5500000 0.5500000</AMBIENT>
			<SPECULAR>0.9000000 0.9000000 0.9000000</SPECULAR>
			<DIFFUSEMAP>ZombieHospital_material_37.tga</DIFFUSEMAP>
		</MATERIAL>
		<MATERIAL name="material_38">
			<DIFFUSE>1.0000000 1.0000000 1.0000000</DIFFUSE>
			<AMBIENT>0.5500000 0.5500000 0.5500000</AMBIENT>
			<SPECULAR>0.9000000 0.9000000 0.9000000</SPECULAR>
			<DIFFUSEMAP>ZombieHospital_material_38.tga</DIFFUSEMAP>
		</MATERIAL>
		<MATERIAL name="material_39">
			<DIFFUSE>1.0000000 1.0000000 1.0000000</DIFFUSE>
			<AMBIENT>0.5500000 0.5500000 0.5500000</AMBIENT>
			<SPECULAR>0.9000000 0.9000000 0.9000000</SPECULAR>
			<DIFFUSEMAP>ZombieHospital_material_39.tga</DIFFUSEMAP>
		</MATERIAL>
		<MATERIAL name="material_40">
			<DIFFUSE>1.0000000 1.0000000 1.0000000</DIFFUSE>
			<AMBIENT>0.5500000 0.5500000 0.5500000</AMBIENT>
			<SPECULAR>0.9000000 0.9000000 0.9000000</SPECULAR>
			<DIFFUSEMAP>ZombieHospital_material_40.tga</DIFFUSEMAP>
		</MATERIAL>
		<MATERIAL name="material_41">
			<DIFFUSE>1.0000000 1.0000000 1.0000000</DIFFUSE>
			<AMBIENT>0.5500000 0.5500000 0.5500000</AMBIENT>
			<SPECULAR>0.9000000 0.9000000 0.9000000</SPECULAR>
			<DIFFUSEMAP>ZombieHospital_material_41.tga</DIFFUSEMAP>
		</MATERIAL>
		<MATERIAL name="material_42">
			<DIFFUSE>1.0000000 1.0000000 1.0000000</DIFFUSE>
			<AMBIENT>0.5500000 0.5500000 0.5500000</AMBIENT>
			<SPECULAR>0.9000000 0.9000000 0.9000000</SPECULAR>
			<DIFFUSEMAP>ZombieHospital_material_42.tga</DIFFUSEMAP>
		</MATERIAL>
		<MATERIAL name="material_43">
			<DIFFUSE>1.0000000 1.0000000 1.0000000</DIFFUSE>
			<AMBIENT>0.5500000 0.5500000 0.5500000</AMBIENT>
			<SPECULAR>0.9000000 0.9000000 0.9000000</SPECULAR>
			<DIFFUSEMAP>ZombieHospital_material_43.tga</DIFFUSEMAP>
		</MATERIAL>
		<MATERIAL name="material_44">
			<DIFFUSE>1.0000000 1.0000000 1.0000000</DIFFUSE>
			<AMBIENT>0.5500000 0.5500000 0.5500000</AMBIENT>
			<SPECULAR>0.9000000 0.9000000 0.9000000</SPECULAR>
			<DIFFUSEMAP>ZombieHospital_material_44.tga</DIFFUSEMAP>
		</MATERIAL>
		<MATERIAL name="material_45">
			<DIFFUSE>1.0000000 1.0000000 1.0000000</DIFFUSE>
			<AMBIENT>0.5500000 0.5500000 0.5500000</AMBIENT>
			<SPECULAR>0.9000000 0.9000000 0.9000000</SPECULAR>
			<DIFFUSEMAP>ZombieHospital_material_45.tga</DIFFUSEMAP>
		</MATERIAL>
		<MATERIAL name="material_46">
			<DIFFUSE>1.0000000 1.0000000 1.0000000</DIFFUSE>
			<AMBIENT>0.5500000 0.5500000 0.5500000</AMBIENT>
			<SPECULAR>0.9000000 0.9000000 0.9000000</SPECULAR>
			<DIFFUSEMAP>ZombieHospital_material_46.tga</DIFFUSEMAP>
		</MATERIAL>
	</MATERIALLIST>
	<LIGHTLIST>
		<LIGHT name="Omni_main 02">
			<POSITION>-10000.0000000 10000.0000000 10024.9843750</POSITION>
			<COLOR>0.9098040 0.9686275 1.0000000</COLOR>
			<INTENSITY>0.0900000</INTENSITY>
			<ATTENUATIONSTART>30000.0000000</ATTENUATIONSTART>
			<ATTENUATIONEND>30000.0000000</ATTENUATIONEND>
		</LIGHT>
		<LIGHT name="sun_Omni">
			<POSITION>22474.2382813 -63394.2265625 8604.6015625</POSITION>
			<COLOR>1.0000000 1.0000000 1.0000000</COLOR>
			<INTENSITY>0.3000000</INTENSITY>
			<ATTENUATIONSTART>100000.0000000</ATTENUATIONSTART>
			<ATTENUATIONEND>100000.0000000</ATTENUATIONEND>
			<CASTSHADOW/>
		</LIGHT>
		<LIGHT name="Omni_street_light_e08">
			<POSITION>-162.8505249 -2902.6635742 1304.5452881</POSITION>
			<COLOR>1.0000000 0.9725491 0.6431373</COLOR>
			<INTENSITY>0.1000000</INTENSITY>
			<ATTENUATIONSTART>335.0000000</ATTENUATIONSTART>
			<ATTENUATIONEND>903.0000000</ATTENUATIONEND>
		</LIGHT>
		<LIGHT name="Omni_street_light_f08">
			<POSITION>-197.3594360 -2902.1967773 1304.5452881</POSITION>
			<COLOR>1.0000000 0.9882354 0.6705883</COLOR>
			<INTENSITY>0.2000000</INTENSITY>
			<ATTENUATIONSTART>57.0000038</ATTENUATIONSTART>
			<ATTENUATIONEND>140.0000153</ATTENUATIONEND>
		</LIGHT>
		<LIGHT name="obj_Omni_street_light_f08">
			<POSITION>-229.1558228 -2901.7670898 1304.5452881</POSITION>
			<COLOR>0.9803922 1.0000000 0.6627451</COLOR>
			<INTENSITY>0.1000000</INTENSITY>
			<ATTENUATIONSTART>350.0000000</ATTENUATIONSTART>
			<ATTENUATIONEND>900.0000000</ATTENUATIONEND>
		</LIGHT>
		<LIGHT name="Omni_street_light_f12">
			<POSITION>-3447.4787598 -2901.6538086 1304.5452881</POSITION>
			<COLOR>1.0000000 0.9882354 0.6705883</COLOR>
			<INTENSITY>0.2000000</INTENSITY>
			<ATTENUATIONSTART>57.0000038</ATTENUATIONSTART>
			<ATTENUATIONEND>140.0000153</ATTENUATIONEND>
		</LIGHT>
		<LIGHT name="obj_Omni_street_light_f11">
			<POSITION>-3479.2751465 -2901.2241211 1304.5452881</POSITION>
			<COLOR>0.9803922 1.0000000 0.6627451</COLOR>
			<INTENSITY>0.1000000</INTENSITY>
			<ATTENUATIONSTART>350.0000000</ATTENUATIONSTART>
			<ATTENUATIONEND>900.0000000</ATTENUATIONEND>
		</LIGHT>
		<LIGHT name="Omni_street_light_e12">
			<POSITION>-3412.9699707 -2902.1206055 1304.5452881</POSITION>
			<COLOR>1.0000000 0.9725491 0.6431373</COLOR>
			<INTENSITY>0.1000000</INTENSITY>
			<ATTENUATIONSTART>335.0000000</ATTENUATIONSTART>
			<ATTENUATIONEND>903.0000000</ATTENUATIONEND>
		</LIGHT>
		<LIGHT name="Omni_street_light_f13">
			<POSITION>-6672.6484375 -2880.6184082 1304.5452881</POSITION>
			<COLOR>1.0000000 0.9882354 0.6705883</COLOR>
			<INTENSITY>0.2000000</INTENSITY>
			<ATTENUATIONSTART>57.0000038</ATTENUATIONSTART>
			<ATTENUATIONEND>140.0000153</ATTENUATIONEND>
		</LIGHT>
		<LIGHT name="obj_Omni_street_light_f12">
			<POSITION>-6704.4448242 -2880.1887207 1304.5452881</POSITION>
			<COLOR>0.9803922 1.0000000 0.6627451</COLOR>
			<INTENSITY>0.1000000</INTENSITY>
			<ATTENUATIONSTART>350.0000000</ATTENUATIONSTART>
			<ATTENUATIONEND>900.0000000</ATTENUATIONEND>
		</LIGHT>
		<LIGHT name="Omni_street_light_e13">
			<POSITION>-6638.1396484 -2881.0852051 1304.5452881</POSITION>
			<COLOR>1.0000000 0.9725491 0.6431373</COLOR>
			<INTENSITY>0.1000000</INTENSITY>
			<ATTENUATIONSTART>335.0000000</ATTENUATIONSTART>
			<ATTENUATIONEND>903.0000000</ATTENUATIONEND>
		</LIGHT>
		<LIGHT name="Omni_street_light_f14">
			<POSITION>2575.0788574 -2839.4626465 1304.5452881</POSITION>
			<COLOR>1.0000000 0.9882354 0.6705883</COLOR>
			<INTENSITY>0.2000000</INTENSITY>
			<ATTENUATIONSTART>57.0000038</ATTENUATIONSTART>
			<ATTENUATIONEND>140.0000153</ATTENUATIONEND>
		</LIGHT>
		<LIGHT name="obj_Omni_street_light_f13">
			<POSITION>2543.2824707 -2839.0329590 1304.5452881</POSITION>
			<COLOR>0.9803922 1.0000000 0.6627451</COLOR>
			<INTENSITY>0.1000000</INTENSITY>
			<ATTENUATIONSTART>350.0000000</ATTENUATIONSTART>
			<ATTENUATIONEND>900.0000000</ATTENUATIONEND>
		</LIGHT>
		<LIGHT name="Omni_street_light_e14">
			<POSITION>2609.5876465 -2839.9294434 1304.5452881</POSITION>
			<COLOR>1.0000000 0.9725491 0.6431373</COLOR>
			<INTENSITY>0.1000000</INTENSITY>
			<ATTENUATIONSTART>335.0000000</ATTENUATIONSTART>
			<ATTENUATIONEND>903.0000000</ATTENUATIONEND>
		</LIGHT>
		<LIGHT name="Omni_street_light_f15">
			<POSITION>2520.5625000 -2330.7993164 1304.5452881</POSITION>
			<COLOR>1.0000000 0.9882354 0.6705883</COLOR>
			<INTENSITY>0.2000000</INTENSITY>
			<ATTENUATIONSTART>57.0000038</ATTENUATIONSTART>
			<ATTENUATIONEND>140.0000153</ATTENUATIONEND>
		</LIGHT>
		<LIGHT name="obj_Omni_street_light_f14">
			<POSITION>2488.7661133 -2330.3696289 1304.5452881</POSITION>
			<COLOR>0.9803922 1.0000000 0.6627451</COLOR>
			<INTENSITY>0.1000000</INTENSITY>
			<ATTENUATIONSTART>350.0000000</ATTENUATIONSTART>
			<ATTENUATIONEND>900.0000000</ATTENUATIONEND>
		</LIGHT>
		<LIGHT name="Omni_street_light_e15">
			<POSITION>2555.0712891 -2331.2661133 1304.5452881</POSITION>
			<COLOR>1.0000000 0.9725491 0.6431373</COLOR>
			<INTENSITY>0.1000000</INTENSITY>
			<ATTENUATIONSTART>335.0000000</ATTENUATIONSTART>
			<ATTENUATIONEND>903.0000000</ATTENUATIONEND>
		</LIGHT>
		<LIGHT name="Omni_street_light_f16">
			<POSITION>2391.0488281 -1735.0297852 1304.5452881</POSITION>
			<COLOR>1.0000000 0.9882354 0.6705883</COLOR>
			<INTENSITY>0.2000000</INTENSITY>
			<ATTENUATIONSTART>57.0000038</ATTENUATIONSTART>
			<ATTENUATIONEND>140.0000153</ATTENUATIONEND>
		</LIGHT>
		<LIGHT name="obj_Omni_street_light_f15">
			<POSITION>2359.2524414 -1734.6000977 1304.5452881</POSITION>
			<COLOR>0.9803922 1.0000000 0.6627451</COLOR>
			<INTENSITY>0.1000000</INTENSITY>
			<ATTENUATIONSTART>350.0000000</ATTENUATIONSTART>
			<ATTENUATIONEND>900.0000000</ATTENUATIONEND>
		</LIGHT>
		<LIGHT name="Omni_street_light_e16">
			<POSITION>2425.5576172 -1735.4965820 1304.5452881</POSITION>
			<COLOR>1.0000000 0.9725491 0.6431373</COLOR>
			<INTENSITY>0.1000000</INTENSITY>
			<ATTENUATIONSTART>335.0000000</ATTENUATIONSTART>
			<ATTENUATIONEND>903.0000000</ATTENUATIONEND>
		</LIGHT>
		<LIGHT name="Omni_street_light_f17">
			<POSITION>2398.0507813 -1217.0629883 1304.5452881</POSITION>
			<COLOR>1.0000000 0.9882354 0.6705883</COLOR>
			<INTENSITY>0.2000000</INTENSITY>
			<ATTENUATIONSTART>57.0000038</ATTENUATIONSTART>
			<ATTENUATIONEND>140.0000153</ATTENUATIONEND>
		</LIGHT>
		<LIGHT name="obj_Omni_street_light_f16">
			<POSITION>2366.2543945 -1216.6333008 1304.5452881</POSITION>
			<COLOR>0.9803922 1.0000000 0.6627451</COLOR>
			<INTENSITY>0.1000000</INTENSITY>
			<ATTENUATIONSTART>350.0000000</ATTENUATIONSTART>
			<ATTENUATIONEND>900.0000000</ATTENUATIONEND>
		</LIGHT>
		<LIGHT name="Omni_street_light_e17">
			<POSITION>2432.5595703 -1217.5297852 1304.5452881</POSITION>
			<COLOR>1.0000000 0.9725491 0.6431373</COLOR>
			<INTENSITY>0.1000000</INTENSITY>
			<ATTENUATIONSTART>335.0000000</ATTENUATIONSTART>
			<ATTENUATIONEND>903.0000000</ATTENUATIONEND>
		</LIGHT>
		<LIGHT name="Omni_street_light_f18">
			<POSITION>2476.8947754 -597.7707520 1304.5452881</POSITION>
			<COLOR>1.0000000 0.9882354 0.6705883</COLOR>
			<INTENSITY>0.2000000</INTENSITY>
			<ATTENUATIONSTART>57.0000038</ATTENUATIONSTART>
			<ATTENUATIONEND>140.0000153</ATTENUATIONEND>
		</LIGHT>
		<LIGHT name="obj_Omni_street_light_f17">
			<POSITION>2445.0983887 -597.3410645 1304.5452881</POSITION>
			<COLOR>0.9803922 1.0000000 0.6627451</COLOR>
			<INTENSITY>0.1000000</INTENSITY>
			<ATTENUATIONSTART>350.0000000</ATTENUATIONSTART>
			<ATTENUATIONEND>900.0000000</ATTENUATIONEND>
		</LIGHT>
		<LIGHT name="Omni_street_light_e18">
			<POSITION>2511.4035645 -598.2375488 1304.5452881</POSITION>
			<COLOR>1.0000000 0.9725491 0.6431373</COLOR>
			<INTENSITY>0.1000000</INTENSITY>
			<ATTENUATIONSTART>335.0000000</ATTENUATIONSTART>
			<ATTENUATIONEND>903.0000000</ATTENUATIONEND>
		</LIGHT>
		<LIGHT name="obj_Omni_street_light_f18">
			<POSITION>2508.5107422 -46.5385475 1304.5452881</POSITION>
			<COLOR>0.9803922 1.0000000 0.6627451</COLOR>
			<INTENSITY>0.1000000</INTENSITY>
			<ATTENUATIONSTART>350.0000000</ATTENUATIONSTART>
			<ATTENUATIONEND>900.0000000</ATTENUATIONEND>
		</LIGHT>
		<LIGHT name="Omni_street_light_e19">
			<POSITION>2574.8159180 -47.4350319 1304.5452881</POSITION>
			<COLOR>1.0000000 0.9725491 0.6431373</COLOR>
			<INTENSITY>0.1000000</INTENSITY>
			<ATTENUATIONSTART>335.0000000</ATTENUATIONSTART>
			<ATTENUATIONEND>903.0000000</ATTENUATIONEND>
		</LIGHT>
		<LIGHT name="Omni_street_light_f20">
			<POSITION>3400.7353516 543.0242920 1304.5452881</POSITION>
			<COLOR>1.0000000 0.9882354 0.6705883</COLOR>
			<INTENSITY>0.2000000</INTENSITY>
			<ATTENUATIONSTART>57.0000038</ATTENUATIONSTART>
			<ATTENUATIONEND>140.0000153</ATTENUATIONEND>
		</LIGHT>
		<LIGHT name="obj_Omni_street_light_f19">
			<POSITION>3368.9389648 543.4539795 1304.5452881</POSITION>
			<COLOR>0.9803922 1.0000000 0.6627451</COLOR>
			<INTENSITY>0.1000000</INTENSITY>
			<ATTENUATIONSTART>350.0000000</ATTENUATIONSTART>
			<ATTENUATIONEND>900.0000000</ATTENUATIONEND>
		</LIGHT>
		<LIGHT name="Omni_street_light_e20">
			<POSITION>3435.2441406 542.5574951 1304.5452881</POSITION>
			<COLOR>1.0000000 0.9725491 0.6431373</COLOR>
			<INTENSITY>0.1000000</INTENSITY>
			<ATTENUATIONSTART>335.0000000</ATTENUATIONSTART>
			<ATTENUATIONEND>903.0000000</ATTENUATIONEND>
		</LIGHT>
		<LIGHT name="Omni_street_light_f21">
			<POSITION>3416.2805176 -628.6619873 1304.5452881</POSITION>
			<COLOR>1.0000000 0.9882354 0.6705883</COLOR>
			<INTENSITY>0.2000000</INTENSITY>
			<ATTENUATIONSTART>57.0000038</ATTENUATIONSTART>
			<ATTENUATIONEND>140.0000153</ATTENUATIONEND>
		</LIGHT>
		<LIGHT name="obj_Omni_street_light_f20">
			<POSITION>3384.4841309 -628.2322998 1304.5452881</POSITION>
			<COLOR>0.9803922 1.0000000 0.6627451</COLOR>
			<INTENSITY>0.1000000</INTENSITY>
			<ATTENUATIONSTART>350.0000000</ATTENUATIONSTART>
			<ATTENUATIONEND>900.0000000</ATTENUATIONEND>
		</LIGHT>
		<LIGHT name="Omni_street_light_e21">
			<POSITION>3450.7893066 -629.1287842 1304.5452881</POSITION>
			<COLOR>1.0000000 0.9725491 0.6431373</COLOR>
			<INTENSITY>0.1000000</INTENSITY>
			<ATTENUATIONSTART>335.0000000</ATTENUATIONSTART>
			<ATTENUATIONEND>903.0000000</ATTENUATIONEND>
		</LIGHT>
		<LIGHT name="Omni_street_light_f22">
			<POSITION>3399.7150879 -1854.0515137 1304.5452881</POSITION>
			<COLOR>1.0000000 0.9882354 0.6705883</COLOR>
			<INTENSITY>0.2000000</INTENSITY>
			<ATTENUATIONSTART>57.0000038</ATTENUATIONSTART>
			<ATTENUATIONEND>140.0000153</ATTENUATIONEND>
		</LIGHT>
		<LIGHT name="obj_Omni_street_light_f21">
			<POSITION>3367.9187012 -1853.6218262 1304.5452881</POSITION>
			<COLOR>0.9803922 1.0000000 0.6627451</COLOR>
			<INTENSITY>0.1000000</INTENSITY>
			<ATTENUATIONSTART>350.0000000</ATTENUATIONSTART>
			<ATTENUATIONEND>900.0000000</ATTENUATIONEND>
		</LIGHT>
		<LIGHT name="Omni_street_light_e22">
			<POSITION>3434.2238770 -1854.5183105 1304.5452881</POSITION>
			<COLOR>1.0000000 0.9725491 0.6431373</COLOR>
			<INTENSITY>0.1000000</INTENSITY>
			<ATTENUATIONSTART>335.0000000</ATTENUATIONSTART>
			<ATTENUATIONEND>903.0000000</ATTENUATIONEND>
		</LIGHT>
		<LIGHT name="Omni_street_light_f23">
			<POSITION>954.9721680 1320.4299316 1304.5452881</POSITION>
			<COLOR>1.0000000 0.9882354 0.6705883</COLOR>
			<INTENSITY>0.2000000</INTENSITY>
			<ATTENUATIONSTART>57.0000038</ATTENUATIONSTART>
			<ATTENUATIONEND>140.0000153</ATTENUATIONEND>
		</LIGHT>
		<LIGHT name="obj_Omni_street_light_f22">
			<POSITION>923.1757813 1320.8596191 1304.5452881</POSITION>
			<COLOR>0.9803922 1.0000000 0.6627451</COLOR>
			<INTENSITY>0.1000000</INTENSITY>
			<ATTENUATIONSTART>350.0000000</ATTENUATIONSTART>
			<ATTENUATIONEND>900.0000000</ATTENUATIONEND>
		</LIGHT>
		<LIGHT name="Omni_street_light_e23">
			<POSITION>989.4809570 1319.9631348 1304.5452881</POSITION>
			<COLOR>1.0000000 0.9725491 0.6431373</COLOR>
			<INTENSITY>0.1000000</INTENSITY>
			<ATTENUATIONSTART>335.0000000</ATTENUATIONSTART>
			<ATTENUATIONEND>903.0000000</ATTENUATIONEND>
		</LIGHT>
		<LIGHT name="Omni_street_light_f24">
			<POSITION>-1220.7779541 1314.4620361 1304.5452881</POSITION>
			<COLOR>1.0000000 0.9882354 0.6705883</COLOR>
			<INTENSITY>0.2000000</INTENSITY>
			<ATTENUATIONSTART>57.0000038</ATTENUATIONSTART>
			<ATTENUATIONEND>140.0000153</ATTENUATIONEND>
		</LIGHT>
		<LIGHT name="obj_Omni_street_light_f23">
			<POSITION>-1252.5743408 1314.8917236 1304.5452881</POSITION>
			<COLOR>0.9803922 1.0000000 0.6627451</COLOR>
			<INTENSITY>0.1000000</INTENSITY>
			<ATTENUATIONSTART>350.0000000</ATTENUATIONSTART>
			<ATTENUATIONEND>900.0000000</ATTENUATIONEND>
		</LIGHT>
		<LIGHT name="Omni_street_light_e24">
			<POSITION>-1186.2691650 1313.9952393 1304.5452881</POSITION>
			<COLOR>1.0000000 0.9725491 0.6431373</COLOR>
			<INTENSITY>0.1000000</INTENSITY>
			<ATTENUATIONSTART>335.0000000</ATTENUATIONSTART>
			<ATTENUATIONEND>903.0000000</ATTENUATIONEND>
		</LIGHT>
		<LIGHT name="Omni_street_light_f25">
			<POSITION>-3466.9741211 1275.8625488 1304.5452881</POSITION>
			<COLOR>1.0000000 0.9882354 0.6705883</COLOR>
			<INTENSITY>0.2000000</INTENSITY>
			<ATTENUATIONSTART>57.0000038</ATTENUATIONSTART>
			<ATTENUATIONEND>140.0000153</ATTENUATIONEND>
		</LIGHT>
		<LIGHT name="obj_Omni_street_light_f24">
			<POSITION>-3498.7705078 1276.2922363 1304.5452881</POSITION>
			<COLOR>0.9803922 1.0000000 0.6627451</COLOR>
			<INTENSITY>0.1000000</INTENSITY>
			<ATTENUATIONSTART>350.0000000</ATTENUATIONSTART>
			<ATTENUATIONEND>900.0000000</ATTENUATIONEND>
		</LIGHT>
		<LIGHT name="Omni_street_light_e25">
			<POSITION>-3432.4653320 1275.3957520 1304.5452881</POSITION>
			<COLOR>1.0000000 0.9725491 0.6431373</COLOR>
			<INTENSITY>0.1000000</INTENSITY>
			<ATTENUATIONSTART>335.0000000</ATTENUATIONSTART>
			<ATTENUATIONEND>903.0000000</ATTENUATIONEND>
		</LIGHT>
		<LIGHT name="Omni_street_light_f26">
			<POSITION>-3081.9511719 824.0668945 1304.5452881</POSITION>
			<COLOR>1.0000000 0.9882354 0.6705883</COLOR>
			<INTENSITY>0.2000000</INTENSITY>
			<ATTENUATIONSTART>57.0000038</ATTENUATIONSTART>
			<ATTENUATIONEND>140.0000153</ATTENUATIONEND>
		</LIGHT>
		<LIGHT name="obj_Omni_street_light_f25">
			<POSITION>-3113.7475586 824.4965820 1304.5452881</POSITION>
			<COLOR>0.9803922 1.0000000 0.6627451</COLOR>
			<INTENSITY>0.1000000</INTENSITY>
			<ATTENUATIONSTART>350.0000000</ATTENUATIONSTART>
			<ATTENUATIONEND>900.0000000</ATTENUATIONEND>
		</LIGHT>
		<LIGHT name="Omni_street_light_e26">
			<POSITION>-3047.4423828 823.6000977 1304.5452881</POSITION>
			<COLOR>1.0000000 0.9725491 0.6431373</COLOR>
			<INTENSITY>0.1000000</INTENSITY>
			<ATTENUATIONSTART>335.0000000</ATTENUATIONSTART>
			<ATTENUATIONEND>903.0000000</ATTENUATIONEND>
		</LIGHT>
		<LIGHT name="Omni_street_light_e27">
			<POSITION>-3071.3701172 -946.4143066 1304.5452881</POSITION>
			<COLOR>1.0000000 0.9725491 0.6431373</COLOR>
			<INTENSITY>0.1000000</INTENSITY>
			<ATTENUATIONSTART>335.0000000</ATTENUATIONSTART>
			<ATTENUATIONEND>903.0000000</ATTENUATIONEND>
		</LIGHT>
		<LIGHT name="obj_Omni_street_light_f26">
			<POSITION>-3137.6752930 -945.5178223 1304.5452881</POSITION>
			<COLOR>0.9803922 1.0000000 0.6627451</COLOR>
			<INTENSITY>0.1000000</INTENSITY>
			<ATTENUATIONSTART>350.0000000</ATTENUATIONSTART>
			<ATTENUATIONEND>900.0000000</ATTENUATIONEND>
		</LIGHT>
		<LIGHT name="Omni_street_light_f27">
			<POSITION>-3105.8789063 -945.9475098 1304.5452881</POSITION>
			<COLOR>1.0000000 0.9882354 0.6705883</COLOR>
			<INTENSITY>0.2000000</INTENSITY>
			<ATTENUATIONSTART>57.0000038</ATTENUATIONSTART>
			<ATTENUATIONEND>140.0000153</ATTENUATIONEND>
		</LIGHT>
		<LIGHT name="Omni_street_light_e29">
			<POSITION>-5344.1992188 1296.6428223 1304.5452881</POSITION>
			<COLOR>1.0000000 0.9725491 0.6431373</COLOR>
			<INTENSITY>0.1000000</INTENSITY>
			<ATTENUATIONSTART>335.0000000</ATTENUATIONSTART>
			<ATTENUATIONEND>903.0000000</ATTENUATIONEND>
		</LIGHT>
		<LIGHT name="obj_Omni_street_light_f28">
			<POSITION>-5410.5043945 1297.5393066 1304.5452881</POSITION>
			<COLOR>0.9803922 1.0000000 0.6627451</COLOR>
			<INTENSITY>0.1000000</INTENSITY>
			<ATTENUATIONSTART>350.0000000</ATTENUATIONSTART>
			<ATTENUATIONEND>900.0000000</ATTENUATIONEND>
		</LIGHT>
		<LIGHT name="Omni_street_light_f29">
			<POSITION>-5378.7080078 1297.1096191 1304.5452881</POSITION>
			<COLOR>1.0000000 0.9882354 0.6705883</COLOR>
			<INTENSITY>0.2000000</INTENSITY>
			<ATTENUATIONSTART>57.0000038</ATTENUATIONSTART>
			<ATTENUATIONEND>140.0000153</ATTENUATIONEND>
		</LIGHT>
		<LIGHT name="Omni_street_light_e30">
			<POSITION>-5591.9414063 168.0547333 1304.5452881</POSITION>
			<COLOR>1.0000000 0.9725491 0.6431373</COLOR>
			<INTENSITY>0.1000000</INTENSITY>
			<ATTENUATIONSTART>335.0000000</ATTENUATIONSTART>
			<ATTENUATIONEND>903.0000000</ATTENUATIONEND>
		</LIGHT>
		<LIGHT name="obj_Omni_street_light_f29">
			<POSITION>-5658.2465820 168.9512177 1304.5452881</POSITION>
			<COLOR>0.9803922 1.0000000 0.6627451</COLOR>
			<INTENSITY>0.1000000</INTENSITY>
			<ATTENUATIONSTART>350.0000000</ATTENUATIONSTART>
			<ATTENUATIONEND>900.0000000</ATTENUATIONEND>
		</LIGHT>
		<LIGHT name="Omni_street_light_f30">
			<POSITION>-5626.4501953 168.5215302 1304.5452881</POSITION>
			<COLOR>1.0000000 0.9882354 0.6705883</COLOR>
			<INTENSITY>0.2000000</INTENSITY>
			<ATTENUATIONSTART>57.0000038</ATTENUATIONSTART>
			<ATTENUATIONEND>140.0000153</ATTENUATIONEND>
		</LIGHT>
		<LIGHT name="obj_Omni_street_light_f30">
			<POSITION>-4499.4609375 -941.8945923 1304.5452881</POSITION>
			<COLOR>0.9803922 1.0000000 0.6627451</COLOR>
			<INTENSITY>0.1000000</INTENSITY>
			<ATTENUATIONSTART>350.0000000</ATTENUATIONSTART>
			<ATTENUATIONEND>900.0000000</ATTENUATIONEND>
		</LIGHT>
		<LIGHT name="Omni_street_light_f31">
			<POSITION>-4467.6645508 -942.3242798 1304.5452881</POSITION>
			<COLOR>1.0000000 0.9882354 0.6705883</COLOR>
			<INTENSITY>0.2000000</INTENSITY>
			<ATTENUATIONSTART>57.0000038</ATTENUATIONSTART>
			<ATTENUATIONEND>140.0000153</ATTENUATIONEND>
		</LIGHT>
		<LIGHT name="Omni_street_light_e31">
			<POSITION>-4433.1557617 -942.7910767 1304.5452881</POSITION>
			<COLOR>1.0000000 0.9725491 0.6431373</COLOR>
			<INTENSITY>0.1000000</INTENSITY>
			<ATTENUATIONSTART>335.0000000</ATTENUATIONSTART>
			<ATTENUATIONEND>903.0000000</ATTENUATIONEND>
		</LIGHT>
		<LIGHT name="obj_Omni_street_light_f31">
			<POSITION>-6568.1528320 -913.9290771 1304.5452881</POSITION>
			<COLOR>0.9803922 1.0000000 0.6627451</COLOR>
			<INTENSITY>0.1000000</INTENSITY>
			<ATTENUATIONSTART>350.0000000</ATTENUATIONSTART>
			<ATTENUATIONEND>900.0000000</ATTENUATIONEND>
		</LIGHT>
		<LIGHT name="Omni_street_light_f32">
			<POSITION>-6536.3564453 -914.3587646 1304.5452881</POSITION>
			<COLOR>1.0000000 0.9882354 0.6705883</COLOR>
			<INTENSITY>0.2000000</INTENSITY>
			<ATTENUATIONSTART>57.0000038</ATTENUATIONSTART>
			<ATTENUATIONEND>140.0000153</ATTENUATIONEND>
		</LIGHT>
		<LIGHT name="Omni_street_light_e32">
			<POSITION>-6501.8476563 -914.8255615 1304.5452881</POSITION>
			<COLOR>1.0000000 0.9725491 0.6431373</COLOR>
			<INTENSITY>0.1000000</INTENSITY>
			<ATTENUATIONSTART>335.0000000</ATTENUATIONSTART>
			<ATTENUATIONEND>903.0000000</ATTENUATIONEND>
		</LIGHT>
		<LIGHT name="Omni_street_light_f33">
			<POSITION>-5277.9765625 -1930.0538330 1304.5452881</POSITION>
			<COLOR>1.0000000 0.9882354 0.6705883</COLOR>
			<INTENSITY>0.2000000</INTENSITY>
			<ATTENUATIONSTART>57.0000038</ATTENUATIONSTART>
			<ATTENUATIONEND>140.0000153</ATTENUATIONEND>
		</LIGHT>
		<LIGHT name="Omni_street_light_e33">
			<POSITION>-5243.4677734 -1930.5206299 1304.5452881</POSITION>
			<COLOR>1.0000000 0.9725491 0.6431373</COLOR>
			<INTENSITY>0.1000000</INTENSITY>
			<ATTENUATIONSTART>335.0000000</ATTENUATIONSTART>
			<ATTENUATIONEND>903.0000000</ATTENUATIONEND>
		</LIGHT>
		<LIGHT name="obj_Omni_street_light_f32">
			<POSITION>-5309.7734375 -1929.6241455 1304.5452881</POSITION>
			<COLOR>0.9803922 1.0000000 0.6627451</COLOR>
			<INTENSITY>0.1000000</INTENSITY>
			<ATTENUATIONSTART>350.0000000</ATTENUATIONSTART>
			<ATTENUATIONEND>900.0000000</ATTENUATIONEND>
		</LIGHT>
		<LIGHT name="Omni_street_light_f34">
			<POSITION>-6399.2270508 -1914.8962402 1304.5452881</POSITION>
			<COLOR>1.0000000 0.9882354 0.6705883</COLOR>
			<INTENSITY>0.2000000</INTENSITY>
			<ATTENUATIONSTART>57.0000038</ATTENUATIONSTART>
			<ATTENUATIONEND>140.0000153</ATTENUATIONEND>
		</LIGHT>
		<LIGHT name="Omni_street_light_e34">
			<POSITION>-6364.7182617 -1915.3630371 1304.5452881</POSITION>
			<COLOR>1.0000000 0.9725491 0.6431373</COLOR>
			<INTENSITY>0.1000000</INTENSITY>
			<ATTENUATIONSTART>335.0000000</ATTENUATIONSTART>
			<ATTENUATIONEND>903.0000000</ATTENUATIONEND>
		</LIGHT>
		<LIGHT name="obj_Omni_street_light_f33">
			<POSITION>-6431.0239258 -1914.4665527 1304.5452881</POSITION>
			<COLOR>0.9803922 1.0000000 0.6627451</COLOR>
			<INTENSITY>0.1000000</INTENSITY>
			<ATTENUATIONSTART>350.0000000</ATTENUATIONSTART>
			<ATTENUATIONEND>900.0000000</ATTENUATIONEND>
		</LIGHT>
		<LIGHT name="obj_Omni_street_light_f34">
			<POSITION>-2815.5830078 -2511.0317383 1304.5452881</POSITION>
			<COLOR>0.9803922 1.0000000 0.6627451</COLOR>
			<INTENSITY>0.1000000</INTENSITY>
			<ATTENUATIONSTART>350.0000000</ATTENUATIONSTART>
			<ATTENUATIONEND>900.0000000</ATTENUATIONEND>
		</LIGHT>
		<LIGHT name="Omni_street_light_f35">
			<POSITION>-2783.7866211 -2511.4614258 1304.5452881</POSITION>
			<COLOR>1.0000000 0.9882354 0.6705883</COLOR>
			<INTENSITY>0.2000000</INTENSITY>
			<ATTENUATIONSTART>57.0000038</ATTENUATIONSTART>
			<ATTENUATIONEND>140.0000153</ATTENUATIONEND>
		</LIGHT>
		<LIGHT name="Omni_street_light_e35">
			<POSITION>-2749.2778320 -2511.9282227 1304.5452881</POSITION>
			<COLOR>1.0000000 0.9725491 0.6431373</COLOR>
			<INTENSITY>0.1000000</INTENSITY>
			<ATTENUATIONSTART>335.0000000</ATTENUATIONSTART>
			<ATTENUATIONEND>903.0000000</ATTENUATIONEND>
		</LIGHT>
		<LIGHT name="obj_Omni_street_light_f35">
			<POSITION>-2804.7900391 -1712.6403809 1304.5452881</POSITION>
			<COLOR>0.9803922 1.0000000 0.6627451</COLOR>
			<INTENSITY>0.1000000</INTENSITY>
			<ATTENUATIONSTART>350.0000000</ATTENUATIONSTART>
			<ATTENUATIONEND>900.0000000</ATTENUATIONEND>
		</LIGHT>
		<LIGHT name="Omni_street_light_f36">
			<POSITION>-2772.9936523 -1713.0700684 1304.5452881</POSITION>
			<COLOR>1.0000000 0.9882354 0.6705883</COLOR>
			<INTENSITY>0.2000000</INTENSITY>
			<ATTENUATIONSTART>57.0000038</ATTENUATIONSTART>
			<ATTENUATIONEND>140.0000153</ATTENUATIONEND>
		</LIGHT>
		<LIGHT name="Omni_street_light_e36">
			<POSITION>-2738.4848633 -1713.5368652 1304.5452881</POSITION>
			<COLOR>1.0000000 0.9725491 0.6431373</COLOR>
			<INTENSITY>0.1000000</INTENSITY>
			<ATTENUATIONSTART>335.0000000</ATTENUATIONSTART>
			<ATTENUATIONEND>903.0000000</ATTENUATIONEND>
		</LIGHT>
		<LIGHT name="Omni_street_light_f37">
			<POSITION>-878.5963135 -953.3442383 1304.5452881</POSITION>
			<COLOR>1.0000000 0.9882354 0.6705883</COLOR>
			<INTENSITY>0.2000000</INTENSITY>
			<ATTENUATIONSTART>57.0000038</ATTENUATIONSTART>
			<ATTENUATIONEND>140.0000153</ATTENUATIONEND>
		</LIGHT>
		<LIGHT name="obj_Omni_street_light_f36">
			<POSITION>-910.3927002 -952.9145508 1304.5452881</POSITION>
			<COLOR>0.9803922 1.0000000 0.6627451</COLOR>
			<INTENSITY>0.1000000</INTENSITY>
			<ATTENUATIONSTART>350.0000000</ATTENUATIONSTART>
			<ATTENUATIONEND>900.0000000</ATTENUATIONEND>
		</LIGHT>
		<LIGHT name="Omni_street_light_e37">
			<POSITION>-844.0874023 -953.8110352 1304.5452881</POSITION>
			<COLOR>1.0000000 0.9725491 0.6431373</COLOR>
			<INTENSITY>0.1000000</INTENSITY>
			<ATTENUATIONSTART>335.0000000</ATTENUATIONSTART>
			<ATTENUATIONEND>903.0000000</ATTENUATIONEND>
		</LIGHT>
		<LIGHT name="Omni_street_light_f38">
			<POSITION>-151.0704956 -1687.8383789 1304.5452881</POSITION>
			<COLOR>1.0000000 0.9882354 0.6705883</COLOR>
			<INTENSITY>0.2000000</INTENSITY>
			<ATTENUATIONSTART>57.0000038</ATTENUATIONSTART>
			<ATTENUATIONEND>140.0000153</ATTENUATIONEND>
		</LIGHT>
		<LIGHT name="obj_Omni_street_light_f37">
			<POSITION>-182.8668823 -1687.4086914 1304.5452881</POSITION>
			<COLOR>0.9803922 1.0000000 0.6627451</COLOR>
			<INTENSITY>0.1000000</INTENSITY>
			<ATTENUATIONSTART>350.0000000</ATTENUATIONSTART>
			<ATTENUATIONEND>900.0000000</ATTENUATIONEND>
		</LIGHT>
		<LIGHT name="Omni_street_light_e38">
			<POSITION>-116.5615845 -1688.3051758 1304.5452881</POSITION>
			<COLOR>1.0000000 0.9725491 0.6431373</COLOR>
			<INTENSITY>0.1000000</INTENSITY>
			<ATTENUATIONSTART>335.0000000</ATTENUATIONSTART>
			<ATTENUATIONEND>903.0000000</ATTENUATIONEND>
		</LIGHT>
		<LIGHT name="Omni_street_light_f39">
			<POSITION>1436.3725586 -1296.8308105 1304.5452881</POSITION>
			<COLOR>1.0000000 0.9882354 0.6705883</COLOR>
			<INTENSITY>0.2000000</INTENSITY>
			<ATTENUATIONSTART>57.0000038</ATTENUATIONSTART>
			<ATTENUATIONEND>140.0000153</ATTENUATIONEND>
		</LIGHT>
		<LIGHT name="obj_Omni_street_light_f38">
			<POSITION>1404.5761719 -1296.4011230 1304.5452881</POSITION>
			<COLOR>0.9803922 1.0000000 0.6627451</COLOR>
			<INTENSITY>0.1000000</INTENSITY>
			<ATTENUATIONSTART>350.0000000</ATTENUATIONSTART>
			<ATTENUATIONEND>900.0000000</ATTENUATIONEND>
		</LIGHT>
		<LIGHT name="Omni_street_light_e39">
			<POSITION>1470.8813477 -1297.2976074 1304.5452881</POSITION>
			<COLOR>1.0000000 0.9725491 0.6431373</COLOR>
			<INTENSITY>0.1000000</INTENSITY>
			<ATTENUATIONSTART>335.0000000</ATTENUATIONSTART>
			<ATTENUATIONEND>903.0000000</ATTENUATIONEND>
		</LIGHT>
		<LIGHT name="Omni_street_light_e40">
			<POSITION>3442.0974121 -1272.0917969 1304.5452881</POSITION>
			<COLOR>1.0000000 0.9725491 0.6431373</COLOR>
			<INTENSITY>0.1000000</INTENSITY>
			<ATTENUATIONSTART>335.0000000</ATTENUATIONSTART>
			<ATTENUATIONEND>903.0000000</ATTENUATIONEND>
		</LIGHT>
		<LIGHT name="Omni_street_light_e41">
			<POSITION>3459.5400391 18.1997070 1304.5452881</POSITION>
			<COLOR>1.0000000 0.9725491 0.6431373</COLOR>
			<INTENSITY>0.1000000</INTENSITY>
			<ATTENUATIONSTART>335.0000000</ATTENUATIONSTART>
			<ATTENUATIONEND>903.0000000</ATTENUATIONEND>
		</LIGHT>
		<LIGHT name="obj_Omni_street_light_f39">
			<POSITION>1141.6158447 -2820.0847168 1304.5452881</POSITION>
			<COLOR>0.9803922 1.0000000 0.6627451</COLOR>
			<INTENSITY>0.1000000</INTENSITY>
			<ATTENUATIONSTART>350.0000000</ATTENUATIONSTART>
			<ATTENUATIONEND>900.0000000</ATTENUATIONEND>
		</LIGHT>
		<LIGHT name="obj_Omni_street_light_f40">
			<POSITION>-1864.1589355 -2879.6643066 1304.5452881</POSITION>
			<COLOR>0.9803922 1.0000000 0.6627451</COLOR>
			<INTENSITY>0.1000000</INTENSITY>
			<ATTENUATIONSTART>350.0000000</ATTENUATIONSTART>
			<ATTENUATIONEND>900.0000000</ATTENUATIONEND>
		</LIGHT>
		<LIGHT name="obj_Omni_street_light_f41">
			<POSITION>-5082.4218750 -2836.1584473 1304.5452881</POSITION>
			<COLOR>0.9803922 1.0000000 0.6627451</COLOR>
			<INTENSITY>0.1000000</INTENSITY>
			<ATTENUATIONSTART>350.0000000</ATTENUATIONSTART>
			<ATTENUATIONEND>900.0000000</ATTENUATIONEND>
		</LIGHT>
		<LIGHT name="Omni_street_light_e42">
			<POSITION>-81.9651337 1299.0667725 1304.5452881</POSITION>
			<COLOR>1.0000000 0.9725491 0.6431373</COLOR>
			<INTENSITY>0.1000000</INTENSITY>
			<ATTENUATIONSTART>335.0000000</ATTENUATIONSTART>
			<ATTENUATIONEND>903.0000000</ATTENUATIONEND>
		</LIGHT>
		<LIGHT name="Omni_street_light_e43">
			<POSITION>-2431.4587402 1330.8282471 1304.5452881</POSITION>
			<COLOR>1.0000000 0.9725491 0.6431373</COLOR>
			<INTENSITY>0.1000000</INTENSITY>
			<ATTENUATIONSTART>335.0000000</ATTENUATIONSTART>
			<ATTENUATIONEND>903.0000000</ATTENUATIONEND>
		</LIGHT>
		<LIGHT name="Omni_street_light_e44">
			<POSITION>-4485.0634766 1298.7486572 1304.5452881</POSITION>
			<COLOR>1.0000000 0.9725491 0.6431373</COLOR>
			<INTENSITY>0.1000000</INTENSITY>
			<ATTENUATIONSTART>335.0000000</ATTENUATIONSTART>
			<ATTENUATIONEND>903.0000000</ATTENUATIONEND>
		</LIGHT>
		<LIGHT name="Omni_street_light_e45">
			<POSITION>-6365.7099609 1324.1721191 1304.5452881</POSITION>
			<COLOR>1.0000000 0.9725491 0.6431373</COLOR>
			<INTENSITY>0.1000000</INTENSITY>
			<ATTENUATIONSTART>335.0000000</ATTENUATIONSTART>
			<ATTENUATIONEND>903.0000000</ATTENUATIONEND>
		</LIGHT>
		<LIGHT name="Omni_street_light_e46">
			<POSITION>2548.0166016 1318.9384766 1285.1573486</POSITION>
			<COLOR>1.0000000 0.9725491 0.6431373</COLOR>
			<INTENSITY>0.1000000</INTENSITY>
			<ATTENUATIONSTART>335.0000000</ATTENUATIONSTART>
			<ATTENUATIONEND>903.0000000</ATTENUATIONEND>
		</LIGHT>
		<LIGHT name="Omni_street_light_e47">
			<POSITION>1856.2414551 478.5426025 1285.1573486</POSITION>
			<COLOR>1.0000000 0.9725491 0.6431373</COLOR>
			<INTENSITY>0.1000000</INTENSITY>
			<ATTENUATIONSTART>335.0000000</ATTENUATIONSTART>
			<ATTENUATIONEND>903.0000000</ATTENUATIONEND>
		</LIGHT>
		<LIGHT name="Omni_street_light_e48">
			<POSITION>1964.6693115 -673.2302246 1285.1573486</POSITION>
			<COLOR>1.0000000 0.9725491 0.6431373</COLOR>
			<INTENSITY>0.1000000</INTENSITY>
			<ATTENUATIONSTART>335.0000000</ATTENUATIONSTART>
			<ATTENUATIONEND>903.0000000</ATTENUATIONEND>
		</LIGHT>
		<LIGHT name="Omni_street_light_e49">
			<POSITION>670.0739746 -673.2302246 1285.1573486</POSITION>
			<COLOR>1.0000000 0.9725491 0.6431373</COLOR>
			<INTENSITY>0.1000000</INTENSITY>
			<ATTENUATIONSTART>335.0000000</ATTENUATIONSTART>
			<ATTENUATIONEND>903.0000000</ATTENUATIONEND>
		</LIGHT>
		<LIGHT name="Omni_street_light_e50">
			<POSITION>-46.3342285 -673.2302246 1285.1573486</POSITION>
			<COLOR>1.0000000 0.9725491 0.6431373</COLOR>
			<INTENSITY>0.1000000</INTENSITY>
			<ATTENUATIONSTART>335.0000000</ATTENUATIONSTART>
			<ATTENUATIONEND>903.0000000</ATTENUATIONEND>
		</LIGHT>
		<LIGHT name="Omni_street_light_e51">
			<POSITION>1964.6693115 -2009.9261475 1285.1573486</POSITION>
			<COLOR>1.0000000 0.9725491 0.6431373</COLOR>
			<INTENSITY>0.1000000</INTENSITY>
			<ATTENUATIONSTART>335.0000000</ATTENUATIONSTART>
			<ATTENUATIONEND>903.0000000</ATTENUATIONEND>
		</LIGHT>
		<LIGHT name="Omni_street_light_e52">
			<POSITION>-1995.0808105 478.5426025 1285.1573486</POSITION>
			<COLOR>1.0000000 0.9725491 0.6431373</COLOR>
			<INTENSITY>0.1000000</INTENSITY>
			<ATTENUATIONSTART>335.0000000</ATTENUATIONSTART>
			<ATTENUATIONEND>903.0000000</ATTENUATIONEND>
		</LIGHT>
		<LIGHT name="Omni_street_light_e53">
			<POSITION>-1995.0808105 -675.2052002 1285.1573486</POSITION>
			<COLOR>1.0000000 0.9725491 0.6431373</COLOR>
			<INTENSITY>0.1000000</INTENSITY>
			<ATTENUATIONSTART>335.0000000</ATTENUATIONSTART>
			<ATTENUATIONEND>903.0000000</ATTENUATIONEND>
		</LIGHT>
		<LIGHT name="Omni_street_light_e54">
			<POSITION>-1995.0808105 -1886.8802490 1285.1573486</POSITION>
			<COLOR>1.0000000 0.9725491 0.6431373</COLOR>
			<INTENSITY>0.1000000</INTENSITY>
			<ATTENUATIONSTART>335.0000000</ATTENUATIONSTART>
			<ATTENUATIONEND>903.0000000</ATTENUATIONEND>
		</LIGHT>
		<LIGHT name="Omni_street_light_e55">
			<POSITION>-4414.4121094 125.0649109 1285.1573486</POSITION>
			<COLOR>1.0000000 0.9725491 0.6431373</COLOR>
			<INTENSITY>0.1000000</INTENSITY>
			<ATTENUATIONSTART>335.0000000</ATTENUATIONSTART>
			<ATTENUATIONEND>903.0000000</ATTENUATIONEND>
		</LIGHT>
		<LIGHT name="Omni_street_light_e56">
			<POSITION>-4414.4121094 -2020.3618164 1285.1573486</POSITION>
			<COLOR>1.0000000 0.9725491 0.6431373</COLOR>
			<INTENSITY>0.1000000</INTENSITY>
			<ATTENUATIONSTART>335.0000000</ATTENUATIONSTART>
			<ATTENUATIONEND>903.0000000</ATTENUATIONEND>
		</LIGHT>
		<LIGHT name="Omni_street_light_e57">
			<POSITION>-2412.2717285 -18.5141602 1285.1573486</POSITION>
			<COLOR>1.0000000 0.9725491 0.6431373</COLOR>
			<INTENSITY>0.1000000</INTENSITY>
			<ATTENUATIONSTART>335.0000000</ATTENUATIONSTART>
			<ATTENUATIONEND>903.0000000</ATTENUATIONEND>
		</LIGHT>
		<LIGHT name="Omni_street_light_e58">
			<POSITION>-2789.8698730 -18.5141602 1285.1573486</POSITION>
			<COLOR>1.0000000 0.9725491 0.6431373</COLOR>
			<INTENSITY>0.1000000</INTENSITY>
			<ATTENUATIONSTART>335.0000000</ATTENUATIONSTART>
			<ATTENUATIONEND>903.0000000</ATTENUATIONEND>
		</LIGHT>
		<LIGHT name="Omni_street_light_e59">
			<POSITION>-3223.9660645 -18.5141602 1285.1573486</POSITION>
			<COLOR>1.0000000 0.9725491 0.6431373</COLOR>
			<INTENSITY>0.1000000</INTENSITY>
			<ATTENUATIONSTART>335.0000000</ATTENUATIONSTART>
			<ATTENUATIONEND>903.0000000</ATTENUATIONEND>
		</LIGHT>
		<LIGHT name="Omni_street_light_e60">
			<POSITION>-3578.2116699 -18.5141602 1285.1573486</POSITION>
			<COLOR>1.0000000 0.9725491 0.6431373</COLOR>
			<INTENSITY>0.1000000</INTENSITY>
			<ATTENUATIONSTART>335.0000000</ATTENUATIONSTART>
			<ATTENUATIONEND>903.0000000</ATTENUATIONEND>
		</LIGHT>
		<LIGHT name="Omni_street_light_e61">
			<POSITION>-6287.4931641 710.1618652 1285.1573486</POSITION>
			<COLOR>1.0000000 0.9725491 0.6431373</COLOR>
			<INTENSITY>0.2000000</INTENSITY>
			<ATTENUATIONSTART>235.0000000</ATTENUATIONSTART>
			<ATTENUATIONEND>703.0000000</ATTENUATIONEND>
			<CASTSHADOW/>
		</LIGHT>
		<LIGHT name="Omni_street_light_e62">
			<POSITION>-2628.6765137 710.1618652 1285.1573486</POSITION>
			<COLOR>1.0000000 0.9725491 0.6431373</COLOR>
			<INTENSITY>0.2000000</INTENSITY>
			<ATTENUATIONSTART>235.0000000</ATTENUATIONSTART>
			<ATTENUATIONEND>703.0000000</ATTENUATIONEND>
			<CASTSHADOW/>
		</LIGHT>
		<LIGHT name="Omni_street_light_e63">
			<POSITION>1652.7271729 1318.9384766 1285.1573486</POSITION>
			<COLOR>1.0000000 0.9725491 0.6431373</COLOR>
			<INTENSITY>0.1000000</INTENSITY>
			<ATTENUATIONSTART>335.0000000</ATTENUATIONSTART>
			<ATTENUATIONEND>903.0000000</ATTENUATIONEND>
		</LIGHT>
		<LIGHT name="Omni_street_light_e64">
			<POSITION>-6763.0800781 411.2460938 1285.1573486</POSITION>
			<COLOR>1.0000000 0.9725491 0.6431373</COLOR>
			<INTENSITY>0.1000000</INTENSITY>
			<ATTENUATIONSTART>335.0000000</ATTENUATIONSTART>
			<ATTENUATIONEND>903.0000000</ATTENUATIONEND>
		</LIGHT>
		<LIGHT name="Omni_street_light_e65">
			<POSITION>-6209.4521484 763.3635254 1285.1573486</POSITION>
			<COLOR>1.0000000 0.9725491 0.6431373</COLOR>
			<INTENSITY>0.1000000</INTENSITY>
			<ATTENUATIONSTART>335.0000000</ATTENUATIONSTART>
			<ATTENUATIONEND>903.0000000</ATTENUATIONEND>
		</LIGHT>
		<LIGHT name="Omni_street_light_e66">
			<POSITION>3051.0368652 1348.5610352 1895.6496582</POSITION>
			<COLOR>1.0000000 0.9725491 0.6431373</COLOR>
			<INTENSITY>0.1000000</INTENSITY>
			<ATTENUATIONSTART>335.0000000</ATTENUATIONSTART>
			<ATTENUATIONEND>903.0000000</ATTENUATIONEND>
		</LIGHT>
		<LIGHT name="Omni_street_light_e67">
			<POSITION>3066.3964844 -322.3041687 1897.5115967</POSITION>
			<COLOR>1.0000000 0.9725491 0.6431373</COLOR>
			<INTENSITY>0.1000000</INTENSITY>
			<ATTENUATIONSTART>335.0000000</ATTENUATIONSTART>
			<ATTENUATIONEND>903.0000000</ATTENUATIONEND>
		</LIGHT>
		<LIGHT name="obj_Omni_street_light_f42">
			<POSITION>3067.2929688 -255.9989929 1897.5115967</POSITION>
			<COLOR>0.9803922 1.0000000 0.6627451</COLOR>
			<INTENSITY>0.1000000</INTENSITY>
			<ATTENUATIONSTART>350.0000000</ATTENUATIONSTART>
			<ATTENUATIONEND>900.0000000</ATTENUATIONEND>
		</LIGHT>
		<LIGHT name="Omni_street_light_f40">
			<POSITION>3066.8632813 -287.7953796 1897.5115967</POSITION>
			<COLOR>1.0000000 0.9882354 0.6705883</COLOR>
			<INTENSITY>0.2000000</INTENSITY>
			<ATTENUATIONSTART>57.0000038</ATTENUATIONSTART>
			<ATTENUATIONEND>140.0000153</ATTENUATIONEND>
		</LIGHT>
		<LIGHT name="Omni_street_light_e68">
			<POSITION>3066.3964844 -963.2646484 1897.5115967</POSITION>
			<COLOR>1.0000000 0.9725491 0.6431373</COLOR>
			<INTENSITY>0.1000000</INTENSITY>
			<ATTENUATIONSTART>335.0000000</ATTENUATIONSTART>
			<ATTENUATIONEND>903.0000000</ATTENUATIONEND>
		</LIGHT>
		<LIGHT name="obj_Omni_street_light_f43">
			<POSITION>3067.2929688 -896.9594727 1897.5115967</POSITION>
			<COLOR>0.9803922 1.0000000 0.6627451</COLOR>
			<INTENSITY>0.1000000</INTENSITY>
			<ATTENUATIONSTART>350.0000000</ATTENUATIONSTART>
			<ATTENUATIONEND>900.0000000</ATTENUATIONEND>
		</LIGHT>
		<LIGHT name="Omni_street_light_f41">
			<POSITION>3066.8632813 -928.7558594 1897.5115967</POSITION>
			<COLOR>1.0000000 0.9882354 0.6705883</COLOR>
			<INTENSITY>0.2000000</INTENSITY>
			<ATTENUATIONSTART>57.0000038</ATTENUATIONSTART>
			<ATTENUATIONEND>140.0000153</ATTENUATIONEND>
		</LIGHT>
		<LIGHT name="Omni_street_light_e69">
			<POSITION>2228.5505371 -929.2056274 1897.5115967</POSITION>
			<COLOR>1.0000000 0.9725491 0.6431373</COLOR>
			<INTENSITY>0.1000000</INTENSITY>
			<ATTENUATIONSTART>335.0000000</ATTENUATIONSTART>
			<ATTENUATIONEND>903.0000000</ATTENUATIONEND>
		</LIGHT>
		<LIGHT name="obj_Omni_street_light_f44">
			<POSITION>2294.8557129 -930.1021118 1897.5115967</POSITION>
			<COLOR>0.9803922 1.0000000 0.6627451</COLOR>
			<INTENSITY>0.1000000</INTENSITY>
			<ATTENUATIONSTART>350.0000000</ATTENUATIONSTART>
			<ATTENUATIONEND>900.0000000</ATTENUATIONEND>
		</LIGHT>
		<LIGHT name="Omni_street_light_f42">
			<POSITION>2263.0593262 -929.6724243 1897.5115967</POSITION>
			<COLOR>1.0000000 0.9882354 0.6705883</COLOR>
			<INTENSITY>0.2000000</INTENSITY>
			<ATTENUATIONSTART>57.0000038</ATTENUATIONSTART>
			<ATTENUATIONEND>140.0000153</ATTENUATIONEND>
		</LIGHT>
		<LIGHT name="Omni_street_light_e70">
			<POSITION>1173.4620361 -929.2056274 1897.5115967</POSITION>
			<COLOR>1.0000000 0.9725491 0.6431373</COLOR>
			<INTENSITY>0.1000000</INTENSITY>
			<ATTENUATIONSTART>335.0000000</ATTENUATIONSTART>
			<ATTENUATIONEND>903.0000000</ATTENUATIONEND>
		</LIGHT>
		<LIGHT name="obj_Omni_street_light_f45">
			<POSITION>1239.7672119 -930.1021118 1897.5115967</POSITION>
			<COLOR>0.9803922 1.0000000 0.6627451</COLOR>
			<INTENSITY>0.1000000</INTENSITY>
			<ATTENUATIONSTART>350.0000000</ATTENUATIONSTART>
			<ATTENUATIONEND>900.0000000</ATTENUATIONEND>
		</LIGHT>
		<LIGHT name="Omni_street_light_f43">
			<POSITION>1207.9708252 -929.6724243 1897.5115967</POSITION>
			<COLOR>1.0000000 0.9882354 0.6705883</COLOR>
			<INTENSITY>0.2000000</INTENSITY>
			<ATTENUATIONSTART>57.0000038</ATTENUATIONSTART>
			<ATTENUATIONEND>140.0000153</ATTENUATIONEND>
		</LIGHT>
		<LIGHT name="Omni_street_light_e71">
			<POSITION>316.4370728 -929.2056274 1897.5115967</POSITION>
			<COLOR>1.0000000 0.9725491 0.6431373</COLOR>
			<INTENSITY>0.1000000</INTENSITY>
			<ATTENUATIONSTART>335.0000000</ATTENUATIONSTART>
			<ATTENUATIONEND>903.0000000</ATTENUATIONEND>
		</LIGHT>
		<LIGHT name="obj_Omni_street_light_f46">
			<POSITION>382.7422485 -930.1021118 1897.5115967</POSITION>
			<COLOR>0.9803922 1.0000000 0.6627451</COLOR>
			<INTENSITY>0.1000000</INTENSITY>
			<ATTENUATIONSTART>350.0000000</ATTENUATIONSTART>
			<ATTENUATIONEND>900.0000000</ATTENUATIONEND>
		</LIGHT>
		<LIGHT name="Omni_street_light_f44">
			<POSITION>350.9458618 -929.6724243 1897.5115967</POSITION>
			<COLOR>1.0000000 0.9882354 0.6705883</COLOR>
			<INTENSITY>0.2000000</INTENSITY>
			<ATTENUATIONSTART>57.0000038</ATTENUATIONSTART>
			<ATTENUATIONEND>140.0000153</ATTENUATIONEND>
		</LIGHT>
		<LIGHT name="Omni_street_light_e72">
			<POSITION>-475.4599609 -929.2056274 1897.5115967</POSITION>
			<COLOR>1.0000000 0.9725491 0.6431373</COLOR>
			<INTENSITY>0.1000000</INTENSITY>
			<ATTENUATIONSTART>335.0000000</ATTENUATIONSTART>
			<ATTENUATIONEND>903.0000000</ATTENUATIONEND>
		</LIGHT>
		<LIGHT name="obj_Omni_street_light_f47">
			<POSITION>-409.1547852 -930.1021118 1897.5115967</POSITION>
			<COLOR>0.9803922 1.0000000 0.6627451</COLOR>
			<INTENSITY>0.1000000</INTENSITY>
			<ATTENUATIONSTART>350.0000000</ATTENUATIONSTART>
			<ATTENUATIONEND>900.0000000</ATTENUATIONEND>
		</LIGHT>
		<LIGHT name="Omni_street_light_f45">
			<POSITION>-440.9511719 -929.6724243 1897.5115967</POSITION>
			<COLOR>1.0000000 0.9882354 0.6705883</COLOR>
			<INTENSITY>0.2000000</INTENSITY>
			<ATTENUATIONSTART>57.0000038</ATTENUATIONSTART>
			<ATTENUATIONEND>140.0000153</ATTENUATIONEND>
		</LIGHT>
		<LIGHT name="Omni_street_light_e73">
			<POSITION>-475.4599609 -287.0924683 1897.5115967</POSITION>
			<COLOR>1.0000000 0.9725491 0.6431373</COLOR>
			<INTENSITY>0.1000000</INTENSITY>
			<ATTENUATIONSTART>335.0000000</ATTENUATIONSTART>
			<ATTENUATIONEND>903.0000000</ATTENUATIONEND>
		</LIGHT>
		<LIGHT name="obj_Omni_street_light_f48">
			<POSITION>-409.1547852 -287.9889526 1897.5115967</POSITION>
			<COLOR>0.9803922 1.0000000 0.6627451</COLOR>
			<INTENSITY>0.1000000</INTENSITY>
			<ATTENUATIONSTART>350.0000000</ATTENUATIONSTART>
			<ATTENUATIONEND>900.0000000</ATTENUATIONEND>
		</LIGHT>
		<LIGHT name="Omni_street_light_f46">
			<POSITION>-440.9511719 -287.5592651 1897.5115967</POSITION>
			<COLOR>1.0000000 0.9882354 0.6705883</COLOR>
			<INTENSITY>0.2000000</INTENSITY>
			<ATTENUATIONSTART>57.0000038</ATTENUATIONSTART>
			<ATTENUATIONEND>140.0000153</ATTENUATIONEND>
		</LIGHT>
		<LIGHT name="Omni_street_light_e74">
			<POSITION>-114.4476624 1166.1887207 1897.5115967</POSITION>
			<COLOR>1.0000000 0.9725491 0.6431373</COLOR>
			<INTENSITY>0.1000000</INTENSITY>
			<ATTENUATIONSTART>335.0000000</ATTENUATIONSTART>
			<ATTENUATIONEND>903.0000000</ATTENUATIONEND>
		</LIGHT>
		<LIGHT name="obj_Omni_street_light_f49">
			<POSITION>-48.1424866 1165.2922363 1897.5115967</POSITION>
			<COLOR>0.9803922 1.0000000 0.6627451</COLOR>
			<INTENSITY>0.1000000</INTENSITY>
			<ATTENUATIONSTART>350.0000000</ATTENUATIONSTART>
			<ATTENUATIONEND>900.0000000</ATTENUATIONEND>
		</LIGHT>
		<LIGHT name="Omni_street_light_f47">
			<POSITION>-79.9388733 1165.7219238 1897.5115967</POSITION>
			<COLOR>1.0000000 0.9882354 0.6705883</COLOR>
			<INTENSITY>0.2000000</INTENSITY>
			<ATTENUATIONSTART>57.0000038</ATTENUATIONSTART>
			<ATTENUATIONEND>140.0000153</ATTENUATIONEND>
		</LIGHT>
		<LIGHT name="Omni_street_light_e75">
			<POSITION>-202.7779846 478.5426025 1918.5069580</POSITION>
			<COLOR>1.0000000 0.9725491 0.6431373</COLOR>
			<INTENSITY>0.1000000</INTENSITY>
			<ATTENUATIONSTART>335.0000000</ATTENUATIONSTART>
			<ATTENUATIONEND>903.0000000</ATTENUATIONEND>
		</LIGHT>
		<LIGHT name="Omni_street_light_e76">
			<POSITION>597.7812500 478.5426025 1918.5069580</POSITION>
			<COLOR>1.0000000 0.9725491 0.6431373</COLOR>
			<INTENSITY>0.1000000</INTENSITY>
			<ATTENUATIONSTART>335.0000000</ATTENUATIONSTART>
			<ATTENUATIONEND>903.0000000</ATTENUATIONEND>
		</LIGHT>
		<LIGHT name="Omni_street_light_e77">
			<POSITION>1264.0886230 478.5426025 1918.5069580</POSITION>
			<COLOR>1.0000000 0.9725491 0.6431373</COLOR>
			<INTENSITY>0.1000000</INTENSITY>
			<ATTENUATIONSTART>335.0000000</ATTENUATIONSTART>
			<ATTENUATIONEND>903.0000000</ATTENUATIONEND>
		</LIGHT>
		<LIGHT name="Omni_street_light_e78">
			<POSITION>1986.3129883 478.5426025 1918.5069580</POSITION>
			<COLOR>1.0000000 0.9725491 0.6431373</COLOR>
			<INTENSITY>0.1000000</INTENSITY>
			<ATTENUATIONSTART>335.0000000</ATTENUATIONSTART>
			<ATTENUATIONEND>903.0000000</ATTENUATIONEND>
		</LIGHT>
		<LIGHT name="Omni_street_light_e79">
			<POSITION>2619.8264160 478.5426025 1918.5069580</POSITION>
			<COLOR>1.0000000 0.9725491 0.6431373</COLOR>
			<INTENSITY>0.1000000</INTENSITY>
			<ATTENUATIONSTART>335.0000000</ATTENUATIONSTART>
			<ATTENUATIONEND>903.0000000</ATTENUATIONEND>
		</LIGHT>
		<LIGHT name="Omni_street_light_e80">
			<POSITION>1000.0219727 992.1362305 1918.5069580</POSITION>
			<COLOR>1.0000000 0.9725491 0.6431373</COLOR>
			<INTENSITY>0.1000000</INTENSITY>
			<ATTENUATIONSTART>335.0000000</ATTENUATIONSTART>
			<ATTENUATIONEND>903.0000000</ATTENUATIONEND>
		</LIGHT>
		<LIGHT name="obj_Omni_street_light_f50">
			<POSITION>535.9069824 1165.2922363 1897.5115967</POSITION>
			<COLOR>0.9803922 1.0000000 0.6627451</COLOR>
			<INTENSITY>0.1000000</INTENSITY>
			<ATTENUATIONSTART>350.0000000</ATTENUATIONSTART>
			<ATTENUATIONEND>900.0000000</ATTENUATIONEND>
		</LIGHT>
		<LIGHT name="Omni_street_light_f48">
			<POSITION>504.1105652 1165.7219238 1897.5115967</POSITION>
			<COLOR>1.0000000 0.9882354 0.6705883</COLOR>
			<INTENSITY>0.2000000</INTENSITY>
			<ATTENUATIONSTART>57.0000038</ATTENUATIONSTART>
			<ATTENUATIONEND>140.0000153</ATTENUATIONEND>
		</LIGHT>
		<LIGHT name="Omni_street_light_e81">
			<POSITION>469.6017761 1166.1887207 1897.5115967</POSITION>
			<COLOR>1.0000000 0.9725491 0.6431373</COLOR>
			<INTENSITY>0.1000000</INTENSITY>
			<ATTENUATIONSTART>335.0000000</ATTENUATIONSTART>
			<ATTENUATIONEND>903.0000000</ATTENUATIONEND>
		</LIGHT>
	</LIGHTLIST>
	<OBJECTLIST>
	</OBJECTLIST>
	<DUMMYLIST>
		<DUMMY name="spawn_solo_101">
			<POSITION>362.0904846 -873.0805664 1007.4379883</POSITION>
			<DIRECTION>-0.9999999 -0.0000001 0.0000000</DIRECTION>
		</DUMMY>
		<DUMMY name="sun_Dummy">
			<POSITION>-3448.2026367 2493.3210449 11913.7490234</POSITION>
			<DIRECTION>0.0000000 0.9999999 0.0000000</DIRECTION>
		</DUMMY>
		<DUMMY name="wait_pos_01">
			<POSITION>-3747.1547852 1294.2900391 1240.3409424</POSITION>
			<DIRECTION>0.9864640 0.0000000 0.1639770</DIRECTION>
		</DUMMY>
		<DUMMY name="spawn_item_solo_hp03_01">
			<POSITION>-2605.5900879 33.1979980 1021.0451660</POSITION>
			<DIRECTION>0.0000000 0.9999999 0.0000000</DIRECTION>
		</DUMMY>
		<DUMMY name="spawn_item_solo_hp02_01">
			<POSITION>813.1044922 -925.8061523 1725.1496582</POSITION>
			<DIRECTION>0.0000000 0.9999999 0.0000000</DIRECTION>
		</DUMMY>
		<DUMMY name="spawn_solo_101">
			<POSITION>-5280.7832031 -1940.5909424 1007.4379883</POSITION>
			<DIRECTION>-0.9999999 -0.0000001 0.0000000</DIRECTION>
		</DUMMY>
		<DUMMY name="spawn_solo_119">
			<POSITION>-3922.7770996 1266.8403320 1007.4379883</POSITION>
			<DIRECTION>0.0000000 0.9999999 0.0000000</DIRECTION>
		</DUMMY>
		<DUMMY name="spawn_solo_128">
			<POSITION>2902.9794922 -327.6359863 1007.4379883</POSITION>
			<DIRECTION>0.0000000 0.9999999 0.0000000</DIRECTION>
		</DUMMY>
		<DUMMY name="spawn_solo_132">
			<POSITION>3082.5400391 -375.7949219 1672.6666260</POSITION>
			<DIRECTION>-0.9999999 -0.0000001 0.0000000</DIRECTION>
		</DUMMY>
		<DUMMY name="spawn_team2_102">
			<POSITION>-411.3253784 -411.1301270 1660.3526611</POSITION>
			<DIRECTION>0.0000000 0.9999999 0.0000000</DIRECTION>
		</DUMMY>
		<DUMMY name="spawn_team1_102">
			<POSITION>-3219.6220703 -41.8067474 1041.8518066</POSITION>
			<DIRECTION>0.0000000 0.0000000 0.9999999</DIRECTION>
		</DUMMY>
		<DUMMY name="spawn_team2_103">
			<POSITION>-415.4887085 -754.1744995 1658.4871826</POSITION>
			<DIRECTION>-0.0000001 -0.9999999 0.0000000</DIRECTION>
		</DUMMY>
		<DUMMY name="spawn_team1_103">
			<POSITION>-3219.6220703 -173.1114349 1041.8518066</POSITION>
			<DIRECTION>0.0000000 0.0000000 0.9999999</DIRECTION>
		</DUMMY>
		<DUMMY name="spawn_team2_104">
			<POSITION>-284.1840210 -754.1744995 1658.4871826</POSITION>
			<DIRECTION>-0.0000001 -0.9999999 0.0000000</DIRECTION>
		</DUMMY>
		<DUMMY name="spawn_team1_104">
			<POSITION>-3219.6220703 -304.4161377 1041.8518066</POSITION>
			<DIRECTION>0.0000000 0.0000000 0.9999999</DIRECTION>
		</DUMMY>
		<DUMMY name="spawn_team2_105">
			<POSITION>-290.1903687 -529.5040894 1658.4871826</POSITION>
			<DIRECTION>-0.0000001 -0.9999999 0.0000000</DIRECTION>
		</DUMMY>
		<DUMMY name="spawn_team1_105">
			<POSITION>-2950.9204102 -116.6802826 1041.8518066</POSITION>
			<DIRECTION>0.0000000 0.0000000 0.9999999</DIRECTION>
		</DUMMY>
		<DUMMY name="spawn_team2_106">
			<POSITION>-418.2531128 -69.8386230 1660.3526611</POSITION>
			<DIRECTION>0.0000000 0.9999999 0.0000000</DIRECTION>
		</DUMMY>
		<DUMMY name="spawn_team1_106">
			<POSITION>-3080.1684570 4.0304108 1041.8518066</POSITION>
			<DIRECTION>0.0000000 0.0000000 0.9999999</DIRECTION>
		</DUMMY>
		<DUMMY name="spawn_team2_107">
			<POSITION>-416.7750854 -186.3562012 1660.3526611</POSITION>
			<DIRECTION>0.0000000 0.9999999 0.0000000</DIRECTION>
		</DUMMY>
		<DUMMY name="spawn_team1_107">
			<POSITION>-3082.5686035 -231.5799408 1041.8518066</POSITION>
			<DIRECTION>0.0000000 0.0000000 0.9999999</DIRECTION>
		</DUMMY>
		<DUMMY name="spawn_team2_108">
			<POSITION>-293.7779846 -411.1301270 1660.3526611</POSITION>
			<DIRECTION>0.0000000 0.9999999 0.0000000</DIRECTION>
		</DUMMY>
		<DUMMY name="spawn_team1_108">
			<POSITION>-3219.6220703 199.3702393 1041.8518066</POSITION>
			<DIRECTION>0.0000000 0.0000000 0.9999999</DIRECTION>
		</DUMMY>
		<DUMMY name="spawn_team2_109">
			<POSITION>-365.8907776 59.2102051 1660.3526611</POSITION>
			<DIRECTION>0.0000000 0.9999999 0.0000000</DIRECTION>
		</DUMMY>
		<DUMMY name="spawn_team1_109">
			<POSITION>-3080.1684570 134.7615967 1041.8518066</POSITION>
			<DIRECTION>0.0000000 0.0000000 0.9999999</DIRECTION>
		</DUMMY>
		<DUMMY name="spawn_team2_110">
			<POSITION>-418.3036499 -645.2262573 1658.4871826</POSITION>
			<DIRECTION>-0.0000001 -0.9999999 0.0000000</DIRECTION>
		</DUMMY>
		<DUMMY name="spawn_team1_110">
			<POSITION>-3080.1684570 -113.3326263 1041.8518066</POSITION>
			<DIRECTION>0.0000000 0.0000000 0.9999999</DIRECTION>
		</DUMMY>
		<DUMMY name="spawn_team2_111">
			<POSITION>-417.4974976 -529.5040894 1658.4871826</POSITION>
			<DIRECTION>-0.0000001 -0.9999999 0.0000000</DIRECTION>
		</DUMMY>
		<DUMMY name="spawn_team1_111">
			<POSITION>-3219.6220703 -448.3060303 1041.8518066</POSITION>
			<DIRECTION>0.0000000 0.0000000 0.9999999</DIRECTION>
		</DUMMY>
		<DUMMY name="spawn_team2_112">
			<POSITION>-417.1837769 -296.5710449 1660.3526611</POSITION>
			<DIRECTION>0.0000000 0.9999999 0.0000000</DIRECTION>
		</DUMMY>
		<DUMMY name="spawn_team1_112">
			<POSITION>-3219.6220703 79.6478271 1041.8518066</POSITION>
			<DIRECTION>0.0000000 0.0000000 0.9999999</DIRECTION>
		</DUMMY>
		<DUMMY name="spawn_team2_113">
			<POSITION>-288.0009155 -645.2262573 1658.4871826</POSITION>
			<DIRECTION>-0.0000001 -0.9999999 0.0000000</DIRECTION>
		</DUMMY>
		<DUMMY name="spawn_team1_113">
			<POSITION>-2950.9204102 -252.8917084 1041.8518066</POSITION>
			<DIRECTION>0.0000000 0.0000000 0.9999999</DIRECTION>
		</DUMMY>
		<DUMMY name="spawn_team2_114">
			<POSITION>-287.6393433 -72.7316895 1660.3526611</POSITION>
			<DIRECTION>0.0000000 0.9999999 0.0000000</DIRECTION>
		</DUMMY>
		<DUMMY name="spawn_team1_114">
			<POSITION>-2950.9204102 36.2860260 1041.8518066</POSITION>
			<DIRECTION>0.0000000 0.0000000 0.9999999</DIRECTION>
		</DUMMY>
		<DUMMY name="spawn_team2_115">
			<POSITION>-284.5363159 -186.3562012 1660.3526611</POSITION>
			<DIRECTION>0.0000000 0.9999999 0.0000000</DIRECTION>
		</DUMMY>
		<DUMMY name="spawn_team1_115">
			<POSITION>-2816.8488770 -119.9669037 1041.8518066</POSITION>
			<DIRECTION>0.0000000 0.0000000 0.9999999</DIRECTION>
		</DUMMY>
		<DUMMY name="spawn_team2_116">
			<POSITION>-280.2111206 -296.5710449 1660.3526611</POSITION>
			<DIRECTION>0.0000000 0.9999999 0.0000000</DIRECTION>
		</DUMMY>
		<DUMMY name="spawn_team1_116">
			<POSITION>-3085.0556641 -362.4581299 1041.8518066</POSITION>
			<DIRECTION>0.0000000 0.0000000 0.9999999</DIRECTION>
		</DUMMY>
		<DUMMY name="wait_pos_01">
			<POSITION>-4388.1694336 -53.4871635 1066.5413818</POSITION>
			<DIRECTION>0.9864640 0.0000000 0.1639770</DIRECTION>
		</DUMMY>
		<DUMMY name="spawn_item_solo_hp03_01">
			<POSITION>714.7283936 -2842.6118164 1113.4003906</POSITION>
			<DIRECTION>0.0000000 0.9999999 0.0000000</DIRECTION>
		</DUMMY>
		<DUMMY name="spawn_item_solo_hp02_01">
			<POSITION>-6368.6909180 -2357.0378418 1065.6977539</POSITION>
			<DIRECTION>0.0000000 0.9999999 0.0000000</DIRECTION>
		</DUMMY>
		<DUMMY name="spawn_solo_103">
			<POSITION>598.5214844 429.1686707 1672.6666260</POSITION>
			<DIRECTION>-0.9999999 -0.0000001 0.0000000</DIRECTION>
		</DUMMY>
		<DUMMY name="spawn_solo_104">
			<POSITION>-4370.4399414 -2568.7009277 1007.4379883</POSITION>
			<DIRECTION>-0.9999999 -0.0000001 0.0000000</DIRECTION>
		</DUMMY>
		<DUMMY name="spawn_solo_105">
			<POSITION>3380.6843262 -2921.9555664 1007.4379883</POSITION>
			<DIRECTION>-0.9999999 -0.0000001 0.0000000</DIRECTION>
		</DUMMY>
		<DUMMY name="spawn_solo_106">
			<POSITION>1908.9902344 -2270.0766602 1007.4379883</POSITION>
			<DIRECTION>-0.9999999 -0.0000001 0.0000000</DIRECTION>
		</DUMMY>
		<DUMMY name="spawn_solo_107">
			<POSITION>1336.4252930 -221.2072754 1760.5645752</POSITION>
			<DIRECTION>-0.9999999 -0.0000001 0.0000000</DIRECTION>
		</DUMMY>
		<DUMMY name="spawn_solo_108">
			<POSITION>2350.3417969 -934.9680176 1672.6666260</POSITION>
			<DIRECTION>-0.9999999 -0.0000001 0.0000000</DIRECTION>
		</DUMMY>
		<DUMMY name="spawn_solo_111">
			<POSITION>-422.5363770 -913.6586914 1672.6666260</POSITION>
			<DIRECTION>-0.9999999 -0.0000001 0.0000000</DIRECTION>
		</DUMMY>
	</DUMMYLIST>
	<OCCLUSIONLIST>
	</OCCLUSIONLIST>
	<AMBIENTSOUNDLIST>
	</AMBIENTSOUNDLIST>
	<FOG min="100" max="3500">
		<R>18 </R>
		<G>16 </G>
		<B>13</B>
	</FOG>
	
	<GLOBAL>
		<fog_enable>TRUE</fog_enable>
		<fog_min>0</fog_min>
		<fog_max>4500</fog_max>
		<fog_color>18,16,13</fog_color>
	</GLOBAL>
</XML>
