<?xml version="1.0"?>
<XML>
	<GAMETYPE id="solo">
		<SPAWN item="hp03" timesec="45000">
			<POSITION>-2605.5900879 33.1979980 1021.0451660</POSITION>
		</SPAWN>
		<SPAWN item="hp02" timesec="30000">
			<POSITION>813.1044922 -925.8061523 1725.1496582</POSITION>
		</SPAWN>
		<SPAWN item="hp03" timesec="45000">
			<POSITION>714.7283936 -2842.6118164 1113.4003906</POSITION>
		</SPAWN>
		<SPAWN item="hp02" timesec="30000">
			<POSITION>-6368.6909180 -2357.0378418 1065.6977539</POSITION>
		</SPAWN>
</GAMETYPE><GAMETYPE id="team">
</GAMETYPE>
</XML>
