<?xml version="1.0"?>
<XML>
	<MATERIALLIST>
		<MATERIAL name="Material__33">
			<DIFFUSE>0.5880000 0.5880000 0.5880000</DIFFUSE>
			<AMBIENT>0.5880000 0.5880000 0.5880000</AMBIENT>
			<SPECULAR>0.9000000 0.9000000 0.9000000</SPECULAR>
			<DIFFUSEMAP>1.dds</DIFFUSEMAP>
		</MATERIAL>
		<MATERIAL name="Material__691">
			<DIFFUSE>0.5880000 0.5880000 0.5880000</DIFFUSE>
			<AMBIENT>0.5880000 0.5880000 0.5880000</AMBIENT>
			<SPECULAR>0.9000000 0.9000000 0.9000000</SPECULAR>
			<DIFFUSEMAP>4.dds</DIFFUSEMAP>
		</MATERIAL>
		<MATERIAL name="Material__9">
			<DIFFUSE>0.5880000 0.5880000 0.5880000</DIFFUSE>
			<AMBIENT>0.5880000 0.5880000 0.5880000</AMBIENT>
			<SPECULAR>0.9000000 0.9000000 0.9000000</SPECULAR>
			<DIFFUSEMAP>floor_grass3&amp;soil_soil_transition.jpg</DIFFUSEMAP>
		</MATERIAL>
		<MATERIAL name="Standard_4">
			<DIFFUSE>0.5880000 0.5880000 0.5880000</DIFFUSE>
			<AMBIENT>0.5880000 0.5880000 0.5880000</AMBIENT>
			<SPECULAR>0.9000000 0.9000000 0.9000000</SPECULAR>
			<DIFFUSEMAP>ZombieHospital_material_18.tga</DIFFUSEMAP>
		</MATERIAL>
		<MATERIAL name="baab2ae2_ddsddas">
			<DIFFUSE>0.7000000 0.7000000 0.7000000</DIFFUSE>
			<AMBIENT>0.7000000 0.7000000 0.7000000</AMBIENT>
			<SPECULAR>0.1000000 0.1000000 0.1000000</SPECULAR>
			<DIFFUSEMAP>baab2ae2.dds</DIFFUSEMAP>
			<TWOSIDED/>
			<USEOPACITY/>
				<USEALPHATEST/>
		</MATERIAL>
		<MATERIAL name="7e288432_dds">
			<DIFFUSE>0.7000000 0.7000000 0.7000000</DIFFUSE>
			<AMBIENT>0.7000000 0.7000000 0.7000000</AMBIENT>
			<SPECULAR>0.1000000 0.1000000 0.1000000</SPECULAR>
			<DIFFUSEMAP>7e288432.dds</DIFFUSEMAP>
			<TWOSIDED/>
			<USEOPACITY/>
				<USEALPHATEST/>
		</MATERIAL>
		<MATERIAL name="e4cfa970_dds">
			<DIFFUSE>0.7000000 0.7000000 0.7000000</DIFFUSE>
			<AMBIENT>0.7000000 0.7000000 0.7000000</AMBIENT>
			<SPECULAR>0.1000000 0.1000000 0.1000000</SPECULAR>
			<DIFFUSEMAP>e4cfa970.dds</DIFFUSEMAP>
		</MATERIAL>
		<MATERIAL name="0f622732_dds">
			<DIFFUSE>0.7000000 0.7000000 0.7000000</DIFFUSE>
			<AMBIENT>0.7000000 0.7000000 0.7000000</AMBIENT>
			<SPECULAR>0.1000000 0.1000000 0.1000000</SPECULAR>
			<DIFFUSEMAP>0f622732.dds</DIFFUSEMAP>
			<TWOSIDED/>
				<USEALPHATEST/>
		</MATERIAL>
		<MATERIAL name="ac84df5c_dds">
			<DIFFUSE>0.7000000 0.7000000 0.7000000</DIFFUSE>
			<AMBIENT>0.7000000 0.7000000 0.7000000</AMBIENT>
			<SPECULAR>0.1000000 0.1000000 0.1000000</SPECULAR>
			<DIFFUSEMAP>ac84df5c.dds</DIFFUSEMAP>
		</MATERIAL>
		<MATERIAL name="ece4ae0b_dds">
			<DIFFUSE>0.7000000 0.7000000 0.7000000</DIFFUSE>
			<AMBIENT>0.7000000 0.7000000 0.7000000</AMBIENT>
			<SPECULAR>0.1000000 0.1000000 0.1000000</SPECULAR>
			<DIFFUSEMAP>ece4ae0b.dds</DIFFUSEMAP>
			<TWOSIDED/>
				<USEALPHATEST/>
		</MATERIAL>
		<MATERIAL name="9bcd71a8_dds">
			<DIFFUSE>0.7000000 0.7000000 0.7000000</DIFFUSE>
			<AMBIENT>0.7000000 0.7000000 0.7000000</AMBIENT>
			<SPECULAR>0.1000000 0.1000000 0.1000000</SPECULAR>
			<DIFFUSEMAP>9bcd71a8.dds</DIFFUSEMAP>
			<TWOSIDED/>
			<USEOPACITY/>
		</MATERIAL>
		<MATERIAL name="Material__10">
			<DIFFUSE>0.5880000 0.5880000 0.5880000</DIFFUSE>
			<AMBIENT>0.5880000 0.5880000 0.5880000</AMBIENT>
			<SPECULAR>0.9000000 0.9000000 0.9000000</SPECULAR>
			<DIFFUSEMAP>huopengtai_04.tga</DIFFUSEMAP>
		</MATERIAL>
		<MATERIAL name="txa_30_2000_fire_a00">
			<DIFFUSE>0.5880000 0.5880000 0.5880000</DIFFUSE>
			<AMBIENT>0.5880000 0.5880000 0.5880000</AMBIENT>
			<SPECULAR>0.9000000 0.9000000 0.9000000</SPECULAR>
			<DIFFUSEMAP>txa 30 2000 fire_a00.dds</DIFFUSEMAP>
			<ADDITIVE/>
			<TWOSIDED/>
				<USEALPHATEST/>
		</MATERIAL>
		<MATERIAL name="Standard_8">
			<DIFFUSE>0.5880000 0.5880000 0.5880000</DIFFUSE>
			<AMBIENT>0.5880000 0.5880000 0.5880000</AMBIENT>
			<SPECULAR>0.9000000 0.9000000 0.9000000</SPECULAR>
			<DIFFUSEMAP>ZombieHospital_material_18.tga</DIFFUSEMAP>
			<TWOSIDED/>
			<USEOPACITY/>
				<USEALPHATEST/>
		</MATERIAL>
	</MATERIALLIST>
	<LIGHTLIST>
		<LIGHT name="Omni_main 01">
			<POSITION>481.2685547 6276.5039063 10024.9843750</POSITION>
			<COLOR>0.2941177 0.2666667 0.1215686</COLOR>
			<INTENSITY>0.0900000</INTENSITY>
			<ATTENUATIONSTART>30000.0000000</ATTENUATIONSTART>
			<ATTENUATIONEND>30000.0000000</ATTENUATIONEND>
			<CASTSHADOW/>
		</LIGHT>
		<LIGHT name="Omni_main 02">
			<POSITION>-9855.2812500 2634.7602539 10024.9843750</POSITION>
			<COLOR>0.2941177 0.2666667 0.1215686</COLOR>
			<INTENSITY>0.0900000</INTENSITY>
			<ATTENUATIONSTART>30000.0000000</ATTENUATIONSTART>
			<ATTENUATIONEND>30000.0000000</ATTENUATIONEND>
			<CASTSHADOW/>
		</LIGHT>
		<LIGHT name="Omni_main 04">
			<POSITION>5489.6132813 -18234.6054688 13878.4101563</POSITION>
			<COLOR>0.2941177 0.2666667 0.1215686</COLOR>
			<INTENSITY>0.0900000</INTENSITY>
			<ATTENUATIONSTART>30000.0000000</ATTENUATIONSTART>
			<ATTENUATIONEND>30000.0000000</ATTENUATIONEND>
			<CASTSHADOW/>
		</LIGHT>
		<LIGHT name="Omni_main 05">
			<POSITION>-9855.2812500 2634.7602539 -9975.0156250</POSITION>
			<COLOR>0.2941177 0.2666667 0.1215686</COLOR>
			<INTENSITY>0.0900000</INTENSITY>
			<ATTENUATIONSTART>30000.0000000</ATTENUATIONSTART>
			<ATTENUATIONEND>30000.0000000</ATTENUATIONEND>
			<CASTSHADOW/>
		</LIGHT>
		<LIGHT name="Omni_main 06">
			<POSITION>-10000.0000000 -20355.2929688 -9975.0156250</POSITION>
			<COLOR>0.2941177 0.2666667 0.1215686</COLOR>
			<INTENSITY>0.0900000</INTENSITY>
			<ATTENUATIONSTART>30000.0000000</ATTENUATIONSTART>
			<ATTENUATIONEND>30000.0000000</ATTENUATIONEND>
			<CASTSHADOW/>
		</LIGHT>
		<LIGHT name="Omni_main 07">
			<POSITION>5489.6132813 -20346.3984375 -9975.0156250</POSITION>
			<COLOR>0.2941177 0.2666667 0.1215686</COLOR>
			<INTENSITY>0.0900000</INTENSITY>
			<ATTENUATIONSTART>30000.0000000</ATTENUATIONSTART>
			<ATTENUATIONEND>30000.0000000</ATTENUATIONEND>
			<CASTSHADOW/>
		</LIGHT>
		<LIGHT name="Omni_main 08">
			<POSITION>481.2685547 6276.5039063 -9975.0156250</POSITION>
			<COLOR>0.2941177 0.2666667 0.1215686</COLOR>
			<INTENSITY>0.0900000</INTENSITY>
			<ATTENUATIONSTART>30000.0000000</ATTENUATIONSTART>
			<ATTENUATIONEND>30000.0000000</ATTENUATIONEND>
			<CASTSHADOW/>
		</LIGHT>
		<LIGHT name="sun_Omni">
			<POSITION>53544.5312500 61344.7460938 13959.4003906</POSITION>
			<COLOR>1.0000000 1.0000000 1.0000000</COLOR>
			<INTENSITY>0.3000000</INTENSITY>
			<ATTENUATIONSTART>100000.0000000</ATTENUATIONSTART>
			<ATTENUATIONEND>100000.0000000</ATTENUATIONEND>
			<CASTSHADOW/>
		</LIGHT>
		<LIGHT name="Omni_deco_a08">
			<POSITION>426.7717285 -5856.0874023 2527.6674805</POSITION>
			<COLOR>1.0000000 0.9490197 0.7647060</COLOR>
			<INTENSITY>0.6000000</INTENSITY>
			<ATTENUATIONSTART>184.4531708</ATTENUATIONSTART>
			<ATTENUATIONEND>745.9121094</ATTENUATIONEND>
		</LIGHT>
		<LIGHT name="Omni_main 09">
			<POSITION>-2356.5000000 -18234.6054688 13878.4101563</POSITION>
			<COLOR>0.2941177 0.2666667 0.1215686</COLOR>
			<INTENSITY>0.0900000</INTENSITY>
			<ATTENUATIONSTART>30000.0000000</ATTENUATIONSTART>
			<ATTENUATIONEND>30000.0000000</ATTENUATIONEND>
			<CASTSHADOW/>
		</LIGHT>
		<LIGHT name="Omni_deco_a27">
			<POSITION>-328.5745850 -2734.2099609 2356.5471191</POSITION>
			<COLOR>0.5607843 0.5176471 0.3529412</COLOR>
			<INTENSITY>0.6000000</INTENSITY>
			<ATTENUATIONSTART>252.7008362</ATTENUATIONSTART>
			<ATTENUATIONEND>745.9121094</ATTENUATIONEND>
		</LIGHT>
		<LIGHT name="obj_Omni_street_light_f19">
			<POSITION>-123.3803101 -6676.1220703 2353.4736328</POSITION>
			<COLOR>1.0000000 0.9686275 0.6980392</COLOR>
			<INTENSITY>0.6000000</INTENSITY>
			<ATTENUATIONSTART>228.0000000</ATTENUATIONSTART>
			<ATTENUATIONEND>595.0000000</ATTENUATIONEND>
		</LIGHT>
		<LIGHT name="Omni_street_light_f21">
			<POSITION>-141.0042419 -6699.7880859 2362.9951172</POSITION>
			<COLOR>0.6901961 0.5607843 0.2784314</COLOR>
			<INTENSITY>0.9000000</INTENSITY>
			<ATTENUATIONSTART>57.0000038</ATTENUATIONSTART>
			<ATTENUATIONEND>140.0000153</ATTENUATIONEND>
		</LIGHT>
		<LIGHT name="Omni_street_light_e20">
			<POSITION>-161.0727539 -6726.7373047 2373.8378906</POSITION>
			<COLOR>1.0000000 0.7450981 0.1921569</COLOR>
			<INTENSITY>0.9000000</INTENSITY>
			<ATTENUATIONSTART>144.1961975</ATTENUATIONSTART>
			<ATTENUATIONEND>613.2224121</ATTENUATIONEND>
			<CASTSHADOW/>
		</LIGHT>
		<LIGHT name="Omni_street_light_e39">
			<POSITION>-131.4554443 -5178.8193359 2373.8378906</POSITION>
			<COLOR>1.0000000 0.7450981 0.1921569</COLOR>
			<INTENSITY>0.9000000</INTENSITY>
			<ATTENUATIONSTART>144.1961975</ATTENUATIONSTART>
			<ATTENUATIONEND>613.2224121</ATTENUATIONEND>
			<CASTSHADOW/>
		</LIGHT>
		<LIGHT name="obj_Omni_street_light_f38">
			<POSITION>-93.7630005 -5128.2041016 2353.4736328</POSITION>
			<COLOR>1.0000000 0.9686275 0.6980392</COLOR>
			<INTENSITY>0.6000000</INTENSITY>
			<ATTENUATIONSTART>228.0000000</ATTENUATIONSTART>
			<ATTENUATIONEND>595.0000000</ATTENUATIONEND>
		</LIGHT>
		<LIGHT name="Omni_street_light_f40">
			<POSITION>-111.3869324 -5151.8701172 2362.9951172</POSITION>
			<COLOR>0.6901961 0.5607843 0.2784314</COLOR>
			<INTENSITY>0.9000000</INTENSITY>
			<ATTENUATIONSTART>57.0000038</ATTENUATIONSTART>
			<ATTENUATIONEND>140.0000153</ATTENUATIONEND>
		</LIGHT>
		<LIGHT name="obj_Omni_street_light_f39">
			<POSITION>935.0783081 -5110.1245117 2353.4736328</POSITION>
			<COLOR>1.0000000 0.9686275 0.6980392</COLOR>
			<INTENSITY>0.6000000</INTENSITY>
			<ATTENUATIONSTART>228.0000000</ATTENUATIONSTART>
			<ATTENUATIONEND>595.0000000</ATTENUATIONEND>
		</LIGHT>
		<LIGHT name="Omni_street_light_f41">
			<POSITION>953.0617065 -5133.5190430 2362.9951172</POSITION>
			<COLOR>0.6901961 0.5607843 0.2784314</COLOR>
			<INTENSITY>0.9000000</INTENSITY>
			<ATTENUATIONSTART>57.0000038</ATTENUATIONSTART>
			<ATTENUATIONEND>140.0000153</ATTENUATIONEND>
		</LIGHT>
		<LIGHT name="Omni_street_light_e40">
			<POSITION>973.5402222 -5160.1577148 2373.8378906</POSITION>
			<COLOR>1.0000000 0.7450981 0.1921569</COLOR>
			<INTENSITY>0.9000000</INTENSITY>
			<ATTENUATIONSTART>144.1961975</ATTENUATIONSTART>
			<ATTENUATIONEND>613.2224121</ATTENUATIONEND>
			<CASTSHADOW/>
		</LIGHT>
		<LIGHT name="Omni_street_light_f42">
			<POSITION>-439.6965332 364.2321167 2362.9951172</POSITION>
			<COLOR>0.6901961 0.5607843 0.2784314</COLOR>
			<INTENSITY>0.9000000</INTENSITY>
			<ATTENUATIONSTART>57.0000038</ATTENUATIONSTART>
			<ATTENUATIONEND>140.0000153</ATTENUATIONEND>
		</LIGHT>
		<LIGHT name="Omni_street_light_e41">
			<POSITION>-412.1809082 344.9475403 2373.8378906</POSITION>
			<COLOR>1.0000000 0.7450981 0.1921569</COLOR>
			<INTENSITY>0.9000000</INTENSITY>
			<ATTENUATIONSTART>144.1961975</ATTENUATIONSTART>
			<ATTENUATIONEND>613.2224121</ATTENUATIONEND>
			<CASTSHADOW/>
		</LIGHT>
		<LIGHT name="obj_Omni_street_light_f40">
			<POSITION>-463.8599854 381.1676331 2353.4736328</POSITION>
			<COLOR>1.0000000 0.9686275 0.6980392</COLOR>
			<INTENSITY>0.6000000</INTENSITY>
			<ATTENUATIONSTART>228.0000000</ATTENUATIONSTART>
			<ATTENUATIONEND>595.0000000</ATTENUATIONEND>
		</LIGHT>
		<LIGHT name="Omni_street_light_f43">
			<POSITION>373.5590515 387.2553101 2362.9951172</POSITION>
			<COLOR>0.6901961 0.5607843 0.2784314</COLOR>
			<INTENSITY>0.9000000</INTENSITY>
			<ATTENUATIONSTART>57.0000038</ATTENUATIONSTART>
			<ATTENUATIONEND>140.0000153</ATTENUATIONEND>
		</LIGHT>
		<LIGHT name="obj_Omni_street_light_f41">
			<POSITION>359.5933533 361.2617188 2353.4736328</POSITION>
			<COLOR>1.0000000 0.9686275 0.6980392</COLOR>
			<INTENSITY>0.6000000</INTENSITY>
			<ATTENUATIONSTART>228.0000000</ATTENUATIONSTART>
			<ATTENUATIONEND>595.0000000</ATTENUATIONEND>
		</LIGHT>
		<LIGHT name="Omni_street_light_e42">
			<POSITION>389.4608459 416.8546753 2373.8378906</POSITION>
			<COLOR>1.0000000 0.7450981 0.1921569</COLOR>
			<INTENSITY>0.9000000</INTENSITY>
			<ATTENUATIONSTART>144.1961975</ATTENUATIONSTART>
			<ATTENUATIONEND>613.2224121</ATTENUATIONEND>
			<CASTSHADOW/>
		</LIGHT>
		<LIGHT name="Omni_street_light_f45">
			<POSITION>466.0544128 -1274.1925049 2362.9951172</POSITION>
			<COLOR>0.6901961 0.5607843 0.2784314</COLOR>
			<INTENSITY>0.9000000</INTENSITY>
			<ATTENUATIONSTART>57.0000038</ATTENUATIONSTART>
			<ATTENUATIONEND>140.0000153</ATTENUATIONEND>
		</LIGHT>
		<LIGHT name="obj_Omni_street_light_f43">
			<POSITION>452.0887146 -1300.1861572 2353.4736328</POSITION>
			<COLOR>1.0000000 0.9686275 0.6980392</COLOR>
			<INTENSITY>0.6000000</INTENSITY>
			<ATTENUATIONSTART>228.0000000</ATTENUATIONSTART>
			<ATTENUATIONEND>595.0000000</ATTENUATIONEND>
		</LIGHT>
		<LIGHT name="Omni_street_light_e44">
			<POSITION>481.9562073 -1244.5931396 2373.8378906</POSITION>
			<COLOR>1.0000000 0.7450981 0.1921569</COLOR>
			<INTENSITY>0.9000000</INTENSITY>
			<ATTENUATIONSTART>144.1961975</ATTENUATIONSTART>
			<ATTENUATIONEND>613.2224121</ATTENUATIONEND>
			<CASTSHADOW/>
		</LIGHT>
		<LIGHT name="Omni_street_light_f47">
			<POSITION>-1498.6730957 -4078.9035645 2362.9951172</POSITION>
			<COLOR>0.6901961 0.5607843 0.2784314</COLOR>
			<INTENSITY>0.9000000</INTENSITY>
			<ATTENUATIONSTART>57.0000038</ATTENUATIONSTART>
			<ATTENUATIONEND>140.0000153</ATTENUATIONEND>
		</LIGHT>
		<LIGHT name="obj_Omni_street_light_f45">
			<POSITION>-1472.8078613 -4064.7023926 2353.4736328</POSITION>
			<COLOR>1.0000000 0.9686275 0.6980392</COLOR>
			<INTENSITY>0.6000000</INTENSITY>
			<ATTENUATIONSTART>228.0000000</ATTENUATIONSTART>
			<ATTENUATIONEND>595.0000000</ATTENUATIONEND>
		</LIGHT>
		<LIGHT name="Omni_street_light_e46">
			<POSITION>-1528.1262207 -4095.0749512 2373.8378906</POSITION>
			<COLOR>1.0000000 0.7450981 0.1921569</COLOR>
			<INTENSITY>0.9000000</INTENSITY>
			<ATTENUATIONSTART>144.1961975</ATTENUATIONSTART>
			<ATTENUATIONEND>613.2224121</ATTENUATIONEND>
			<CASTSHADOW/>
		</LIGHT>
		<LIGHT name="Omni_street_light_f48">
			<POSITION>-2769.0029297 -3409.2302246 2362.9951172</POSITION>
			<COLOR>0.6901961 0.5607843 0.2784314</COLOR>
			<INTENSITY>0.9000000</INTENSITY>
			<ATTENUATIONSTART>57.0000038</ATTENUATIONSTART>
			<ATTENUATIONEND>140.0000153</ATTENUATIONEND>
		</LIGHT>
		<LIGHT name="obj_Omni_street_light_f46">
			<POSITION>-2789.2373047 -3387.7534180 2353.4736328</POSITION>
			<COLOR>1.0000000 0.9686275 0.6980392</COLOR>
			<INTENSITY>0.6000000</INTENSITY>
			<ATTENUATIONSTART>228.0000000</ATTENUATIONSTART>
			<ATTENUATIONEND>595.0000000</ATTENUATIONEND>
		</LIGHT>
		<LIGHT name="Omni_street_light_e47">
			<POSITION>-2745.9614258 -3433.6860352 2373.8378906</POSITION>
			<COLOR>1.0000000 0.7450981 0.1921569</COLOR>
			<INTENSITY>0.9000000</INTENSITY>
			<ATTENUATIONSTART>144.1961975</ATTENUATIONSTART>
			<ATTENUATIONEND>613.2224121</ATTENUATIONEND>
			<CASTSHADOW/>
		</LIGHT>
		<LIGHT name="Omni_street_light_e48">
			<POSITION>-2730.0385742 -2573.9675293 2373.8378906</POSITION>
			<COLOR>1.0000000 0.7450981 0.1921569</COLOR>
			<INTENSITY>0.9000000</INTENSITY>
			<ATTENUATIONSTART>144.1961975</ATTENUATIONSTART>
			<ATTENUATIONEND>613.2224121</ATTENUATIONEND>
			<CASTSHADOW/>
		</LIGHT>
		<LIGHT name="Omni_street_light_f49">
			<POSITION>-2755.1203613 -2596.3261719 2362.9951172</POSITION>
			<COLOR>0.6901961 0.5607843 0.2784314</COLOR>
			<INTENSITY>0.9000000</INTENSITY>
			<ATTENUATIONSTART>57.0000038</ATTENUATIONSTART>
			<ATTENUATIONEND>140.0000153</ATTENUATIONEND>
		</LIGHT>
		<LIGHT name="obj_Omni_street_light_f47">
			<POSITION>-2777.1469727 -2615.9606934 2353.4736328</POSITION>
			<COLOR>1.0000000 0.9686275 0.6980392</COLOR>
			<INTENSITY>0.6000000</INTENSITY>
			<ATTENUATIONSTART>228.0000000</ATTENUATIONSTART>
			<ATTENUATIONEND>595.0000000</ATTENUATIONEND>
		</LIGHT>
		<LIGHT name="Omni_street_light_e49">
			<POSITION>-4421.2558594 -2573.9675293 2373.8378906</POSITION>
			<COLOR>1.0000000 0.7450981 0.1921569</COLOR>
			<INTENSITY>0.9000000</INTENSITY>
			<ATTENUATIONSTART>144.1961975</ATTENUATIONSTART>
			<ATTENUATIONEND>613.2224121</ATTENUATIONEND>
			<CASTSHADOW/>
		</LIGHT>
		<LIGHT name="Omni_street_light_f50">
			<POSITION>-4446.3378906 -2596.3261719 2362.9951172</POSITION>
			<COLOR>0.6901961 0.5607843 0.2784314</COLOR>
			<INTENSITY>0.9000000</INTENSITY>
			<ATTENUATIONSTART>57.0000038</ATTENUATIONSTART>
			<ATTENUATIONEND>140.0000153</ATTENUATIONEND>
		</LIGHT>
		<LIGHT name="obj_Omni_street_light_f48">
			<POSITION>-4468.3642578 -2615.9606934 2353.4736328</POSITION>
			<COLOR>1.0000000 0.9686275 0.6980392</COLOR>
			<INTENSITY>0.6000000</INTENSITY>
			<ATTENUATIONSTART>228.0000000</ATTENUATIONSTART>
			<ATTENUATIONEND>595.0000000</ATTENUATIONEND>
		</LIGHT>
		<LIGHT name="Omni_street_light_f51">
			<POSITION>-4460.2202148 -3215.3774414 2362.9951172</POSITION>
			<COLOR>0.6901961 0.5607843 0.2784314</COLOR>
			<INTENSITY>0.9000000</INTENSITY>
			<ATTENUATIONSTART>57.0000038</ATTENUATIONSTART>
			<ATTENUATIONEND>140.0000153</ATTENUATIONEND>
		</LIGHT>
		<LIGHT name="obj_Omni_street_light_f49">
			<POSITION>-4480.4545898 -3193.9006348 2353.4736328</POSITION>
			<COLOR>1.0000000 0.9686275 0.6980392</COLOR>
			<INTENSITY>0.6000000</INTENSITY>
			<ATTENUATIONSTART>228.0000000</ATTENUATIONSTART>
			<ATTENUATIONEND>595.0000000</ATTENUATIONEND>
		</LIGHT>
		<LIGHT name="Omni_street_light_e50">
			<POSITION>-4437.1782227 -3239.8332520 2373.8378906</POSITION>
			<COLOR>1.0000000 0.7450981 0.1921569</COLOR>
			<INTENSITY>0.9000000</INTENSITY>
			<ATTENUATIONSTART>144.1961975</ATTENUATIONSTART>
			<ATTENUATIONEND>613.2224121</ATTENUATIONEND>
			<CASTSHADOW/>
		</LIGHT>
		<LIGHT name="Omni_street_light_e51">
			<POSITION>-6104.8959961 -3151.7648926 2373.8378906</POSITION>
			<COLOR>1.0000000 0.7450981 0.1921569</COLOR>
			<INTENSITY>0.9000000</INTENSITY>
			<ATTENUATIONSTART>144.1961975</ATTENUATIONSTART>
			<ATTENUATIONEND>613.2224121</ATTENUATIONEND>
			<CASTSHADOW/>
		</LIGHT>
		<LIGHT name="Omni_street_light_f52">
			<POSITION>-6127.9379883 -3127.3090820 2362.9951172</POSITION>
			<COLOR>0.6901961 0.5607843 0.2784314</COLOR>
			<INTENSITY>0.9000000</INTENSITY>
			<ATTENUATIONSTART>57.0000038</ATTENUATIONSTART>
			<ATTENUATIONEND>140.0000153</ATTENUATIONEND>
		</LIGHT>
		<LIGHT name="obj_Omni_street_light_f50">
			<POSITION>-6148.1723633 -3105.8322754 2353.4736328</POSITION>
			<COLOR>1.0000000 0.9686275 0.6980392</COLOR>
			<INTENSITY>0.6000000</INTENSITY>
			<ATTENUATIONSTART>228.0000000</ATTENUATIONSTART>
			<ATTENUATIONEND>595.0000000</ATTENUATIONEND>
		</LIGHT>
		<LIGHT name="Omni_street_light_e52">
			<POSITION>-6116.8569336 -2503.3159180 2373.8378906</POSITION>
			<COLOR>1.0000000 0.7450981 0.1921569</COLOR>
			<INTENSITY>0.9000000</INTENSITY>
			<ATTENUATIONSTART>144.1961975</ATTENUATIONSTART>
			<ATTENUATIONEND>613.2224121</ATTENUATIONEND>
			<CASTSHADOW/>
		</LIGHT>
		<LIGHT name="Omni_street_light_f53">
			<POSITION>-6141.9389648 -2525.6745605 2362.9951172</POSITION>
			<COLOR>0.6901961 0.5607843 0.2784314</COLOR>
			<INTENSITY>0.9000000</INTENSITY>
			<ATTENUATIONSTART>57.0000038</ATTENUATIONSTART>
			<ATTENUATIONEND>140.0000153</ATTENUATIONEND>
		</LIGHT>
		<LIGHT name="obj_Omni_street_light_f51">
			<POSITION>-6163.9653320 -2545.3090820 2353.4736328</POSITION>
			<COLOR>1.0000000 0.9686275 0.6980392</COLOR>
			<INTENSITY>0.6000000</INTENSITY>
			<ATTENUATIONSTART>228.0000000</ATTENUATIONSTART>
			<ATTENUATIONEND>595.0000000</ATTENUATIONEND>
		</LIGHT>
		<LIGHT name="Omni_deco_a29">
			<POSITION>-3240.2617188 -6318.6914063 2527.6674805</POSITION>
			<COLOR>0.5607843 0.5176471 0.3529412</COLOR>
			<INTENSITY>0.6000000</INTENSITY>
			<ATTENUATIONSTART>252.7008362</ATTENUATIONSTART>
			<ATTENUATIONEND>745.9121094</ATTENUATIONEND>
		</LIGHT>
		<LIGHT name="Omni_deco_a30">
			<POSITION>-2506.2016602 -101.4406433 2527.6674805</POSITION>
			<COLOR>0.5607843 0.5176471 0.3529412</COLOR>
			<INTENSITY>0.6000000</INTENSITY>
			<ATTENUATIONSTART>252.7008362</ATTENUATIONSTART>
			<ATTENUATIONEND>745.9121094</ATTENUATIONEND>
		</LIGHT>
		<LIGHT name="Omni_street_light_f39">
			<POSITION>821.3025513 -6699.2470703 2362.9951172</POSITION>
			<COLOR>0.6901961 0.5607843 0.2784314</COLOR>
			<INTENSITY>0.9000000</INTENSITY>
			<ATTENUATIONSTART>57.0000038</ATTENUATIONSTART>
			<ATTENUATIONEND>140.0000153</ATTENUATIONEND>
		</LIGHT>
		<LIGHT name="Omni_street_light_e38">
			<POSITION>841.7810669 -6725.8857422 2373.8378906</POSITION>
			<COLOR>1.0000000 0.7450981 0.1921569</COLOR>
			<INTENSITY>0.9000000</INTENSITY>
			<ATTENUATIONSTART>144.1961975</ATTENUATIONSTART>
			<ATTENUATIONEND>613.2224121</ATTENUATIONEND>
			<CASTSHADOW/>
		</LIGHT>
		<LIGHT name="obj_Omni_street_light_f37">
			<POSITION>803.3191528 -6675.8525391 2353.4736328</POSITION>
			<COLOR>1.0000000 0.9686275 0.6980392</COLOR>
			<INTENSITY>0.6000000</INTENSITY>
			<ATTENUATIONSTART>228.0000000</ATTENUATIONSTART>
			<ATTENUATIONEND>595.0000000</ATTENUATIONEND>
		</LIGHT>
		<LIGHT name="Omni_street_light_f46">
			<POSITION>-1499.4230957 -2190.1672363 2362.9951172</POSITION>
			<COLOR>0.6901961 0.5607843 0.2784314</COLOR>
			<INTENSITY>0.9000000</INTENSITY>
			<ATTENUATIONSTART>57.0000038</ATTENUATIONSTART>
			<ATTENUATIONEND>140.0000153</ATTENUATIONEND>
		</LIGHT>
		<LIGHT name="obj_Omni_street_light_f44">
			<POSITION>-1478.9372559 -2211.4042969 2353.4736328</POSITION>
			<COLOR>1.0000000 0.9686275 0.6980392</COLOR>
			<INTENSITY>0.6000000</INTENSITY>
			<ATTENUATIONSTART>228.0000000</ATTENUATIONSTART>
			<ATTENUATIONEND>595.0000000</ATTENUATIONEND>
		</LIGHT>
		<LIGHT name="Omni_street_light_e45">
			<POSITION>-1522.7509766 -2165.9843750 2373.8378906</POSITION>
			<COLOR>1.0000000 0.7450981 0.1921569</COLOR>
			<INTENSITY>0.9000000</INTENSITY>
			<ATTENUATIONSTART>144.1961975</ATTENUATIONSTART>
			<ATTENUATIONEND>613.2224121</ATTENUATIONEND>
			<CASTSHADOW/>
		</LIGHT>
		<LIGHT name="obj_Omni_street_light_f42">
			<POSITION>-636.9124756 -1275.8098145 2353.4736328</POSITION>
			<COLOR>1.0000000 0.9686275 0.6980392</COLOR>
			<INTENSITY>0.6000000</INTENSITY>
			<ATTENUATIONSTART>228.0000000</ATTENUATIONSTART>
			<ATTENUATIONEND>595.0000000</ATTENUATIONEND>
		</LIGHT>
		<LIGHT name="Omni_street_light_f44">
			<POSITION>-612.7490234 -1292.7453613 2362.9951172</POSITION>
			<COLOR>0.6901961 0.5607843 0.2784314</COLOR>
			<INTENSITY>0.9000000</INTENSITY>
			<ATTENUATIONSTART>57.0000038</ATTENUATIONSTART>
			<ATTENUATIONEND>140.0000153</ATTENUATIONEND>
		</LIGHT>
		<LIGHT name="Omni_street_light_e43">
			<POSITION>-585.2333984 -1312.0300293 2373.8378906</POSITION>
			<COLOR>1.0000000 0.7450981 0.1921569</COLOR>
			<INTENSITY>0.9000000</INTENSITY>
			<ATTENUATIONSTART>144.1961975</ATTENUATIONSTART>
			<ATTENUATIONEND>613.2224121</ATTENUATIONEND>
			<CASTSHADOW/>
		</LIGHT>
		<LIGHT name="Omni_street_light_f54">
			<POSITION>-236.4480591 -2701.2485352 2362.9951172</POSITION>
			<COLOR>0.6901961 0.5607843 0.2784314</COLOR>
			<INTENSITY>0.9000000</INTENSITY>
			<ATTENUATIONSTART>57.0000038</ATTENUATIONSTART>
			<ATTENUATIONEND>140.0000153</ATTENUATIONEND>
		</LIGHT>
		<LIGHT name="Omni_street_light_e53">
			<POSITION>-233.5342712 -2734.7226563 2373.8378906</POSITION>
			<COLOR>1.0000000 0.7450981 0.1921569</COLOR>
			<INTENSITY>0.9000000</INTENSITY>
			<ATTENUATIONSTART>144.1961975</ATTENUATIONSTART>
			<ATTENUATIONEND>613.2224121</ATTENUATIONEND>
			<CASTSHADOW/>
		</LIGHT>
		<LIGHT name="obj_Omni_street_light_f52">
			<POSITION>-239.0066528 -2671.8522949 2353.4736328</POSITION>
			<COLOR>1.0000000 0.9686275 0.6980392</COLOR>
			<INTENSITY>0.6000000</INTENSITY>
			<ATTENUATIONSTART>228.0000000</ATTENUATIONSTART>
			<ATTENUATIONEND>595.0000000</ATTENUATIONEND>
		</LIGHT>
		<LIGHT name="Omni_street_light_f55">
			<POSITION>926.6481934 -3154.4096680 2362.9951172</POSITION>
			<COLOR>0.6901961 0.5607843 0.2784314</COLOR>
			<INTENSITY>0.9000000</INTENSITY>
			<ATTENUATIONSTART>57.0000038</ATTENUATIONSTART>
			<ATTENUATIONEND>140.0000153</ATTENUATIONEND>
		</LIGHT>
		<LIGHT name="Omni_street_light_e54">
			<POSITION>929.5618896 -3187.8837891 2373.8378906</POSITION>
			<COLOR>1.0000000 0.7450981 0.1921569</COLOR>
			<INTENSITY>0.9000000</INTENSITY>
			<ATTENUATIONSTART>144.1961975</ATTENUATIONSTART>
			<ATTENUATIONEND>613.2224121</ATTENUATIONEND>
			<CASTSHADOW/>
		</LIGHT>
		<LIGHT name="obj_Omni_street_light_f53">
			<POSITION>924.0895996 -3125.0134277 2353.4736328</POSITION>
			<COLOR>1.0000000 0.9686275 0.6980392</COLOR>
			<INTENSITY>0.6000000</INTENSITY>
			<ATTENUATIONSTART>228.0000000</ATTENUATIONSTART>
			<ATTENUATIONEND>595.0000000</ATTENUATIONEND>
		</LIGHT>
		<LIGHT name="Omni_deco_a31">
			<POSITION>834.5216064 -3187.3710938 2356.5471191</POSITION>
			<COLOR>0.5607843 0.5176471 0.3529412</COLOR>
			<INTENSITY>0.6000000</INTENSITY>
			<ATTENUATIONSTART>252.7008362</ATTENUATIONSTART>
			<ATTENUATIONEND>745.9121094</ATTENUATIONEND>
		</LIGHT>
	</LIGHTLIST>
	<OBJECTLIST>
		<OBJECT name="Resurrected_obj_txa_fire_a_01.elu">
		</OBJECT>
		<OBJECT name="Resurrected_obj_txa_fire_a_02.elu">
		</OBJECT>
		<OBJECT name="Resurrected_obj_txa_fire_a_03.elu">
		</OBJECT>
		<OBJECT name="Resurrected_obj_txa_fire_a_04.elu">
		</OBJECT>
		<OBJECT name="Resurrected_obj_txa_fire_a_05.elu">
		</OBJECT>
		<OBJECT name="Resurrected_obj_txa_fire_a_06.elu">
		</OBJECT>
		<OBJECT name="Resurrected_obj_txa_fire_a_07.elu">
		</OBJECT>
		<OBJECT name="Resurrected_obj_txa_fire_a_08.elu">
		</OBJECT>
		<OBJECT name="Resurrected_obj_txa_fire_a_09.elu">
		</OBJECT>
		<OBJECT name="Resurrected_obj_txa_fire_a_10.elu">
		</OBJECT>
		<OBJECT name="Resurrected_obj_txa_fire_a_11.elu">
		</OBJECT>
		<OBJECT name="Resurrected_obj_txa_fire_a_12.elu">
		</OBJECT>
		<OBJECT name="Resurrected_obj_txa_fire_a_13.elu">
		</OBJECT>
		<OBJECT name="Resurrected_obj_txa_fire_a_14.elu">
		</OBJECT>
		<OBJECT name="Resurrected_obj_txa_fire_a_15.elu">
		</OBJECT>
		<OBJECT name="Resurrected_obj_txa_fire_a_16.elu">
		</OBJECT>
	</OBJECTLIST>
	<DUMMYLIST>
		<DUMMY name="spawn_solo_101">
			<POSITION>-2006.4008789 -6551.5678711 2168.5061035</POSITION>
			<DIRECTION>-0.9495045 -0.3137533 0.0000000</DIRECTION>
		</DUMMY>
		<DUMMY name="spawn_solo_119">
			<POSITION>-4199.6772461 -1623.8461914 2168.5061035</POSITION>
			<DIRECTION>-0.3137532 0.9495046 0.0000000</DIRECTION>
		</DUMMY>
		<DUMMY name="spawn_solo_128">
			<POSITION>-2176.0104980 -4857.0463867 2168.5061035</POSITION>
			<DIRECTION>-0.3137532 0.9495046 0.0000000</DIRECTION>
		</DUMMY>
		<DUMMY name="spawn_solo_132">
			<POSITION>2570.3105469 -927.4985352 2168.5061035</POSITION>
			<DIRECTION>-0.9495045 -0.3137533 0.0000000</DIRECTION>
		</DUMMY>
		<DUMMY name="spawn_team2_102">
			<POSITION>3521.1596680 -2730.3615723 2497.3420410</POSITION>
			<DIRECTION>0.0000000 0.9999999 0.0000000</DIRECTION>
		</DUMMY>
		<DUMMY name="spawn_team1_102">
			<POSITION>-4858.8105469 -5619.5048828 2497.3425293</POSITION>
			<DIRECTION>0.0000001 -0.9999999 0.0000000</DIRECTION>
		</DUMMY>
		<DUMMY name="spawn_team2_103">
			<POSITION>3389.8559570 -2730.3615723 2497.3420410</POSITION>
			<DIRECTION>0.0000000 0.9999999 0.0000000</DIRECTION>
		</DUMMY>
		<DUMMY name="spawn_team1_103">
			<POSITION>-4727.5058594 -5619.5048828 2497.3425293</POSITION>
			<DIRECTION>0.0000001 -0.9999999 0.0000000</DIRECTION>
		</DUMMY>
		<DUMMY name="spawn_team2_104">
			<POSITION>3258.5512695 -2730.3615723 2497.3420410</POSITION>
			<DIRECTION>0.0000000 0.9999999 0.0000000</DIRECTION>
		</DUMMY>
		<DUMMY name="spawn_team1_104">
			<POSITION>-4596.2011719 -5619.5048828 2497.3425293</POSITION>
			<DIRECTION>0.0000001 -0.9999999 0.0000000</DIRECTION>
		</DUMMY>
		<DUMMY name="spawn_team2_105">
			<POSITION>3944.2934570 -1524.2568359 2497.3420410</POSITION>
			<DIRECTION>0.0000000 0.9999999 0.0000000</DIRECTION>
		</DUMMY>
		<DUMMY name="spawn_team1_105">
			<POSITION>-5618.5698242 -6669.1171875 2497.3425293</POSITION>
			<DIRECTION>0.0000001 -0.9999999 0.0000000</DIRECTION>
		</DUMMY>
		<DUMMY name="spawn_team2_106">
			<POSITION>3812.9887695 -1732.2285156 2497.3420410</POSITION>
			<DIRECTION>0.0000000 0.9999999 0.0000000</DIRECTION>
		</DUMMY>
		<DUMMY name="spawn_team1_106">
			<POSITION>-5487.2670898 -6554.1567383 2497.3425293</POSITION>
			<DIRECTION>0.0000001 -0.9999999 0.0000000</DIRECTION>
		</DUMMY>
		<DUMMY name="spawn_team2_107">
			<POSITION>3681.6850586 -1901.0300293 2497.3420410</POSITION>
			<DIRECTION>0.0000000 0.9999999 0.0000000</DIRECTION>
		</DUMMY>
		<DUMMY name="spawn_team1_107">
			<POSITION>-5355.9624023 -6451.2949219 2497.3425293</POSITION>
			<DIRECTION>0.0000001 -0.9999999 0.0000000</DIRECTION>
		</DUMMY>
		<DUMMY name="spawn_team2_108">
			<POSITION>3550.3813477 -2054.2919922 2497.3420410</POSITION>
			<DIRECTION>0.0000000 0.9999999 0.0000000</DIRECTION>
		</DUMMY>
		<DUMMY name="spawn_team1_108">
			<POSITION>-5224.6577148 -6351.7602539 2497.3425293</POSITION>
			<DIRECTION>0.0000001 -0.9999999 0.0000000</DIRECTION>
		</DUMMY>
		<DUMMY name="spawn_team2_109">
			<POSITION>3038.3256836 -2730.3757324 2497.3420410</POSITION>
			<DIRECTION>0.0000000 0.9999999 0.0000000</DIRECTION>
		</DUMMY>
		<DUMMY name="spawn_team1_109">
			<POSITION>-5501.2089844 -5613.2045898 2497.3425293</POSITION>
			<DIRECTION>0.0000001 -0.9999999 0.0000000</DIRECTION>
		</DUMMY>
		<DUMMY name="spawn_team2_110">
			<POSITION>3976.5605469 -2738.9377441 2497.3420410</POSITION>
			<DIRECTION>0.0000000 0.9999999 0.0000000</DIRECTION>
		</DUMMY>
		<DUMMY name="spawn_team1_110">
			<POSITION>-5369.9042969 -5613.2045898 2497.3425293</POSITION>
			<DIRECTION>0.0000001 -0.9999999 0.0000000</DIRECTION>
		</DUMMY>
		<DUMMY name="spawn_team2_111">
			<POSITION>3845.2558594 -2738.9377441 2497.3420410</POSITION>
			<DIRECTION>0.0000000 0.9999999 0.0000000</DIRECTION>
		</DUMMY>
		<DUMMY name="spawn_team1_111">
			<POSITION>-5238.5996094 -5613.2045898 2497.3425293</POSITION>
			<DIRECTION>0.0000001 -0.9999999 0.0000000</DIRECTION>
		</DUMMY>
		<DUMMY name="spawn_team2_112">
			<POSITION>3713.9511719 -2738.9377441 2497.3420410</POSITION>
			<DIRECTION>0.0000000 0.9999999 0.0000000</DIRECTION>
		</DUMMY>
		<DUMMY name="spawn_team1_112">
			<POSITION>-5107.2968750 -5613.2045898 2497.3425293</POSITION>
			<DIRECTION>0.0000001 -0.9999999 0.0000000</DIRECTION>
		</DUMMY>
		<DUMMY name="spawn_team2_113">
			<POSITION>4101.3916016 -3826.8203125 2497.3420410</POSITION>
			<DIRECTION>0.0000000 0.9999999 0.0000000</DIRECTION>
		</DUMMY>
		<DUMMY name="spawn_team1_113">
			<POSITION>-5646.5454102 -4473.6650391 2497.3425293</POSITION>
			<DIRECTION>0.0000001 -0.9999999 0.0000000</DIRECTION>
		</DUMMY>
		<DUMMY name="spawn_team2_114">
			<POSITION>3814.1362305 -3571.8520508 2497.3420410</POSITION>
			<DIRECTION>0.0000000 0.9999999 0.0000000</DIRECTION>
		</DUMMY>
		<DUMMY name="spawn_team1_114">
			<POSITION>-5515.2407227 -4558.5761719 2497.3425293</POSITION>
			<DIRECTION>0.0000001 -0.9999999 0.0000000</DIRECTION>
		</DUMMY>
		<DUMMY name="spawn_team2_115">
			<POSITION>3683.0004883 -3457.4682617 2497.3420410</POSITION>
			<DIRECTION>0.0000000 0.9999999 0.0000000</DIRECTION>
		</DUMMY>
		<DUMMY name="spawn_team1_115">
			<POSITION>-5383.9360352 -4652.0126953 2497.3425293</POSITION>
			<DIRECTION>0.0000001 -0.9999999 0.0000000</DIRECTION>
		</DUMMY>
		<DUMMY name="spawn_team2_116">
			<POSITION>3505.0297852 -3251.0566406 2497.3420410</POSITION>
			<DIRECTION>0.0000000 0.9999999 0.0000000</DIRECTION>
		</DUMMY>
		<DUMMY name="spawn_team1_116">
			<POSITION>-5252.6313477 -4741.3300781 2497.3425293</POSITION>
			<DIRECTION>0.0000001 -0.9999999 0.0000000</DIRECTION>
		</DUMMY>
		<DUMMY name="sun_Dummy">
			<POSITION>-3448.2026367 2493.3210449 11913.7490234</POSITION>
			<DIRECTION>0.0000000 0.9999999 0.0000000</DIRECTION>
		</DUMMY>
		<DUMMY name="wait_pos_01">
			<POSITION>-3824.5195313 -53.4871864 2144.1340332</POSITION>
			<DIRECTION>0.9864640 0.0000000 0.1639770</DIRECTION>
		</DUMMY>
		<DUMMY name="spawn_item_solo_hp03_01">
			<POSITION>1836.0290527 -1669.4648438 3049.4436035</POSITION>
			<DIRECTION>0.0000000 0.9999999 0.0000000</DIRECTION>
		</DUMMY>
		<DUMMY name="spawn_item_solo_hp02_01">
			<POSITION>59.6669922 -3004.5952148 2436.2158203</POSITION>
			<DIRECTION>0.0000000 0.9999999 0.0000000</DIRECTION>
		</DUMMY>
		<DUMMY name="spawn_solo_103">
			<POSITION>-5249.4980469 -4572.7875977 2168.5061035</POSITION>
			<DIRECTION>-0.9495045 -0.3137533 0.0000000</DIRECTION>
		</DUMMY>
		<DUMMY name="spawn_solo_104">
			<POSITION>-893.9815674 -5922.3959961 2168.5061035</POSITION>
			<DIRECTION>-0.9495045 -0.3137533 0.0000000</DIRECTION>
		</DUMMY>
		<DUMMY name="spawn_solo_105">
			<POSITION>-2593.0153809 179.6035156 2168.5061035</POSITION>
			<DIRECTION>-0.9495045 -0.3137533 0.0000000</DIRECTION>
		</DUMMY>
		<DUMMY name="spawn_solo_107">
			<POSITION>3975.1289063 -4872.0004883 2168.5061035</POSITION>
			<DIRECTION>-0.9495045 -0.3137533 0.0000000</DIRECTION>
		</DUMMY>
		<DUMMY name="spawn_solo_108">
			<POSITION>-4591.9643555 -127.5595703 2168.5061035</POSITION>
			<DIRECTION>-0.9495045 -0.3137533 0.0000000</DIRECTION>
		</DUMMY>
		<DUMMY name="spawn_solo_111">
			<POSITION>-4100.7202148 -6336.3984375 2168.5061035</POSITION>
			<DIRECTION>-0.9495045 -0.3137533 0.0000000</DIRECTION>
		</DUMMY>
		<DUMMY name="Group28">
			<POSITION>-142.2265320 -6701.4296875 2363.6557617</POSITION>
			<DIRECTION>0.0000000 0.9999999 0.0000000</DIRECTION>
		</DUMMY>
		<DUMMY name="Group30">
			<POSITION>-112.6092224 -5153.5117188 2363.6557617</POSITION>
			<DIRECTION>0.0000000 0.9999999 0.0000000</DIRECTION>
		</DUMMY>
		<DUMMY name="Group31">
			<POSITION>954.3092651 -5135.1411133 2363.6557617</POSITION>
			<DIRECTION>0.0000000 0.9999999 0.0000000</DIRECTION>
		</DUMMY>
		<DUMMY name="Group32">
			<POSITION>-438.0204468 363.0575867 2363.6557617</POSITION>
			<DIRECTION>-0.9995857 -0.0287806 0.0000000</DIRECTION>
		</DUMMY>
		<DUMMY name="Group33">
			<POSITION>374.5270996 389.0581970 2363.6557617</POSITION>
			<DIRECTION>-0.9121026 -0.4099619 0.0000000</DIRECTION>
		</DUMMY>
		<DUMMY name="Group35">
			<POSITION>467.0224609 -1272.3896484 2363.6557617</POSITION>
			<DIRECTION>-0.9121026 -0.4099619 0.0000000</DIRECTION>
		</DUMMY>
		<DUMMY name="Group37">
			<POSITION>-1500.4670410 -4079.8886719 2363.6557617</POSITION>
			<DIRECTION>0.4155880 0.9095529 0.0000000</DIRECTION>
		</DUMMY>
		<DUMMY name="Group38">
			<POSITION>-2767.5993652 -3410.7197266 2363.6557617</POSITION>
			<DIRECTION>-0.9847125 0.1741869 0.0000000</DIRECTION>
		</DUMMY>
		<DUMMY name="Group39">
			<POSITION>-2753.5927734 -2594.9641113 2363.6557617</POSITION>
			<DIRECTION>-0.2012696 -0.9795358 0.0000000</DIRECTION>
		</DUMMY>
		<DUMMY name="Group40">
			<POSITION>-4444.8100586 -2594.9641113 2363.6557617</POSITION>
			<DIRECTION>-0.2012696 -0.9795358 0.0000000</DIRECTION>
		</DUMMY>
		<DUMMY name="Group41">
			<POSITION>-4458.8164063 -3216.8669434 2363.6557617</POSITION>
			<DIRECTION>-0.9847125 0.1741869 0.0000000</DIRECTION>
		</DUMMY>
		<DUMMY name="Group42">
			<POSITION>-6126.5341797 -3128.7985840 2363.6557617</POSITION>
			<DIRECTION>-0.9847125 0.1741869 0.0000000</DIRECTION>
		</DUMMY>
		<DUMMY name="Group43">
			<POSITION>-6140.4111328 -2524.3125000 2363.6557617</POSITION>
			<DIRECTION>-0.2012696 -0.9795358 0.0000000</DIRECTION>
		</DUMMY>
		<DUMMY name="obj_txa_fire_a_01">
			<POSITION>0.0000000 0.0000000 1.8750000</POSITION>
			<DIRECTION>0.0000000 -4.9601769 0.0000000</DIRECTION>
		</DUMMY>
		<DUMMY name="obj_txa_fire_a_02">
			<POSITION>-1.2800595 -0.0002203 1.3388541</POSITION>
			<DIRECTION>130895880176026310000000.0000000 4.6136861 0.0000000</DIRECTION>
		</DUMMY>
		<DUMMY name="obj_txa_fire_a_03">
			<POSITION>0.0000000 0.0000000 1.8750000</POSITION>
			<DIRECTION>0.0000000 -4.9601769 0.0000000</DIRECTION>
		</DUMMY>
		<DUMMY name="obj_txa_fire_a_04">
			<POSITION>0.0000000 0.0000000 1.8750000</POSITION>
			<DIRECTION>0.0000000 -4.9601769 0.0000000</DIRECTION>
		</DUMMY>
		<DUMMY name="obj_txa_fire_a_05">
			<POSITION>1.8098636 0.7534577 1.3388541</POSITION>
			<DIRECTION>-3903437802418733100.0000000 3.6319721 0.0000000</DIRECTION>
		</DUMMY>
		<DUMMY name="obj_txa_fire_a_06">
			<POSITION>1.8747368 -0.0000004 -1.1793822</POSITION>
			<DIRECTION>0.0000000 -4.0311842 0.0000000</DIRECTION>
		</DUMMY>
		<DUMMY name="obj_txa_fire_a_07">
			<POSITION>-1.2800595 -0.0002203 1.3388541</POSITION>
			<DIRECTION>-6655136624986292200.0000000 4.1978889 0.0000000</DIRECTION>
		</DUMMY>
		<DUMMY name="obj_txa_fire_a_08">
			<POSITION>1.8747357 -0.0000000 -1.1790353</POSITION>
			<DIRECTION>-805766814871125930000000000000.0000000 -3.8359585 0.0000000</DIRECTION>
		</DUMMY>
		<DUMMY name="obj_txa_fire_a_09">
			<POSITION>-1.2800595 -0.0002203 1.3388541</POSITION>
			<DIRECTION>-3022932514963042200000000.0000000 3.8882213 0.0000000</DIRECTION>
		</DUMMY>
		<DUMMY name="obj_txa_fire_a_10">
			<POSITION>0.0000000 0.0000000 1.8750000</POSITION>
			<DIRECTION>0.0000000 -4.9601769 0.0000000</DIRECTION>
		</DUMMY>
		<DUMMY name="obj_txa_fire_a_11">
			<POSITION>-1.8635103 0.0000000 1.3176913</POSITION>
			<DIRECTION>0.0000000 -3.4098470 0.0000000</DIRECTION>
		</DUMMY>
		<DUMMY name="obj_txa_fire_a_12">
			<POSITION>1.6928945 0.0000000 -1.1790358</POSITION>
			<DIRECTION>-35173967981059240000000000.0000000 5.0175338 0.0000000</DIRECTION>
		</DUMMY>
		<DUMMY name="obj_txa_fire_a_13">
			<POSITION>1.6929530 0.0000000 -1.1793823</POSITION>
			<DIRECTION>0.0000000 5.0175514 0.0000000</DIRECTION>
		</DUMMY>
		<DUMMY name="obj_txa_fire_a_14">
			<POSITION>1.6929530 0.0000000 -1.1793823</POSITION>
			<DIRECTION>0.0000000 5.0175514 0.0000000</DIRECTION>
		</DUMMY>
		<DUMMY name="obj_txa_fire_a_15">
			<POSITION>0.0000000 0.0000000 1.8750000</POSITION>
			<DIRECTION>0.0000000 -4.9601769 0.0000000</DIRECTION>
		</DUMMY>
		<DUMMY name="obj_txa_fire_a_16">
			<POSITION>1.6929530 0.0000000 -1.1793823</POSITION>
			<DIRECTION>0.0000000 5.0175514 0.0000000</DIRECTION>
		</DUMMY>
	</DUMMYLIST>
	<OCCLUSIONLIST>
	</OCCLUSIONLIST>
	<AMBIENTSOUNDLIST>
	</AMBIENTSOUNDLIST>
					<FOG min="100" max="3500">
		<R>18 </R>
		<G>16 </G>
		<B>13</B>
	</FOG>
	
	<GLOBAL>
		<fog_enable>TRUE</fog_enable>
		<fog_min>0</fog_min>
		<fog_max>4500</fog_max>
		<fog_color>18,16,13</fog_color>
	</GLOBAL>
</XML>
