<?xml version="1.0" encoding="UTF-8"?>
<XML>
	<MATERIALLIST>
		<MATERIAL name="common_Floor049_mt_con">
			<DIFFUSE>1.00000000 1.00000000 1.00000000</DIFFUSE>
			<AMBIENT>1.00000000 1.00000000 1.00000000</AMBIENT>
			<SPECULAR>1.00000000 1.00000000 1.00000000</SPECULAR>
			<DIFFUSEMAP>common/Floor049_mt_con.jpg</DIFFUSEMAP>
		</MATERIAL>
		<MATERIAL name="common_Wall046">
			<DIFFUSE>1.00000000 1.00000000 1.00000000</DIFFUSE>
			<AMBIENT>1.00000000 1.00000000 1.00000000</AMBIENT>
			<SPECULAR>1.00000000 1.00000000 1.00000000</SPECULAR>
			<DIFFUSEMAP>common/Wall046.jpg</DIFFUSEMAP>
		</MATERIAL>
		<MATERIAL name="common_Box002_mt_wod">
			<DIFFUSE>1.00000000 1.00000000 1.00000000</DIFFUSE>
			<AMBIENT>1.00000000 1.00000000 1.00000000</AMBIENT>
			<SPECULAR>1.00000000 1.00000000 1.00000000</SPECULAR>
			<DIFFUSEMAP>common/Box002_mt_wod.jpg</DIFFUSEMAP>
		</MATERIAL>
		<MATERIAL name="common_Box003">
			<DIFFUSE>1.00000000 1.00000000 1.00000000</DIFFUSE>
			<AMBIENT>1.00000000 1.00000000 1.00000000</AMBIENT>
			<SPECULAR>1.00000000 1.00000000 1.00000000</SPECULAR>
			<DIFFUSEMAP>common/Box003.jpg</DIFFUSEMAP>
		</MATERIAL>
		<MATERIAL name="common_Box016_mt_wod">
			<DIFFUSE>1.00000000 1.00000000 1.00000000</DIFFUSE>
			<AMBIENT>1.00000000 1.00000000 1.00000000</AMBIENT>
			<SPECULAR>1.00000000 1.00000000 1.00000000</SPECULAR>
			<DIFFUSEMAP>common/Box016_mt_wod.jpg</DIFFUSEMAP>
		</MATERIAL>
		<MATERIAL name="common_crest">
			<DIFFUSE>1.00000000 1.00000000 1.00000000</DIFFUSE>
			<AMBIENT>1.00000000 1.00000000 1.00000000</AMBIENT>
			<SPECULAR>1.00000000 1.00000000 1.00000000</SPECULAR>
			<DIFFUSEMAP>common/crest.jpg</DIFFUSEMAP>
		</MATERIAL>
		<MATERIAL name="common_Door004">
			<DIFFUSE>1.00000000 1.00000000 1.00000000</DIFFUSE>
			<AMBIENT>1.00000000 1.00000000 1.00000000</AMBIENT>
			<SPECULAR>1.00000000 1.00000000 1.00000000</SPECULAR>
			<DIFFUSEMAP>common/Door004.jpg</DIFFUSEMAP>
		</MATERIAL>
		<MATERIAL name="common_Door005">
			<DIFFUSE>1.00000000 1.00000000 1.00000000</DIFFUSE>
			<AMBIENT>1.00000000 1.00000000 1.00000000</AMBIENT>
			<SPECULAR>1.00000000 1.00000000 1.00000000</SPECULAR>
			<DIFFUSEMAP>common/Door005.jpg</DIFFUSEMAP>
		</MATERIAL>
		<MATERIAL name="common_Box001_mt_wod">
			<DIFFUSE>1.00000000 1.00000000 1.00000000</DIFFUSE>
			<AMBIENT>1.00000000 1.00000000 1.00000000</AMBIENT>
			<SPECULAR>1.00000000 1.00000000 1.00000000</SPECULAR>
			<DIFFUSEMAP>common/Box001_mt_wod.jpg</DIFFUSEMAP>
		</MATERIAL>
		<MATERIAL name="common_Floor012_mt_wod">
			<DIFFUSE>1.00000000 1.00000000 1.00000000</DIFFUSE>
			<AMBIENT>1.00000000 1.00000000 1.00000000</AMBIENT>
			<SPECULAR>1.00000000 1.00000000 1.00000000</SPECULAR>
			<DIFFUSEMAP>common/Floor012_mt_wod.jpg</DIFFUSEMAP>
		</MATERIAL>
		<MATERIAL name="common_Box011_mt_met">
			<DIFFUSE>1.00000000 1.00000000 1.00000000</DIFFUSE>
			<AMBIENT>1.00000000 1.00000000 1.00000000</AMBIENT>
			<SPECULAR>1.00000000 1.00000000 1.00000000</SPECULAR>
			<DIFFUSEMAP>common/Box011_mt_met.jpg</DIFFUSEMAP>
		</MATERIAL>
		<MATERIAL name="common_Box011DR_mt_met">
			<DIFFUSE>1.00000000 1.00000000 1.00000000</DIFFUSE>
			<AMBIENT>1.00000000 1.00000000 1.00000000</AMBIENT>
			<SPECULAR>1.00000000 1.00000000 1.00000000</SPECULAR>
			<DIFFUSEMAP>common/Box011DR_mt_met.jpg</DIFFUSEMAP>
		</MATERIAL>
		<MATERIAL name="common_Box009_mt_met">
			<DIFFUSE>1.00000000 1.00000000 1.00000000</DIFFUSE>
			<AMBIENT>1.00000000 1.00000000 1.00000000</AMBIENT>
			<SPECULAR>1.00000000 1.00000000 1.00000000</SPECULAR>
			<DIFFUSEMAP>common/Box009_mt_met.jpg</DIFFUSEMAP>
		</MATERIAL>
		<MATERIAL name="common_Door003">
			<DIFFUSE>1.00000000 1.00000000 1.00000000</DIFFUSE>
			<AMBIENT>1.00000000 1.00000000 1.00000000</AMBIENT>
			<SPECULAR>1.00000000 1.00000000 1.00000000</SPECULAR>
			<DIFFUSEMAP>common/Door003.jpg</DIFFUSEMAP>
		</MATERIAL>
		<MATERIAL name="common_Wall041">
			<DIFFUSE>1.00000000 1.00000000 1.00000000</DIFFUSE>
			<AMBIENT>1.00000000 1.00000000 1.00000000</AMBIENT>
			<SPECULAR>1.00000000 1.00000000 1.00000000</SPECULAR>
			<DIFFUSEMAP>common/Wall041.jpg</DIFFUSEMAP>
		</MATERIAL>
		<MATERIAL name="common_Wall039">
			<DIFFUSE>1.00000000 1.00000000 1.00000000</DIFFUSE>
			<AMBIENT>1.00000000 1.00000000 1.00000000</AMBIENT>
			<SPECULAR>1.00000000 1.00000000 1.00000000</SPECULAR>
			<DIFFUSEMAP>common/Wall039.jpg</DIFFUSEMAP>
		</MATERIAL>
		<MATERIAL name="common_Floor024_mt_con">
			<DIFFUSE>1.00000000 1.00000000 1.00000000</DIFFUSE>
			<AMBIENT>1.00000000 1.00000000 1.00000000</AMBIENT>
			<SPECULAR>1.00000000 1.00000000 1.00000000</SPECULAR>
			<DIFFUSEMAP>common/Floor024_mt_con.jpg</DIFFUSEMAP>
		</MATERIAL>
		<MATERIAL name="common_Floor022_mt_con">
			<DIFFUSE>1.00000000 1.00000000 1.00000000</DIFFUSE>
			<AMBIENT>1.00000000 1.00000000 1.00000000</AMBIENT>
			<SPECULAR>1.00000000 1.00000000 1.00000000</SPECULAR>
			<DIFFUSEMAP>common/Floor022_mt_con.jpg</DIFFUSEMAP>
		</MATERIAL>
		<MATERIAL name="common_Wall007_mt_con">
			<DIFFUSE>1.00000000 1.00000000 1.00000000</DIFFUSE>
			<AMBIENT>1.00000000 1.00000000 1.00000000</AMBIENT>
			<SPECULAR>1.00000000 1.00000000 1.00000000</SPECULAR>
			<DIFFUSEMAP>common/Wall007_mt_con.jpg</DIFFUSEMAP>
		</MATERIAL>
		<MATERIAL name="common_Floor036_mt_wod">
			<DIFFUSE>1.00000000 1.00000000 1.00000000</DIFFUSE>
			<AMBIENT>1.00000000 1.00000000 1.00000000</AMBIENT>
			<SPECULAR>1.00000000 1.00000000 1.00000000</SPECULAR>
			<DIFFUSEMAP>common/Floor036_mt_wod.jpg</DIFFUSEMAP>
		</MATERIAL>
	</MATERIALLIST>
	<DUMMYLIST>
		<DUMMY name="spawn_solo_101">
			<POSITION>-624.00000000 -11768.00000000 32.00000000</POSITION>
			<DIRECTION>0.99999130 0.00417132 0.00000000</DIRECTION>
		</DUMMY>
		<DUMMY name="spawn_solo_102">
			<POSITION>-624.00000000 -11952.00000000 32.00000000</POSITION>
			<DIRECTION>0.99999130 0.00417132 0.00000000</DIRECTION>
		</DUMMY>
		<DUMMY name="spawn_solo_103">
			<POSITION>-624.00000000 -12136.00000000 32.00000000</POSITION>
			<DIRECTION>0.99999130 0.00417132 0.00000000</DIRECTION>
		</DUMMY>
		<DUMMY name="spawn_solo_104">
			<POSITION>-624.00000000 -12320.00000000 32.00000000</POSITION>
			<DIRECTION>0.99999130 0.00417132 0.00000000</DIRECTION>
		</DUMMY>
		<DUMMY name="spawn_solo_105">
			<POSITION>-624.00000000 -12520.00000000 32.00000000</POSITION>
			<DIRECTION>0.99999130 0.00417132 0.00000000</DIRECTION>
		</DUMMY>
		<DUMMY name="spawn_solo_106">
			<POSITION>-624.00000000 -12704.00000000 32.00000000</POSITION>
			<DIRECTION>0.99999130 0.00417132 0.00000000</DIRECTION>
		</DUMMY>
		<DUMMY name="spawn_solo_107">
			<POSITION>-624.00000000 -12888.00000000 32.00000000</POSITION>
			<DIRECTION>0.99999130 0.00417132 0.00000000</DIRECTION>
		</DUMMY>
		<DUMMY name="spawn_solo_108">
			<POSITION>-480.00000000 -12888.00000000 32.00000000</POSITION>
			<DIRECTION>0.00417132 -0.99999130 0.00000000</DIRECTION>
		</DUMMY>
		<DUMMY name="spawn_solo_109">
			<POSITION>-296.00000000 -12888.00000000 32.00000000</POSITION>
			<DIRECTION>0.00417132 -0.99999130 0.00000000</DIRECTION>
		</DUMMY>
		<DUMMY name="spawn_solo_110">
			<POSITION>-112.00000000 -12888.00000000 32.00000000</POSITION>
			<DIRECTION>0.00417132 -0.99999130 0.00000000</DIRECTION>
		</DUMMY>
		<DUMMY name="spawn_solo_111">
			<POSITION>72.00000000 -12888.00000000 32.00000000</POSITION>
			<DIRECTION>0.00417132 -0.99999130 0.00000000</DIRECTION>
		</DUMMY>
		<DUMMY name="spawn_solo_112">
			<POSITION>272.00000000 -12888.00000000 32.00000000</POSITION>
			<DIRECTION>0.00417132 -0.99999130 0.00000000</DIRECTION>
		</DUMMY>
		<DUMMY name="spawn_solo_113">
			<POSITION>456.00000000 -12888.00000000 32.00000000</POSITION>
			<DIRECTION>0.00417132 -0.99999130 0.00000000</DIRECTION>
		</DUMMY>
		<DUMMY name="spawn_solo_114">
			<POSITION>640.00000000 -12888.00000000 32.00000000</POSITION>
			<DIRECTION>0.00417132 -0.99999130 0.00000000</DIRECTION>
		</DUMMY>
		<DUMMY name="spawn_solo_115">
			<POSITION>792.00000000 -12888.00000000 32.00000000</POSITION>
			<DIRECTION>-0.99999130 -0.00417129 0.00000000</DIRECTION>
		</DUMMY>
		<DUMMY name="spawn_solo_116">
			<POSITION>792.00000000 -12704.00000000 32.00000000</POSITION>
			<DIRECTION>-0.99999130 -0.00417129 0.00000000</DIRECTION>
		</DUMMY>
		<DUMMY name="spawn_solo_117">
			<POSITION>792.00000000 -12520.00000000 32.00000000</POSITION>
			<DIRECTION>-0.99999130 -0.00417129 0.00000000</DIRECTION>
		</DUMMY>
		<DUMMY name="spawn_solo_118">
			<POSITION>792.00000000 -12336.00000000 32.00000000</POSITION>
			<DIRECTION>-0.99999130 -0.00417129 0.00000000</DIRECTION>
		</DUMMY>
		<DUMMY name="spawn_solo_119">
			<POSITION>792.00000000 -12136.00000000 32.00000000</POSITION>
			<DIRECTION>-0.99999130 -0.00417129 0.00000000</DIRECTION>
		</DUMMY>
		<DUMMY name="spawn_solo_120">
			<POSITION>792.00000000 -11952.00000000 32.00000000</POSITION>
			<DIRECTION>-0.99999130 -0.00417129 0.00000000</DIRECTION>
		</DUMMY>
		<DUMMY name="spawn_solo_121">
			<POSITION>792.00000000 -11768.00000000 32.00000000</POSITION>
			<DIRECTION>-0.99999130 -0.00417129 0.00000000</DIRECTION>
		</DUMMY>
		<DUMMY name="spawn_solo_122">
			<POSITION>616.00000000 -11768.00000000 32.00000000</POSITION>
			<DIRECTION>-0.00417132 0.99999130 0.00000000</DIRECTION>
		</DUMMY>
		<DUMMY name="spawn_solo_123">
			<POSITION>432.00000000 -11768.00000000 32.00000000</POSITION>
			<DIRECTION>-0.00417132 0.99999130 0.00000000</DIRECTION>
		</DUMMY>
		<DUMMY name="spawn_solo_124">
			<POSITION>248.00000000 -11768.00000000 32.00000000</POSITION>
			<DIRECTION>-0.00417132 0.99999130 0.00000000</DIRECTION>
		</DUMMY>
		<DUMMY name="spawn_solo_125">
			<POSITION>64.00000000 -11768.00000000 32.00000000</POSITION>
			<DIRECTION>-0.00417132 0.99999130 0.00000000</DIRECTION>
		</DUMMY>
		<DUMMY name="spawn_solo_126">
			<POSITION>-136.00000000 -11768.00000000 32.00000000</POSITION>
			<DIRECTION>-0.00417132 0.99999130 0.00000000</DIRECTION>
		</DUMMY>
		<DUMMY name="spawn_solo_127">
			<POSITION>-320.00000000 -11768.00000000 32.00000000</POSITION>
			<DIRECTION>-0.00417132 0.99999130 0.00000000</DIRECTION>
		</DUMMY>
		<DUMMY name="spawn_solo_128">
			<POSITION>-504.00000000 -11768.00000000 32.00000000</POSITION>
			<DIRECTION>-0.00417132 0.99999130 0.00000000</DIRECTION>
		</DUMMY>
		<DUMMY name="spawn_team1_101">
			<POSITION>1312.00000000 -9576.00000000 6696.00000000</POSITION>
			<DIRECTION>0.02398027 0.99971243 0.00000000</DIRECTION>
		</DUMMY>
		<DUMMY name="spawn_team1_102">
			<POSITION>1448.00000000 -9576.00000000 6696.00000000</POSITION>
			<DIRECTION>0.02398027 0.99971243 0.00000000</DIRECTION>
		</DUMMY>
		<DUMMY name="spawn_team1_103">
			<POSITION>1584.00000000 -9576.00000000 6696.00000000</POSITION>
			<DIRECTION>0.02398027 0.99971243 0.00000000</DIRECTION>
		</DUMMY>
		<DUMMY name="spawn_team1_104">
			<POSITION>1176.00000000 -9576.00000000 6696.00000000</POSITION>
			<DIRECTION>0.02398027 0.99971243 0.00000000</DIRECTION>
		</DUMMY>
		<DUMMY name="spawn_team1_105">
			<POSITION>1048.00000000 -9576.00000000 6696.00000000</POSITION>
			<DIRECTION>0.02398027 0.99971243 0.00000000</DIRECTION>
		</DUMMY>
		<DUMMY name="spawn_team2_101">
			<POSITION>1320.00000000 -14280.00000000 6696.00000000</POSITION>
			<DIRECTION>0.01405118 -0.99990128 0.00000000</DIRECTION>
		</DUMMY>
		<DUMMY name="spawn_team2_102">
			<POSITION>1456.00000000 -14280.00000000 6696.00000000</POSITION>
			<DIRECTION>0.01405118 -0.99990128 0.00000000</DIRECTION>
		</DUMMY>
		<DUMMY name="spawn_team2_103">
			<POSITION>1056.00000000 -14280.00000000 6696.00000000</POSITION>
			<DIRECTION>0.01405118 -0.99990128 0.00000000</DIRECTION>
		</DUMMY>
		<DUMMY name="spawn_team2_104">
			<POSITION>1184.00000000 -14280.00000000 6696.00000000</POSITION>
			<DIRECTION>0.01405118 -0.99990128 0.00000000</DIRECTION>
		</DUMMY>
		<DUMMY name="spawn_team2_105">
			<POSITION>1592.00000000 -14280.00000000 6696.00000000</POSITION>
			<DIRECTION>0.01405118 -0.99990128 0.00000000</DIRECTION>
		</DUMMY>
		<DUMMY name="spawn_team2_106">
			<POSITION>1320.00000000 -14408.00000000 6696.00000000</POSITION>
			<DIRECTION>0.01405118 -0.99990128 0.00000000</DIRECTION>
		</DUMMY>
		<DUMMY name="spawn_team2_107">
			<POSITION>1456.00000000 -14408.00000000 6696.00000000</POSITION>
			<DIRECTION>0.01405118 -0.99990128 0.00000000</DIRECTION>
		</DUMMY>
		<DUMMY name="spawn_team2_108">
			<POSITION>1056.00000000 -14408.00000000 6696.00000000</POSITION>
			<DIRECTION>0.01405118 -0.99990128 0.00000000</DIRECTION>
		</DUMMY>
		<DUMMY name="spawn_team2_109">
			<POSITION>1184.00000000 -14408.00000000 6696.00000000</POSITION>
			<DIRECTION>0.01405118 -0.99990128 0.00000000</DIRECTION>
		</DUMMY>
		<DUMMY name="spawn_team2_110">
			<POSITION>1592.00000000 -14408.00000000 6696.00000000</POSITION>
			<DIRECTION>0.01405118 -0.99990128 0.00000000</DIRECTION>
		</DUMMY>
		<DUMMY name="spawn_team2_111">
			<POSITION>1320.00000000 -14536.00000000 6696.00000000</POSITION>
			<DIRECTION>0.01405118 -0.99990128 0.00000000</DIRECTION>
		</DUMMY>
		<DUMMY name="spawn_team2_112">
			<POSITION>1456.00000000 -14536.00000000 6696.00000000</POSITION>
			<DIRECTION>0.01405118 -0.99990128 0.00000000</DIRECTION>
		</DUMMY>
		<DUMMY name="spawn_team2_113">
			<POSITION>1056.00000000 -14536.00000000 6696.00000000</POSITION>
			<DIRECTION>0.01405118 -0.99990128 0.00000000</DIRECTION>
		</DUMMY>
		<DUMMY name="spawn_team2_114">
			<POSITION>1184.00000000 -14536.00000000 6696.00000000</POSITION>
			<DIRECTION>0.01405118 -0.99990128 0.00000000</DIRECTION>
		</DUMMY>
		<DUMMY name="spawn_team2_115">
			<POSITION>1592.00000000 -14536.00000000 6696.00000000</POSITION>
			<DIRECTION>0.01405118 -0.99990128 0.00000000</DIRECTION>
		</DUMMY>
		<DUMMY name="spawn_team2_116">
			<POSITION>1320.00000000 -14664.00000000 6696.00000000</POSITION>
			<DIRECTION>0.01405118 -0.99990128 0.00000000</DIRECTION>
		</DUMMY>
		<DUMMY name="spawn_team2_117">
			<POSITION>1456.00000000 -14664.00000000 6696.00000000</POSITION>
			<DIRECTION>0.01405118 -0.99990128 0.00000000</DIRECTION>
		</DUMMY>
		<DUMMY name="spawn_team2_118">
			<POSITION>1056.00000000 -14664.00000000 6696.00000000</POSITION>
			<DIRECTION>0.01405118 -0.99990128 0.00000000</DIRECTION>
		</DUMMY>
		<DUMMY name="spawn_team2_119">
			<POSITION>1184.00000000 -14664.00000000 6696.00000000</POSITION>
			<DIRECTION>0.01405118 -0.99990128 0.00000000</DIRECTION>
		</DUMMY>
		<DUMMY name="spawn_team2_120">
			<POSITION>1592.00000000 -14664.00000000 6696.00000000</POSITION>
			<DIRECTION>0.01405118 -0.99990128 0.00000000</DIRECTION>
		</DUMMY>
		<DUMMY name="spawn_team2_121">
			<POSITION>1320.00000000 -14792.00000000 6696.00000000</POSITION>
			<DIRECTION>0.01405118 -0.99990128 0.00000000</DIRECTION>
		</DUMMY>
		<DUMMY name="spawn_team2_122">
			<POSITION>1456.00000000 -14792.00000000 6696.00000000</POSITION>
			<DIRECTION>0.01405118 -0.99990128 0.00000000</DIRECTION>
		</DUMMY>
		<DUMMY name="spawn_team2_123">
			<POSITION>1056.00000000 -14792.00000000 6696.00000000</POSITION>
			<DIRECTION>0.01405118 -0.99990128 0.00000000</DIRECTION>
		</DUMMY>
		<DUMMY name="spawn_team2_124">
			<POSITION>1184.00000000 -14792.00000000 6696.00000000</POSITION>
			<DIRECTION>0.01405118 -0.99990128 0.00000000</DIRECTION>
		</DUMMY>
		<DUMMY name="spawn_team2_125">
			<POSITION>1592.00000000 -14792.00000000 6696.00000000</POSITION>
			<DIRECTION>0.01405118 -0.99990128 0.00000000</DIRECTION>
		</DUMMY>
		<DUMMY name="spawn_team2_126">
			<POSITION>1320.00000000 -14920.00000000 6696.00000000</POSITION>
			<DIRECTION>0.01405118 -0.99990128 0.00000000</DIRECTION>
		</DUMMY>
		<DUMMY name="spawn_team2_127">
			<POSITION>1456.00000000 -14920.00000000 6696.00000000</POSITION>
			<DIRECTION>0.01405118 -0.99990128 0.00000000</DIRECTION>
		</DUMMY>
		<DUMMY name="spawn_team2_128">
			<POSITION>1056.00000000 -14920.00000000 6696.00000000</POSITION>
			<DIRECTION>0.01405118 -0.99990128 0.00000000</DIRECTION>
		</DUMMY>
		<DUMMY name="spawn_team2_129">
			<POSITION>1184.00000000 -14920.00000000 6696.00000000</POSITION>
			<DIRECTION>0.01405118 -0.99990128 0.00000000</DIRECTION>
		</DUMMY>
		<DUMMY name="spawn_team2_130">
			<POSITION>1592.00000000 -14920.00000000 6696.00000000</POSITION>
			<DIRECTION>0.01405118 -0.99990128 0.00000000</DIRECTION>
		</DUMMY>
		<DUMMY name="spawn_team2_131">
			<POSITION>1320.00000000 -15048.00000000 6696.00000000</POSITION>
			<DIRECTION>0.01405118 -0.99990128 0.00000000</DIRECTION>
		</DUMMY>
		<DUMMY name="spawn_team2_132">
			<POSITION>1456.00000000 -15048.00000000 6696.00000000</POSITION>
			<DIRECTION>0.01405118 -0.99990128 0.00000000</DIRECTION>
		</DUMMY>
		<DUMMY name="spawn_team2_133">
			<POSITION>1056.00000000 -15048.00000000 6696.00000000</POSITION>
			<DIRECTION>0.01405118 -0.99990128 0.00000000</DIRECTION>
		</DUMMY>
		<DUMMY name="spawn_team2_134">
			<POSITION>1184.00000000 -15048.00000000 6696.00000000</POSITION>
			<DIRECTION>0.01405118 -0.99990128 0.00000000</DIRECTION>
		</DUMMY>
		<DUMMY name="spawn_team2_135">
			<POSITION>1592.00000000 -15048.00000000 6696.00000000</POSITION>
			<DIRECTION>0.01405118 -0.99990128 0.00000000</DIRECTION>
		</DUMMY>
		<DUMMY name="spawn_team1_106">
			<POSITION>1312.00000000 -9704.00000000 6696.00000000</POSITION>
			<DIRECTION>0.02398027 0.99971243 0.00000000</DIRECTION>
		</DUMMY>
		<DUMMY name="spawn_team1_107">
			<POSITION>1448.00000000 -9704.00000000 6696.00000000</POSITION>
			<DIRECTION>0.02398027 0.99971243 0.00000000</DIRECTION>
		</DUMMY>
		<DUMMY name="spawn_team1_108">
			<POSITION>1584.00000000 -9704.00000000 6696.00000000</POSITION>
			<DIRECTION>0.02398027 0.99971243 0.00000000</DIRECTION>
		</DUMMY>
		<DUMMY name="spawn_team1_109">
			<POSITION>1176.00000000 -9704.00000000 6696.00000000</POSITION>
			<DIRECTION>0.02398027 0.99971243 0.00000000</DIRECTION>
		</DUMMY>
		<DUMMY name="spawn_team1_110">
			<POSITION>1048.00000000 -9704.00000000 6696.00000000</POSITION>
			<DIRECTION>0.02398027 0.99971243 0.00000000</DIRECTION>
		</DUMMY>
		<DUMMY name="spawn_team1_111">
			<POSITION>1312.00000000 -9832.00000000 6696.00000000</POSITION>
			<DIRECTION>0.02398027 0.99971243 0.00000000</DIRECTION>
		</DUMMY>
		<DUMMY name="spawn_team1_112">
			<POSITION>1448.00000000 -9832.00000000 6696.00000000</POSITION>
			<DIRECTION>0.02398027 0.99971243 0.00000000</DIRECTION>
		</DUMMY>
		<DUMMY name="spawn_team1_113">
			<POSITION>1584.00000000 -9832.00000000 6696.00000000</POSITION>
			<DIRECTION>0.02398027 0.99971243 0.00000000</DIRECTION>
		</DUMMY>
		<DUMMY name="spawn_team1_114">
			<POSITION>1176.00000000 -9832.00000000 6696.00000000</POSITION>
			<DIRECTION>0.02398027 0.99971243 0.00000000</DIRECTION>
		</DUMMY>
		<DUMMY name="spawn_team1_115">
			<POSITION>1048.00000000 -9832.00000000 6696.00000000</POSITION>
			<DIRECTION>0.02398027 0.99971243 0.00000000</DIRECTION>
		</DUMMY>
		<DUMMY name="spawn_team1_116">
			<POSITION>1312.00000000 -9960.00000000 6696.00000000</POSITION>
			<DIRECTION>0.02398027 0.99971243 0.00000000</DIRECTION>
		</DUMMY>
		<DUMMY name="spawn_team1_117">
			<POSITION>1448.00000000 -9960.00000000 6696.00000000</POSITION>
			<DIRECTION>0.02398027 0.99971243 0.00000000</DIRECTION>
		</DUMMY>
		<DUMMY name="spawn_team1_118">
			<POSITION>1584.00000000 -9960.00000000 6696.00000000</POSITION>
			<DIRECTION>0.02398027 0.99971243 0.00000000</DIRECTION>
		</DUMMY>
		<DUMMY name="spawn_team1_119">
			<POSITION>1176.00000000 -9960.00000000 6696.00000000</POSITION>
			<DIRECTION>0.02398027 0.99971243 0.00000000</DIRECTION>
		</DUMMY>
		<DUMMY name="spawn_team1_120">
			<POSITION>1048.00000000 -9960.00000000 6696.00000000</POSITION>
			<DIRECTION>0.02398027 0.99971243 0.00000000</DIRECTION>
		</DUMMY>
		<DUMMY name="spawn_team1_121">
			<POSITION>1312.00000000 -10088.00000000 6696.00000000</POSITION>
			<DIRECTION>0.02398027 0.99971243 0.00000000</DIRECTION>
		</DUMMY>
		<DUMMY name="spawn_team1_122">
			<POSITION>1448.00000000 -10088.00000000 6696.00000000</POSITION>
			<DIRECTION>0.02398027 0.99971243 0.00000000</DIRECTION>
		</DUMMY>
		<DUMMY name="spawn_team1_123">
			<POSITION>1584.00000000 -10088.00000000 6696.00000000</POSITION>
			<DIRECTION>0.02398027 0.99971243 0.00000000</DIRECTION>
		</DUMMY>
		<DUMMY name="spawn_team1_124">
			<POSITION>1176.00000000 -10088.00000000 6696.00000000</POSITION>
			<DIRECTION>0.02398027 0.99971243 0.00000000</DIRECTION>
		</DUMMY>
		<DUMMY name="spawn_team1_125">
			<POSITION>1048.00000000 -10088.00000000 6696.00000000</POSITION>
			<DIRECTION>0.02398027 0.99971243 0.00000000</DIRECTION>
		</DUMMY>
		<DUMMY name="spawn_team1_126">
			<POSITION>1312.00000000 -10216.00000000 6696.00000000</POSITION>
			<DIRECTION>0.02398027 0.99971243 0.00000000</DIRECTION>
		</DUMMY>
		<DUMMY name="spawn_team1_127">
			<POSITION>1448.00000000 -10216.00000000 6696.00000000</POSITION>
			<DIRECTION>0.02398027 0.99971243 0.00000000</DIRECTION>
		</DUMMY>
		<DUMMY name="spawn_team1_128">
			<POSITION>1584.00000000 -10216.00000000 6696.00000000</POSITION>
			<DIRECTION>0.02398027 0.99971243 0.00000000</DIRECTION>
		</DUMMY>
		<DUMMY name="spawn_team1_129">
			<POSITION>1176.00000000 -10216.00000000 6696.00000000</POSITION>
			<DIRECTION>0.02398027 0.99971243 0.00000000</DIRECTION>
		</DUMMY>
		<DUMMY name="spawn_team1_130">
			<POSITION>1048.00000000 -10216.00000000 6696.00000000</POSITION>
			<DIRECTION>0.02398027 0.99971243 0.00000000</DIRECTION>
		</DUMMY>
		<DUMMY name="spawn_team1_131">
			<POSITION>1312.00000000 -10344.00000000 6696.00000000</POSITION>
			<DIRECTION>0.02398027 0.99971243 0.00000000</DIRECTION>
		</DUMMY>
		<DUMMY name="spawn_team1_132">
			<POSITION>1448.00000000 -10344.00000000 6696.00000000</POSITION>
			<DIRECTION>0.02398027 0.99971243 0.00000000</DIRECTION>
		</DUMMY>
		<DUMMY name="spawn_team1_133">
			<POSITION>1584.00000000 -10344.00000000 6696.00000000</POSITION>
			<DIRECTION>0.02398027 0.99971243 0.00000000</DIRECTION>
		</DUMMY>
		<DUMMY name="spawn_team1_134">
			<POSITION>1176.00000000 -10344.00000000 6696.00000000</POSITION>
			<DIRECTION>0.02398027 0.99971243 0.00000000</DIRECTION>
		</DUMMY>
		<DUMMY name="spawn_team1_135">
			<POSITION>1048.00000000 -10344.00000000 6696.00000000</POSITION>
			<DIRECTION>0.02398027 0.99971243 0.00000000</DIRECTION>
		</DUMMY>
	</DUMMYLIST>
</XML>
