<?xml version="1.0" encoding="UTF-8"?>
<XML>
	<GAMETYPE id="solo">
		<SPAWN item="bullet02" timesec="45000">
			<POSITION>264.00000000 784.00000000 856.00000000</POSITION>
		</SPAWN>
		<SPAWN item="bullet02" timesec="45000">
			<POSITION>160.00000000 1424.00000000 -360.00000000</POSITION>
		</SPAWN>
		<SPAWN item="hp02" timesec="30000">
			<POSITION>464.00000000 1176.00000000 856.00000000</POSITION>
		</SPAWN>
		<SPAWN item="hp03" timesec="45000">
			<POSITION>264.00000000 32.00000000 -360.00000000</POSITION>
		</SPAWN>
</GAMETYPE><GAMETYPE id="team">
		<SPAWN item="bullet02" timesec="45000">
			<POSITION>264.00000000 784.00000000 856.00000000</POSITION>
		</SPAWN>
		<SPAWN item="bullet02" timesec="45000">
			<POSITION>160.00000000 1424.00000000 -360.00000000</POSITION>
		</SPAWN>
		<SPAWN item="hp02" timesec="30000">
			<POSITION>464.00000000 1176.00000000 856.00000000</POSITION>
		</SPAWN>
		<SPAWN item="hp03" timesec="45000">
			<POSITION>264.00000000 32.00000000 -360.00000000</POSITION>
		</SPAWN>
</GAMETYPE>
</XML>