<?xml version="1.0" encoding="UTF-8"?>
<XML>
	<MATERIALLIST>
		<MATERIAL name="Battle_Arena_black.tga">
			<DIFFUSE>1.00000000 1.00000000 1.00000000</DIFFUSE>
			<AMBIENT>1.00000000 1.00000000 1.00000000</AMBIENT>
			<SPECULAR>1.00000000 1.00000000 1.00000000</SPECULAR>
			<DIFFUSEMAP>Battle_Arena/black.tga</DIFFUSEMAP>
		</MATERIAL>
		<MATERIAL name="High_Haven_gzd_map_Haven_floor04.bmp">
			<DIFFUSE>1.00000000 1.00000000 1.00000000</DIFFUSE>
			<AMBIENT>1.00000000 1.00000000 1.00000000</AMBIENT>
			<SPECULAR>1.00000000 1.00000000 1.00000000</SPECULAR>
			<DIFFUSEMAP>High_Haven/gzd_map_Haven_floor04.bmp</DIFFUSEMAP>
		</MATERIAL>
		<MATERIAL name="Battle_Arena_gzd_map_BA_wall07.bmp">
			<DIFFUSE>1.00000000 1.00000000 1.00000000</DIFFUSE>
			<AMBIENT>1.00000000 1.00000000 1.00000000</AMBIENT>
			<SPECULAR>1.00000000 1.00000000 1.00000000</SPECULAR>
			<DIFFUSEMAP>Battle_Arena/gzd_map_BA_wall07.bmp</DIFFUSEMAP>
		</MATERIAL>
	</MATERIALLIST>
	<OBJECTLIST>
		<OBJECT name="Town_obj_sky_daylight.elu">
		</OBJECT>
	</OBJECTLIST>
	<DUMMYLIST>
		<DUMMY name="obj_sky_daylight">
			<POSITION>55267160891140097000000000000000.0000000 0.0000000 0.0000000</POSITION>
			<DIRECTION>0.0000000 0.0000000 0.0000000</DIRECTION>
		</DUMMY>
		<DUMMY name="spawn_team1_101">
			<POSITION>-528.44200000 0.00000000 -1984.00000000</POSITION>
			<DIRECTION>1.00000000 -0.00000000 0.00000000</DIRECTION>
		</DUMMY>
		<DUMMY name="spawn_team2_101">
			<POSITION>519.44200000 0.00000000 -1984.00000000</POSITION>
			<DIRECTION>-1.00000000 0.00000000 0.00000000</DIRECTION>
		</DUMMY>
		<DUMMY name="spawn_team1_102">
			<POSITION>0.00000000 0.00000000 -2048.00000000</POSITION>
			<DIRECTION>-1.00000000 0.00000000 0.00000000</DIRECTION>
		</DUMMY>
	</DUMMYLIST>
	<FOG min="10000" max="12000">
		<R>64</R>
		<G>0</G>
		<B>0</B>
	</FOG>
	<GLOBAL>
		<fog_enable>TRUE</fog_enable>
		<fog_min>10000</fog_min>
		<fog_max>12000</fog_max>
		<fog_color>64,0,0</fog_color>
	</GLOBAL>
</XML>
