<?xml version="1.0" encoding="UTF-8"?>
<XML>
	<MATERIALLIST>
		<MATERIAL name="VTHGRN_Momar_Concrete02_www.playgunz.com">
			<DIFFUSE>1.00000000 1.00000000 1.00000000</DIFFUSE>
			<AMBIENT>1.00000000 1.00000000 1.00000000</AMBIENT>
			<SPECULAR>1.00000000 1.00000000 1.00000000</SPECULAR>
			<DIFFUSEMAP>VTHGRN_Momar/Concrete02_www.playgunz.com.bmp</DIFFUSEMAP>
		</MATERIAL>
		<MATERIAL name="VTHGRN_Momar_fifties_dsk5a_www.playgunz.com">
			<DIFFUSE>1.00000000 1.00000000 1.00000000</DIFFUSE>
			<AMBIENT>1.00000000 1.00000000 1.00000000</AMBIENT>
			<SPECULAR>1.00000000 1.00000000 1.00000000</SPECULAR>
			<DIFFUSEMAP>VTHGRN_Momar/fifties_dsk5a_www.playgunz.com.bmp</DIFFUSEMAP>
		</MATERIAL>
		<MATERIAL name="VTHGRN_Momar_Brick05-10_www.playgunz.com">
			<DIFFUSE>1.00000000 1.00000000 1.00000000</DIFFUSE>
			<AMBIENT>1.00000000 1.00000000 1.00000000</AMBIENT>
			<SPECULAR>1.00000000 1.00000000 1.00000000</SPECULAR>
			<DIFFUSEMAP>VTHGRN_Momar/Brick05-10_www.playgunz.com.bmp</DIFFUSEMAP>
		</MATERIAL>
		<MATERIAL name="VTHGRN_Momar_Wood01_www.playgunz.com">
			<DIFFUSE>1.00000000 1.00000000 1.00000000</DIFFUSE>
			<AMBIENT>1.00000000 1.00000000 1.00000000</AMBIENT>
			<SPECULAR>1.00000000 1.00000000 1.00000000</SPECULAR>
			<DIFFUSEMAP>VTHGRN_Momar/Wood01_www.playgunz.com.bmp</DIFFUSEMAP>
		</MATERIAL>
		<MATERIAL name="VTHGRN_Momar_Brick05_www.playgunz.com">
			<DIFFUSE>1.00000000 1.00000000 1.00000000</DIFFUSE>
			<AMBIENT>1.00000000 1.00000000 1.00000000</AMBIENT>
			<SPECULAR>1.00000000 1.00000000 1.00000000</SPECULAR>
			<DIFFUSEMAP>VTHGRN_Momar/Brick05_www.playgunz.com.bmp</DIFFUSEMAP>
		</MATERIAL>
		<MATERIAL name="VTHGRN_Momar_CinderBlock01a_www.playgunz.com">
			<DIFFUSE>1.00000000 1.00000000 1.00000000</DIFFUSE>
			<AMBIENT>1.00000000 1.00000000 1.00000000</AMBIENT>
			<SPECULAR>1.00000000 1.00000000 1.00000000</SPECULAR>
			<DIFFUSEMAP>VTHGRN_Momar/CinderBlock01a_www.playgunz.com.bmp</DIFFUSEMAP>
		</MATERIAL>
		<MATERIAL name="VTHGRN_Momar_Ceiling01_www.playgunz.com">
			<DIFFUSE>1.00000000 1.00000000 1.00000000</DIFFUSE>
			<AMBIENT>1.00000000 1.00000000 1.00000000</AMBIENT>
			<SPECULAR>1.00000000 1.00000000 1.00000000</SPECULAR>
			<DIFFUSEMAP>VTHGRN_Momar/Ceiling01_www.playgunz.com.bmp</DIFFUSEMAP>
		</MATERIAL>
		<MATERIAL name="VTHGRN_Momar_crete1_wall01_www.playgunz.com">
			<DIFFUSE>1.00000000 1.00000000 1.00000000</DIFFUSE>
			<AMBIENT>1.00000000 1.00000000 1.00000000</AMBIENT>
			<SPECULAR>1.00000000 1.00000000 1.00000000</SPECULAR>
			<DIFFUSEMAP>VTHGRN_Momar/crete1_wall01_www.playgunz.com.bmp</DIFFUSEMAP>
		</MATERIAL>
		<MATERIAL name="VTHGRN_Momar_sky_www.playgunz.com">
			<DIFFUSE>1.00000000 1.00000000 1.00000000</DIFFUSE>
			<AMBIENT>1.00000000 1.00000000 1.00000000</AMBIENT>
			<SPECULAR>1.00000000 1.00000000 1.00000000</SPECULAR>
			<DIFFUSEMAP>VTHGRN_Momar/sky_www.playgunz.com.bmp</DIFFUSEMAP>
		</MATERIAL>
		<MATERIAL name="VTHGRN_Momar_Ivy04_www.playgunz.com">
			<DIFFUSE>1.00000000 1.00000000 1.00000000</DIFFUSE>
			<AMBIENT>1.00000000 1.00000000 1.00000000</AMBIENT>
			<SPECULAR>1.00000000 1.00000000 1.00000000</SPECULAR>
			<DIFFUSEMAP>VTHGRN_Momar/Ivy04_www.playgunz.com.bmp</DIFFUSEMAP>
		</MATERIAL>
		<MATERIAL name="VTHGRN_Momar_Brick05-11_www.playgunz.com">
			<DIFFUSE>1.00000000 1.00000000 1.00000000</DIFFUSE>
			<AMBIENT>1.00000000 1.00000000 1.00000000</AMBIENT>
			<SPECULAR>1.00000000 1.00000000 1.00000000</SPECULAR>
			<DIFFUSEMAP>VTHGRN_Momar/Brick05-11_www.playgunz.com.bmp</DIFFUSEMAP>
		</MATERIAL>
		<MATERIAL name="VTHGRN_Momar_Ivy01_www.playgunz.com">
			<DIFFUSE>1.00000000 1.00000000 1.00000000</DIFFUSE>
			<AMBIENT>1.00000000 1.00000000 1.00000000</AMBIENT>
			<SPECULAR>1.00000000 1.00000000 1.00000000</SPECULAR>
			<DIFFUSEMAP>VTHGRN_Momar/Ivy01_www.playgunz.com.bmp</DIFFUSEMAP>
		</MATERIAL>
		<MATERIAL name="VTHGRN_Momar_Concrete01_www.playgunz.com">
			<DIFFUSE>1.00000000 1.00000000 1.00000000</DIFFUSE>
			<AMBIENT>1.00000000 1.00000000 1.00000000</AMBIENT>
			<SPECULAR>1.00000000 1.00000000 1.00000000</SPECULAR>
			<DIFFUSEMAP>VTHGRN_Momar/Concrete01_www.playgunz.com.bmp</DIFFUSEMAP>
		</MATERIAL>
		<MATERIAL name="VTHGRN_Momar_conretetrim_www.playgunz.com">
			<DIFFUSE>1.00000000 1.00000000 1.00000000</DIFFUSE>
			<AMBIENT>1.00000000 1.00000000 1.00000000</AMBIENT>
			<SPECULAR>1.00000000 1.00000000 1.00000000</SPECULAR>
			<DIFFUSEMAP>VTHGRN_Momar/conretetrim_www.playgunz.com.bmp</DIFFUSEMAP>
		</MATERIAL>
		<MATERIAL name="VTHGRN_Momar_xcrate10a_www.playgunz.com">
			<DIFFUSE>1.00000000 1.00000000 1.00000000</DIFFUSE>
			<AMBIENT>1.00000000 1.00000000 1.00000000</AMBIENT>
			<SPECULAR>1.00000000 1.00000000 1.00000000</SPECULAR>
			<DIFFUSEMAP>VTHGRN_Momar/xcrate10a_www.playgunz.com.bmp</DIFFUSEMAP>
		</MATERIAL>
		<MATERIAL name="VTHGRN_Momar_xcrate10d_www.playgunz.com">
			<DIFFUSE>1.00000000 1.00000000 1.00000000</DIFFUSE>
			<AMBIENT>1.00000000 1.00000000 1.00000000</AMBIENT>
			<SPECULAR>1.00000000 1.00000000 1.00000000</SPECULAR>
			<DIFFUSEMAP>VTHGRN_Momar/xcrate10d_www.playgunz.com.bmp</DIFFUSEMAP>
		</MATERIAL>
		<MATERIAL name="VTHGRN_Momar_xcrate10c_www.playgunz.com">
			<DIFFUSE>1.00000000 1.00000000 1.00000000</DIFFUSE>
			<AMBIENT>1.00000000 1.00000000 1.00000000</AMBIENT>
			<SPECULAR>1.00000000 1.00000000 1.00000000</SPECULAR>
			<DIFFUSEMAP>VTHGRN_Momar/xcrate10c_www.playgunz.com.bmp</DIFFUSEMAP>
		</MATERIAL>
		<MATERIAL name="VTHGRN_Momar_duct_wall03_www.playgunz.com">
			<DIFFUSE>1.00000000 1.00000000 1.00000000</DIFFUSE>
			<AMBIENT>1.00000000 1.00000000 1.00000000</AMBIENT>
			<SPECULAR>1.00000000 1.00000000 1.00000000</SPECULAR>
			<DIFFUSEMAP>VTHGRN_Momar/duct_wall03_www.playgunz.com.bmp</DIFFUSEMAP>
		</MATERIAL>
		<MATERIAL name="VTHGRN_Momar_Door01_www.playgunz.com">
			<DIFFUSE>1.00000000 1.00000000 1.00000000</DIFFUSE>
			<AMBIENT>1.00000000 1.00000000 1.00000000</AMBIENT>
			<SPECULAR>1.00000000 1.00000000 1.00000000</SPECULAR>
			<DIFFUSEMAP>VTHGRN_Momar/Door01_www.playgunz.com.bmp</DIFFUSEMAP>
		</MATERIAL>
		<MATERIAL name="VTHGRN_Momar_generic89b_www.playgunz.com">
			<DIFFUSE>1.00000000 1.00000000 1.00000000</DIFFUSE>
			<AMBIENT>1.00000000 1.00000000 1.00000000</AMBIENT>
			<SPECULAR>1.00000000 1.00000000 1.00000000</SPECULAR>
			<DIFFUSEMAP>VTHGRN_Momar/generic89b_www.playgunz.com.bmp</DIFFUSEMAP>
		</MATERIAL>
		<MATERIAL name="VTHGRN_Momar_generic89a_www.playgunz.com">
			<DIFFUSE>1.00000000 1.00000000 1.00000000</DIFFUSE>
			<AMBIENT>1.00000000 1.00000000 1.00000000</AMBIENT>
			<SPECULAR>1.00000000 1.00000000 1.00000000</SPECULAR>
			<DIFFUSEMAP>VTHGRN_Momar/generic89a_www.playgunz.com.bmp</DIFFUSEMAP>
		</MATERIAL>
		<MATERIAL name="VTHGRN_Momar_Ivy06_www.playgunz.com">
			<DIFFUSE>1.00000000 1.00000000 1.00000000</DIFFUSE>
			<AMBIENT>1.00000000 1.00000000 1.00000000</AMBIENT>
			<SPECULAR>1.00000000 1.00000000 1.00000000</SPECULAR>
			<DIFFUSEMAP>VTHGRN_Momar/Ivy06_www.playgunz.com.bmp</DIFFUSEMAP>
		</MATERIAL>
		<MATERIAL name="VTHGRN_Momar_Ivy05_www.playgunz.com">
			<DIFFUSE>1.00000000 1.00000000 1.00000000</DIFFUSE>
			<AMBIENT>1.00000000 1.00000000 1.00000000</AMBIENT>
			<SPECULAR>1.00000000 1.00000000 1.00000000</SPECULAR>
			<DIFFUSEMAP>VTHGRN_Momar/Ivy05_www.playgunz.com.bmp</DIFFUSEMAP>
		</MATERIAL>
		<MATERIAL name="VTHGRN_Momar_aaatrigger_www.playgunz.com">
			<DIFFUSE>1.00000000 1.00000000 1.00000000</DIFFUSE>
			<AMBIENT>1.00000000 1.00000000 1.00000000</AMBIENT>
			<SPECULAR>1.00000000 1.00000000 1.00000000</SPECULAR>
			<DIFFUSEMAP>VTHGRN_Momar/aaatrigger_www.playgunz.com.bmp</DIFFUSEMAP>
		</MATERIAL>
		<MATERIAL name="VTHGRN_Momar_Concrete02a_www.playgunz.com">
			<DIFFUSE>1.00000000 1.00000000 1.00000000</DIFFUSE>
			<AMBIENT>1.00000000 1.00000000 1.00000000</AMBIENT>
			<SPECULAR>1.00000000 1.00000000 1.00000000</SPECULAR>
			<DIFFUSEMAP>VTHGRN_Momar/Concrete02a_www.playgunz.com.bmp</DIFFUSEMAP>
		</MATERIAL>
		<MATERIAL name="VTHGRN_Momar_Gravel01_www.playgunz.com">
			<DIFFUSE>1.00000000 1.00000000 1.00000000</DIFFUSE>
			<AMBIENT>1.00000000 1.00000000 1.00000000</AMBIENT>
			<SPECULAR>1.00000000 1.00000000 1.00000000</SPECULAR>
			<DIFFUSEMAP>VTHGRN_Momar/Gravel01_www.playgunz.com.bmp</DIFFUSEMAP>
		</MATERIAL>
		<MATERIAL name="VTHGRN_Momar_duct_wall02_www.playgunz.com">
			<DIFFUSE>1.00000000 1.00000000 1.00000000</DIFFUSE>
			<AMBIENT>1.00000000 1.00000000 1.00000000</AMBIENT>
			<SPECULAR>1.00000000 1.00000000 1.00000000</SPECULAR>
			<DIFFUSEMAP>VTHGRN_Momar/duct_wall02_www.playgunz.com.bmp</DIFFUSEMAP>
		</MATERIAL>
		<MATERIAL name="VTHGRN_Momar_zduct_break1_www.playgunz.com">
			<DIFFUSE>1.00000000 1.00000000 1.00000000</DIFFUSE>
			<AMBIENT>1.00000000 1.00000000 1.00000000</AMBIENT>
			<SPECULAR>1.00000000 1.00000000 1.00000000</SPECULAR>
			<DIFFUSEMAP>VTHGRN_Momar/zduct_break1_www.playgunz.com.bmp</DIFFUSEMAP>
		</MATERIAL>
		<MATERIAL name="VTHGRN_Momar_asphaltdirty01_www.playgunz.com">
			<DIFFUSE>1.00000000 1.00000000 1.00000000</DIFFUSE>
			<AMBIENT>1.00000000 1.00000000 1.00000000</AMBIENT>
			<SPECULAR>1.00000000 1.00000000 1.00000000</SPECULAR>
			<DIFFUSEMAP>VTHGRN_Momar/asphaltdirty01_www.playgunz.com.bmp</DIFFUSEMAP>
		</MATERIAL>
		<MATERIAL name="VTHGRN_Momar_asphalt01_www.playgunz.com">
			<DIFFUSE>1.00000000 1.00000000 1.00000000</DIFFUSE>
			<AMBIENT>1.00000000 1.00000000 1.00000000</AMBIENT>
			<SPECULAR>1.00000000 1.00000000 1.00000000</SPECULAR>
			<DIFFUSEMAP>VTHGRN_Momar/asphalt01_www.playgunz.com.bmp</DIFFUSEMAP>
		</MATERIAL>
		<MATERIAL name="VTHGRN_Momar_Window03c_www.playgunz.com">
			<DIFFUSE>1.00000000 1.00000000 1.00000000</DIFFUSE>
			<AMBIENT>1.00000000 1.00000000 1.00000000</AMBIENT>
			<SPECULAR>1.00000000 1.00000000 1.00000000</SPECULAR>
			<DIFFUSEMAP>VTHGRN_Momar/Window03c_www.playgunz.com.bmp</DIFFUSEMAP>
		</MATERIAL>
		<MATERIAL name="VTHGRN_Momar_generic100a_www.playgunz.com">
			<DIFFUSE>1.00000000 1.00000000 1.00000000</DIFFUSE>
			<AMBIENT>1.00000000 1.00000000 1.00000000</AMBIENT>
			<SPECULAR>1.00000000 1.00000000 1.00000000</SPECULAR>
			<DIFFUSEMAP>VTHGRN_Momar/generic100a_www.playgunz.com.bmp</DIFFUSEMAP>
		</MATERIAL>
		<MATERIAL name="VTHGRN_Momar_+0~drkmtls2c_www.playgunz.com">
			<DIFFUSE>1.00000000 1.00000000 1.00000000</DIFFUSE>
			<AMBIENT>1.00000000 1.00000000 1.00000000</AMBIENT>
			<SPECULAR>1.00000000 1.00000000 1.00000000</SPECULAR>
			<DIFFUSEMAP>VTHGRN_Momar/+0~drkmtls2c_www.playgunz.com.bmp</DIFFUSEMAP>
		</MATERIAL>
		<MATERIAL name="VTHGRN_Momar_Window03b_www.playgunz.com">
			<DIFFUSE>1.00000000 1.00000000 1.00000000</DIFFUSE>
			<AMBIENT>1.00000000 1.00000000 1.00000000</AMBIENT>
			<SPECULAR>1.00000000 1.00000000 1.00000000</SPECULAR>
			<DIFFUSEMAP>VTHGRN_Momar/Window03b_www.playgunz.com.bmp</DIFFUSEMAP>
		</MATERIAL>
		<MATERIAL name="VTHGRN_Momar_out_dmp2b_www.playgunz.com">
			<DIFFUSE>1.00000000 1.00000000 1.00000000</DIFFUSE>
			<AMBIENT>1.00000000 1.00000000 1.00000000</AMBIENT>
			<SPECULAR>1.00000000 1.00000000 1.00000000</SPECULAR>
			<DIFFUSEMAP>VTHGRN_Momar/out_dmp2b_www.playgunz.com.bmp</DIFFUSEMAP>
		</MATERIAL>
		<MATERIAL name="VTHGRN_Momar_out_dmp2a_www.playgunz.com">
			<DIFFUSE>1.00000000 1.00000000 1.00000000</DIFFUSE>
			<AMBIENT>1.00000000 1.00000000 1.00000000</AMBIENT>
			<SPECULAR>1.00000000 1.00000000 1.00000000</SPECULAR>
			<DIFFUSEMAP>VTHGRN_Momar/out_dmp2a_www.playgunz.com.bmp</DIFFUSEMAP>
		</MATERIAL>
		<MATERIAL name="VTHGRN_Momar_out_dmplid_www.playgunz.com">
			<DIFFUSE>1.00000000 1.00000000 1.00000000</DIFFUSE>
			<AMBIENT>1.00000000 1.00000000 1.00000000</AMBIENT>
			<SPECULAR>1.00000000 1.00000000 1.00000000</SPECULAR>
			<DIFFUSEMAP>VTHGRN_Momar/out_dmplid_www.playgunz.com.bmp</DIFFUSEMAP>
		</MATERIAL>
		<MATERIAL name="VTHGRN_Momar_generic113_www.playgunz.com">
			<DIFFUSE>1.00000000 1.00000000 1.00000000</DIFFUSE>
			<AMBIENT>1.00000000 1.00000000 1.00000000</AMBIENT>
			<SPECULAR>1.00000000 1.00000000 1.00000000</SPECULAR>
			<DIFFUSEMAP>VTHGRN_Momar/generic113_www.playgunz.com.bmp</DIFFUSEMAP>
		</MATERIAL>
		<MATERIAL name="VTHGRN_Momar_HangingLight01_www.playgunz.com">
			<DIFFUSE>1.00000000 1.00000000 1.00000000</DIFFUSE>
			<AMBIENT>1.00000000 1.00000000 1.00000000</AMBIENT>
			<SPECULAR>1.00000000 1.00000000 1.00000000</SPECULAR>
			<DIFFUSEMAP>VTHGRN_Momar/HangingLight01_www.playgunz.com.bmp</DIFFUSEMAP>
		</MATERIAL>
		<MATERIAL name="VTHGRN_Momar_fifties_dr5a_www.playgunz.com">
			<DIFFUSE>1.00000000 1.00000000 1.00000000</DIFFUSE>
			<AMBIENT>1.00000000 1.00000000 1.00000000</AMBIENT>
			<SPECULAR>1.00000000 1.00000000 1.00000000</SPECULAR>
			<DIFFUSEMAP>VTHGRN_Momar/fifties_dr5a_www.playgunz.com.bmp</DIFFUSEMAP>
		</MATERIAL>
		<MATERIAL name="VTHGRN_Momar_LoadingBay02_www.playgunz.com">
			<DIFFUSE>1.00000000 1.00000000 1.00000000</DIFFUSE>
			<AMBIENT>1.00000000 1.00000000 1.00000000</AMBIENT>
			<SPECULAR>1.00000000 1.00000000 1.00000000</SPECULAR>
			<DIFFUSEMAP>VTHGRN_Momar/LoadingBay02_www.playgunz.com.bmp</DIFFUSEMAP>
		</MATERIAL>
		<MATERIAL name="VTHGRN_Momar_warehousedoor_www.playgunz.com">
			<DIFFUSE>1.00000000 1.00000000 1.00000000</DIFFUSE>
			<AMBIENT>1.00000000 1.00000000 1.00000000</AMBIENT>
			<SPECULAR>1.00000000 1.00000000 1.00000000</SPECULAR>
			<DIFFUSEMAP>VTHGRN_Momar/warehousedoor_www.playgunz.com.bmp</DIFFUSEMAP>
		</MATERIAL>
		<MATERIAL name="VTHGRN_Momar_Window05_www.playgunz.com">
			<DIFFUSE>1.00000000 1.00000000 1.00000000</DIFFUSE>
			<AMBIENT>1.00000000 1.00000000 1.00000000</AMBIENT>
			<SPECULAR>1.00000000 1.00000000 1.00000000</SPECULAR>
			<DIFFUSEMAP>VTHGRN_Momar/Window05_www.playgunz.com.bmp</DIFFUSEMAP>
		</MATERIAL>
		<MATERIAL name="VTHGRN_Momar_YellowBoard_www.playgunz.com">
			<DIFFUSE>1.00000000 1.00000000 1.00000000</DIFFUSE>
			<AMBIENT>1.00000000 1.00000000 1.00000000</AMBIENT>
			<SPECULAR>1.00000000 1.00000000 1.00000000</SPECULAR>
			<DIFFUSEMAP>VTHGRN_Momar/YellowBoard_www.playgunz.com.bmp</DIFFUSEMAP>
		</MATERIAL>
		<MATERIAL name="VTHGRN_Momar_Window03a_www.playgunz.com">
			<DIFFUSE>1.00000000 1.00000000 1.00000000</DIFFUSE>
			<AMBIENT>1.00000000 1.00000000 1.00000000</AMBIENT>
			<SPECULAR>1.00000000 1.00000000 1.00000000</SPECULAR>
			<DIFFUSEMAP>VTHGRN_Momar/Window03a_www.playgunz.com.bmp</DIFFUSEMAP>
		</MATERIAL>
		<MATERIAL name="VTHGRN_Momar_bcrate26_www.playgunz.com">
			<DIFFUSE>1.00000000 1.00000000 1.00000000</DIFFUSE>
			<AMBIENT>1.00000000 1.00000000 1.00000000</AMBIENT>
			<SPECULAR>1.00000000 1.00000000 1.00000000</SPECULAR>
			<DIFFUSEMAP>VTHGRN_Momar/bcrate26_www.playgunz.com.bmp</DIFFUSEMAP>
		</MATERIAL>
		<MATERIAL name="VTHGRN_Momar_+0~fifties_lgt2_www.playgunz.com">
			<DIFFUSE>1.00000000 1.00000000 1.00000000</DIFFUSE>
			<AMBIENT>1.00000000 1.00000000 1.00000000</AMBIENT>
			<SPECULAR>1.00000000 1.00000000 1.00000000</SPECULAR>
			<DIFFUSEMAP>VTHGRN_Momar/+0~fifties_lgt2_www.playgunz.com.bmp</DIFFUSEMAP>
		</MATERIAL>
		<MATERIAL name="VTHGRN_Momar_xcrate10b_www.playgunz.com">
			<DIFFUSE>1.00000000 1.00000000 1.00000000</DIFFUSE>
			<AMBIENT>1.00000000 1.00000000 1.00000000</AMBIENT>
			<SPECULAR>1.00000000 1.00000000 1.00000000</SPECULAR>
			<DIFFUSEMAP>VTHGRN_Momar/xcrate10b_www.playgunz.com.bmp</DIFFUSEMAP>
		</MATERIAL>
		<MATERIAL name="VTHGRN_Momar_xcrate8_www.playgunz.com">
			<DIFFUSE>1.00000000 1.00000000 1.00000000</DIFFUSE>
			<AMBIENT>1.00000000 1.00000000 1.00000000</AMBIENT>
			<SPECULAR>1.00000000 1.00000000 1.00000000</SPECULAR>
			<DIFFUSEMAP>VTHGRN_Momar/xcrate8_www.playgunz.com.bmp</DIFFUSEMAP>
		</MATERIAL>
		<MATERIAL name="VTHGRN_Momar_xcrate8b_www.playgunz.com">
			<DIFFUSE>1.00000000 1.00000000 1.00000000</DIFFUSE>
			<AMBIENT>1.00000000 1.00000000 1.00000000</AMBIENT>
			<SPECULAR>1.00000000 1.00000000 1.00000000</SPECULAR>
			<DIFFUSEMAP>VTHGRN_Momar/xcrate8b_www.playgunz.com.bmp</DIFFUSEMAP>
		</MATERIAL>
		<MATERIAL name="VTHGRN_Momar_xcrate8c_www.playgunz.com">
			<DIFFUSE>1.00000000 1.00000000 1.00000000</DIFFUSE>
			<AMBIENT>1.00000000 1.00000000 1.00000000</AMBIENT>
			<SPECULAR>1.00000000 1.00000000 1.00000000</SPECULAR>
			<DIFFUSEMAP>VTHGRN_Momar/xcrate8c_www.playgunz.com.bmp</DIFFUSEMAP>
		</MATERIAL>
		<MATERIAL name="VTHGRN_Momar_ceiling_www.playgunz.com">
			<DIFFUSE>1.00000000 1.00000000 1.00000000</DIFFUSE>
			<AMBIENT>1.00000000 1.00000000 1.00000000</AMBIENT>
			<SPECULAR>1.00000000 1.00000000 1.00000000</SPECULAR>
			<DIFFUSEMAP>VTHGRN_Momar/ceiling_www.playgunz.com.bmp</DIFFUSEMAP>
		</MATERIAL>
		<MATERIAL name="VTHGRN_Momar_steel_www.playgunz.com">
			<DIFFUSE>1.00000000 1.00000000 1.00000000</DIFFUSE>
			<AMBIENT>1.00000000 1.00000000 1.00000000</AMBIENT>
			<SPECULAR>1.00000000 1.00000000 1.00000000</SPECULAR>
			<DIFFUSEMAP>VTHGRN_Momar/steel_www.playgunz.com.bmp</DIFFUSEMAP>
		</MATERIAL>
		<MATERIAL name="VTHGRN_Momar_bcrate25_www.playgunz.com">
			<DIFFUSE>1.00000000 1.00000000 1.00000000</DIFFUSE>
			<AMBIENT>1.00000000 1.00000000 1.00000000</AMBIENT>
			<SPECULAR>1.00000000 1.00000000 1.00000000</SPECULAR>
			<DIFFUSEMAP>VTHGRN_Momar/bcrate25_www.playgunz.com.bmp</DIFFUSEMAP>
		</MATERIAL>
		<MATERIAL name="VTHGRN_Momar_exit1_www.playgunz.com">
			<DIFFUSE>1.00000000 1.00000000 1.00000000</DIFFUSE>
			<AMBIENT>1.00000000 1.00000000 1.00000000</AMBIENT>
			<SPECULAR>1.00000000 1.00000000 1.00000000</SPECULAR>
			<DIFFUSEMAP>VTHGRN_Momar/exit1_www.playgunz.com.bmp</DIFFUSEMAP>
		</MATERIAL>
		<MATERIAL name="VTHGRN_Momar_fifties_stp04_www.playgunz.com">
			<DIFFUSE>1.00000000 1.00000000 1.00000000</DIFFUSE>
			<AMBIENT>1.00000000 1.00000000 1.00000000</AMBIENT>
			<SPECULAR>1.00000000 1.00000000 1.00000000</SPECULAR>
			<DIFFUSEMAP>VTHGRN_Momar/fifties_stp04_www.playgunz.com.bmp</DIFFUSEMAP>
		</MATERIAL>
		<MATERIAL name="VTHGRN_Momar_-0fifties_f03_www.playgunz.com">
			<DIFFUSE>1.00000000 1.00000000 1.00000000</DIFFUSE>
			<AMBIENT>1.00000000 1.00000000 1.00000000</AMBIENT>
			<SPECULAR>1.00000000 1.00000000 1.00000000</SPECULAR>
			<DIFFUSEMAP>VTHGRN_Momar/-0fifties_f03_www.playgunz.com.bmp</DIFFUSEMAP>
		</MATERIAL>
		<MATERIAL name="VTHGRN_Momar_zgrate4a_www.playgunz.com">
			<DIFFUSE>1.00000000 1.00000000 1.00000000</DIFFUSE>
			<AMBIENT>1.00000000 1.00000000 1.00000000</AMBIENT>
			<SPECULAR>1.00000000 1.00000000 1.00000000</SPECULAR>
			<DIFFUSEMAP>VTHGRN_Momar/zgrate4a_www.playgunz.com.bmp</DIFFUSEMAP>
		</MATERIAL>
		<MATERIAL name="VTHGRN_Momar_-0fifties_f02_www.playgunz.com">
			<DIFFUSE>1.00000000 1.00000000 1.00000000</DIFFUSE>
			<AMBIENT>1.00000000 1.00000000 1.00000000</AMBIENT>
			<SPECULAR>1.00000000 1.00000000 1.00000000</SPECULAR>
			<DIFFUSEMAP>VTHGRN_Momar/-0fifties_f02_www.playgunz.com.bmp</DIFFUSEMAP>
		</MATERIAL>
		<MATERIAL name="VTHGRN_Momar_signc1a2_5_www.playgunz.com">
			<DIFFUSE>1.00000000 1.00000000 1.00000000</DIFFUSE>
			<AMBIENT>1.00000000 1.00000000 1.00000000</AMBIENT>
			<SPECULAR>1.00000000 1.00000000 1.00000000</SPECULAR>
			<DIFFUSEMAP>VTHGRN_Momar/signc1a2_5_www.playgunz.com.bmp</DIFFUSEMAP>
		</MATERIAL>
		<MATERIAL name="VTHGRN_Momar_fifties_stp01_www.playgunz.com">
			<DIFFUSE>1.00000000 1.00000000 1.00000000</DIFFUSE>
			<AMBIENT>1.00000000 1.00000000 1.00000000</AMBIENT>
			<SPECULAR>1.00000000 1.00000000 1.00000000</SPECULAR>
			<DIFFUSEMAP>VTHGRN_Momar/fifties_stp01_www.playgunz.com.bmp</DIFFUSEMAP>
		</MATERIAL>
		<MATERIAL name="VTHGRN_Momar_Brick05-12_www.playgunz.com">
			<DIFFUSE>1.00000000 1.00000000 1.00000000</DIFFUSE>
			<AMBIENT>1.00000000 1.00000000 1.00000000</AMBIENT>
			<SPECULAR>1.00000000 1.00000000 1.00000000</SPECULAR>
			<DIFFUSEMAP>VTHGRN_Momar/Brick05-12_www.playgunz.com.bmp</DIFFUSEMAP>
		</MATERIAL>
		<MATERIAL name="VTHGRN_Momar_genlocker_www.playgunz.com">
			<DIFFUSE>1.00000000 1.00000000 1.00000000</DIFFUSE>
			<AMBIENT>1.00000000 1.00000000 1.00000000</AMBIENT>
			<SPECULAR>1.00000000 1.00000000 1.00000000</SPECULAR>
			<DIFFUSEMAP>VTHGRN_Momar/genlocker_www.playgunz.com.bmp</DIFFUSEMAP>
		</MATERIAL>
		<MATERIAL name="VTHGRN_Momar_Brick01_www.playgunz.com">
			<DIFFUSE>1.00000000 1.00000000 1.00000000</DIFFUSE>
			<AMBIENT>1.00000000 1.00000000 1.00000000</AMBIENT>
			<SPECULAR>1.00000000 1.00000000 1.00000000</SPECULAR>
			<DIFFUSEMAP>VTHGRN_Momar/Brick01_www.playgunz.com.bmp</DIFFUSEMAP>
		</MATERIAL>
		<MATERIAL name="VTHGRN_Momar_Brick02-2_www.playgunz.com">
			<DIFFUSE>1.00000000 1.00000000 1.00000000</DIFFUSE>
			<AMBIENT>1.00000000 1.00000000 1.00000000</AMBIENT>
			<SPECULAR>1.00000000 1.00000000 1.00000000</SPECULAR>
			<DIFFUSEMAP>VTHGRN_Momar/Brick02-2_www.playgunz.com.bmp</DIFFUSEMAP>
		</MATERIAL>
		<MATERIAL name="VTHGRN_Momar_Brick03-2_www.playgunz.com">
			<DIFFUSE>1.00000000 1.00000000 1.00000000</DIFFUSE>
			<AMBIENT>1.00000000 1.00000000 1.00000000</AMBIENT>
			<SPECULAR>1.00000000 1.00000000 1.00000000</SPECULAR>
			<DIFFUSEMAP>VTHGRN_Momar/Brick03-2_www.playgunz.com.bmp</DIFFUSEMAP>
		</MATERIAL>
		<MATERIAL name="VTHGRN_Momar_trrm_wood_www.playgunz.com">
			<DIFFUSE>1.00000000 1.00000000 1.00000000</DIFFUSE>
			<AMBIENT>1.00000000 1.00000000 1.00000000</AMBIENT>
			<SPECULAR>1.00000000 1.00000000 1.00000000</SPECULAR>
			<DIFFUSEMAP>VTHGRN_Momar/trrm_wood_www.playgunz.com.bmp</DIFFUSEMAP>
		</MATERIAL>
		<MATERIAL name="VTHGRN_Momar_yellowconrete_www.playgunz.com">
			<DIFFUSE>1.00000000 1.00000000 1.00000000</DIFFUSE>
			<AMBIENT>1.00000000 1.00000000 1.00000000</AMBIENT>
			<SPECULAR>1.00000000 1.00000000 1.00000000</SPECULAR>
			<DIFFUSEMAP>VTHGRN_Momar/yellowconrete_www.playgunz.com.bmp</DIFFUSEMAP>
		</MATERIAL>
		<MATERIAL name="VTHGRN_Momar_drkmtlt_bord11_www.playgunz.com">
			<DIFFUSE>1.00000000 1.00000000 1.00000000</DIFFUSE>
			<AMBIENT>1.00000000 1.00000000 1.00000000</AMBIENT>
			<SPECULAR>1.00000000 1.00000000 1.00000000</SPECULAR>
			<DIFFUSEMAP>VTHGRN_Momar/drkmtlt_bord11_www.playgunz.com.bmp</DIFFUSEMAP>
		</MATERIAL>
		<MATERIAL name="VTHGRN_Momar_generic105c_www.playgunz.com">
			<DIFFUSE>1.00000000 1.00000000 1.00000000</DIFFUSE>
			<AMBIENT>1.00000000 1.00000000 1.00000000</AMBIENT>
			<SPECULAR>1.00000000 1.00000000 1.00000000</SPECULAR>
			<DIFFUSEMAP>VTHGRN_Momar/generic105c_www.playgunz.com.bmp</DIFFUSEMAP>
		</MATERIAL>
		<MATERIAL name="VTHGRN_Momar_popdog_left_red_www.playgunz.com">
			<DIFFUSE>1.00000000 1.00000000 1.00000000</DIFFUSE>
			<AMBIENT>1.00000000 1.00000000 1.00000000</AMBIENT>
			<SPECULAR>1.00000000 1.00000000 1.00000000</SPECULAR>
			<DIFFUSEMAP>VTHGRN_Momar/popdog_left_red_www.playgunz.com.bmp</DIFFUSEMAP>
		</MATERIAL>
		<MATERIAL name="VTHGRN_Momar_popdog_right_re_www.playgunz.com">
			<DIFFUSE>1.00000000 1.00000000 1.00000000</DIFFUSE>
			<AMBIENT>1.00000000 1.00000000 1.00000000</AMBIENT>
			<SPECULAR>1.00000000 1.00000000 1.00000000</SPECULAR>
			<DIFFUSEMAP>VTHGRN_Momar/popdog_right_re_www.playgunz.com.bmp</DIFFUSEMAP>
		</MATERIAL>
		<MATERIAL name="VTHGRN_Momar_popdog_front_re_www.playgunz.com">
			<DIFFUSE>1.00000000 1.00000000 1.00000000</DIFFUSE>
			<AMBIENT>1.00000000 1.00000000 1.00000000</AMBIENT>
			<SPECULAR>1.00000000 1.00000000 1.00000000</SPECULAR>
			<DIFFUSEMAP>VTHGRN_Momar/popdog_front_re_www.playgunz.com.bmp</DIFFUSEMAP>
		</MATERIAL>
		<MATERIAL name="VTHGRN_Momar_generic105b_www.playgunz.com">
			<DIFFUSE>1.00000000 1.00000000 1.00000000</DIFFUSE>
			<AMBIENT>1.00000000 1.00000000 1.00000000</AMBIENT>
			<SPECULAR>1.00000000 1.00000000 1.00000000</SPECULAR>
			<DIFFUSEMAP>VTHGRN_Momar/generic105b_www.playgunz.com.bmp</DIFFUSEMAP>
		</MATERIAL>
		<MATERIAL name="VTHGRN_Momar_asphaltdirty02_www.playgunz.com">
			<DIFFUSE>1.00000000 1.00000000 1.00000000</DIFFUSE>
			<AMBIENT>1.00000000 1.00000000 1.00000000</AMBIENT>
			<SPECULAR>1.00000000 1.00000000 1.00000000</SPECULAR>
			<DIFFUSEMAP>VTHGRN_Momar/asphaltdirty02_www.playgunz.com.bmp</DIFFUSEMAP>
		</MATERIAL>
		<MATERIAL name="VTHGRN_Momar_ad_Popdog_www.playgunz.com">
			<DIFFUSE>1.00000000 1.00000000 1.00000000</DIFFUSE>
			<AMBIENT>1.00000000 1.00000000 1.00000000</AMBIENT>
			<SPECULAR>1.00000000 1.00000000 1.00000000</SPECULAR>
			<DIFFUSEMAP>VTHGRN_Momar/ad_Popdog_www.playgunz.com.bmp</DIFFUSEMAP>
		</MATERIAL>
		<MATERIAL name="VTHGRN_Momar_+0~light4a_www.playgunz.com">
			<DIFFUSE>1.00000000 1.00000000 1.00000000</DIFFUSE>
			<AMBIENT>1.00000000 1.00000000 1.00000000</AMBIENT>
			<SPECULAR>1.00000000 1.00000000 1.00000000</SPECULAR>
			<DIFFUSEMAP>VTHGRN_Momar/+0~light4a_www.playgunz.com.bmp</DIFFUSEMAP>
		</MATERIAL>
		<MATERIAL name="VTHGRN_Momar_~light4a_www.playgunz.com">
			<DIFFUSE>1.00000000 1.00000000 1.00000000</DIFFUSE>
			<AMBIENT>1.00000000 1.00000000 1.00000000</AMBIENT>
			<SPECULAR>1.00000000 1.00000000 1.00000000</SPECULAR>
			<DIFFUSEMAP>VTHGRN_Momar/~light4a_www.playgunz.com.bmp</DIFFUSEMAP>
		</MATERIAL>
		<MATERIAL name="VTHGRN_Momar_Concrete01-2_www.playgunz.com">
			<DIFFUSE>1.00000000 1.00000000 1.00000000</DIFFUSE>
			<AMBIENT>1.00000000 1.00000000 1.00000000</AMBIENT>
			<SPECULAR>1.00000000 1.00000000 1.00000000</SPECULAR>
			<DIFFUSEMAP>VTHGRN_Momar/Concrete01-2_www.playgunz.com.bmp</DIFFUSEMAP>
		</MATERIAL>
		<MATERIAL name="VTHGRN_Momar_glass_bright_www.playgunz.com">
			<DIFFUSE>1.00000000 1.00000000 1.00000000</DIFFUSE>
			<AMBIENT>1.00000000 1.00000000 1.00000000</AMBIENT>
			<SPECULAR>1.00000000 1.00000000 1.00000000</SPECULAR>
			<DIFFUSEMAP>VTHGRN_Momar/glass_bright_www.playgunz.com.bmp</DIFFUSEMAP>
		</MATERIAL>
		<MATERIAL name="VTHGRN_Momar_zgrate3a_www.playgunz.com">
			<DIFFUSE>1.00000000 1.00000000 1.00000000</DIFFUSE>
			<AMBIENT>1.00000000 1.00000000 1.00000000</AMBIENT>
			<SPECULAR>1.00000000 1.00000000 1.00000000</SPECULAR>
			<DIFFUSEMAP>VTHGRN_Momar/zgrate3a_www.playgunz.com.bmp</DIFFUSEMAP>
		</MATERIAL>
		<MATERIAL name="VTHGRN_Momar_fifties_dr3a_www.playgunz.com">
			<DIFFUSE>1.00000000 1.00000000 1.00000000</DIFFUSE>
			<AMBIENT>1.00000000 1.00000000 1.00000000</AMBIENT>
			<SPECULAR>1.00000000 1.00000000 1.00000000</SPECULAR>
			<DIFFUSEMAP>VTHGRN_Momar/fifties_dr3a_www.playgunz.com.bmp</DIFFUSEMAP>
		</MATERIAL>
		<MATERIAL name="VTHGRN_Momar_zrustyrungs_www.playgunz.com">
			<DIFFUSE>1.00000000 1.00000000 1.00000000</DIFFUSE>
			<AMBIENT>1.00000000 1.00000000 1.00000000</AMBIENT>
			<SPECULAR>1.00000000 1.00000000 1.00000000</SPECULAR>
			<DIFFUSEMAP>VTHGRN_Momar/zrustyrungs_www.playgunz.com.bmp</DIFFUSEMAP>
		</MATERIAL>
		<MATERIAL name="VTHGRN_Momar_zladder1_www.playgunz.com">
			<DIFFUSE>1.00000000 1.00000000 1.00000000</DIFFUSE>
			<AMBIENT>1.00000000 1.00000000 1.00000000</AMBIENT>
			<SPECULAR>1.00000000 1.00000000 1.00000000</SPECULAR>
			<DIFFUSEMAP>VTHGRN_Momar/zladder1_www.playgunz.com.bmp</DIFFUSEMAP>
		</MATERIAL>
		<MATERIAL name="VTHGRN_Momar_zduct_vnt_www.playgunz.com">
			<DIFFUSE>1.00000000 1.00000000 1.00000000</DIFFUSE>
			<AMBIENT>1.00000000 1.00000000 1.00000000</AMBIENT>
			<SPECULAR>1.00000000 1.00000000 1.00000000</SPECULAR>
			<DIFFUSEMAP>VTHGRN_Momar/zduct_vnt_www.playgunz.com.bmp</DIFFUSEMAP>
		</MATERIAL>
		<MATERIAL name="VTHGRN_Momar_zfence2_www.playgunz.com">
			<DIFFUSE>1.00000000 1.00000000 1.00000000</DIFFUSE>
			<AMBIENT>1.00000000 1.00000000 1.00000000</AMBIENT>
			<SPECULAR>1.00000000 1.00000000 1.00000000</SPECULAR>
			<DIFFUSEMAP>VTHGRN_Momar/zfence2_www.playgunz.com.bmp</DIFFUSEMAP>
		</MATERIAL>
		<MATERIAL name="VTHGRN_Momar_cardbox1_www.playgunz.com">
			<DIFFUSE>1.00000000 1.00000000 1.00000000</DIFFUSE>
			<AMBIENT>1.00000000 1.00000000 1.00000000</AMBIENT>
			<SPECULAR>1.00000000 1.00000000 1.00000000</SPECULAR>
			<DIFFUSEMAP>VTHGRN_Momar/cardbox1_www.playgunz.com.bmp</DIFFUSEMAP>
		</MATERIAL>
		<MATERIAL name="VTHGRN_Momar_cardboxtop1_www.playgunz.com">
			<DIFFUSE>1.00000000 1.00000000 1.00000000</DIFFUSE>
			<AMBIENT>1.00000000 1.00000000 1.00000000</AMBIENT>
			<SPECULAR>1.00000000 1.00000000 1.00000000</SPECULAR>
			<DIFFUSEMAP>VTHGRN_Momar/cardboxtop1_www.playgunz.com.bmp</DIFFUSEMAP>
		</MATERIAL>
		<MATERIAL name="VTHGRN_Momar_cardbox4_www.playgunz.com">
			<DIFFUSE>1.00000000 1.00000000 1.00000000</DIFFUSE>
			<AMBIENT>1.00000000 1.00000000 1.00000000</AMBIENT>
			<SPECULAR>1.00000000 1.00000000 1.00000000</SPECULAR>
			<DIFFUSEMAP>VTHGRN_Momar/cardbox4_www.playgunz.com.bmp</DIFFUSEMAP>
		</MATERIAL>
		<MATERIAL name="VTHGRN_Momar_cardboxbot1_www.playgunz.com">
			<DIFFUSE>1.00000000 1.00000000 1.00000000</DIFFUSE>
			<AMBIENT>1.00000000 1.00000000 1.00000000</AMBIENT>
			<SPECULAR>1.00000000 1.00000000 1.00000000</SPECULAR>
			<DIFFUSEMAP>VTHGRN_Momar/cardboxbot1_www.playgunz.com.bmp</DIFFUSEMAP>
		</MATERIAL>
		<MATERIAL name="VTHGRN_Momar_trrm_wood2_www.playgunz.com">
			<DIFFUSE>1.00000000 1.00000000 1.00000000</DIFFUSE>
			<AMBIENT>1.00000000 1.00000000 1.00000000</AMBIENT>
			<SPECULAR>1.00000000 1.00000000 1.00000000</SPECULAR>
			<DIFFUSEMAP>VTHGRN_Momar/trrm_wood2_www.playgunz.com.bmp</DIFFUSEMAP>
		</MATERIAL>
	</MATERIALLIST>
	<DUMMYLIST>
		<DUMMY name="spawn_team1_101">
			<POSITION>1508.00000000 3400.00000000 -796.00000000</POSITION>
			<DIRECTION>-1.00000000 0.00000000 0.00000000</DIRECTION>
		</DUMMY>
		<DUMMY name="spawn_team1_102">
			<POSITION>1188.00000000 3720.00000000 -796.00000000</POSITION>
			<DIRECTION>-1.00000000 0.00000000 0.00000000</DIRECTION>
		</DUMMY>
		<DUMMY name="spawn_team1_103">
			<POSITION>1508.00000000 3720.00000000 -796.00000000</POSITION>
			<DIRECTION>-1.00000000 0.00000000 0.00000000</DIRECTION>
		</DUMMY>
		<DUMMY name="spawn_team1_104">
			<POSITION>1828.00000000 3400.00000000 -796.00000000</POSITION>
			<DIRECTION>-1.00000000 0.00000000 0.00000000</DIRECTION>
		</DUMMY>
		<DUMMY name="spawn_team1_105">
			<POSITION>1828.00000000 3720.00000000 -796.00000000</POSITION>
			<DIRECTION>-1.00000000 0.00000000 0.00000000</DIRECTION>
		</DUMMY>
		<DUMMY name="spawn_team1_106">
			<POSITION>2148.00000000 3720.00000000 -796.00000000</POSITION>
			<DIRECTION>-1.00000000 0.00000000 0.00000000</DIRECTION>
		</DUMMY>
		<DUMMY name="spawn_team1_107">
			<POSITION>2148.00000000 4040.00000000 -796.00000000</POSITION>
			<DIRECTION>-1.00000000 0.00000000 0.00000000</DIRECTION>
		</DUMMY>
		<DUMMY name="spawn_team1_108">
			<POSITION>1828.00000000 4040.00000000 -796.00000000</POSITION>
			<DIRECTION>-1.00000000 0.00000000 0.00000000</DIRECTION>
		</DUMMY>
		<DUMMY name="spawn_team1_109">
			<POSITION>1508.00000000 4040.00000000 -796.00000000</POSITION>
			<DIRECTION>-1.00000000 0.00000000 0.00000000</DIRECTION>
		</DUMMY>
		<DUMMY name="spawn_team1_110">
			<POSITION>1188.00000000 4040.00000000 -796.00000000</POSITION>
			<DIRECTION>-1.00000000 0.00000000 0.00000000</DIRECTION>
		</DUMMY>
		<DUMMY name="spawn_team2_101">
			<POSITION>1128.00000000 1240.00000000 -1156.00000000</POSITION>
			<DIRECTION>-1.00000000 0.00000000 0.00000000</DIRECTION>
		</DUMMY>
		<DUMMY name="spawn_team2_102">
			<POSITION>788.00000000 1240.00000000 -1156.00000000</POSITION>
			<DIRECTION>-1.00000000 0.00000000 0.00000000</DIRECTION>
		</DUMMY>
		<DUMMY name="spawn_team2_103">
			<POSITION>448.00000000 1240.00000000 -1156.00000000</POSITION>
			<DIRECTION>-1.00000000 0.00000000 0.00000000</DIRECTION>
		</DUMMY>
		<DUMMY name="spawn_team2_104">
			<POSITION>1108.00000000 600.00000000 -1156.00000000</POSITION>
			<DIRECTION>-1.00000000 0.00000000 0.00000000</DIRECTION>
		</DUMMY>
		<DUMMY name="spawn_team2_105">
			<POSITION>788.00000000 600.00000000 -1156.00000000</POSITION>
			<DIRECTION>-1.00000000 0.00000000 0.00000000</DIRECTION>
		</DUMMY>
		<DUMMY name="spawn_team2_106">
			<POSITION>448.00000000 -1080.00000000 -1156.00000000</POSITION>
			<DIRECTION>-1.00000000 0.00000000 0.00000000</DIRECTION>
		</DUMMY>
		<DUMMY name="spawn_team2_107">
			<POSITION>788.00000000 -1080.00000000 -1156.00000000</POSITION>
			<DIRECTION>-1.00000000 0.00000000 0.00000000</DIRECTION>
		</DUMMY>
		<DUMMY name="spawn_team2_108">
			<POSITION>1128.00000000 -1080.00000000 -1156.00000000</POSITION>
			<DIRECTION>-1.00000000 0.00000000 0.00000000</DIRECTION>
		</DUMMY>
		<DUMMY name="spawn_team2_109">
			<POSITION>648.00000000 -440.00000000 -1156.00000000</POSITION>
			<DIRECTION>-1.00000000 0.00000000 0.00000000</DIRECTION>
		</DUMMY>
		<DUMMY name="spawn_team2_110">
			<POSITION>968.00000000 -440.00000000 -1156.00000000</POSITION>
			<DIRECTION>-1.00000000 0.00000000 0.00000000</DIRECTION>
		</DUMMY>
	</DUMMYLIST>
</XML>
