<?xml version="1.0"?>
<XML>
	<MATERIALLIST>
		<MATERIAL name="floor_mt_con">
			<DIFFUSE>0.5882000 0.5882000 0.5882000</DIFFUSE>
			<AMBIENT>true</AMBIENT>
			<SPECULAR>true</SPECULAR>
			<DIFFUSEMAP>floor_rock.bmp.dds</DIFFUSEMAP>
		</MATERIAL>
		<MATERIAL name="floor_break_mt_met">
			<DIFFUSE>0.5882000 0.5882000 0.5882000</DIFFUSE>
			<AMBIENT>true</AMBIENT>
			<SPECULAR>true</SPECULAR>
			<DIFFUSEMAP>floor_rock_break.bmp.dds</DIFFUSEMAP>
		</MATERIAL>
		<MATERIAL name="21 - Default">
			<DIFFUSE>0.5882353 0.5882353 0.5882353</DIFFUSE>
			<AMBIENT>true</AMBIENT>
			<SPECULAR>true</SPECULAR>
			<DIFFUSEMAP></DIFFUSEMAP>
		</MATERIAL>
		<MATERIAL name="03 - Default">
			<DIFFUSE>0.5882353 0.5882353 0.5882353</DIFFUSE>
			<AMBIENT>true</AMBIENT>
			<SPECULAR>true</SPECULAR>
			<DIFFUSEMAP>txa 3 150 barrel_0000.dds</DIFFUSEMAP>
			<ADDITIVE/>
		</MATERIAL>
		<MATERIAL name="18 - Default_mt_met">
			<DIFFUSE>0.5882353 0.5882353 0.5882353</DIFFUSE>
			<AMBIENT>true</AMBIENT>
			<SPECULAR>true</SPECULAR>
			<DIFFUSEMAP>floor_break.bmp.dds</DIFFUSEMAP>
		</MATERIAL>
		<MATERIAL name="grille_mt_drt">
			<DIFFUSE>0.5882353 0.5882353 0.5882353</DIFFUSE>
			<AMBIENT>true</AMBIENT>
			<SPECULAR>true</SPECULAR>
			<DIFFUSEMAP>ruinsaram_floor_grille.tga.dds</DIFFUSEMAP>
			<USEOPACITY/>
			<TWOSIDED/>
		</MATERIAL>
		<MATERIAL name="moonlight">
			<DIFFUSE>0.5882353 0.5882353 0.5882353</DIFFUSE>
			<AMBIENT>true</AMBIENT>
			<SPECULAR>true</SPECULAR>
			<DIFFUSEMAP>lamp_base.bmp.dds</DIFFUSEMAP>
		</MATERIAL>
		<MATERIAL name="water2">
			<DIFFUSE>0.5882353 0.5882353 0.5882353</DIFFUSE>
			<AMBIENT>true</AMBIENT>
			<SPECULAR>true</SPECULAR>
			<DIFFUSEMAP>lamp.bmp.dds</DIFFUSEMAP>
			<ADDITIVE/>
		</MATERIAL>
		<MATERIAL name="lamplightb">
			<DIFFUSE>0.5882353 0.5882353 0.5882353</DIFFUSE>
			<AMBIENT>true</AMBIENT>
			<SPECULAR>true</SPECULAR>
			<DIFFUSEMAP>lamp_light_b.tga.dds</DIFFUSEMAP>
			<ADDITIVE/>
			<TWOSIDED/>
		</MATERIAL>
		<MATERIAL name="lamplight">
			<DIFFUSE>0.5882353 0.5882353 0.5882353</DIFFUSE>
			<AMBIENT>true</AMBIENT>
			<SPECULAR>true</SPECULAR>
			<DIFFUSEMAP>lamp_light.tga.dds</DIFFUSEMAP>
			<ADDITIVE/>
			<TWOSIDED/>
		</MATERIAL>
		<MATERIAL name="22 - Default">
			<DIFFUSE>0.5882353 0.5882353 0.5882353</DIFFUSE>
			<AMBIENT>true</AMBIENT>
			<SPECULAR>true</SPECULAR>
			<DIFFUSEMAP>stones.bmp.dds</DIFFUSEMAP>
		</MATERIAL>
		<MATERIAL name="_treasugold">
			<DIFFUSE>0.5882000 0.5882000 0.5882000</DIFFUSE>
			<AMBIENT>true</AMBIENT>
			<SPECULAR>true</SPECULAR>
			<DIFFUSEMAP>chest_gold.bmp.dds</DIFFUSEMAP>
		</MATERIAL>
		<MATERIAL name="20 - Default">
			<DIFFUSE>0.5882353 0.5882353 0.5882353</DIFFUSE>
			<AMBIENT>true</AMBIENT>
			<SPECULAR>true</SPECULAR>
			<DIFFUSEMAP>chest_toon.bmp.dds</DIFFUSEMAP>
		</MATERIAL>
		<MATERIAL name="_treasu20___Default">
			<DIFFUSE>0.5882000 0.5882000 0.5882000</DIFFUSE>
			<AMBIENT>true</AMBIENT>
			<SPECULAR>true</SPECULAR>
			<DIFFUSEMAP>chest_toon.bmp.dds</DIFFUSEMAP>
		</MATERIAL>
		<MATERIAL name="_coin17___Default">
			<DIFFUSE>0.5882000 0.5882000 0.5882000</DIFFUSE>
			<AMBIENT>true</AMBIENT>
			<SPECULAR>true</SPECULAR>
			<DIFFUSEMAP>coin.bmp.dds</DIFFUSEMAP>
		</MATERIAL>
		<MATERIAL name="19 - Default">
			<DIFFUSE>0.5882353 0.5882353 0.5882353</DIFFUSE>
			<AMBIENT>true</AMBIENT>
			<SPECULAR>true</SPECULAR>
			<DIFFUSEMAP>pillar.bmp.dds</DIFFUSEMAP>
		</MATERIAL>
		<MATERIAL name="fountain_mt_pnt">
			<DIFFUSE>0.5882000 0.5882000 0.5882000</DIFFUSE>
			<AMBIENT>true</AMBIENT>
			<SPECULAR>true</SPECULAR>
			<DIFFUSEMAP>tex_Fountain.bmp.dds</DIFFUSEMAP>
		</MATERIAL>
		<MATERIAL name="gold_mt_snd">
			<DIFFUSE>0.5882353 0.5882353 0.5882353</DIFFUSE>
			<AMBIENT>true</AMBIENT>
			<SPECULAR>true</SPECULAR>
			<DIFFUSEMAP>carpet.bmp.dds</DIFFUSEMAP>
		</MATERIAL>
		<MATERIAL name="_planosstone_mt_met">
			<DIFFUSE>0.5882000 0.5882000 0.5882000</DIFFUSE>
			<AMBIENT>true</AMBIENT>
			<SPECULAR>true</SPECULAR>
			<DIFFUSEMAP>stonefloor.tga.dds</DIFFUSEMAP>
			<USEOPACITY/>
		</MATERIAL>
		<MATERIAL name="mountains">
			<DIFFUSE>0.5882000 0.5882000 0.5882000</DIFFUSE>
			<AMBIENT>true</AMBIENT>
			<SPECULAR>true</SPECULAR>
			<DIFFUSEMAP>mountains.bmp.dds</DIFFUSEMAP>
		</MATERIAL>
		<MATERIAL name="fire">
			<DIFFUSE>0.5882353 0.5882353 0.5882353</DIFFUSE>
			<AMBIENT>true</AMBIENT>
			<SPECULAR>true</SPECULAR>
			<DIFFUSEMAP>txa 30 1000 fire_00.png</DIFFUSEMAP>
			<ADDITIVE/>
			<TWOSIDED/>
		</MATERIAL>
		<MATERIAL name="water">
			<DIFFUSE>0.5882353 0.5882353 0.5882353</DIFFUSE>
			<AMBIENT>true</AMBIENT>
			<SPECULAR>true</SPECULAR>
			<DIFFUSEMAP>gzd_map_water.bmp.dds</DIFFUSEMAP>
			<ADDITIVE/>
		</MATERIAL>
		<MATERIAL name="chains_mt_met">
			<DIFFUSE>0.5882000 0.5882000 0.5882000</DIFFUSE>
			<AMBIENT>true</AMBIENT>
			<SPECULAR>true</SPECULAR>
			<DIFFUSEMAP>chains.bmp.dds</DIFFUSEMAP>
		</MATERIAL>
		<MATERIAL name="iceball">
			<DIFFUSE>0.5882353 0.5882353 0.5882353</DIFFUSE>
			<AMBIENT>true</AMBIENT>
			<SPECULAR>true</SPECULAR>
			<DIFFUSEMAP>txa 18 750 iceball_00.dds</DIFFUSEMAP>
			<ADDITIVE/>
			<TWOSIDED/>
		</MATERIAL>
		<MATERIAL name="iceballb">
			<DIFFUSE>0.5882353 0.5882353 0.5882353</DIFFUSE>
			<AMBIENT>true</AMBIENT>
			<SPECULAR>true</SPECULAR>
			<DIFFUSEMAP>txa 18 750 iceballb_00.dds</DIFFUSEMAP>
			<ADDITIVE/>
			<TWOSIDED/>
		</MATERIAL>
		<MATERIAL name="moon">
			<DIFFUSE>0.5882353 0.5882353 0.5882353</DIFFUSE>
			<AMBIENT>true</AMBIENT>
			<SPECULAR>true</SPECULAR>
			<DIFFUSEMAP>moon.bmp.dds</DIFFUSEMAP>
			<ADDITIVE/>
		</MATERIAL>
		<MATERIAL name="Material #266">
			<DIFFUSE>0.5882000 0.5882000 0.5882000</DIFFUSE>
			<AMBIENT>true</AMBIENT>
			<SPECULAR>true</SPECULAR>
			<DIFFUSEMAP>universe.jpg</DIFFUSEMAP>
			<ADDITIVE/>
			<TWOSIDED/>
		</MATERIAL>
	</MATERIALLIST>
	<LIGHTLIST>
		<LIGHT name="main_Omni_a 01">
			<POSITION>-10000.0000000 7716.3808594 12474.1464844</POSITION>
			<COLOR>1.0000000 1.0000000 1.0000000</COLOR>
			<INTENSITY>0.2000000</INTENSITY>
			<ATTENUATIONSTART>40000.0000000</ATTENUATIONSTART>
			<ATTENUATIONEND>40000.0000000</ATTENUATIONEND>
		</LIGHT>
		<LIGHT name="main_Omni_a 02">
			<POSITION>10000.0000000 7716.3808594 12474.1464844</POSITION>
			<COLOR>1.0000000 1.0000000 1.0000000</COLOR>
			<INTENSITY>0.2000000</INTENSITY>
			<ATTENUATIONSTART>40000.0000000</ATTENUATIONSTART>
			<ATTENUATIONEND>40000.0000000</ATTENUATIONEND>
		</LIGHT>
		<LIGHT name="main_Omni_a 04">
			<POSITION>10000.0000000 -12283.6191406 12474.1464844</POSITION>
			<COLOR>1.0000000 1.0000000 1.0000000</COLOR>
			<INTENSITY>0.2000000</INTENSITY>
			<ATTENUATIONSTART>40000.0000000</ATTENUATIONSTART>
			<ATTENUATIONEND>40000.0000000</ATTENUATIONEND>
		</LIGHT>
		<LIGHT name="main_Omni_a 03">
			<POSITION>-10000.0000000 -12283.6191406 12474.1464844</POSITION>
			<COLOR>1.0000000 1.0000000 1.0000000</COLOR>
			<INTENSITY>0.2000000</INTENSITY>
			<ATTENUATIONSTART>40000.0000000</ATTENUATIONSTART>
			<ATTENUATIONEND>40000.0000000</ATTENUATIONEND>
		</LIGHT>
		<LIGHT name="main_Omni_b 01">
			<POSITION>-10000.0000000 -12283.6191406 -7525.8535156</POSITION>
			<COLOR>1.0000000 1.0000000 1.0000000</COLOR>
			<INTENSITY>0.1200000</INTENSITY>
			<ATTENUATIONSTART>40000.0000000</ATTENUATIONSTART>
			<ATTENUATIONEND>40000.0000000</ATTENUATIONEND>
		</LIGHT>
		<LIGHT name="main_Omni_b 02">
			<POSITION>-10000.0000000 7716.3808594 -7525.8535156</POSITION>
			<COLOR>1.0000000 1.0000000 1.0000000</COLOR>
			<INTENSITY>0.1200000</INTENSITY>
			<ATTENUATIONSTART>40000.0000000</ATTENUATIONSTART>
			<ATTENUATIONEND>40000.0000000</ATTENUATIONEND>
		</LIGHT>
		<LIGHT name="main_Omni_b 03">
			<POSITION>10000.0000000 7716.3808594 -7525.8535156</POSITION>
			<COLOR>1.0000000 1.0000000 1.0000000</COLOR>
			<INTENSITY>0.1200000</INTENSITY>
			<ATTENUATIONSTART>40000.0000000</ATTENUATIONSTART>
			<ATTENUATIONEND>40000.0000000</ATTENUATIONEND>
		</LIGHT>
		<LIGHT name="main_Omni_b 04">
			<POSITION>10000.0000000 -12283.6191406 -7525.8535156</POSITION>
			<COLOR>1.0000000 1.0000000 1.0000000</COLOR>
			<INTENSITY>0.1200000</INTENSITY>
			<ATTENUATIONSTART>40000.0000000</ATTENUATIONSTART>
			<ATTENUATIONEND>40000.0000000</ATTENUATIONEND>
		</LIGHT>
		<LIGHT name="sun_Omni">
			<POSITION>16102.1982422 -16859.7832031 18748.3046875</POSITION>
			<COLOR>1.0000000 1.0000000 1.0000000</COLOR>
			<INTENSITY>1.4000000</INTENSITY>
			<ATTENUATIONSTART>70000.0000000</ATTENUATIONSTART>
			<ATTENUATIONEND>70000.0000000</ATTENUATIONEND>
			<CASTSHADOW/>
		</LIGHT>
		<LIGHT name="obj_Omni_lantern_a17">
			<POSITION>956.6623535 -205.4596558 450.6874390</POSITION>
			<COLOR>1.0000000 0.8392158 0.4078432</COLOR>
			<INTENSITY>1.0000000</INTENSITY>
			<ATTENUATIONSTART>370.0000000</ATTENUATIONSTART>
			<ATTENUATIONEND>900.0000000</ATTENUATIONEND>
			<CASTSHADOW/>
		</LIGHT>
		<LIGHT name="Omni_lantern_a18">
			<POSITION>956.6623535 -205.4596558 452.2638550</POSITION>
			<COLOR>1.0000000 0.6862745 0.4078432</COLOR>
			<INTENSITY>1.0000000</INTENSITY>
			<ATTENUATIONSTART>370.0000000</ATTENUATIONSTART>
			<ATTENUATIONEND>900.0000000</ATTENUATIONEND>
			<CASTSHADOW/>
		</LIGHT>
		<LIGHT name="Omni_lantern_a19">
			<POSITION>650.4450073 857.5777588 452.2638550</POSITION>
			<COLOR>1.0000000 0.6862745 0.4078432</COLOR>
			<INTENSITY>1.0000000</INTENSITY>
			<ATTENUATIONSTART>370.0000000</ATTENUATIONSTART>
			<ATTENUATIONEND>900.0000000</ATTENUATIONEND>
			<CASTSHADOW/>
		</LIGHT>
		<LIGHT name="obj_Omni_lantern_a18">
			<POSITION>650.4450073 857.5777588 450.6874390</POSITION>
			<COLOR>1.0000000 0.8392158 0.4078432</COLOR>
			<INTENSITY>1.0000000</INTENSITY>
			<ATTENUATIONSTART>370.0000000</ATTENUATIONSTART>
			<ATTENUATIONEND>900.0000000</ATTENUATIONEND>
			<CASTSHADOW/>
		</LIGHT>
		<LIGHT name="obj_Omni_lantern_a19">
			<POSITION>-1307.5988770 1285.5402832 450.6874390</POSITION>
			<COLOR>1.0000000 0.8392158 0.4078432</COLOR>
			<INTENSITY>1.0000000</INTENSITY>
			<ATTENUATIONSTART>370.0000000</ATTENUATIONSTART>
			<ATTENUATIONEND>900.0000000</ATTENUATIONEND>
			<CASTSHADOW/>
		</LIGHT>
		<LIGHT name="Omni_lantern_a20">
			<POSITION>-1307.5988770 1285.5402832 452.2638550</POSITION>
			<COLOR>1.0000000 0.6862745 0.4078432</COLOR>
			<INTENSITY>1.0000000</INTENSITY>
			<ATTENUATIONSTART>370.0000000</ATTENUATIONSTART>
			<ATTENUATIONEND>900.0000000</ATTENUATIONEND>
			<CASTSHADOW/>
		</LIGHT>
		<LIGHT name="obj_Omni_lantern_a20">
			<POSITION>374.7919006 1414.7336426 450.6874390</POSITION>
			<COLOR>1.0000000 0.8392158 0.4078432</COLOR>
			<INTENSITY>1.0000000</INTENSITY>
			<ATTENUATIONSTART>370.0000000</ATTENUATIONSTART>
			<ATTENUATIONEND>900.0000000</ATTENUATIONEND>
			<CASTSHADOW/>
		</LIGHT>
		<LIGHT name="Omni_lantern_a21">
			<POSITION>374.7919006 1414.7336426 452.2638550</POSITION>
			<COLOR>1.0000000 0.6862745 0.4078432</COLOR>
			<INTENSITY>1.0000000</INTENSITY>
			<ATTENUATIONSTART>370.0000000</ATTENUATIONSTART>
			<ATTENUATIONEND>900.0000000</ATTENUATIONEND>
			<CASTSHADOW/>
		</LIGHT>
		<LIGHT name="obj_Omni_lantern_a21">
			<POSITION>-150.4691620 -109.1519165 250.6874390</POSITION>
			<COLOR>1.0000000 0.8392158 0.4078432</COLOR>
			<INTENSITY>1.0000000</INTENSITY>
			<ATTENUATIONSTART>370.0000000</ATTENUATIONSTART>
			<ATTENUATIONEND>900.0000000</ATTENUATIONEND>
			<CASTSHADOW/>
		</LIGHT>
		<LIGHT name="Omni_lantern_a22">
			<POSITION>-150.4691620 -109.1519165 252.2638550</POSITION>
			<COLOR>1.0000000 0.6862745 0.4078432</COLOR>
			<INTENSITY>1.0000000</INTENSITY>
			<ATTENUATIONSTART>370.0000000</ATTENUATIONSTART>
			<ATTENUATIONEND>900.0000000</ATTENUATIONEND>
			<CASTSHADOW/>
		</LIGHT>
		<LIGHT name="Omni_lantern_a23">
			<POSITION>623.3516235 -1057.9256592 252.2638550</POSITION>
			<COLOR>1.0000000 0.6862745 0.4078432</COLOR>
			<INTENSITY>1.0000000</INTENSITY>
			<ATTENUATIONSTART>370.0000000</ATTENUATIONSTART>
			<ATTENUATIONEND>900.0000000</ATTENUATIONEND>
			<CASTSHADOW/>
		</LIGHT>
		<LIGHT name="obj_Omni_lantern_a22">
			<POSITION>623.3516235 -1057.9256592 250.6874390</POSITION>
			<COLOR>1.0000000 0.8392158 0.4078432</COLOR>
			<INTENSITY>1.0000000</INTENSITY>
			<ATTENUATIONSTART>370.0000000</ATTENUATIONSTART>
			<ATTENUATIONEND>900.0000000</ATTENUATIONEND>
			<CASTSHADOW/>
		</LIGHT>
		<LIGHT name="Omni_lantern_a24">
			<POSITION>170.4697113 -1483.4615479 252.2638550</POSITION>
			<COLOR>1.0000000 0.6862745 0.4078432</COLOR>
			<INTENSITY>1.0000000</INTENSITY>
			<ATTENUATIONSTART>370.0000000</ATTENUATIONSTART>
			<ATTENUATIONEND>900.0000000</ATTENUATIONEND>
			<CASTSHADOW/>
		</LIGHT>
		<LIGHT name="obj_Omni_lantern_a23">
			<POSITION>170.4697113 -1483.4615479 250.6874390</POSITION>
			<COLOR>1.0000000 0.8392158 0.4078432</COLOR>
			<INTENSITY>1.0000000</INTENSITY>
			<ATTENUATIONSTART>370.0000000</ATTENUATIONSTART>
			<ATTENUATIONEND>900.0000000</ATTENUATIONEND>
			<CASTSHADOW/>
		</LIGHT>
		<LIGHT name="Omni_lantern_a25">
			<POSITION>-442.4163818 -739.1640015 252.2638550</POSITION>
			<COLOR>1.0000000 0.6862745 0.4078432</COLOR>
			<INTENSITY>1.0000000</INTENSITY>
			<ATTENUATIONSTART>370.0000000</ATTENUATIONSTART>
			<ATTENUATIONEND>900.0000000</ATTENUATIONEND>
			<CASTSHADOW/>
		</LIGHT>
		<LIGHT name="obj_Omni_lantern_a24">
			<POSITION>-442.4163818 -739.1640015 250.6874390</POSITION>
			<COLOR>1.0000000 0.8392158 0.4078432</COLOR>
			<INTENSITY>1.0000000</INTENSITY>
			<ATTENUATIONSTART>370.0000000</ATTENUATIONSTART>
			<ATTENUATIONEND>900.0000000</ATTENUATIONEND>
			<CASTSHADOW/>
		</LIGHT>
	</LIGHTLIST>
	<OBJECTLIST>
		<OBJECT name="obj_symbols.elu">
		</OBJECT>
		<OBJECT name="obj_credits.elu">
		</OBJECT>
		<OBJECT name="obj_universe.elu">
		</OBJECT>
		<OBJECT name="obj_moon.elu">
		</OBJECT>
		<OBJECT name="obj_lamps.elu">
		</OBJECT>
		<OBJECT name="obj_carpet.elu">
		</OBJECT>
		<OBJECT name="obj_fire.elu">
		</OBJECT>
		<OBJECT name="obj_iceballs.elu">
		</OBJECT>
		<OBJECT name="League of teams_obj_water2.elu">
		</OBJECT>
	</OBJECTLIST>
	<DUMMYLIST>
		<DUMMY name="spawn_solo_101">
			<POSITION>-6804.8208008 14945.1210938 929.7690430</POSITION>
			<DIRECTION>-0.0000000 1.0000000 0.0000000</DIRECTION>
		</DUMMY>
		<DUMMY name="wait_pos_01">
			<POSITION>-14137.1982422 15156.4482422 3270.4631348</POSITION>
			<DIRECTION>-0.0000000 1.0000000 0.0000000</DIRECTION>
		</DUMMY>
		<DUMMY name="spawn_solo_102">
			<POSITION>-20604.8203125 14945.1210938 929.7690430</POSITION>
			<DIRECTION>-0.0000000 1.0000000 0.0000000</DIRECTION>
		</DUMMY>
		<DUMMY name="spawn_solo_103">
			<POSITION>-20604.8203125 15184.4599609 929.7690430</POSITION>
			<DIRECTION>-0.0000000 1.0000000 0.0000000</DIRECTION>
		</DUMMY>
		<DUMMY name="spawn_solo_104">
			<POSITION>-6804.8203125 15184.4599609 929.7690430</POSITION>
			<DIRECTION>-0.0000000 1.0000000 0.0000000</DIRECTION>
		</DUMMY>
		<DUMMY name="spawn_solo_105">
			<POSITION>-6804.8203125 15422.7607422 929.7690430</POSITION>
			<DIRECTION>-0.0000000 1.0000000 0.0000000</DIRECTION>
		</DUMMY>
		<DUMMY name="spawn_solo_106">
			<POSITION>-20604.8203125 15422.7607422 929.7690430</POSITION>
			<DIRECTION>-0.0000000 1.0000000 0.0000000</DIRECTION>
		</DUMMY>
		<DUMMY name="spawn_solo_107">
			<POSITION>-20604.8203125 15660.7978516 929.7690430</POSITION>
			<DIRECTION>-0.0000000 1.0000000 0.0000000</DIRECTION>
		</DUMMY>
		<DUMMY name="spawn_solo_108">
			<POSITION>-6804.8203125 15660.7978516 929.7690430</POSITION>
			<DIRECTION>-0.0000000 1.0000000 0.0000000</DIRECTION>
		</DUMMY>
		<DUMMY name="spawn_solo_109">
			<POSITION>-6804.8203125 15898.5722656 929.7690430</POSITION>
			<DIRECTION>-0.0000000 1.0000000 0.0000000</DIRECTION>
		</DUMMY>
		<DUMMY name="spawn_solo_110">
			<POSITION>-20604.8203125 15898.5722656 929.7690430</POSITION>
			<DIRECTION>-0.0000000 1.0000000 0.0000000</DIRECTION>
		</DUMMY>
		<DUMMY name="spawn_solo_111">
			<POSITION>-16322.4560547 15383.8105469 929.7690430</POSITION>
			<DIRECTION>-0.0000000 1.0000000 0.0000000</DIRECTION>
		</DUMMY>
		<DUMMY name="spawn_solo_112">
			<POSITION>-11834.4208984 15383.8105469 929.7690430</POSITION>
			<DIRECTION>-0.0000000 1.0000000 0.0000000</DIRECTION>
		</DUMMY>
		<DUMMY name="spawn_solo_113">
			<POSITION>-7982.9604492 15383.8105469 929.7690430</POSITION>
			<DIRECTION>-0.0000000 1.0000000 0.0000000</DIRECTION>
		</DUMMY>
		<DUMMY name="spawn_solo_114">
			<POSITION>-19610.6660156 15383.8105469 929.7690430</POSITION>
			<DIRECTION>-0.0000000 1.0000000 0.0000000</DIRECTION>
		</DUMMY>
		<DUMMY name="spawn_solo_115">
			<POSITION>-19610.6660156 16373.8759766 929.7690430</POSITION>
			<DIRECTION>-0.0000000 1.0000000 0.0000000</DIRECTION>
		</DUMMY>
		<DUMMY name="spawn_solo_116">
			<POSITION>-7560.1718750 16373.8759766 929.7690430</POSITION>
			<DIRECTION>-0.0000000 1.0000000 0.0000000</DIRECTION>
		</DUMMY>
		<DUMMY name="spawn_team1_101">
			<POSITION>-7142.2534180 15898.5722656 929.7690430</POSITION>
			<DIRECTION>-0.0000000 1.0000000 0.0000000</DIRECTION>
		</DUMMY>
		<DUMMY name="spawn_team1_108">
			<POSITION>-7142.2534180 15660.7978516 929.7690430</POSITION>
			<DIRECTION>-0.0000000 1.0000000 0.0000000</DIRECTION>
		</DUMMY>
		<DUMMY name="spawn_team1_102">
			<POSITION>-7142.2534180 15422.7607422 929.7690430</POSITION>
			<DIRECTION>-0.0000000 1.0000000 0.0000000</DIRECTION>
		</DUMMY>
		<DUMMY name="spawn_team1_103">
			<POSITION>-7142.2534180 15184.4599609 929.7690430</POSITION>
			<DIRECTION>-0.0000000 1.0000000 0.0000000</DIRECTION>
		</DUMMY>
		<DUMMY name="spawn_team1_104">
			<POSITION>-7142.2539063 14945.1210938 929.7690430</POSITION>
			<DIRECTION>-0.0000000 1.0000000 0.0000000</DIRECTION>
		</DUMMY>
		<DUMMY name="spawn_team1_105">
			<POSITION>-7779.5312500 15383.8105469 929.7690430</POSITION>
			<DIRECTION>-0.0000000 1.0000000 0.0000000</DIRECTION>
		</DUMMY>
		<DUMMY name="spawn_team1_106">
			<POSITION>-7135.9541016 16111.0156250 929.7690430</POSITION>
			<DIRECTION>-0.0000000 1.0000000 0.0000000</DIRECTION>
		</DUMMY>
		<DUMMY name="spawn_team1_107">
			<POSITION>-7143.5263672 14712.5585938 929.7690430</POSITION>
			<DIRECTION>-0.0000000 1.0000000 0.0000000</DIRECTION>
		</DUMMY>
		<DUMMY name="spawn_team2_101">
			<POSITION>-19762.0312500 15383.8105469 929.7690430</POSITION>
			<DIRECTION>-0.0000000 -1.0000000 0.0000000</DIRECTION>
		</DUMMY>
		<DUMMY name="spawn_team2_108">
			<POSITION>-20405.6093750 16111.0156250 929.7690430</POSITION>
			<DIRECTION>-0.0000000 -1.0000000 0.0000000</DIRECTION>
		</DUMMY>
		<DUMMY name="spawn_team2_102">
			<POSITION>-20399.3085938 15898.5722656 929.7690430</POSITION>
			<DIRECTION>-0.0000000 -1.0000000 0.0000000</DIRECTION>
		</DUMMY>
		<DUMMY name="spawn_team2_103">
			<POSITION>-20399.3085938 15660.7978516 929.7690430</POSITION>
			<DIRECTION>-0.0000000 -1.0000000 0.0000000</DIRECTION>
		</DUMMY>
		<DUMMY name="spawn_team2_104">
			<POSITION>-20399.3085938 15422.7607422 929.7690430</POSITION>
			<DIRECTION>-0.0000000 -1.0000000 0.0000000</DIRECTION>
		</DUMMY>
		<DUMMY name="spawn_team2_105">
			<POSITION>-20399.3085938 15184.4599609 929.7690430</POSITION>
			<DIRECTION>-0.0000000 -1.0000000 0.0000000</DIRECTION>
		</DUMMY>
		<DUMMY name="spawn_team2_106">
			<POSITION>-20399.3085938 14945.1210938 929.7690430</POSITION>
			<DIRECTION>-0.0000000 -1.0000000 0.0000000</DIRECTION>
		</DUMMY>
		<DUMMY name="spawn_team2_107">
			<POSITION>-20398.0351563 14712.5585938 929.7690430</POSITION>
			<DIRECTION>-0.0000000 -1.0000000 0.0000000</DIRECTION>
		</DUMMY>
		<DUMMY name="spawn_item_solo_ap02_01">
			<POSITION>-17304.7968750 14994.0830078 929.7690430</POSITION>
			<DIRECTION>-0.0000000 1.0000000 0.0000000</DIRECTION>
		</DUMMY>
		<DUMMY name="spawn_item_solo_ap03_01">
			<POSITION>-10377.0468750 14994.0830078 929.7690430</POSITION>
			<DIRECTION>-0.0000000 1.0000000 0.0000000</DIRECTION>
		</DUMMY>
		<DUMMY name="spawn_item_team_bullet02_02">
			<POSITION>-12192.3261719 14994.0830078 929.7690430</POSITION>
			<DIRECTION>-0.0000000 1.0000000 0.0000000</DIRECTION>
		</DUMMY>
		<DUMMY name="spawn_item_team_bullet02_01">
			<POSITION>-15498.0966797 14994.0830078 929.7690430</POSITION>
			<DIRECTION>-0.0000000 1.0000000 0.0000000</DIRECTION>
		</DUMMY>
		<DUMMY name="spawn_item_solo_bullet02_02">
			<POSITION>-14335.3564453 15429.8046875 929.7690430</POSITION>
			<DIRECTION>-0.0000000 1.0000000 0.0000000</DIRECTION>
		</DUMMY>
		<DUMMY name="spawn_item_solo_hp02_01">
			<POSITION>-14335.3564453 15429.8046875 929.7690430</POSITION>
			<DIRECTION>-0.0000000 1.0000000 0.0000000</DIRECTION>
		</DUMMY>
		<DUMMY name="spawn_item_solo_bullet02_01">
			<POSITION>-11458.6767578 15343.7509766 2160.6289063</POSITION>
			<DIRECTION>-0.0000000 1.0000000 0.0000000</DIRECTION>
		</DUMMY>
	</DUMMYLIST>
	<OCCLUSIONLIST>
	</OCCLUSIONLIST>
	<AMBIENTSOUNDLIST>
		<AMBIENTSOUND ObjName="snd_amb_a1_wind 01" type="a1" filename="amb_center_grille_2d">
			<CENTER>-14335.3564453 15429.8046875 929.7690430</CENTER>
			<RADIUS>1500</RADIUS>
		</AMBIENTSOUND>
		<AMBIENTSOUND ObjName="snd_amb_a1_wind 02" type="a1" filename="amb_league_background_2d">
			<CENTER>-14137.1982422 15156.4482422 3270.4631348</CENTER>
			<RADIUS>20000</RADIUS>
		</AMBIENTSOUND>
	</AMBIENTSOUNDLIST>
	<FOG min="7800" max="12000">
		<R>0</R>
		<G>0</G>
		<B>0</B>
	</FOG>
	<GLOBAL>
		<fog_enable>TRUE</fog_enable>
		<fog_min>7800</fog_min>
		<fog_max>12000</fog_max>
		<fog_color>0,0,0</fog_color>
	</GLOBAL>
</XML>
