<?xml version="1.0"?>
<XML>
	<GAMETYPE id="solo">
		<SPAWN item="ap02" timesec="0">
			<POSITION>-17304.7968750 14994.0830078 929.7690430</POSITION>
		</SPAWN>
		<SPAWN item="ap03" timesec="0">
			<POSITION>-10377.0468750 14994.0830078 929.7690430</POSITION>
		</SPAWN>
		<SPAWN item="bullet02" timesec="0">
			<POSITION>-11458.6767578 15343.7509766 2160.6289063</POSITION>
		</SPAWN>
		<SPAWN item="hp02" timesec="0">
			<POSITION>-14335.3564453 15429.8046875 929.7690430</POSITION>
		</SPAWN>
		<SPAWN item="bullet02" timesec="0">
			<POSITION>-14335.3564453 15429.8046875 929.7690430</POSITION>
		</SPAWN>
	</GAMETYPE>
	<GAMETYPE id="team">
		<SPAWN item="bullet02" timesec="0">
			<POSITION>-12192.3261719 14994.0830078 929.7690430</POSITION>
		</SPAWN>
		<SPAWN item="bullet02" timesec="0">
			<POSITION>-15498.0966797 14994.0830078 929.7690430</POSITION>
		</SPAWN>
		<SPAWN item="blueflag" timesec="1">
			<POSITION>-8684.5732422 15317.2148438 1441.7434082</POSITION>
		</SPAWN>
		<SPAWN item="redflag" timesec="1">
			<POSITION>-18810.4101563 15317.2148438 1441.7434082</POSITION>
		</SPAWN>
	</GAMETYPE>
</XML>
