<?xml version="1.0" encoding="UTF-8"?>
<XML>
	<GAMETYPE id="solo">
		<SPAWN item="bullet02" timesec="45000">
			<POSITION>-107.7636871 46.9901848 0.0000000</POSITION>
		</SPAWN>
		<SPAWN item="ap03" timesec="45000">
			<POSITION>-3941.0378418 -1781.7968750 521.0701294</POSITION>
		</SPAWN>
		<SPAWN item="hp03" timesec="45000">
			<POSITION>3217.4130859 2769.1140137 -710.6282959</POSITION>
		</SPAWN>
		<SPAWN item="hp02" timesec="30000">
			<POSITION>-980.7435913 -2492.3833008 -374.6056824</POSITION>
		</SPAWN>
</GAMETYPE><GAMETYPE id="team">
		<SPAWN item="bullet02" timesec="45000">
			<POSITION>-668.5640869 35.8902969 0.0000000</POSITION>
		</SPAWN>
		<SPAWN item="bullet02" timesec="45000">
			<POSITION>2135.9755859 -3046.4060059 -710.6286621</POSITION>
		</SPAWN>
</GAMETYPE>
</XML>
