<?xml version="1.0" encoding="UTF-8"?>
<XML>
	<MATERIALLIST>
		<MATERIAL name="common_gzd_map_Castle_bluff01">
			<DIFFUSE>1.00000000 1.00000000 1.00000000</DIFFUSE>
			<AMBIENT>1.00000000 1.00000000 1.00000000</AMBIENT>
			<SPECULAR>1.00000000 1.00000000 1.00000000</SPECULAR>
			<DIFFUSEMAP>common/gzd_map_Castle_bluff01.tga</DIFFUSEMAP>
		</MATERIAL>
		<MATERIAL name="common_gzd_map_Mansion_wall05">
			<DIFFUSE>1.00000000 1.00000000 1.00000000</DIFFUSE>
			<AMBIENT>1.00000000 1.00000000 1.00000000</AMBIENT>
			<SPECULAR>1.00000000 1.00000000 1.00000000</SPECULAR>
			<DIFFUSEMAP>common/gzd_map_Mansion_wall05.tga</DIFFUSEMAP>
		</MATERIAL>
		<MATERIAL name="common_gzd_map_DG_wall05">
			<DIFFUSE>1.00000000 1.00000000 1.00000000</DIFFUSE>
			<AMBIENT>1.00000000 1.00000000 1.00000000</AMBIENT>
			<SPECULAR>1.00000000 1.00000000 1.00000000</SPECULAR>
			<DIFFUSEMAP>common/gzd_map_DG_wall05.tga</DIFFUSEMAP>
		</MATERIAL>
		<MATERIAL name="common_gzd_map_Garden_mask">
			<DIFFUSE>1.00000000 1.00000000 1.00000000</DIFFUSE>
			<AMBIENT>1.00000000 1.00000000 1.00000000</AMBIENT>
			<SPECULAR>1.00000000 1.00000000 1.00000000</SPECULAR>
			<DIFFUSEMAP>common/gzd_map_Garden_mask.tga</DIFFUSEMAP>
		</MATERIAL>
		<MATERIAL name="common_pavement">
			<DIFFUSE>1.00000000 1.00000000 1.00000000</DIFFUSE>
			<AMBIENT>1.00000000 1.00000000 1.00000000</AMBIENT>
			<SPECULAR>1.00000000 1.00000000 1.00000000</SPECULAR>
			<DIFFUSEMAP>common/pavement.tga</DIFFUSEMAP>
		</MATERIAL>
		<MATERIAL name="common_gzd_map_Prison_win002">
			<DIFFUSE>1.00000000 1.00000000 1.00000000</DIFFUSE>
			<AMBIENT>1.00000000 1.00000000 1.00000000</AMBIENT>
			<SPECULAR>1.00000000 1.00000000 1.00000000</SPECULAR>
			<DIFFUSEMAP>common/gzd_map_Prison_win002.tga</DIFFUSEMAP>
		</MATERIAL>
		<MATERIAL name="common_gzd_map_Castle_wall04">
			<DIFFUSE>1.00000000 1.00000000 1.00000000</DIFFUSE>
			<AMBIENT>1.00000000 1.00000000 1.00000000</AMBIENT>
			<SPECULAR>1.00000000 1.00000000 1.00000000</SPECULAR>
			<DIFFUSEMAP>common/gzd_map_Castle_wall04.tga</DIFFUSEMAP>
		</MATERIAL>
		<MATERIAL name="common_gzd_map_DG_floor01">
			<DIFFUSE>1.00000000 1.00000000 1.00000000</DIFFUSE>
			<AMBIENT>1.00000000 1.00000000 1.00000000</AMBIENT>
			<SPECULAR>1.00000000 1.00000000 1.00000000</SPECULAR>
			<DIFFUSEMAP>common/gzd_map_DG_floor01.tga</DIFFUSEMAP>
		</MATERIAL>
		<MATERIAL name="common_gzd_map_BA_wod_floor01.bmp">
			<DIFFUSE>1.00000000 1.00000000 1.00000000</DIFFUSE>
			<AMBIENT>1.00000000 1.00000000 1.00000000</AMBIENT>
			<SPECULAR>1.00000000 1.00000000 1.00000000</SPECULAR>
			<DIFFUSEMAP>common/gzd_map_BA_wod_floor01.bmp.tga</DIFFUSEMAP>
		</MATERIAL>
		<MATERIAL name="common_gzd_map_Prison_roof001.bmp">
			<DIFFUSE>1.00000000 1.00000000 1.00000000</DIFFUSE>
			<AMBIENT>1.00000000 1.00000000 1.00000000</AMBIENT>
			<SPECULAR>1.00000000 1.00000000 1.00000000</SPECULAR>
			<DIFFUSEMAP>common/gzd_map_Prison_roof001.bmp.tga</DIFFUSEMAP>
		</MATERIAL>
		<MATERIAL name="common_gzd_map_Garden_wall03">
			<DIFFUSE>1.00000000 1.00000000 1.00000000</DIFFUSE>
			<AMBIENT>1.00000000 1.00000000 1.00000000</AMBIENT>
			<SPECULAR>1.00000000 1.00000000 1.00000000</SPECULAR>
			<DIFFUSEMAP>common/gzd_map_Garden_wall03.tga</DIFFUSEMAP>
		</MATERIAL>
		<MATERIAL name="common_gzd_map_Castle_wall02">
			<DIFFUSE>1.00000000 1.00000000 1.00000000</DIFFUSE>
			<AMBIENT>1.00000000 1.00000000 1.00000000</AMBIENT>
			<SPECULAR>1.00000000 1.00000000 1.00000000</SPECULAR>
			<DIFFUSEMAP>common/gzd_map_Castle_wall02.tga</DIFFUSEMAP>
		</MATERIAL>
		<MATERIAL name="common_gzd_map_BA_wall04.bmp">
			<DIFFUSE>1.00000000 1.00000000 1.00000000</DIFFUSE>
			<AMBIENT>1.00000000 1.00000000 1.00000000</AMBIENT>
			<SPECULAR>1.00000000 1.00000000 1.00000000</SPECULAR>
			<DIFFUSEMAP>common/gzd_map_BA_wall04.bmp.tga</DIFFUSEMAP>
		</MATERIAL>
		<MATERIAL name="common_gzd_map_DG_wall04">
			<DIFFUSE>1.00000000 1.00000000 1.00000000</DIFFUSE>
			<AMBIENT>1.00000000 1.00000000 1.00000000</AMBIENT>
			<SPECULAR>1.00000000 1.00000000 1.00000000</SPECULAR>
			<DIFFUSEMAP>common/gzd_map_DG_wall04.tga</DIFFUSEMAP>
		</MATERIAL>
		<MATERIAL name="common_gzd_map_island_boat05.bmp">
			<DIFFUSE>1.00000000 1.00000000 1.00000000</DIFFUSE>
			<AMBIENT>1.00000000 1.00000000 1.00000000</AMBIENT>
			<SPECULAR>1.00000000 1.00000000 1.00000000</SPECULAR>
			<DIFFUSEMAP>common/gzd_map_island_boat05.bmp.tga</DIFFUSEMAP>
		</MATERIAL>
		<MATERIAL name="common_gzd_map_Garden_wall03.bmp">
			<DIFFUSE>1.00000000 1.00000000 1.00000000</DIFFUSE>
			<AMBIENT>1.00000000 1.00000000 1.00000000</AMBIENT>
			<SPECULAR>1.00000000 1.00000000 1.00000000</SPECULAR>
			<DIFFUSEMAP>common/gzd_map_Garden_wall03.bmp.tga</DIFFUSEMAP>
		</MATERIAL>
		<MATERIAL name="common_gzd_map_town_floor11">
			<DIFFUSE>1.00000000 1.00000000 1.00000000</DIFFUSE>
			<AMBIENT>1.00000000 1.00000000 1.00000000</AMBIENT>
			<SPECULAR>1.00000000 1.00000000 1.00000000</SPECULAR>
			<DIFFUSEMAP>common/gzd_map_town_floor11.tga</DIFFUSEMAP>
		</MATERIAL>
		<MATERIAL name="common_gzd_map_Castle_deco01.bmp">
			<DIFFUSE>1.00000000 1.00000000 1.00000000</DIFFUSE>
			<AMBIENT>1.00000000 1.00000000 1.00000000</AMBIENT>
			<SPECULAR>1.00000000 1.00000000 1.00000000</SPECULAR>
			<DIFFUSEMAP>common/gzd_map_Castle_deco01.bmp.tga</DIFFUSEMAP>
		</MATERIAL>
		<MATERIAL name="common_1179819886219">
			<DIFFUSE>1.00000000 1.00000000 1.00000000</DIFFUSE>
			<AMBIENT>1.00000000 1.00000000 1.00000000</AMBIENT>
			<SPECULAR>1.00000000 1.00000000 1.00000000</SPECULAR>
			<DIFFUSEMAP>common/1179819886219.tga</DIFFUSEMAP>
		</MATERIAL>
		<MATERIAL name="common_gzd_map_Mansion_ceiling02">
			<DIFFUSE>1.00000000 1.00000000 1.00000000</DIFFUSE>
			<AMBIENT>1.00000000 1.00000000 1.00000000</AMBIENT>
			<SPECULAR>1.00000000 1.00000000 1.00000000</SPECULAR>
			<DIFFUSEMAP>common/gzd_map_Mansion_ceiling02.tga</DIFFUSEMAP>
		</MATERIAL>
		<MATERIAL name="common_gzd_map_Castle_floor01">
			<DIFFUSE>1.00000000 1.00000000 1.00000000</DIFFUSE>
			<AMBIENT>1.00000000 1.00000000 1.00000000</AMBIENT>
			<SPECULAR>1.00000000 1.00000000 1.00000000</SPECULAR>
			<DIFFUSEMAP>common/gzd_map_Castle_floor01.tga</DIFFUSEMAP>
		</MATERIAL>
		<MATERIAL name="common_gzd_map_DG_wall07">
			<DIFFUSE>1.00000000 1.00000000 1.00000000</DIFFUSE>
			<AMBIENT>1.00000000 1.00000000 1.00000000</AMBIENT>
			<SPECULAR>1.00000000 1.00000000 1.00000000</SPECULAR>
			<DIFFUSEMAP>common/gzd_map_DG_wall07.tga</DIFFUSEMAP>
		</MATERIAL>
		<MATERIAL name="common_scy_scraper">
			<DIFFUSE>1.00000000 1.00000000 1.00000000</DIFFUSE>
			<AMBIENT>1.00000000 1.00000000 1.00000000</AMBIENT>
			<SPECULAR>1.00000000 1.00000000 1.00000000</SPECULAR>
			<DIFFUSEMAP>common/scy_scraper.tga</DIFFUSEMAP>
		</MATERIAL>
		<MATERIAL name="common_gzd_map_DG_wall05.bmp">
			<DIFFUSE>1.00000000 1.00000000 1.00000000</DIFFUSE>
			<AMBIENT>1.00000000 1.00000000 1.00000000</AMBIENT>
			<SPECULAR>1.00000000 1.00000000 1.00000000</SPECULAR>
			<DIFFUSEMAP>common/gzd_map_DG_wall05.bmp.tga</DIFFUSEMAP>
		</MATERIAL>
		<MATERIAL name="common_gzd_map_DG_wall06">
			<DIFFUSE>1.00000000 1.00000000 1.00000000</DIFFUSE>
			<AMBIENT>1.00000000 1.00000000 1.00000000</AMBIENT>
			<SPECULAR>1.00000000 1.00000000 1.00000000</SPECULAR>
			<DIFFUSEMAP>common/gzd_map_DG_wall06.tga</DIFFUSEMAP>
		</MATERIAL>
		<MATERIAL name="common_gzd_map_Sta_box003_1.bmp">
			<DIFFUSE>1.00000000 1.00000000 1.00000000</DIFFUSE>
			<AMBIENT>1.00000000 1.00000000 1.00000000</AMBIENT>
			<SPECULAR>1.00000000 1.00000000 1.00000000</SPECULAR>
			<DIFFUSEMAP>common/gzd_map_Sta_box003_1.bmp.tga</DIFFUSEMAP>
		</MATERIAL>
		<MATERIAL name="common_gzd_map_island_sand01.bmp">
			<DIFFUSE>1.00000000 1.00000000 1.00000000</DIFFUSE>
			<AMBIENT>1.00000000 1.00000000 1.00000000</AMBIENT>
			<SPECULAR>1.00000000 1.00000000 1.00000000</SPECULAR>
			<DIFFUSEMAP>common/gzd_map_island_sand01.bmp.tga</DIFFUSEMAP>
		</MATERIAL>
		<MATERIAL name="common_gzd_map_island_boat01.bmp">
			<DIFFUSE>1.00000000 1.00000000 1.00000000</DIFFUSE>
			<AMBIENT>1.00000000 1.00000000 1.00000000</AMBIENT>
			<SPECULAR>1.00000000 1.00000000 1.00000000</SPECULAR>
			<DIFFUSEMAP>common/gzd_map_island_boat01.bmp.tga</DIFFUSEMAP>
		</MATERIAL>
		<MATERIAL name="common_gzd_map_Mansion_carpet00">
			<DIFFUSE>1.00000000 1.00000000 1.00000000</DIFFUSE>
			<AMBIENT>1.00000000 1.00000000 1.00000000</AMBIENT>
			<SPECULAR>1.00000000 1.00000000 1.00000000</SPECULAR>
			<DIFFUSEMAP>common/gzd_map_Mansion_carpet00.tga</DIFFUSEMAP>
		</MATERIAL>
		<MATERIAL name="common_gzd_map_Garden_wall02">
			<DIFFUSE>1.00000000 1.00000000 1.00000000</DIFFUSE>
			<AMBIENT>1.00000000 1.00000000 1.00000000</AMBIENT>
			<SPECULAR>1.00000000 1.00000000 1.00000000</SPECULAR>
			<DIFFUSEMAP>common/gzd_map_Garden_wall02.tga</DIFFUSEMAP>
		</MATERIAL>
		<MATERIAL name="common_sky_sunset">
			<DIFFUSE>1.00000000 1.00000000 1.00000000</DIFFUSE>
			<AMBIENT>1.00000000 1.00000000 1.00000000</AMBIENT>
			<SPECULAR>1.00000000 1.00000000 1.00000000</SPECULAR>
			<DIFFUSEMAP>common/sky_sunset.tga</DIFFUSEMAP>
		</MATERIAL>
		<MATERIAL name="common_gzd_map_Castle_roof01.bmp">
			<DIFFUSE>1.00000000 1.00000000 1.00000000</DIFFUSE>
			<AMBIENT>1.00000000 1.00000000 1.00000000</AMBIENT>
			<SPECULAR>1.00000000 1.00000000 1.00000000</SPECULAR>
			<DIFFUSEMAP>common/gzd_map_Castle_roof01.bmp.tga</DIFFUSEMAP>
		</MATERIAL>
		<MATERIAL name="common_gzd_map_DG_wreckage02">
			<DIFFUSE>1.00000000 1.00000000 1.00000000</DIFFUSE>
			<AMBIENT>1.00000000 1.00000000 1.00000000</AMBIENT>
			<SPECULAR>1.00000000 1.00000000 1.00000000</SPECULAR>
			<DIFFUSEMAP>common/gzd_map_DG_wreckage02.tga</DIFFUSEMAP>
		</MATERIAL>
		<MATERIAL name="common_gzd_map_Prison_door001.bmp">
			<DIFFUSE>1.00000000 1.00000000 1.00000000</DIFFUSE>
			<AMBIENT>1.00000000 1.00000000 1.00000000</AMBIENT>
			<SPECULAR>1.00000000 1.00000000 1.00000000</SPECULAR>
			<DIFFUSEMAP>common/gzd_map_Prison_door001.bmp.tga</DIFFUSEMAP>
		</MATERIAL>
		<MATERIAL name="common_gzd_map_Castle_wall01">
			<DIFFUSE>1.00000000 1.00000000 1.00000000</DIFFUSE>
			<AMBIENT>1.00000000 1.00000000 1.00000000</AMBIENT>
			<SPECULAR>1.00000000 1.00000000 1.00000000</SPECULAR>
			<DIFFUSEMAP>common/gzd_map_Castle_wall01.tga</DIFFUSEMAP>
		</MATERIAL>
		<MATERIAL name="common_gzd_map_Prison_d-pipe001">
			<DIFFUSE>1.00000000 1.00000000 1.00000000</DIFFUSE>
			<AMBIENT>1.00000000 1.00000000 1.00000000</AMBIENT>
			<SPECULAR>1.00000000 1.00000000 1.00000000</SPECULAR>
			<DIFFUSEMAP>common/gzd_map_Prison_d-pipe001.tga</DIFFUSEMAP>
		</MATERIAL>
		<MATERIAL name="common_gzd_map_Prison_win001.bmp">
			<DIFFUSE>1.00000000 1.00000000 1.00000000</DIFFUSE>
			<AMBIENT>1.00000000 1.00000000 1.00000000</AMBIENT>
			<SPECULAR>1.00000000 1.00000000 1.00000000</SPECULAR>
			<DIFFUSEMAP>common/gzd_map_Prison_win001.bmp.tga</DIFFUSEMAP>
		</MATERIAL>
		<MATERIAL name="common_gzd_map_Mansion_carpet02">
			<DIFFUSE>1.00000000 1.00000000 1.00000000</DIFFUSE>
			<AMBIENT>1.00000000 1.00000000 1.00000000</AMBIENT>
			<SPECULAR>1.00000000 1.00000000 1.00000000</SPECULAR>
			<DIFFUSEMAP>common/gzd_map_Mansion_carpet02.tga</DIFFUSEMAP>
		</MATERIAL>
		<MATERIAL name="common_gzd_map_Prison_floor001.bmp">
			<DIFFUSE>1.00000000 1.00000000 1.00000000</DIFFUSE>
			<AMBIENT>1.00000000 1.00000000 1.00000000</AMBIENT>
			<SPECULAR>1.00000000 1.00000000 1.00000000</SPECULAR>
			<DIFFUSEMAP>common/gzd_map_Prison_floor001.bmp.tga</DIFFUSEMAP>
		</MATERIAL>
		<MATERIAL name="common_gzd_map_BA_wall05.bmp">
			<DIFFUSE>1.00000000 1.00000000 1.00000000</DIFFUSE>
			<AMBIENT>1.00000000 1.00000000 1.00000000</AMBIENT>
			<SPECULAR>1.00000000 1.00000000 1.00000000</SPECULAR>
			<DIFFUSEMAP>common/gzd_map_BA_wall05.bmp.tga</DIFFUSEMAP>
		</MATERIAL>
		<MATERIAL name="common_sky_night">
			<DIFFUSE>1.00000000 1.00000000 1.00000000</DIFFUSE>
			<AMBIENT>1.00000000 1.00000000 1.00000000</AMBIENT>
			<SPECULAR>1.00000000 1.00000000 1.00000000</SPECULAR>
			<DIFFUSEMAP>common/sky_night.tga</DIFFUSEMAP>
		</MATERIAL>
		<MATERIAL name="common_gzd_map_Sta_box001_1.bmp">
			<DIFFUSE>1.00000000 1.00000000 1.00000000</DIFFUSE>
			<AMBIENT>1.00000000 1.00000000 1.00000000</AMBIENT>
			<SPECULAR>1.00000000 1.00000000 1.00000000</SPECULAR>
			<DIFFUSEMAP>common/gzd_map_Sta_box001_1.bmp.tga</DIFFUSEMAP>
		</MATERIAL>
		<MATERIAL name="common_gzd_map_Castle_door01.bmp">
			<DIFFUSE>1.00000000 1.00000000 1.00000000</DIFFUSE>
			<AMBIENT>1.00000000 1.00000000 1.00000000</AMBIENT>
			<SPECULAR>1.00000000 1.00000000 1.00000000</SPECULAR>
			<DIFFUSEMAP>common/gzd_map_Castle_door01.bmp.tga</DIFFUSEMAP>
		</MATERIAL>
		<MATERIAL name="common_gzd_map_BA_floor01.bmp">
			<DIFFUSE>1.00000000 1.00000000 1.00000000</DIFFUSE>
			<AMBIENT>1.00000000 1.00000000 1.00000000</AMBIENT>
			<SPECULAR>1.00000000 1.00000000 1.00000000</SPECULAR>
			<DIFFUSEMAP>common/gzd_map_BA_floor01.bmp.tga</DIFFUSEMAP>
		</MATERIAL>
		<MATERIAL name="common_gzd_map_BA_wall02.bmp">
			<DIFFUSE>1.00000000 1.00000000 1.00000000</DIFFUSE>
			<AMBIENT>1.00000000 1.00000000 1.00000000</AMBIENT>
			<SPECULAR>1.00000000 1.00000000 1.00000000</SPECULAR>
			<DIFFUSEMAP>common/gzd_map_BA_wall02.bmp.tga</DIFFUSEMAP>
		</MATERIAL>
		<MATERIAL name="common_gzd_map_Factory_duct01.bmp">
			<DIFFUSE>1.00000000 1.00000000 1.00000000</DIFFUSE>
			<AMBIENT>1.00000000 1.00000000 1.00000000</AMBIENT>
			<SPECULAR>1.00000000 1.00000000 1.00000000</SPECULAR>
			<DIFFUSEMAP>common/gzd_map_Factory_duct01.bmp.tga</DIFFUSEMAP>
		</MATERIAL>
		<MATERIAL name="common_sky_scraper_1">
			<DIFFUSE>1.00000000 1.00000000 1.00000000</DIFFUSE>
			<AMBIENT>1.00000000 1.00000000 1.00000000</AMBIENT>
			<SPECULAR>1.00000000 1.00000000 1.00000000</SPECULAR>
			<DIFFUSEMAP>common/sky_scraper_1.tga</DIFFUSEMAP>
		</MATERIAL>
		<MATERIAL name="common_gzd_map_town_roof19.bmp">
			<DIFFUSE>1.00000000 1.00000000 1.00000000</DIFFUSE>
			<AMBIENT>1.00000000 1.00000000 1.00000000</AMBIENT>
			<SPECULAR>1.00000000 1.00000000 1.00000000</SPECULAR>
			<DIFFUSEMAP>common/gzd_map_town_roof19.bmp.tga</DIFFUSEMAP>
		</MATERIAL>
		<MATERIAL name="NULL">
			<DIFFUSE>1.00000000 1.00000000 1.00000000</DIFFUSE>
			<AMBIENT>1.00000000 1.00000000 1.00000000</AMBIENT>
			<SPECULAR>1.00000000 1.00000000 1.00000000</SPECULAR>
			<DIFFUSEMAP>null</DIFFUSEMAP>
		</MATERIAL>
	</MATERIALLIST>
	<DUMMYLIST>
		<DUMMY name="spawn_solo_101">
			<POSITION>864.00000000 -584.00000000 16984.00000000</POSITION>
			<DIRECTION>-1.00000000 0.00000000 0.00000000</DIRECTION>
		</DUMMY>
		<DUMMY name="spawn_solo_102">
			<POSITION>-215.00000000 1315.00000000 16537.00000000</POSITION>
			<DIRECTION>-1.00000000 0.00000000 0.00000000</DIRECTION>
		</DUMMY>
		<DUMMY name="spawn_solo_103">
			<POSITION>935.00000000 -599.00000000 16545.00000000</POSITION>
			<DIRECTION>-1.00000000 0.00000000 0.00000000</DIRECTION>
		</DUMMY>
		<DUMMY name="spawn_solo_104">
			<POSITION>1008.00000000 1951.00000000 16585.00000000</POSITION>
			<DIRECTION>-0.99011784 -0.14023785 0.00000000</DIRECTION>
		</DUMMY>
		<DUMMY name="spawn_solo_105">
			<POSITION>717.00000000 -664.00000000 15825.00000000</POSITION>
			<DIRECTION>-1.00000000 0.00000000 0.00000000</DIRECTION>
		</DUMMY>
		<DUMMY name="spawn_solo_106">
			<POSITION>-1198.00000000 730.00000000 15830.00000000</POSITION>
			<DIRECTION>-1.00000000 0.00000000 0.00000000</DIRECTION>
		</DUMMY>
		<DUMMY name="spawn_solo_107">
			<POSITION>978.00000000 1847.00000000 15830.00000000</POSITION>
			<DIRECTION>-1.00000000 0.00000000 0.00000000</DIRECTION>
		</DUMMY>
		<DUMMY name="spawn_solo_108">
			<POSITION>-1294.00000000 3666.00000000 15832.00000000</POSITION>
			<DIRECTION>0.99922972 0.03924238 0.00000000</DIRECTION>
		</DUMMY>
		<DUMMY name="spawn_solo_109">
			<POSITION>-1279.00000000 3501.00000000 16585.00000000</POSITION>
			<DIRECTION>0.97714956 -0.21255289 0.00000000</DIRECTION>
		</DUMMY>
		<DUMMY name="spawn_solo_110">
			<POSITION>-158.00000000 -5080.00000000 15427.00000000</POSITION>
			<DIRECTION>0.99156518 0.12960903 0.00000000</DIRECTION>
		</DUMMY>
		<DUMMY name="spawn_solo_111">
			<POSITION>-2988.00000000 2794.00000000 15760.00000000</POSITION>
			<DIRECTION>-0.33052757 -0.94379634 0.00000000</DIRECTION>
		</DUMMY>
		<DUMMY name="spawn_solo_112">
			<POSITION>-3195.00000000 -2994.00000000 15191.00000000</POSITION>
			<DIRECTION>0.33456355 0.94237319 0.00000000</DIRECTION>
		</DUMMY>
		<DUMMY name="spawn_solo_113">
			<POSITION>-3211.00000000 -43.00000000 15761.00000000</POSITION>
			<DIRECTION>0.33456355 0.94237319 0.00000000</DIRECTION>
		</DUMMY>
		<DUMMY name="spawn_solo_114">
			<POSITION>-434.00000000 -6677.00000000 15192.00000000</POSITION>
			<DIRECTION>0.99156518 0.12960903 0.00000000</DIRECTION>
		</DUMMY>
		<DUMMY name="spawn_solo_115">
			<POSITION>-3195.00000000 -2994.00000000 15191.00000000</POSITION>
			<DIRECTION>0.33456355 0.94237319 0.00000000</DIRECTION>
		</DUMMY>
		<DUMMY name="spawn_solo_116">
			<POSITION>-2808.00000000 -3858.00000000 15191.00000000</POSITION>
			<DIRECTION>0.33456355 0.94237319 0.00000000</DIRECTION>
		</DUMMY>
		<DUMMY name="spawn_solo_117">
			<POSITION>-2095.00000000 -6670.00000000 15192.00000000</POSITION>
			<DIRECTION>0.99156518 0.12960903 0.00000000</DIRECTION>
		</DUMMY>
		<DUMMY name="spawn_team1_101">
			<POSITION>-53.00000000 -4448.00000000 13281.00000000</POSITION>
			<DIRECTION>-1.00000000 0.00000000 0.00000000</DIRECTION>
		</DUMMY>
		<DUMMY name="spawn_team1_102">
			<POSITION>-189.00000000 -4283.00000000 13295.00000000</POSITION>
			<DIRECTION>-1.00000000 0.00000000 0.00000000</DIRECTION>
		</DUMMY>
		<DUMMY name="spawn_team1_103">
			<POSITION>-249.00000000 -4070.00000000 13294.00000000</POSITION>
			<DIRECTION>-1.00000000 0.00000000 0.00000000</DIRECTION>
		</DUMMY>
		<DUMMY name="spawn_team1_104">
			<POSITION>-83.00000000 -4636.00000000 13332.00000000</POSITION>
			<DIRECTION>-1.00000000 0.00000000 0.00000000</DIRECTION>
		</DUMMY>
		<DUMMY name="spawn_team1_105">
			<POSITION>-156.00000000 -4414.00000000 13278.00000000</POSITION>
			<DIRECTION>-1.00000000 0.00000000 0.00000000</DIRECTION>
		</DUMMY>
		<DUMMY name="spawn_team1_106">
			<POSITION>-303.00000000 -4353.00000000 13294.00000000</POSITION>
			<DIRECTION>-1.00000000 0.00000000 0.00000000</DIRECTION>
		</DUMMY>
		<DUMMY name="spawn_team2_101">
			<POSITION>1083.00000000 277.00000000 16975.00000000</POSITION>
			<DIRECTION>-1.00000000 0.00000000 0.00000000</DIRECTION>
		</DUMMY>
		<DUMMY name="spawn_team2_102">
			<POSITION>-1242.00000000 564.00000000 16975.00000000</POSITION>
			<DIRECTION>-1.00000000 0.00000000 0.00000000</DIRECTION>
		</DUMMY>
		<DUMMY name="spawn_team2_103">
			<POSITION>-1237.00000000 435.00000000 16975.00000000</POSITION>
			<DIRECTION>-1.00000000 0.00000000 0.00000000</DIRECTION>
		</DUMMY>
		<DUMMY name="spawn_team2_104">
			<POSITION>-1108.00000000 545.00000000 16975.00000000</POSITION>
			<DIRECTION>-1.00000000 0.00000000 0.00000000</DIRECTION>
		</DUMMY>
		<DUMMY name="spawn_team2_105">
			<POSITION>1068.00000000 -185.00000000 16975.00000000</POSITION>
			<DIRECTION>-1.00000000 0.00000000 0.00000000</DIRECTION>
		</DUMMY>
		<DUMMY name="spawn_team2_106">
			<POSITION>1083.00000000 61.00000000 16975.00000000</POSITION>
			<DIRECTION>-1.00000000 0.00000000 0.00000000</DIRECTION>
		</DUMMY>
	</DUMMYLIST>
</XML>
