<?xml version="1.0" encoding="UTF-8"?>
<XML>
	<MATERIALLIST>
		<MATERIAL name="mt_Moi_Superion_stone09_1_mt_con">
			<DIFFUSE>1.00000000 1.00000000 1.00000000</DIFFUSE>
			<AMBIENT>1.00000000 1.00000000 1.00000000</AMBIENT>
			<SPECULAR>1.00000000 1.00000000 1.00000000</SPECULAR>
			<DIFFUSEMAP>mt_Moi_Superion/stone09_1_mt_con.jpg</DIFFUSEMAP>
		</MATERIAL>
		<MATERIAL name="mt_Moi_Superion_rock04_3_mt_con">
			<DIFFUSE>1.00000000 1.00000000 1.00000000</DIFFUSE>
			<AMBIENT>1.00000000 1.00000000 1.00000000</AMBIENT>
			<SPECULAR>1.00000000 1.00000000 1.00000000</SPECULAR>
			<DIFFUSEMAP>mt_Moi_Superion/rock04_3_mt_con.jpg</DIFFUSEMAP>
		</MATERIAL>
		<MATERIAL name="mt_Moi_Superion_stone09_mt_con">
			<DIFFUSE>1.00000000 1.00000000 1.00000000</DIFFUSE>
			<AMBIENT>1.00000000 1.00000000 1.00000000</AMBIENT>
			<SPECULAR>1.00000000 1.00000000 1.00000000</SPECULAR>
			<DIFFUSEMAP>mt_Moi_Superion/stone09_mt_con.jpg</DIFFUSEMAP>
		</MATERIAL>
		<MATERIAL name="mt_Moi_Superion_RESHETKA_01_mt_met">
			<DIFFUSE>1.00000000 1.00000000 1.00000000</DIFFUSE>
			<AMBIENT>1.00000000 1.00000000 1.00000000</AMBIENT>
			<SPECULAR>1.00000000 1.00000000 1.00000000</SPECULAR>
			<DIFFUSEMAP>mt_Moi_Superion/RESHETKA_01_mt_met.jpg</DIFFUSEMAP>
		</MATERIAL>
		<MATERIAL name="mt_Moi_Skeleton_rock04_3_sh_mt_con">
			<DIFFUSE>1.00000000 1.00000000 1.00000000</DIFFUSE>
			<AMBIENT>1.00000000 1.00000000 1.00000000</AMBIENT>
			<SPECULAR>1.00000000 1.00000000 1.00000000</SPECULAR>
			<DIFFUSEMAP>mt_Moi_Skeleton/rock04_3_sh_mt_con.jpg</DIFFUSEMAP>
		</MATERIAL>
		<MATERIAL name="mt_Moi_Superion_halloween_pumpkin_tomb_c_mt_wod">
			<DIFFUSE>1.00000000 1.00000000 1.00000000</DIFFUSE>
			<AMBIENT>1.00000000 1.00000000 1.00000000</AMBIENT>
			<SPECULAR>1.00000000 1.00000000 1.00000000</SPECULAR>
			<DIFFUSEMAP>mt_Moi_Superion/halloween_pumpkin_tomb_c_mt_wod.jpg</DIFFUSEMAP>
		</MATERIAL>
		<MATERIAL name="mt_Moi_Skeleton_stone09_F1_mt_con">
			<DIFFUSE>1.00000000 1.00000000 1.00000000</DIFFUSE>
			<AMBIENT>1.00000000 1.00000000 1.00000000</AMBIENT>
			<SPECULAR>1.00000000 1.00000000 1.00000000</SPECULAR>
			<DIFFUSEMAP>mt_Moi_Skeleton/stone09_F1_mt_con.jpg</DIFFUSEMAP>
		</MATERIAL>
		<MATERIAL name="mt_Moi_Skeleton_stone09_F2_mt_con">
			<DIFFUSE>1.00000000 1.00000000 1.00000000</DIFFUSE>
			<AMBIENT>1.00000000 1.00000000 1.00000000</AMBIENT>
			<SPECULAR>1.00000000 1.00000000 1.00000000</SPECULAR>
			<DIFFUSEMAP>mt_Moi_Skeleton/stone09_F2_mt_con.jpg</DIFFUSEMAP>
		</MATERIAL>
		<MATERIAL name="mt_Moi_Skeleton_bones_mt_drt">
			<DIFFUSE>1.00000000 1.00000000 1.00000000</DIFFUSE>
			<AMBIENT>1.00000000 1.00000000 1.00000000</AMBIENT>
			<SPECULAR>1.00000000 1.00000000 1.00000000</SPECULAR>
			<DIFFUSEMAP>mt_Moi_Skeleton/bones_mt_drt.jpg</DIFFUSEMAP>
		</MATERIAL>
	</MATERIALLIST>
	<DUMMYLIST>
		<DUMMY name="wait_pos_01">
			<POSITION>-2016.0000000 -2944.00000000 200.00000000</POSITION>
			<DIRECTION>0.0000000 1.00000000 0.0000000</DIRECTION>
		</DUMMY>
		
		<!--Portal
		-->
		<DUMMY name="link01">
			<POSITION>0.0000000 1775.8452148 5.0000000</POSITION>
			<DIRECTION>0.0000000 0.9999999 0.0000000</DIRECTION>
		</DUMMY>
		
		<!--Boss-->		
		<DUMMY name="spawn_npc_boss_01">
			<POSITION>0.00000000 1152.00000000 0.00000000</POSITION>
			<DIRECTION>-0.00000000 -1.00000000 0.00000000</DIRECTION>
		</DUMMY>
		
		<!--Players-->
		<DUMMY name="spawn_solo_101">
			<POSITION>-128.00000000 -1280.00000000 0.00000000</POSITION>
			<DIRECTION>0.00000000 1.00000000 0.00000000</DIRECTION>
		</DUMMY>
		<DUMMY name="spawn_solo_102">
			<POSITION>128.00000000 -1280.00000000 0.00000000</POSITION>
			<DIRECTION>0.00000000 1.00000000 0.00000000</DIRECTION>
		</DUMMY>
		<DUMMY name="spawn_solo_103">
			<POSITION>-128.00000000 -1152.00000000 0.00000000</POSITION>
			<DIRECTION>0.00000000 1.00000000 0.00000000</DIRECTION>
		</DUMMY>
		<DUMMY name="spawn_solo_104">
			<POSITION>128.00000000 -1152.00000000 0.00000000</POSITION>
			<DIRECTION>0.00000000 1.00000000 0.00000000</DIRECTION>
		</DUMMY>
		
		<!--NPC-->
		<DUMMY name="spawn_npc_range_01">
			<POSITION>-1408.00000000 -1472.00000000 0.00000000</POSITION>
			<DIRECTION>1.00000000 -0.00000000 0.00000000</DIRECTION>
		</DUMMY>
		<DUMMY name="spawn_npc_range_02">
			<POSITION>-1408.00000000 -768.00000000 0.00000000</POSITION>
			<DIRECTION>1.00000000 -0.00000000 0.00000000</DIRECTION>
		</DUMMY>
		<DUMMY name="spawn_npc_range_03">
			<POSITION>-1408.00000000 0.00000000 0.00000000</POSITION>
			<DIRECTION>1.00000000 -0.00000000 0.00000000</DIRECTION>
		</DUMMY>
		<DUMMY name="spawn_npc_range_04">
			<POSITION>-1408.00000000 768.00000000 0.00000000</POSITION>
			<DIRECTION>1.00000000 -0.00000000 0.00000000</DIRECTION>
		</DUMMY>
		<DUMMY name="spawn_npc_range_05">
			<POSITION>-1408.00000000 1472.00000000 0.00000000</POSITION>
			<DIRECTION>1.00000000 -0.00000000 0.00000000</DIRECTION>
		</DUMMY>
		<DUMMY name="spawn_npc_range_06">
			<POSITION>1408.00000000 1472.00000000 0.00000000</POSITION>
			<DIRECTION>-1.00000000 0.00000000 0.00000000</DIRECTION>
		</DUMMY>
		<DUMMY name="spawn_npc_range_07">
			<POSITION>1408.00000000 768.00000000 0.00000000</POSITION>
			<DIRECTION>-1.00000000 0.00000000 0.00000000</DIRECTION>
		</DUMMY>
		<DUMMY name="spawn_npc_range_08">
			<POSITION>1408.00000000 0.00000000 0.00000000</POSITION>
			<DIRECTION>-1.00000000 0.00000000 0.00000000</DIRECTION>
		</DUMMY>
		<DUMMY name="spawn_npc_range_09">
			<POSITION>1408.00000000 -768.00000000 0.00000000</POSITION>
			<DIRECTION>-1.00000000 0.00000000 0.00000000</DIRECTION>
		</DUMMY>
		<DUMMY name="spawn_npc_range_10">
			<POSITION>1408.00000000 -1472.00000000 0.00000000</POSITION>
			<DIRECTION>-1.00000000 0.00000000 0.00000000</DIRECTION>
		</DUMMY>
		
		<DUMMY name="spawn_npc_melee_01">
			<POSITION>-1408.00000000 -1472.00000000 0.00000000</POSITION>
			<DIRECTION>1.00000000 -0.00000000 0.00000000</DIRECTION>
		</DUMMY>
		<DUMMY name="spawn_npc_melee_02">
			<POSITION>-1408.00000000 -768.00000000 0.00000000</POSITION>
			<DIRECTION>1.00000000 -0.00000000 0.00000000</DIRECTION>
		</DUMMY>
		<DUMMY name="spawn_npc_melee_03">
			<POSITION>-1408.00000000 0.00000000 0.00000000</POSITION>
			<DIRECTION>1.00000000 -0.00000000 0.00000000</DIRECTION>
		</DUMMY>
		<DUMMY name="spawn_npc_melee_04">
			<POSITION>-1408.00000000 768.00000000 0.00000000</POSITION>
			<DIRECTION>1.00000000 -0.00000000 0.00000000</DIRECTION>
		</DUMMY>
		<DUMMY name="spawn_npc_melee_05">
			<POSITION>-1408.00000000 1472.00000000 0.00000000</POSITION>
			<DIRECTION>1.00000000 -0.00000000 0.00000000</DIRECTION>
		</DUMMY>
		<DUMMY name="spawn_npc_melee_06">
			<POSITION>1408.00000000 1472.00000000 0.00000000</POSITION>
			<DIRECTION>-1.00000000 0.00000000 0.00000000</DIRECTION>
		</DUMMY>
		<DUMMY name="spawn_npc_melee_07">
			<POSITION>1408.00000000 768.00000000 0.00000000</POSITION>
			<DIRECTION>-1.00000000 0.00000000 0.00000000</DIRECTION>
		</DUMMY>
		<DUMMY name="spawn_npc_melee_08">
			<POSITION>1408.00000000 0.00000000 0.00000000</POSITION>
			<DIRECTION>-1.00000000 0.00000000 0.00000000</DIRECTION>
		</DUMMY>
		<DUMMY name="spawn_npc_melee_09">
			<POSITION>1408.00000000 -768.00000000 0.00000000</POSITION>
			<DIRECTION>-1.00000000 0.00000000 0.00000000</DIRECTION>
		</DUMMY>
		<DUMMY name="spawn_npc_melee_10">
			<POSITION>1408.00000000 -1472.00000000 0.00000000</POSITION>
			<DIRECTION>-1.00000000 0.00000000 0.00000000</DIRECTION>
		</DUMMY>
	</DUMMYLIST>
</XML>
