<?xml version="1.0" encoding="UTF-8"?>
<XML>
	<MATERIALLIST>
		<MATERIAL name="awsome_4531-v1_mt_con">
			<DIFFUSE>1.00000000 1.00000000 1.00000000</DIFFUSE>
			<AMBIENT>1.00000000 1.00000000 1.00000000</AMBIENT>
			<SPECULAR>1.00000000 1.00000000 1.00000000</SPECULAR>
			<DIFFUSEMAP>awsome/4531-v1_mt_con.jpg</DIFFUSEMAP>
		</MATERIAL>
		<MATERIAL name="spaceship_technotronic_mt_met">
			<DIFFUSE>1.00000000 1.00000000 1.00000000</DIFFUSE>
			<AMBIENT>1.00000000 1.00000000 1.00000000</AMBIENT>
			<SPECULAR>1.00000000 1.00000000 1.00000000</SPECULAR>
			<DIFFUSEMAP>spaceship/technotronic_mt_met.jpg</DIFFUSEMAP>
		</MATERIAL>
		<MATERIAL name="mamorandkrystal2_Power%20Crystal_mt_con">
			<DIFFUSE>1.00000000 1.00000000 1.00000000</DIFFUSE>
			<AMBIENT>1.00000000 1.00000000 1.00000000</AMBIENT>
			<SPECULAR>1.00000000 1.00000000 1.00000000</SPECULAR>
			<DIFFUSEMAP>mamorandkrystal2/Power%20Crystal_mt_con.jpg</DIFFUSEMAP>
		</MATERIAL>
		<MATERIAL name="awsome_1792-v4_mt_con">
			<DIFFUSE>1.00000000 1.00000000 1.00000000</DIFFUSE>
			<AMBIENT>1.00000000 1.00000000 1.00000000</AMBIENT>
			<SPECULAR>1.00000000 1.00000000 1.00000000</SPECULAR>
			<DIFFUSEMAP>awsome/1792-v4_mt_con.jpg</DIFFUSEMAP>
		</MATERIAL>
		<MATERIAL name="colors_umbrella_logo">
			<DIFFUSE>1.00000000 1.00000000 1.00000000</DIFFUSE>
			<AMBIENT>1.00000000 1.00000000 1.00000000</AMBIENT>
			<SPECULAR>1.00000000 1.00000000 1.00000000</SPECULAR>
			<DIFFUSEMAP>colors/umbrella_logo.jpg</DIFFUSEMAP>
		</MATERIAL>
		<MATERIAL name="common_black">
			<DIFFUSE>1.00000000 1.00000000 1.00000000</DIFFUSE>
			<AMBIENT>1.00000000 1.00000000 1.00000000</AMBIENT>
			<SPECULAR>1.00000000 1.00000000 1.00000000</SPECULAR>
			<DIFFUSEMAP>common/black.bmp</DIFFUSEMAP>
		</MATERIAL>
		<MATERIAL name="spaceship_e6girdergrate_mt_met">
			<DIFFUSE>1.00000000 1.00000000 1.00000000</DIFFUSE>
			<AMBIENT>1.00000000 1.00000000 1.00000000</AMBIENT>
			<SPECULAR>1.00000000 1.00000000 1.00000000</SPECULAR>
			<DIFFUSEMAP>spaceship/e6girdergrate_mt_met.jpg</DIFFUSEMAP>
		</MATERIAL>
		<MATERIAL name="spaceship_e6h_support_mt_met">
			<DIFFUSE>1.00000000 1.00000000 1.00000000</DIFFUSE>
			<AMBIENT>1.00000000 1.00000000 1.00000000</AMBIENT>
			<SPECULAR>1.00000000 1.00000000 1.00000000</SPECULAR>
			<DIFFUSEMAP>spaceship/e6h_support_mt_met.jpg</DIFFUSEMAP>
		</MATERIAL>
		<MATERIAL name="spaceship_Solar_Panel_mt_gls">
			<DIFFUSE>1.00000000 1.00000000 1.00000000</DIFFUSE>
			<AMBIENT>1.00000000 1.00000000 1.00000000</AMBIENT>
			<SPECULAR>1.00000000 1.00000000 1.00000000</SPECULAR>
			<DIFFUSEMAP>spaceship/Solar_Panel_mt_gls.jpg</DIFFUSEMAP>
		</MATERIAL>
		<MATERIAL name="spaceship_e8_jumppad02_mt_met">
			<DIFFUSE>1.00000000 1.00000000 1.00000000</DIFFUSE>
			<AMBIENT>1.00000000 1.00000000 1.00000000</AMBIENT>
			<SPECULAR>1.00000000 1.00000000 1.00000000</SPECULAR>
			<DIFFUSEMAP>spaceship/e8_jumppad02_mt_met.jpg</DIFFUSEMAP>
		</MATERIAL>
		<MATERIAL name="Planets_Pyrobora">
			<DIFFUSE>1.00000000 1.00000000 1.00000000</DIFFUSE>
			<AMBIENT>1.00000000 1.00000000 1.00000000</AMBIENT>
			<SPECULAR>1.00000000 1.00000000 1.00000000</SPECULAR>
			<DIFFUSEMAP>Planets/Pyrobora.jpg</DIFFUSEMAP>
		</MATERIAL>
		<MATERIAL name="spaceship_suna">
			<DIFFUSE>1.00000000 1.00000000 1.00000000</DIFFUSE>
			<AMBIENT>1.00000000 1.00000000 1.00000000</AMBIENT>
			<SPECULAR>1.00000000 1.00000000 1.00000000</SPECULAR>
			<DIFFUSEMAP>spaceship/suna.jpg</DIFFUSEMAP>
		</MATERIAL>
	</MATERIALLIST>
	<DUMMYLIST>
		<DUMMY name="spawn_solo_101">
			<POSITION>538.00000000 -14.00000000 2563.00000000</POSITION>
			<DIRECTION>-1.00000000 0.00000000 0.00000000</DIRECTION>
		</DUMMY>
		<DUMMY name="spawn_team1_101">
			<POSITION>1517.00000000 1537.00000000 2388.00000000</POSITION>
			<DIRECTION>-1.00000000 0.00000000 0.00000000</DIRECTION>
		</DUMMY>
		<DUMMY name="spawn_team1_102">
			<POSITION>1517.00000000 2026.00000000 2388.00000000</POSITION>
			<DIRECTION>-1.00000000 0.00000000 0.00000000</DIRECTION>
		</DUMMY>
		<DUMMY name="spawn_team1_103">
			<POSITION>1523.00000000 2556.00000000 2388.00000000</POSITION>
			<DIRECTION>-1.00000000 0.00000000 0.00000000</DIRECTION>
		</DUMMY>
		<DUMMY name="spawn_team1_104">
			<POSITION>1535.00000000 2276.00000000 2388.00000000</POSITION>
			<DIRECTION>-1.00000000 0.00000000 0.00000000</DIRECTION>
		</DUMMY>
		<DUMMY name="spawn_team1_105">
			<POSITION>1523.00000000 1757.00000000 2388.00000000</POSITION>
			<DIRECTION>-1.00000000 0.00000000 0.00000000</DIRECTION>
		</DUMMY>
		<DUMMY name="spawn_team2_101">
			<POSITION>-3417.00000000 -1196.00000000 2344.00000000</POSITION>
			<DIRECTION>0.99870164 0.05094156 0.00000000</DIRECTION>
		</DUMMY>
		<DUMMY name="spawn_team2_102">
			<POSITION>-3414.00000000 -2432.00000000 2344.00000000</POSITION>
			<DIRECTION>0.99870164 0.05094156 0.00000000</DIRECTION>
		</DUMMY>
		<DUMMY name="spawn_team2_103">
			<POSITION>-3414.00000000 -2129.00000000 2344.00000000</POSITION>
			<DIRECTION>0.99870164 0.05094156 0.00000000</DIRECTION>
		</DUMMY>
		<DUMMY name="spawn_team2_104">
			<POSITION>-3402.00000000 -1547.00000000 2344.00000000</POSITION>
			<DIRECTION>0.99870164 0.05094156 0.00000000</DIRECTION>
		</DUMMY>
		<DUMMY name="spawn_team2_105">
			<POSITION>-3414.00000000 -1861.00000000 2344.00000000</POSITION>
			<DIRECTION>0.99870164 0.05094156 0.00000000</DIRECTION>
		</DUMMY>
		<DUMMY name="spawn_solo_102">
			<POSITION>-5049.00000000 -1621.00000000 1982.00000000</POSITION>
			<DIRECTION>0.84275317 -0.53830019 0.00000000</DIRECTION>
		</DUMMY>
		<DUMMY name="spawn_solo_103">
			<POSITION>-3266.00000000 -119.00000000 2564.00000000</POSITION>
			<DIRECTION>0.96678771 -0.25558075 0.00000000</DIRECTION>
		</DUMMY>
		<DUMMY name="spawn_solo_104">
			<POSITION>-864.00000000 453.00000000 2564.00000000</POSITION>
			<DIRECTION>-0.66440246 0.74737499 0.00000000</DIRECTION>
		</DUMMY>
		<DUMMY name="spawn_solo_105">
			<POSITION>1530.00000000 2023.00000000 2387.00000000</POSITION>
			<DIRECTION>-0.99776798 -0.06677614 0.00000000</DIRECTION>
		</DUMMY>
		<DUMMY name="spawn_solo_106">
			<POSITION>-7516.00000000 812.00000000 2427.00000000</POSITION>
			<DIRECTION>0.98853872 0.15096752 0.00000000</DIRECTION>
		</DUMMY>
		<DUMMY name="spawn_solo_107">
			<POSITION>-3406.00000000 1958.00000000 2340.00000000</POSITION>
			<DIRECTION>0.98853872 0.15096752 0.00000000</DIRECTION>
		</DUMMY>
		<DUMMY name="spawn_solo_108">
			<POSITION>-3406.00000000 -1916.00000000 2340.00000000</POSITION>
			<DIRECTION>0.98853872 0.15096752 0.00000000</DIRECTION>
		</DUMMY>
		<DUMMY name="spawn_solo_109">
			<POSITION>1530.00000000 -1971.00000000 2387.00000000</POSITION>
			<DIRECTION>-0.99776798 -0.06677614 0.00000000</DIRECTION>
		</DUMMY>
		<DUMMY name="spawn_duel_101">
			<POSITION>3406.00000000 -1916.00000000 2563.00000000</POSITION>
			<DIRECTION>-1.00000000 0.00000000 0.00000000</DIRECTION>
		</DUMMY>
		<DUMMY name="wait_pos_01">
			<POSITION>3406.00000000 -1916.00000000 2563.00000000</POSITION>
			<DIRECTION>-1.00000000 0.00000000 0.00000000</DIRECTION>
		</DUMMY>
		<DUMMY name="spawn_duel_102">
			<POSITION>-3406.00000000 -1916.00000000 2344.00000000</POSITION>
			<DIRECTION>1.00000000 0.00000000 0.00000000</DIRECTION>
		</DUMMY>
		<DUMMY name="wait_pos_02">
			<POSITION>-3406.00000000 -1916.00000000 2344.00000000</POSITION>
			<DIRECTION>1.00000000 0.00000000 0.00000000</DIRECTION>
		</DUMMY>
	</DUMMYLIST>
</XML>
