<?xml version="1.0"?>
<XML>
	<MATERIALLIST>
		<MATERIAL name="15 - Default">
			<DIFFUSE>0.5882353 0.5882353 0.5882353</DIFFUSE>
			<AMBIENT>0.5882353 0.5882353 0.5882353</AMBIENT>
			<SPECULAR>0.9000000 0.9000000 0.9000000</SPECULAR>
			<DIFFUSEMAP>../CW_VR_00/gzd_maps_cw_vr_neutral.dds</DIFFUSEMAP>
		</MATERIAL>
		<MATERIAL name="13 - Default">
			<DIFFUSE>0.5882353 0.5882353 0.5882353</DIFFUSE>
			<AMBIENT>0.5882353 0.5882353 0.5882353</AMBIENT>
			<SPECULAR>0.9000000 0.9000000 0.9000000</SPECULAR>
			<DIFFUSEMAP>../CW_VR_00/gzd_maps_cw_vr_red.dds</DIFFUSEMAP>
		</MATERIAL>
		<MATERIAL name="14 - Default">
			<DIFFUSE>0.5882353 0.5882353 0.5882353</DIFFUSE>
			<AMBIENT>0.5882353 0.5882353 0.5882353</AMBIENT>
			<SPECULAR>0.9000000 0.9000000 0.9000000</SPECULAR>
			<DIFFUSEMAP>../CW_VR_00/gzd_maps_cw_vr_blue.dds</DIFFUSEMAP>
		</MATERIAL>
		<MATERIAL name="04 - Default">
			<DIFFUSE>0.0000000 0.0000000 0.0000000</DIFFUSE>
			<AMBIENT>0.0000000 0.0000000 0.0000000</AMBIENT>
			<SPECULAR>0.9000000 0.9000000 0.9000000</SPECULAR>
			<DIFFUSEMAP></DIFFUSEMAP>
		</MATERIAL>
	</MATERIALLIST>
	<LIGHTLIST>
		<LIGHT name="Global_Illu_00">
			<POSITION>7000.0000000 -7000.0000000 -7000.0000000</POSITION>
			<COLOR>1.0000000 1.0000000 1.0000000</COLOR>
			<INTENSITY>0.4000000</INTENSITY>
			<ATTENUATIONSTART>0.0000000</ATTENUATIONSTART>
			<ATTENUATIONEND>18000.0000000</ATTENUATIONEND>
		</LIGHT>
		<LIGHT name="Global_Illu_01">
			<POSITION>7000.0000000 7000.0000000 -7000.0000000</POSITION>
			<COLOR>1.0000000 1.0000000 1.0000000</COLOR>
			<INTENSITY>0.4000000</INTENSITY>
			<ATTENUATIONSTART>0.0000000</ATTENUATIONSTART>
			<ATTENUATIONEND>18000.0000000</ATTENUATIONEND>
		</LIGHT>
		<LIGHT name="Global_Illu_02">
			<POSITION>-7000.0000000 7000.0000000 -7000.0000000</POSITION>
			<COLOR>1.0000000 1.0000000 1.0000000</COLOR>
			<INTENSITY>0.4000000</INTENSITY>
			<ATTENUATIONSTART>0.0000000</ATTENUATIONSTART>
			<ATTENUATIONEND>18000.0000000</ATTENUATIONEND>
		</LIGHT>
		<LIGHT name="Global_Illu_03">
			<POSITION>-7000.0000000 -7000.0000000 -7000.0000000</POSITION>
			<COLOR>1.0000000 1.0000000 1.0000000</COLOR>
			<INTENSITY>0.4000000</INTENSITY>
			<ATTENUATIONSTART>0.0000000</ATTENUATIONSTART>
			<ATTENUATIONEND>18000.0000000</ATTENUATIONEND>
		</LIGHT>
		<LIGHT name="Global_Illu_04">
			<POSITION>-7000.0000000 7000.0000000 7000.0000000</POSITION>
			<COLOR>1.0000000 1.0000000 1.0000000</COLOR>
			<INTENSITY>0.4000000</INTENSITY>
			<ATTENUATIONSTART>0.0000000</ATTENUATIONSTART>
			<ATTENUATIONEND>18000.0000000</ATTENUATIONEND>
		</LIGHT>
		<LIGHT name="Global_Illu_05">
			<POSITION>-7000.0000000 -7000.0000000 7000.0000000</POSITION>
			<COLOR>1.0000000 1.0000000 1.0000000</COLOR>
			<INTENSITY>0.4000000</INTENSITY>
			<ATTENUATIONSTART>0.0000000</ATTENUATIONSTART>
			<ATTENUATIONEND>18000.0000000</ATTENUATIONEND>
		</LIGHT>
		<LIGHT name="Global_Illu_06">
			<POSITION>7000.0000000 7000.0000000 7000.0000000</POSITION>
			<COLOR>1.0000000 1.0000000 1.0000000</COLOR>
			<INTENSITY>0.4000000</INTENSITY>
			<ATTENUATIONSTART>0.0000000</ATTENUATIONSTART>
			<ATTENUATIONEND>18000.0000000</ATTENUATIONEND>
		</LIGHT>
		<LIGHT name="Global_Illu_07">
			<POSITION>7000.0000000 -7000.0000000 7000.0000000</POSITION>
			<COLOR>1.0000000 1.0000000 1.0000000</COLOR>
			<INTENSITY>0.4000000</INTENSITY>
			<ATTENUATIONSTART>0.0000000</ATTENUATIONSTART>
			<ATTENUATIONEND>18000.0000000</ATTENUATIONEND>
		</LIGHT>
		<LIGHT name="Omni01">
			<POSITION>0.0000000 -9000.0000000 19000.0000000</POSITION>
			<COLOR>1.0000000 1.0000000 1.0000000</COLOR>
			<INTENSITY>1.3500000</INTENSITY>
			<ATTENUATIONSTART>0.0000000</ATTENUATIONSTART>
			<ATTENUATIONEND>32000.0000000</ATTENUATIONEND>
			<CASTSHADOW/>
		</LIGHT>
	</LIGHTLIST>
	<OBJECTLIST>
	</OBJECTLIST>
	<DUMMYLIST>
		<DUMMY name="spawn_team1_101">
			<POSITION>3150.0000000 -1400.0000000 0.0000000</POSITION>
			<DIRECTION>0.0000000 1.0000000 0.0000000</DIRECTION>
		</DUMMY>
		<DUMMY name="spawn_team1_102">
			<POSITION>2950.0000000 -1400.0000000 0.0000000</POSITION>
			<DIRECTION>0.0000000 1.0000000 0.0000000</DIRECTION>
		</DUMMY>
		<DUMMY name="spawn_team1_103">
			<POSITION>2750.0000000 -1400.0000000 0.0000000</POSITION>
			<DIRECTION>0.0000000 1.0000000 0.0000000</DIRECTION>
		</DUMMY>
		<DUMMY name="spawn_team1_104">
			<POSITION>2950.0000000 -1600.0000000 0.0000000</POSITION>
			<DIRECTION>0.0000000 1.0000000 0.0000000</DIRECTION>
		</DUMMY>
		<DUMMY name="spawn_team1_105">
			<POSITION>2750.0000000 -1600.0000000 0.0000000</POSITION>
			<DIRECTION>0.0000000 1.0000000 0.0000000</DIRECTION>
		</DUMMY>
		<DUMMY name="spawn_team1_106">
			<POSITION>3150.0000000 -1600.0000000 0.0000000</POSITION>
			<DIRECTION>0.0000000 1.0000000 0.0000000</DIRECTION>
		</DUMMY>
		<DUMMY name="spawn_team1_107">
			<POSITION>2950.0000000 -1800.0000000 0.0000000</POSITION>
			<DIRECTION>0.0000000 1.0000000 0.0000000</DIRECTION>
		</DUMMY>
		<DUMMY name="spawn_team1_108">
			<POSITION>2750.0000000 -1800.0000000 0.0000000</POSITION>
			<DIRECTION>0.0000000 1.0000000 0.0000000</DIRECTION>
		</DUMMY>
		<DUMMY name="spawn_team1_109">
			<POSITION>3150.0000000 -1800.0000000 0.0000000</POSITION>
			<DIRECTION>0.0000000 1.0000000 0.0000000</DIRECTION>
		</DUMMY>
		<DUMMY name="spawn_team2_101">
			<POSITION>-3150.0000000 1400.0000000 0.0000000</POSITION>
			<DIRECTION>-0.0000002 -1.0000000 0.0000000</DIRECTION>
		</DUMMY>
		<DUMMY name="spawn_team2_102">
			<POSITION>-2950.0000000 1400.0000000 0.0000000</POSITION>
			<DIRECTION>-0.0000002 -1.0000000 0.0000000</DIRECTION>
		</DUMMY>
		<DUMMY name="spawn_team2_103">
			<POSITION>-2750.0000000 1400.0000000 0.0000000</POSITION>
			<DIRECTION>-0.0000002 -1.0000000 0.0000000</DIRECTION>
		</DUMMY>
		<DUMMY name="spawn_team2_104">
			<POSITION>-2950.0000000 1600.0000000 0.0000000</POSITION>
			<DIRECTION>-0.0000002 -1.0000000 0.0000000</DIRECTION>
		</DUMMY>
		<DUMMY name="spawn_team2_105">
			<POSITION>-2750.0000000 1600.0000000 0.0000000</POSITION>
			<DIRECTION>-0.0000002 -1.0000000 0.0000000</DIRECTION>
		</DUMMY>
		<DUMMY name="spawn_team2_106">
			<POSITION>-3150.0000000 1600.0000000 0.0000000</POSITION>
			<DIRECTION>-0.0000002 -1.0000000 0.0000000</DIRECTION>
		</DUMMY>
		<DUMMY name="spawn_team2_107">
			<POSITION>-2950.0000000 1800.0000000 0.0000000</POSITION>
			<DIRECTION>-0.0000002 -1.0000000 0.0000000</DIRECTION>
		</DUMMY>
		<DUMMY name="spawn_team2_108">
			<POSITION>-2750.0000000 1800.0000000 0.0000000</POSITION>
			<DIRECTION>-0.0000002 -1.0000000 0.0000000</DIRECTION>
		</DUMMY>
		<DUMMY name="spawn_team2_109">
			<POSITION>-3150.0000000 1800.0000000 0.0000000</POSITION>
			<DIRECTION>-0.0000002 -1.0000000 0.0000000</DIRECTION>
		</DUMMY>
		<DUMMY name="spawn_solo_101">
			<POSITION>0.0000000 0.0000000 0.0000000</POSITION>
			<DIRECTION>-0.0000002 -1.0000000 0.0000000</DIRECTION>
		</DUMMY>
	</DUMMYLIST>
	<OCCLUSIONLIST>
	</OCCLUSIONLIST>
	<FOG min="6000" max="12000">
		<R>216</R>
		<G>248</G>
		<B>255</B>
	</FOG>
	<AMBIENTSOUNDLIST>
	</AMBIENTSOUNDLIST>
	<GLOBAL>
		<fog_enable>TRUE</fog_enable>
		<fog_max>14000</fog_max>
		<fog_min>7000</fog_min>
		<fog_color>255,128,0</fog_color>
		<far_z>14000</far_z>
	</GLOBAL>
</XML>
