<?xml version="1.0" encoding="euc-kr"?>
<XML>
	<MATERIALLIST>
		<MATERIAL name="gzd_map_Prison_grating002_mt_met">
			<DIFFUSE>0.5882353 0.5882353 0.5882353</DIFFUSE>
			<AMBIENT>0.5882353 0.5882353 0.5882353</AMBIENT>
			<SPECULAR>0.9000000 0.9000000 0.9000000</SPECULAR>
			<DIFFUSEMAP>gzd_map_Prison_grating002.bmp</DIFFUSEMAP>
		</MATERIAL>
		<MATERIAL name="gzd_map_Sta_H-gang001_mt_met">
			<DIFFUSE>0.5880000 0.5880000 0.5880000</DIFFUSE>
			<AMBIENT>0.5880000 0.5880000 0.5880000</AMBIENT>
			<SPECULAR>0.9000000 0.9000000 0.9000000</SPECULAR>
			<DIFFUSEMAP>gzd_map_Sta_H-gang001.bmp</DIFFUSEMAP>
		</MATERIAL>
		<MATERIAL name="gzd_map_Factory_wall03_mt_met">
			<DIFFUSE>0.5882353 0.5882353 0.5882353</DIFFUSE>
			<AMBIENT>0.5882353 0.5882353 0.5882353</AMBIENT>
			<SPECULAR>0.9000000 0.9000000 0.9000000</SPECULAR>
			<DIFFUSEMAP>gzd_map_Factory_wall03.bmp</DIFFUSEMAP>
		</MATERIAL>
		<MATERIAL name="gzd_map_Prison_floor002_mt_con">
			<DIFFUSE>0.5882353 0.5882353 0.5882353</DIFFUSE>
			<AMBIENT>0.5882353 0.5882353 0.5882353</AMBIENT>
			<SPECULAR>0.9000000 0.9000000 0.9000000</SPECULAR>
			<DIFFUSEMAP>gzd_map_Prison_floor002.bmp</DIFFUSEMAP>
		</MATERIAL>
		<MATERIAL name="gzd_map_Prison_floor001_mt_con">
			<DIFFUSE>0.5882353 0.5882353 0.5882353</DIFFUSE>
			<AMBIENT>0.5882353 0.5882353 0.5882353</AMBIENT>
			<SPECULAR>0.9000000 0.9000000 0.9000000</SPECULAR>
			<DIFFUSEMAP>gzd_map_Prison_floor001.bmp</DIFFUSEMAP>
		</MATERIAL>
		<MATERIAL name="gzd_map_Prison_wall001_mt_con">
			<DIFFUSE>0.5882353 0.5882353 0.5882353</DIFFUSE>
			<AMBIENT>0.5882353 0.5882353 0.5882353</AMBIENT>
			<SPECULAR>0.9000000 0.9000000 0.9000000</SPECULAR>
			<DIFFUSEMAP>gzd_map_Prison_wall001.bmp</DIFFUSEMAP>
		</MATERIAL>
		<MATERIAL name="gzd_map_Prison_d-pipe001_mt_con">
			<DIFFUSE>0.5882353 0.5882353 0.5882353</DIFFUSE>
			<AMBIENT>0.5882353 0.5882353 0.5882353</AMBIENT>
			<SPECULAR>0.9000000 0.9000000 0.9000000</SPECULAR>
			<DIFFUSEMAP>gzd_map_Prison_d-pipe001.bmp</DIFFUSEMAP>
		</MATERIAL>
		<MATERIAL name="gzd_map_Prison_deco001_mt_con">
			<DIFFUSE>0.5882353 0.5882353 0.5882353</DIFFUSE>
			<AMBIENT>0.5882353 0.5882353 0.5882353</AMBIENT>
			<SPECULAR>0.9000000 0.9000000 0.9000000</SPECULAR>
			<DIFFUSEMAP>gzd_map_Prison_deco001.bmp</DIFFUSEMAP>
		</MATERIAL>
		<MATERIAL name="gzd_map_Prison_roof001_mt_gls">
			<DIFFUSE>0.5882353 0.5882353 0.5882353</DIFFUSE>
			<AMBIENT>0.5882353 0.5882353 0.5882353</AMBIENT>
			<SPECULAR>0.9000000 0.9000000 0.9000000</SPECULAR>
			<DIFFUSEMAP>gzd_map_Prison_roof001.bmp</DIFFUSEMAP>
		</MATERIAL>
		<MATERIAL name="gzd_map_Prison_deco002_mt_met">
			<DIFFUSE>0.5882353 0.5882353 0.5882353</DIFFUSE>
			<AMBIENT>0.5882353 0.5882353 0.5882353</AMBIENT>
			<SPECULAR>0.9000000 0.9000000 0.9000000</SPECULAR>
			<DIFFUSEMAP>gzd_map_Prison_deco002.bmp</DIFFUSEMAP>
		</MATERIAL>
		<MATERIAL name="gzd_map_Prison_d-pipe001_mt_wat">
			<DIFFUSE>0.5880000 0.5880000 0.5880000</DIFFUSE>
			<AMBIENT>0.5880000 0.5880000 0.5880000</AMBIENT>
			<SPECULAR>0.9000000 0.9000000 0.9000000</SPECULAR>
			<DIFFUSEMAP>gzd_map_Prison_d-pipe001.bmp</DIFFUSEMAP>
		</MATERIAL>
		<MATERIAL name="gzd_map_Prison_wall003_mt_con">
			<DIFFUSE>0.5882353 0.5882353 0.5882353</DIFFUSE>
			<AMBIENT>0.5882353 0.5882353 0.5882353</AMBIENT>
			<SPECULAR>0.9000000 0.9000000 0.9000000</SPECULAR>
			<DIFFUSEMAP>gzd_map_Prison_wall003.bmp</DIFFUSEMAP>
		</MATERIAL>
		<MATERIAL name="gzd_map_Prison_deco003_mt_met">
			<DIFFUSE>0.5882353 0.5882353 0.5882353</DIFFUSE>
			<AMBIENT>0.5882353 0.5882353 0.5882353</AMBIENT>
			<SPECULAR>0.9000000 0.9000000 0.9000000</SPECULAR>
			<DIFFUSEMAP>gzd_map_Prison_deco003.bmp</DIFFUSEMAP>
		</MATERIAL>
		<MATERIAL name="gzd_login_train_wheel01">
			<DIFFUSE>0.5882353 0.5882353 0.5882353</DIFFUSE>
			<AMBIENT>0.5882353 0.5882353 0.5882353</AMBIENT>
			<SPECULAR>0.9000000 0.9000000 0.9000000</SPECULAR>
			<DIFFUSEMAP>gzd_login_train_wheel01.bmp</DIFFUSEMAP>
			<ADDITIVE/>
		</MATERIAL>
		<MATERIAL name="gzd_map_Prison_water001_add">
			<DIFFUSE>0.5880000 0.5880000 0.5880000</DIFFUSE>
			<AMBIENT>0.5880000 0.5880000 0.5880000</AMBIENT>
			<SPECULAR>0.9000000 0.9000000 0.9000000</SPECULAR>
			<DIFFUSEMAP>gzd_map_Prison_water001.bmp</DIFFUSEMAP>
			<ADDITIVE/>
		</MATERIAL>
	</MATERIALLIST>
	<LIGHTLIST>
		<LIGHT name="Omni_main 01">
			<POSITION>-7515.5117188 8000.0000000 7758.2836914</POSITION>
			<COLOR>1.0000000 1.0000000 1.0000000</COLOR>
			<INTENSITY>0.0800000</INTENSITY>
			<ATTENUATIONSTART>25000.0000000</ATTENUATIONSTART>
			<ATTENUATIONEND>25000.0000000</ATTENUATIONEND>
		</LIGHT>
		<LIGHT name="Omni_main 02">
			<POSITION>8484.4882813 8000.0000000 7758.2836914</POSITION>
			<COLOR>1.0000000 1.0000000 1.0000000</COLOR>
			<INTENSITY>0.0800000</INTENSITY>
			<ATTENUATIONSTART>25000.0000000</ATTENUATIONSTART>
			<ATTENUATIONEND>25000.0000000</ATTENUATIONEND>
		</LIGHT>
		<LIGHT name="Omni_main 03">
			<POSITION>8484.4882813 -8000.0000000 7758.2836914</POSITION>
			<COLOR>1.0000000 1.0000000 1.0000000</COLOR>
			<INTENSITY>0.0800000</INTENSITY>
			<ATTENUATIONSTART>25000.0000000</ATTENUATIONSTART>
			<ATTENUATIONEND>25000.0000000</ATTENUATIONEND>
		</LIGHT>
		<LIGHT name="Omni_main 04">
			<POSITION>-7515.5117188 -8000.0000000 7758.2836914</POSITION>
			<COLOR>1.0000000 1.0000000 1.0000000</COLOR>
			<INTENSITY>0.0800000</INTENSITY>
			<ATTENUATIONSTART>25000.0000000</ATTENUATIONSTART>
			<ATTENUATIONEND>25000.0000000</ATTENUATIONEND>
		</LIGHT>
		<LIGHT name="Omni_main b 01">
			<POSITION>-7515.5117188 8000.0004883 -6354.1108398</POSITION>
			<COLOR>1.0000000 1.0000000 1.0000000</COLOR>
			<INTENSITY>0.0800000</INTENSITY>
			<ATTENUATIONSTART>25000.0000000</ATTENUATIONSTART>
			<ATTENUATIONEND>25000.0000000</ATTENUATIONEND>
		</LIGHT>
		<LIGHT name="Omni_main b 02">
			<POSITION>8484.4882813 8000.0004883 -6354.1108398</POSITION>
			<COLOR>1.0000000 1.0000000 1.0000000</COLOR>
			<INTENSITY>0.0800000</INTENSITY>
			<ATTENUATIONSTART>25000.0000000</ATTENUATIONSTART>
			<ATTENUATIONEND>25000.0000000</ATTENUATIONEND>
		</LIGHT>
		<LIGHT name="Omni_main b 03">
			<POSITION>8484.4882813 -8000.0000000 -6354.1108398</POSITION>
			<COLOR>1.0000000 1.0000000 1.0000000</COLOR>
			<INTENSITY>0.0800000</INTENSITY>
			<ATTENUATIONSTART>25000.0000000</ATTENUATIONSTART>
			<ATTENUATIONEND>25000.0000000</ATTENUATIONEND>
		</LIGHT>
		<LIGHT name="Omni_main b 04">
			<POSITION>-7515.5117188 -8000.0000000 -6354.1108398</POSITION>
			<COLOR>1.0000000 1.0000000 1.0000000</COLOR>
			<INTENSITY>0.0800000</INTENSITY>
			<ATTENUATIONSTART>25000.0000000</ATTENUATIONSTART>
			<ATTENUATIONEND>25000.0000000</ATTENUATIONEND>
		</LIGHT>
		<LIGHT name="Omni_light_a 01">
			<POSITION>1793.0078125 -682.7957764 293.8130798</POSITION>
			<COLOR>1.0000000 0.6941177 0.2941177</COLOR>
			<INTENSITY>1.2000000</INTENSITY>
			<ATTENUATIONSTART>250.0000000</ATTENUATIONSTART>
			<ATTENUATIONEND>600.0000000</ATTENUATIONEND>
			<CASTSHADOW/>
		</LIGHT>
		<LIGHT name="obj_Omni_light_a 01">
			<POSITION>1797.7280273 -674.6199951 303.0201111</POSITION>
			<COLOR>0.9882354 0.6509804 0.2156863</COLOR>
			<INTENSITY>1.2000000</INTENSITY>
			<ATTENUATIONSTART>250.0000000</ATTENUATIONSTART>
			<ATTENUATIONEND>700.0000000</ATTENUATIONEND>
			<CASTSHADOW/>
		</LIGHT>
		<LIGHT name="Omni_light_a 02">
			<POSITION>1359.9951172 -432.7958069 293.8130798</POSITION>
			<COLOR>1.0000000 0.6941177 0.2941177</COLOR>
			<INTENSITY>1.2000000</INTENSITY>
			<ATTENUATIONSTART>250.0000000</ATTENUATIONSTART>
			<ATTENUATIONEND>600.0000000</ATTENUATIONEND>
			<CASTSHADOW/>
		</LIGHT>
		<LIGHT name="obj_Omni_light_a 02">
			<POSITION>1364.7153320 -424.6200256 303.0201111</POSITION>
			<COLOR>0.9882354 0.6509804 0.2156863</COLOR>
			<INTENSITY>1.2000000</INTENSITY>
			<ATTENUATIONSTART>250.0000000</ATTENUATIONSTART>
			<ATTENUATIONEND>700.0000000</ATTENUATIONEND>
			<CASTSHADOW/>
		</LIGHT>
		<LIGHT name="Omni_light_a 03">
			<POSITION>926.9824219 -182.7958069 293.8130798</POSITION>
			<COLOR>1.0000000 0.6941177 0.2941177</COLOR>
			<INTENSITY>1.2000000</INTENSITY>
			<ATTENUATIONSTART>250.0000000</ATTENUATIONSTART>
			<ATTENUATIONEND>600.0000000</ATTENUATIONEND>
			<CASTSHADOW/>
		</LIGHT>
		<LIGHT name="obj_Omni_light_a 03">
			<POSITION>931.7026978 -174.6200562 303.0201111</POSITION>
			<COLOR>0.9882354 0.6509804 0.2156863</COLOR>
			<INTENSITY>1.2000000</INTENSITY>
			<ATTENUATIONSTART>250.0000000</ATTENUATIONSTART>
			<ATTENUATIONEND>700.0000000</ATTENUATIONEND>
			<CASTSHADOW/>
		</LIGHT>
		<LIGHT name="Omni_deco_a01">
			<POSITION>2598.3649902 -1499.4995117 595.6581421</POSITION>
			<COLOR>0.8352942 0.8980393 0.9725491</COLOR>
			<INTENSITY>1.0000000</INTENSITY>
			<ATTENUATIONSTART>71.2289810</ATTENUATIONSTART>
			<ATTENUATIONEND>298.1615601</ATTENUATIONEND>
		</LIGHT>
		<LIGHT name="Omni_deco_b01">
			<POSITION>2598.3649902 -1499.4995117 189.7391510</POSITION>
			<COLOR>0.8352942 0.8980393 0.9725491</COLOR>
			<INTENSITY>0.8000000</INTENSITY>
			<ATTENUATIONSTART>193.4580994</ATTENUATIONSTART>
			<ATTENUATIONEND>528.5809326</ATTENUATIONEND>
		</LIGHT>
		<LIGHT name="obj_Omni_light_a 04">
			<POSITION>2142.3786621 -1600.2015381 303.0201111</POSITION>
			<COLOR>0.9882354 0.6509804 0.2156863</COLOR>
			<INTENSITY>1.2000000</INTENSITY>
			<ATTENUATIONSTART>250.0000000</ATTENUATIONSTART>
			<ATTENUATIONEND>700.0000000</ATTENUATIONEND>
			<CASTSHADOW/>
		</LIGHT>
		<LIGHT name="Omni_light_a 04">
			<POSITION>2147.0988770 -1592.0258789 293.8130798</POSITION>
			<COLOR>1.0000000 0.6941177 0.2941177</COLOR>
			<INTENSITY>1.2000000</INTENSITY>
			<ATTENUATIONSTART>250.0000000</ATTENUATIONSTART>
			<ATTENUATIONEND>600.0000000</ATTENUATIONEND>
			<CASTSHADOW/>
		</LIGHT>
		<LIGHT name="obj_Omni_light_a 05">
			<POSITION>-481.9911499 -314.6258240 303.0201111</POSITION>
			<COLOR>0.9882354 0.6509804 0.2156863</COLOR>
			<INTENSITY>1.2000000</INTENSITY>
			<ATTENUATIONSTART>250.0000000</ATTENUATIONSTART>
			<ATTENUATIONEND>700.0000000</ATTENUATIONEND>
			<CASTSHADOW/>
		</LIGHT>
		<LIGHT name="Omni_light_a 05">
			<POSITION>-481.9911194 -305.1853333 293.8130798</POSITION>
			<COLOR>1.0000000 0.6941177 0.2941177</COLOR>
			<INTENSITY>1.2000000</INTENSITY>
			<ATTENUATIONSTART>250.0000000</ATTENUATIONSTART>
			<ATTENUATIONEND>600.0000000</ATTENUATIONEND>
			<CASTSHADOW/>
		</LIGHT>
		<LIGHT name="obj_Omni_light_a 06">
			<POSITION>-982.1079712 -314.6258240 303.0201111</POSITION>
			<COLOR>0.9882354 0.6509804 0.2156863</COLOR>
			<INTENSITY>1.2000000</INTENSITY>
			<ATTENUATIONSTART>250.0000000</ATTENUATIONSTART>
			<ATTENUATIONEND>700.0000000</ATTENUATIONEND>
			<CASTSHADOW/>
		</LIGHT>
		<LIGHT name="Omni_light_a 06">
			<POSITION>-982.1079102 -305.1852722 293.8130798</POSITION>
			<COLOR>1.0000000 0.6941177 0.2941177</COLOR>
			<INTENSITY>1.2000000</INTENSITY>
			<ATTENUATIONSTART>250.0000000</ATTENUATIONSTART>
			<ATTENUATIONEND>600.0000000</ATTENUATIONEND>
			<CASTSHADOW/>
		</LIGHT>
		<LIGHT name="obj_Omni_light_a 07">
			<POSITION>-2451.5800781 -314.6258545 303.0201111</POSITION>
			<COLOR>0.9882354 0.6509804 0.2156863</COLOR>
			<INTENSITY>1.2000000</INTENSITY>
			<ATTENUATIONSTART>250.0000000</ATTENUATIONSTART>
			<ATTENUATIONEND>700.0000000</ATTENUATIONEND>
			<CASTSHADOW/>
		</LIGHT>
		<LIGHT name="Omni_light_a 07">
			<POSITION>-2451.5798340 -305.1853027 293.8130798</POSITION>
			<COLOR>1.0000000 0.6941177 0.2941177</COLOR>
			<INTENSITY>1.2000000</INTENSITY>
			<ATTENUATIONSTART>250.0000000</ATTENUATIONSTART>
			<ATTENUATIONEND>600.0000000</ATTENUATIONEND>
			<CASTSHADOW/>
		</LIGHT>
		<LIGHT name="obj_Omni_light_a 08">
			<POSITION>-332.1613159 314.6259460 303.0201111</POSITION>
			<COLOR>0.9882354 0.6509804 0.2156863</COLOR>
			<INTENSITY>1.2000000</INTENSITY>
			<ATTENUATIONSTART>250.0000000</ATTENUATIONSTART>
			<ATTENUATIONEND>700.0000000</ATTENUATIONEND>
			<CASTSHADOW/>
		</LIGHT>
		<LIGHT name="Omni_light_a 08">
			<POSITION>-332.1613159 305.1853943 293.8130798</POSITION>
			<COLOR>1.0000000 0.6941177 0.2941177</COLOR>
			<INTENSITY>1.2000000</INTENSITY>
			<ATTENUATIONSTART>250.0000000</ATTENUATIONSTART>
			<ATTENUATIONEND>600.0000000</ATTENUATIONEND>
			<CASTSHADOW/>
		</LIGHT>
		<LIGHT name="obj_Omni_light_a 09">
			<POSITION>3947.5573730 -184.4681396 303.0201111</POSITION>
			<COLOR>0.9882354 0.6509804 0.2156863</COLOR>
			<INTENSITY>1.2000000</INTENSITY>
			<ATTENUATIONSTART>250.0000000</ATTENUATIONSTART>
			<ATTENUATIONEND>700.0000000</ATTENUATIONEND>
			<CASTSHADOW/>
		</LIGHT>
		<LIGHT name="Omni_light_a 09">
			<POSITION>3942.8371582 -192.6439209 293.8130798</POSITION>
			<COLOR>1.0000000 0.6941177 0.2941177</COLOR>
			<INTENSITY>1.2000000</INTENSITY>
			<ATTENUATIONSTART>250.0000000</ATTENUATIONSTART>
			<ATTENUATIONEND>600.0000000</ATTENUATIONEND>
			<CASTSHADOW/>
		</LIGHT>
		<LIGHT name="obj_Omni_deco_b01">
			<POSITION>2598.3649902 -1499.4995117 380.0000000</POSITION>
			<COLOR>0.8352942 0.8980393 0.9725491</COLOR>
			<INTENSITY>0.8000000</INTENSITY>
			<ATTENUATIONSTART>193.4580994</ATTENUATIONSTART>
			<ATTENUATIONEND>528.5809326</ATTENUATIONEND>
		</LIGHT>
		<LIGHT name="Omni_deco_b02">
			<POSITION>1207.1351318 -696.2725830 189.7391510</POSITION>
			<COLOR>0.8352942 0.8980393 0.9725491</COLOR>
			<INTENSITY>0.8000000</INTENSITY>
			<ATTENUATIONSTART>193.4580994</ATTENUATIONSTART>
			<ATTENUATIONEND>528.5809326</ATTENUATIONEND>
		</LIGHT>
		<LIGHT name="Omni_deco_a02">
			<POSITION>1207.1351318 -696.2725220 595.6581421</POSITION>
			<COLOR>0.8352942 0.8980393 0.9725491</COLOR>
			<INTENSITY>1.0000000</INTENSITY>
			<ATTENUATIONSTART>71.2289810</ATTENUATIONSTART>
			<ATTENUATIONEND>298.1615601</ATTENUATIONEND>
		</LIGHT>
		<LIGHT name="obj_Omni_deco_b02">
			<POSITION>1207.1351318 -696.2725830 380.0000000</POSITION>
			<COLOR>0.8352942 0.8980393 0.9725491</COLOR>
			<INTENSITY>0.8000000</INTENSITY>
			<ATTENUATIONSTART>193.4580994</ATTENUATIONSTART>
			<ATTENUATIONEND>528.5809326</ATTENUATIONEND>
		</LIGHT>
		<LIGHT name="Omni_deco_b03">
			<POSITION>809.9900513 -548.5189819 189.7391510</POSITION>
			<COLOR>0.8352942 0.8980393 0.9725491</COLOR>
			<INTENSITY>0.8000000</INTENSITY>
			<ATTENUATIONSTART>193.4580994</ATTENUATIONSTART>
			<ATTENUATIONEND>528.5809326</ATTENUATIONEND>
		</LIGHT>
		<LIGHT name="Omni_deco_a03">
			<POSITION>809.9900513 -548.5189819 595.6581421</POSITION>
			<COLOR>0.8352942 0.8980393 0.9725491</COLOR>
			<INTENSITY>1.0000000</INTENSITY>
			<ATTENUATIONSTART>71.2289810</ATTENUATIONSTART>
			<ATTENUATIONEND>298.1615601</ATTENUATIONEND>
		</LIGHT>
		<LIGHT name="obj_Omni_deco_b03">
			<POSITION>809.9900513 -548.5189819 380.0000000</POSITION>
			<COLOR>0.8352942 0.8980393 0.9725491</COLOR>
			<INTENSITY>0.8000000</INTENSITY>
			<ATTENUATIONSTART>193.4580994</ATTENUATIONSTART>
			<ATTENUATIONEND>528.5809326</ATTENUATIONEND>
		</LIGHT>
		<LIGHT name="Omni_deco_b04">
			<POSITION>-1392.7725830 0.0186157 189.7391510</POSITION>
			<COLOR>0.8352942 0.8980393 0.9725491</COLOR>
			<INTENSITY>0.8000000</INTENSITY>
			<ATTENUATIONSTART>193.4580994</ATTENUATIONSTART>
			<ATTENUATIONEND>528.5809326</ATTENUATIONEND>
		</LIGHT>
		<LIGHT name="Omni_deco_a04">
			<POSITION>-1392.7725830 0.0186157 595.6581421</POSITION>
			<COLOR>0.8352942 0.8980393 0.9725491</COLOR>
			<INTENSITY>1.0000000</INTENSITY>
			<ATTENUATIONSTART>71.2289810</ATTENUATIONSTART>
			<ATTENUATIONEND>298.1615601</ATTENUATIONEND>
		</LIGHT>
		<LIGHT name="obj_Omni_deco_b04">
			<POSITION>-1392.7727051 0.0185547 380.0000000</POSITION>
			<COLOR>0.8352942 0.8980393 0.9725491</COLOR>
			<INTENSITY>0.8000000</INTENSITY>
			<ATTENUATIONSTART>193.4580994</ATTENUATIONSTART>
			<ATTENUATIONEND>528.5809326</ATTENUATIONEND>
		</LIGHT>
		<LIGHT name="Omni_deco_b05">
			<POSITION>-3000.0617676 0.3753662 189.7391510</POSITION>
			<COLOR>0.8352942 0.8980393 0.9725491</COLOR>
			<INTENSITY>0.8000000</INTENSITY>
			<ATTENUATIONSTART>193.4580994</ATTENUATIONSTART>
			<ATTENUATIONEND>528.5809326</ATTENUATIONEND>
		</LIGHT>
		<LIGHT name="Omni_deco_a05">
			<POSITION>-3000.0617676 0.3753662 595.6581421</POSITION>
			<COLOR>0.8352942 0.8980393 0.9725491</COLOR>
			<INTENSITY>1.0000000</INTENSITY>
			<ATTENUATIONSTART>71.2289810</ATTENUATIONSTART>
			<ATTENUATIONEND>298.1615601</ATTENUATIONEND>
		</LIGHT>
		<LIGHT name="obj_Omni_deco_b05">
			<POSITION>-3000.0617676 0.3753662 380.0000000</POSITION>
			<COLOR>0.8352942 0.8980393 0.9725491</COLOR>
			<INTENSITY>0.8000000</INTENSITY>
			<ATTENUATIONSTART>193.4580994</ATTENUATIONSTART>
			<ATTENUATIONEND>528.5809326</ATTENUATIONEND>
		</LIGHT>
		<LIGHT name="Omni_deco_b06">
			<POSITION>-2997.8364258 1185.6011963 189.7391510</POSITION>
			<COLOR>0.8352942 0.8980393 0.9725491</COLOR>
			<INTENSITY>0.8000000</INTENSITY>
			<ATTENUATIONSTART>193.4580994</ATTENUATIONSTART>
			<ATTENUATIONEND>528.5809326</ATTENUATIONEND>
		</LIGHT>
		<LIGHT name="Omni_deco_a06">
			<POSITION>-2997.8364258 1185.6011963 595.6581421</POSITION>
			<COLOR>0.8352942 0.8980393 0.9725491</COLOR>
			<INTENSITY>1.0000000</INTENSITY>
			<ATTENUATIONSTART>71.2289810</ATTENUATIONSTART>
			<ATTENUATIONEND>298.1615601</ATTENUATIONEND>
		</LIGHT>
		<LIGHT name="obj_Omni_deco_b06">
			<POSITION>-2997.8364258 1185.6011963 380.0000000</POSITION>
			<COLOR>0.8352942 0.8980393 0.9725491</COLOR>
			<INTENSITY>0.8000000</INTENSITY>
			<ATTENUATIONSTART>193.4580994</ATTENUATIONSTART>
			<ATTENUATIONEND>528.5809326</ATTENUATIONEND>
		</LIGHT>
		<LIGHT name="Omni_light_a 10">
			<POSITION>-1469.0092773 -1961.4539795 666.1156006</POSITION>
			<COLOR>1.0000000 0.6941177 0.2941177</COLOR>
			<INTENSITY>1.2000000</INTENSITY>
			<ATTENUATIONSTART>250.0000000</ATTENUATIONSTART>
			<ATTENUATIONEND>600.0000000</ATTENUATIONEND>
			<CASTSHADOW/>
		</LIGHT>
		<LIGHT name="obj_Omni_light_a 10">
			<POSITION>-1469.0092773 -1961.4539795 689.3015747</POSITION>
			<COLOR>0.9882354 0.6509804 0.2156863</COLOR>
			<INTENSITY>1.2000000</INTENSITY>
			<ATTENUATIONSTART>250.0000000</ATTENUATIONSTART>
			<ATTENUATIONEND>700.0000000</ATTENUATIONEND>
			<CASTSHADOW/>
		</LIGHT>
		<LIGHT name="Omni_light_b01">
			<POSITION>-1402.1959229 -706.0667114 324.1837158</POSITION>
			<COLOR>1.0000000 0.6941177 0.2941177</COLOR>
			<INTENSITY>1.2000000</INTENSITY>
			<ATTENUATIONSTART>200.0000000</ATTENUATIONSTART>
			<ATTENUATIONEND>500.0000000</ATTENUATIONEND>
			<CASTSHADOW/>
		</LIGHT>
		<LIGHT name="obj_Omni_light_b01">
			<POSITION>-1387.3377686 -705.8945313 324.1837158</POSITION>
			<COLOR>1.0000000 0.6941177 0.2941177</COLOR>
			<INTENSITY>1.2000000</INTENSITY>
			<ATTENUATIONSTART>200.0000000</ATTENUATIONSTART>
			<ATTENUATIONEND>500.0000000</ATTENUATIONEND>
			<CASTSHADOW/>
		</LIGHT>
	</LIGHTLIST>
	<OBJECTLIST>
		<OBJECT name="Prison_drainage1_obj_algn0.elu">
		</OBJECT>
		<OBJECT name="Prison_drainage1_obj_sea_a01.elu">
		</OBJECT>
	</OBJECTLIST>
	<DUMMYLIST>
		<DUMMY name="smk_st_04">
			<POSITION>603.3215942 -262.2958984 -160.0000458</POSITION>
			<DIRECTION>0.0000000 0.0000000 0.9999999</DIRECTION>
		</DUMMY>
		<DUMMY name="smk_st_01">
			<POSITION>-3362.7646484 1495.3867188 -160.0000610</POSITION>
			<DIRECTION>0.0000000 0.0000000 0.9999999</DIRECTION>
		</DUMMY>
		<DUMMY name="smk_st_02">
			<POSITION>1633.5634766 -613.1836548 321.9792480</POSITION>
			<DIRECTION>-0.1294095 -0.2241438 -0.9659258</DIRECTION>
		</DUMMY>
		<DUMMY name="smk_st_03">
			<POSITION>-2937.2434082 982.2271729 -160.0000763</POSITION>
			<DIRECTION>0.0000000 0.0000000 0.9999999</DIRECTION>
		</DUMMY>
		<DUMMY name="wait_pos_01">
			<POSITION>2443.1479492 -1410.5521240 200.0000000</POSITION>
			<DIRECTION>-0.8660254 0.4999999 0.0000000</DIRECTION>
		</DUMMY>
		<DUMMY name="spawn_solo_101">
			<POSITION>2476.2268066 -1237.8243408 5.0000000</POSITION>
			<DIRECTION>-0.8660254 0.4999999 0.0000000</DIRECTION>
		</DUMMY>
		<DUMMY name="spawn_solo_102">
			<POSITION>2321.6303711 -1276.8245850 5.0000000</POSITION>
			<DIRECTION>-0.8660254 0.4999999 0.0000000</DIRECTION>
		</DUMMY>
		<DUMMY name="spawn_solo_103">
			<POSITION>2266.0937500 -1373.0169678 5.0000000</POSITION>
			<DIRECTION>-0.8660254 0.4999999 0.0000000</DIRECTION>
		</DUMMY>
		<DUMMY name="spawn_solo_104">
			<POSITION>2309.6166992 -1526.4014893 5.0000000</POSITION>
			<DIRECTION>-0.8660254 0.4999999 0.0000000</DIRECTION>
		</DUMMY>
		<DUMMY name="smk_st_05">
			<POSITION>1450.3013916 -539.9387207 371.5179749</POSITION>
			<DIRECTION>-0.1294095 -0.2241438 -0.9659258</DIRECTION>
		</DUMMY>
		<DUMMY name="smk_st_06">
			<POSITION>858.8666992 -219.5961456 371.2113953</POSITION>
			<DIRECTION>-0.1294095 -0.2241438 -0.9659258</DIRECTION>
		</DUMMY>
		<DUMMY name="smk_st_07">
			<POSITION>3115.6860352 -654.4003906 -160.0000000</POSITION>
			<DIRECTION>0.0000000 0.0000000 0.9999999</DIRECTION>
		</DUMMY>
		<DUMMY name="smk_st_08">
			<POSITION>1949.4415283 -1071.8925781 -160.0000458</POSITION>
			<DIRECTION>0.0000000 0.0000000 0.9999999</DIRECTION>
		</DUMMY>
		<DUMMY name="smk_st_10">
			<POSITION>-958.1300049 80.3453674 -160.0000610</POSITION>
			<DIRECTION>0.0000000 0.0000000 0.9999999</DIRECTION>
		</DUMMY>
		<DUMMY name="smk_st_14">
			<POSITION>809.9218140 -624.8815918 -160.0000458</POSITION>
			<DIRECTION>0.0000000 0.0000000 0.9999999</DIRECTION>
		</DUMMY>
		<DUMMY name="smk_st_15">
			<POSITION>-658.8071899 -130.3308105 -160.0000610</POSITION>
			<DIRECTION>0.0000000 0.0000000 0.9999999</DIRECTION>
		</DUMMY>
		<DUMMY name="smk_st_16">
			<POSITION>-2206.0454102 -60.7150879 -160.0000916</POSITION>
			<DIRECTION>0.0000000 0.0000000 0.9999999</DIRECTION>
		</DUMMY>
		<DUMMY name="snd_amb_b1_dropwater01">
			<POSITION>2952.2363281 -315.8350830 60.0000000</POSITION>
			<DIRECTION>0.0000000 0.9999999 0.0000000</DIRECTION>
		</DUMMY>
		<DUMMY name="link01">
			<POSITION>2778.5234375 -1188.8837891 5.0000000</POSITION>
			<DIRECTION>0.0000000 0.9999999 0.0000000</DIRECTION>
		</DUMMY>
		<DUMMY name="spawn_npc_melee_01">
			<POSITION>3070.6833496 -1188.7875977 5.3175659</POSITION>
			<DIRECTION>-0.8660254 0.4999999 0.0000000</DIRECTION>
		</DUMMY>
		<DUMMY name="spawn_npc_range_01">
			<POSITION>3002.7563477 -1306.4404297 5.3175659</POSITION>
			<DIRECTION>-0.8660254 0.4999999 0.0000000</DIRECTION>
		</DUMMY>
		<DUMMY name="link02">
			<POSITION>-2998.7443848 352.0084229 5.0000000</POSITION>
			<DIRECTION>0.0000000 0.9999999 0.0000000</DIRECTION>
		</DUMMY>
		<DUMMY name="link03">
			<POSITION>-1467.2757568 -2115.9670410 305.0000000</POSITION>
			<DIRECTION>0.0000000 0.9999999 0.0000000</DIRECTION>
		</DUMMY>
		<DUMMY name="snd_amb_b1_dropwater02">
			<POSITION>-611.4163818 298.3308411 60.0000000</POSITION>
			<DIRECTION>0.0000000 0.9999999 0.0000000</DIRECTION>
		</DUMMY>
		<DUMMY name="snd_amb_b1_dropwater03">
			<POSITION>-1296.6506348 293.2150879 60.0000000</POSITION>
			<DIRECTION>0.0000000 0.9999999 0.0000000</DIRECTION>
		</DUMMY>
		<DUMMY name="snd_amb_b1_dropwater04">
			<POSITION>-3056.7045898 1771.4605713 60.0000000</POSITION>
			<DIRECTION>0.0000000 0.9999999 0.0000000</DIRECTION>
		</DUMMY>
		<DUMMY name="smk_st_17">
			<POSITION>2549.0910645 -1613.1240234 -160.0000458</POSITION>
			<DIRECTION>0.0000000 0.0000000 0.9999999</DIRECTION>
		</DUMMY>
		<DUMMY name="smk_st_18">
			<POSITION>-3087.0937500 330.2141113 -160.0000916</POSITION>
			<DIRECTION>0.0000000 0.0000000 0.9999999</DIRECTION>
		</DUMMY>
		<DUMMY name="smk_st_19">
			<POSITION>-1358.1640625 -291.4603271 321.9792480</POSITION>
			<DIRECTION>-0.0000000 0.2588189 -0.9659258</DIRECTION>
		</DUMMY>
		<DUMMY name="smk_st_20">
			<POSITION>-425.0756226 -251.0741730 369.2492676</POSITION>
			<DIRECTION>-0.0000000 0.2588189 -0.9659258</DIRECTION>
		</DUMMY>
		<DUMMY name="spawn_npc_range_02">
			<POSITION>2530.6381836 -1752.3356934 5.3175659</POSITION>
			<DIRECTION>0.5000000 0.8660253 0.0000000</DIRECTION>
		</DUMMY>
		<DUMMY name="spawn_npc_melee_02">
			<POSITION>2648.2912598 -1820.2626953 5.3175659</POSITION>
			<DIRECTION>0.5000000 0.8660253 0.0000000</DIRECTION>
		</DUMMY>
		<DUMMY name="spawn_npc_range_03">
			<POSITION>1501.3244629 -1185.3581543 5.3175659</POSITION>
			<DIRECTION>0.5000000 0.8660253 0.0000000</DIRECTION>
		</DUMMY>
		<DUMMY name="spawn_npc_melee_03">
			<POSITION>1618.9775391 -1253.2851563 5.3175659</POSITION>
			<DIRECTION>0.5000000 0.8660253 0.0000000</DIRECTION>
		</DUMMY>
		<DUMMY name="spawn_npc_range_04">
			<POSITION>451.7033997 -192.1817932 5.3175659</POSITION>
			<DIRECTION>0.8660253 -0.5000001 0.0000000</DIRECTION>
		</DUMMY>
		<DUMMY name="spawn_npc_melee_04">
			<POSITION>383.7763977 -309.8348083 5.3175659</POSITION>
			<DIRECTION>0.8660253 -0.5000001 0.0000000</DIRECTION>
		</DUMMY>
		<DUMMY name="spawn_npc_range_05">
			<POSITION>-900.8462524 82.1606445 5.3175659</POSITION>
			<DIRECTION>0.9999999 0.0000000 0.0000000</DIRECTION>
		</DUMMY>
		<DUMMY name="spawn_npc_melee_05">
			<POSITION>-900.8463135 -53.6933899 5.3175659</POSITION>
			<DIRECTION>0.9999999 0.0000000 0.0000000</DIRECTION>
		</DUMMY>
		<DUMMY name="spawn_npc_range_06">
			<POSITION>-3258.9099121 -70.8916016 5.3175659</POSITION>
			<DIRECTION>0.9999999 0.0000000 0.0000000</DIRECTION>
		</DUMMY>
		<DUMMY name="spawn_npc_melee_06">
			<POSITION>-3258.9101563 -206.7456055 5.3175659</POSITION>
			<DIRECTION>0.9999999 0.0000000 0.0000000</DIRECTION>
		</DUMMY>
		<DUMMY name="spawn_npc_range_07">
			<POSITION>-2779.3662109 494.0422363 5.3175659</POSITION>
			<DIRECTION>0.0000002 -0.9999999 0.0000000</DIRECTION>
		</DUMMY>
		<DUMMY name="spawn_npc_melee_07">
			<POSITION>-2915.2204590 494.0426025 5.3175659</POSITION>
			<DIRECTION>0.0000002 -0.9999999 0.0000000</DIRECTION>
		</DUMMY>
		<DUMMY name="spawn_npc_range_08">
			<POSITION>-2391.7883301 -274.4573975 5.3175659</POSITION>
			<DIRECTION>-0.0000001 0.9999999 0.0000000</DIRECTION>
		</DUMMY>
		<DUMMY name="spawn_npc_melee_08">
			<POSITION>-2255.9343262 -274.4577637 5.3175659</POSITION>
			<DIRECTION>-0.0000001 0.9999999 0.0000000</DIRECTION>
		</DUMMY>
		<DUMMY name="spawn_npc_range_09">
			<POSITION>-209.3983307 249.8283997 5.3175659</POSITION>
			<DIRECTION>0.0000002 -0.9999999 0.0000000</DIRECTION>
		</DUMMY>
		<DUMMY name="spawn_npc_melee_09">
			<POSITION>-345.2524719 249.8287659 5.3175659</POSITION>
			<DIRECTION>0.0000002 -0.9999999 0.0000000</DIRECTION>
		</DUMMY>
		<DUMMY name="spawn_npc_range_10">
			<POSITION>1297.9736328 -460.2467651 5.3175659</POSITION>
			<DIRECTION>-0.4999998 -0.8660254 0.0000000</DIRECTION>
		</DUMMY>
		<DUMMY name="spawn_npc_melee_10">
			<POSITION>1180.3205566 -392.3193359 5.3175659</POSITION>
			<DIRECTION>-0.4999998 -0.8660254 0.0000000</DIRECTION>
		</DUMMY>
		<DUMMY name="spawn_npc_range_11">
			<POSITION>-1529.4204102 -2183.7036133 305.3175659</POSITION>
			<DIRECTION>-0.0000003 0.9999999 0.0000000</DIRECTION>
		</DUMMY>
		<DUMMY name="spawn_npc_melee_11">
			<POSITION>-1393.5661621 -2183.7041016 305.3175659</POSITION>
			<DIRECTION>-0.0000003 0.9999999 0.0000000</DIRECTION>
		</DUMMY>
		<DUMMY name="spawn_npc_range_12">
			<POSITION>-1523.4598389 -991.1038208 205.3175659</POSITION>
			<DIRECTION>-0.0000003 0.9999999 0.0000000</DIRECTION>
		</DUMMY>
		<DUMMY name="spawn_npc_melee_12">
			<POSITION>-1413.1353760 -991.1042480 205.3175659</POSITION>
			<DIRECTION>-0.0000003 0.9999999 0.0000000</DIRECTION>
		</DUMMY>
		<DUMMY name="spawn_npc_melee_13">
			<POSITION>-1259.7912598 -243.6804199 5.3175659</POSITION>
			<DIRECTION>-0.0000001 0.9999999 0.0000000</DIRECTION>
		</DUMMY>
		<DUMMY name="spawn_npc_range_13">
			<POSITION>-1395.6453857 -243.6800537 5.3175659</POSITION>
			<DIRECTION>-0.0000001 0.9999999 0.0000000</DIRECTION>
		</DUMMY>
	</DUMMYLIST>
	<OCCLUSIONLIST>
	</OCCLUSIONLIST>
	<FOG min="0" max="8000">
		<R>178</R>
		<G>204</G>
		<B>197</B>
	</FOG>
	<GLOBAL>
		<far_z>8500</far_z>
		<fog_enable>TRUE</fog_enable>
		<fog_min>0</fog_min>
		<fog_max>8000</fog_max>
		<fog_color>178,204,197</fog_color>
	</GLOBAL>
</XML>
