<?xml version="1.0" encoding="euc-kr"?>
<XML>
	<SMOKE NAME="smk_st_04.elu" DIRECTION="0" POWER="100.0" DELAY="100" SIZE="150.0" LIFE="1.0" TOGGLEMINTIME="0.0">	</SMOKE>
	<SMOKE NAME="smk_st_01.elu" DIRECTION="0" POWER="100.0" DELAY="100" SIZE="150.0" LIFE="1.0" TOGGLEMINTIME="0.0">	</SMOKE>
	<SMOKE NAME="smk_st_02.elu" DIRECTION="90" POWER="100.0" DELAY="50" SIZE="10.0" LIFE="0.800" TOGGLEMINTIME="5.0">	</SMOKE>
	<SMOKE NAME="smk_st_03.elu" DIRECTION="0" POWER="100.0" DELAY="100" SIZE="150.0" LIFE="1.0" TOGGLEMINTIME="0.0">	</SMOKE>
	<SMOKE NAME="smk_st_05.elu" DIRECTION="90" POWER="100.0" DELAY="50" SIZE="10.0" LIFE="0.800" TOGGLEMINTIME="5.0">	</SMOKE>
	<SMOKE NAME="smk_st_06.elu" DIRECTION="90" POWER="100.0" DELAY="50" SIZE="10.0" LIFE="0.800" TOGGLEMINTIME="5.0">	</SMOKE>
	<SMOKE NAME="smk_st_07.elu" DIRECTION="0" POWER="100.0" DELAY="100" SIZE="150.0" LIFE="1.0" TOGGLEMINTIME="0.0">	</SMOKE>
	<SMOKE NAME="smk_st_08.elu" DIRECTION="0" POWER="100.0" DELAY="100" SIZE="150.0" LIFE="1.0" TOGGLEMINTIME="0.0">	</SMOKE>
	<SMOKE NAME="smk_st_10.elu" DIRECTION="0" POWER="100.0" DELAY="100" SIZE="150.0" LIFE="1.0" TOGGLEMINTIME="0.0">	</SMOKE>
	<SMOKE NAME="smk_st_14.elu" DIRECTION="0" POWER="100.0" DELAY="100" SIZE="150.0" LIFE="1.0" TOGGLEMINTIME="0.0">	</SMOKE>
	<SMOKE NAME="smk_st_15.elu" DIRECTION="0" POWER="100.0" DELAY="100" SIZE="150.0" LIFE="1.0" TOGGLEMINTIME="0.0">	</SMOKE>
	<SMOKE NAME="smk_st_16.elu" DIRECTION="0" POWER="100.0" DELAY="100" SIZE="150.0" LIFE="1.0" TOGGLEMINTIME="0.0">	</SMOKE>
	<SMOKE NAME="smk_st_17.elu" DIRECTION="0" POWER="100.0" DELAY="100" SIZE="150.0" LIFE="1.0" TOGGLEMINTIME="0.0">	</SMOKE>
	<SMOKE NAME="smk_st_18.elu" DIRECTION="0" POWER="100.0" DELAY="100" SIZE="150.0" LIFE="1.0" TOGGLEMINTIME="0.0">	</SMOKE>
	<SMOKE NAME="smk_st_19.elu" DIRECTION="90" POWER="100.0" DELAY="50" SIZE="10.0" LIFE="0.800" TOGGLEMINTIME="5.0">	</SMOKE>
	<SMOKE NAME="smk_st_20.elu" DIRECTION="90" POWER="100.0" DELAY="50" SIZE="10.0" LIFE="0.800" TOGGLEMINTIME="5.0">	</SMOKE>
</XML>
