<?xml version="1.0"?> 
<XML> 
<PATCHINFO> 
	<VERSION>1.0.0.290</VERSION> 
	<PATCHNODE file="./gunz.exe"> 
		<SIZE>3252224</SIZE> 
		<CHECKSUM>528468896</CHECKSUM> 
	</PATCHNODE> 
	<PATCHNODE file="./GunzZPatchBuilder.exe"> 
		<SIZE>2453504</SIZE> 
		<CHECKSUM>3073440471</CHECKSUM> 
	</PATCHNODE> 
	<PATCHNODE file="./SFX.mrs"> 
		<SIZE>3447561</SIZE> 
		<CHECKSUM>2915048208</CHECKSUM> 
	</PATCHNODE> 
	<PATCHNODE file="./system.mrs"> 
		<SIZE>157552</SIZE> 
		<CHECKSUM>2039547176</CHECKSUM> 
	</PATCHNODE> 
	<PATCHNODE file="./interface/default.mrs"> 
		<SIZE>10263842</SIZE> 
		<CHECKSUM>2148022512</CHECKSUM> 
	</PATCHNODE> 
	<PATCHNODE file="./interface/loadable.mrs"> 
		<SIZE>11846502</SIZE> 
		<CHECKSUM>813495887</CHECKSUM> 
	</PATCHNODE> 
	<PATCHNODE file="./interface/Login.mrs"> 
		<SIZE>3523240</SIZE> 
		<CHECKSUM>3511018442</CHECKSUM> 
	</PATCHNODE> 
</PATCHINFO> 
</XML> 
