<?xml version="1.0"?>
<XML>
	<MATERIALLIST>
		<MATERIAL name="14 - Default">
			<DIFFUSE>0.5880000 0.5880000 0.5880000</DIFFUSE>
			<AMBIENT>0.5880000 0.5880000 0.5880000</AMBIENT>
			<SPECULAR>0.9000000 0.9000000 0.9000000</SPECULAR>
			<DIFFUSEMAP>i.dds</DIFFUSEMAP>
		</MATERIAL>
		<MATERIAL name="02 - Default">
			<DIFFUSE>0.5882353 0.5882353 0.5882353</DIFFUSE>
			<AMBIENT>0.5882353 0.5882353 0.5882353</AMBIENT>
			<SPECULAR>0.9000000 0.9000000 0.9000000</SPECULAR>
			<DIFFUSEMAP>b.dds</DIFFUSEMAP>
		</MATERIAL>
		<MATERIAL name="Material #48">
			<DIFFUSE>0.5880000 0.5880000 0.5880000</DIFFUSE>
			<AMBIENT>0.5880000 0.5880000 0.5880000</AMBIENT>
			<SPECULAR>0.9000000 0.9000000 0.9000000</SPECULAR>
			<DIFFUSEMAP>e.dds</DIFFUSEMAP>
		</MATERIAL>
		<MATERIAL name="Material #49">
			<DIFFUSE>0.5880000 0.5880000 0.5880000</DIFFUSE>
			<AMBIENT>0.5880000 0.5880000 0.5880000</AMBIENT>
			<SPECULAR>0.9000000 0.9000000 0.9000000</SPECULAR>
			<DIFFUSEMAP>f.dds</DIFFUSEMAP>
		</MATERIAL>
		<MATERIAL name="08 - Default">
			<DIFFUSE>0.5882353 0.5882353 0.5882353</DIFFUSE>
			<AMBIENT>0.5882353 0.5882353 0.5882353</AMBIENT>
			<SPECULAR>0.9000000 0.9000000 0.9000000</SPECULAR>
			<DIFFUSEMAP>g.dds</DIFFUSEMAP>
		</MATERIAL>
		<MATERIAL name="09 - Default">
			<DIFFUSE>0.5882353 0.5882353 0.5882353</DIFFUSE>
			<AMBIENT>0.5882353 0.5882353 0.5882353</AMBIENT>
			<SPECULAR>0.9000000 0.9000000 0.9000000</SPECULAR>
			<DIFFUSEMAP>Wall008.tga</DIFFUSEMAP>
		</MATERIAL>
		<MATERIAL name="15 - Default">
			<DIFFUSE>0.5882353 0.5882353 0.5882353</DIFFUSE>
			<AMBIENT>0.5882353 0.5882353 0.5882353</AMBIENT>
			<SPECULAR>0.9000000 0.9000000 0.9000000</SPECULAR>
			<DIFFUSEMAP>i-2.dds</DIFFUSEMAP>
		</MATERIAL>
		<MATERIAL name="Center">
			<DIFFUSE>0.5882353 0.5882353 0.5882353</DIFFUSE>
			<AMBIENT>0.5882353 0.5882353 0.5882353</AMBIENT>
			<SPECULAR>0.9000000 0.9000000 0.9000000</SPECULAR>
			<DIFFUSEMAP>h-2.dds</DIFFUSEMAP>
		</MATERIAL>
		<MATERIAL name="Material #73">
			<DIFFUSE>0.5880000 0.5880000 0.5880000</DIFFUSE>
			<AMBIENT>0.5880000 0.5880000 0.5880000</AMBIENT>
			<SPECULAR>0.9000000 0.9000000 0.9000000</SPECULAR>
			<DIFFUSEMAP>j.dds</DIFFUSEMAP>
		</MATERIAL>
		<MATERIAL name="Material #83">
			<DIFFUSE>0.5880000 0.5880000 0.5880000</DIFFUSE>
			<AMBIENT>0.5880000 0.5880000 0.5880000</AMBIENT>
			<SPECULAR>0.9000000 0.9000000 0.9000000</SPECULAR>
			<DIFFUSEMAP>j-2.dds</DIFFUSEMAP>
			<TWOSIDED/>
			<USEOPACITY/>
		</MATERIAL>
		<MATERIAL name="Columna">
			<DIFFUSE>0.6400000 0.6400000 0.6400000</DIFFUSE>
			<AMBIENT>0.0000000 0.0000000 0.0000000</AMBIENT>
			<SPECULAR>0.5000000 0.5000000 0.5000000</SPECULAR>
			<DIFFUSEMAP>h-2.dds</DIFFUSEMAP>
		</MATERIAL>
		<MATERIAL name="Material #51">
			<DIFFUSE>0.5880000 0.5880000 0.5880000</DIFFUSE>
			<AMBIENT>0.5880000 0.5880000 0.5880000</AMBIENT>
			<SPECULAR>0.9000000 0.9000000 0.9000000</SPECULAR>
			<DIFFUSEMAP>h.dds</DIFFUSEMAP>
		</MATERIAL>
		<MATERIAL name="Material #52">
			<DIFFUSE>0.5880000 0.5880000 0.5880000</DIFFUSE>
			<AMBIENT>0.5880000 0.5880000 0.5880000</AMBIENT>
			<SPECULAR>0.9000000 0.9000000 0.9000000</SPECULAR>
			<DIFFUSEMAP>h-3.dds</DIFFUSEMAP>
		</MATERIAL>
		<MATERIAL name="Pilar">
			<DIFFUSE>0.5882353 0.5882353 0.5882353</DIFFUSE>
			<AMBIENT>0.5882353 0.5882353 0.5882353</AMBIENT>
			<SPECULAR>0.9000000 0.9000000 0.9000000</SPECULAR>
			<DIFFUSEMAP>a.dds</DIFFUSEMAP>
		</MATERIAL>
		<MATERIAL name="s-a">
			<DIFFUSE>0.5882353 0.5882353 0.5882353</DIFFUSE>
			<AMBIENT>0.5882353 0.5882353 0.5882353</AMBIENT>
			<SPECULAR>0.9000000 0.9000000 0.9000000</SPECULAR>
			<DIFFUSEMAP>s-a.dds</DIFFUSEMAP>
		</MATERIAL>
		<MATERIAL name="Material #130">
			<DIFFUSE>0.5880000 0.5880000 0.5880000</DIFFUSE>
			<AMBIENT>0.5880000 0.5880000 0.5880000</AMBIENT>
			<SPECULAR>0.9000000 0.9000000 0.9000000</SPECULAR>
			<DIFFUSEMAP>s-b.dds</DIFFUSEMAP>
		</MATERIAL>
		<MATERIAL name="Material #132">
			<DIFFUSE>0.5880000 0.5880000 0.5880000</DIFFUSE>
			<AMBIENT>0.5880000 0.5880000 0.5880000</AMBIENT>
			<SPECULAR>0.9000000 0.9000000 0.9000000</SPECULAR>
			<DIFFUSEMAP>s-c.dds</DIFFUSEMAP>
		</MATERIAL>
		<MATERIAL name="Material #133">
			<DIFFUSE>0.5880000 0.5880000 0.5880000</DIFFUSE>
			<AMBIENT>0.5880000 0.5880000 0.5880000</AMBIENT>
			<SPECULAR>0.9000000 0.9000000 0.9000000</SPECULAR>
			<DIFFUSEMAP>Black.dds</DIFFUSEMAP>
		</MATERIAL>
		<MATERIAL name="Orilla">
			<DIFFUSE>0.5882353 0.5882353 0.5882353</DIFFUSE>
			<AMBIENT>0.5882353 0.5882353 0.5882353</AMBIENT>
			<SPECULAR>0.9000000 0.9000000 0.9000000</SPECULAR>
			<DIFFUSEMAP>k.dds</DIFFUSEMAP>
		</MATERIAL>
		<MATERIAL name="Material #85">
			<DIFFUSE>0.5880000 0.5880000 0.5880000</DIFFUSE>
			<AMBIENT>0.5880000 0.5880000 0.5880000</AMBIENT>
			<SPECULAR>0.9000000 0.9000000 0.9000000</SPECULAR>
			<DIFFUSEMAP>g.dds</DIFFUSEMAP>
		</MATERIAL>
		<MATERIAL name="Water">
			<DIFFUSE>0.2705882 0.1568628 0.8431373</DIFFUSE>
			<AMBIENT>0.2705882 0.1568628 0.8431373</AMBIENT>
			<SPECULAR>0.2705882 0.1568628 0.8431373</SPECULAR>
			<DIFFUSEMAP>gzd_map_Prison_water001.bmp.dds</DIFFUSEMAP>
			<ADDITIVE/>
		</MATERIAL>
		<MATERIAL name="17 - Default">
			<DIFFUSE>0.5882353 0.5882353 0.5882353</DIFFUSE>
			<AMBIENT>0.5882353 0.5882353 0.5882353</AMBIENT>
			<SPECULAR>0.9000000 0.9000000 0.9000000</SPECULAR>
			<DIFFUSEMAP>k.dds</DIFFUSEMAP>
		</MATERIAL>
		<MATERIAL name="bar">
			<DIFFUSE>0.5882353 0.5882353 0.5882353</DIFFUSE>
			<AMBIENT>0.5882353 0.5882353 0.5882353</AMBIENT>
			<SPECULAR>0.9000000 0.9000000 0.9000000</SPECULAR>
			<DIFFUSEMAP>mtl_doom_truba_ql.dds</DIFFUSEMAP>
		</MATERIAL>
		<MATERIAL name="Material #106">
			<DIFFUSE>0.5880000 0.5880000 0.5880000</DIFFUSE>
			<AMBIENT>0.5880000 0.5880000 0.5880000</AMBIENT>
			<SPECULAR>0.9000000 0.9000000 0.9000000</SPECULAR>
			<DIFFUSEMAP>k.dds</DIFFUSEMAP>
		</MATERIAL>
		<MATERIAL name="Material #107">
			<DIFFUSE>0.5880000 0.5880000 0.5880000</DIFFUSE>
			<AMBIENT>0.5880000 0.5880000 0.5880000</AMBIENT>
			<SPECULAR>0.9000000 0.9000000 0.9000000</SPECULAR>
			<DIFFUSEMAP>e.dds</DIFFUSEMAP>
		</MATERIAL>
		<MATERIAL name="Material #117">
			<DIFFUSE>0.5880000 0.5880000 0.5880000</DIFFUSE>
			<AMBIENT>0.5880000 0.5880000 0.5880000</AMBIENT>
			<SPECULAR>0.9000000 0.9000000 0.9000000</SPECULAR>
			<DIFFUSEMAP>k.dds</DIFFUSEMAP>
		</MATERIAL>
		<MATERIAL name="Material #118">
			<DIFFUSE>0.5880000 0.5880000 0.5880000</DIFFUSE>
			<AMBIENT>0.5880000 0.5880000 0.5880000</AMBIENT>
			<SPECULAR>0.9000000 0.9000000 0.9000000</SPECULAR>
			<DIFFUSEMAP>h-2.dds</DIFFUSEMAP>
		</MATERIAL>
		<MATERIAL name="Material #119">
			<DIFFUSE>0.5880000 0.5880000 0.5880000</DIFFUSE>
			<AMBIENT>0.5880000 0.5880000 0.5880000</AMBIENT>
			<SPECULAR>0.9000000 0.9000000 0.9000000</SPECULAR>
			<DIFFUSEMAP>Wall008.tga</DIFFUSEMAP>
		</MATERIAL>
		<MATERIAL name="Material #121">
			<DIFFUSE>0.5880000 0.5880000 0.5880000</DIFFUSE>
			<AMBIENT>0.5880000 0.5880000 0.5880000</AMBIENT>
			<SPECULAR>0.9000000 0.9000000 0.9000000</SPECULAR>
			<DIFFUSEMAP>i.dds</DIFFUSEMAP>
		</MATERIAL>
		<MATERIAL name="Material #122">
			<DIFFUSE>0.5880000 0.5880000 0.5880000</DIFFUSE>
			<AMBIENT>0.5880000 0.5880000 0.5880000</AMBIENT>
			<SPECULAR>0.9000000 0.9000000 0.9000000</SPECULAR>
			<DIFFUSEMAP>m.dds</DIFFUSEMAP>
			<USEOPACITY/>
		</MATERIAL>
		<MATERIAL name="carretilla_mt_wod">
			<DIFFUSE>0.5882353 0.5882353 0.5882353</DIFFUSE>
			<AMBIENT>0.5882353 0.5882353 0.5882353</AMBIENT>
			<SPECULAR>0.9000000 0.9000000 0.9000000</SPECULAR>
			<DIFFUSEMAP>wood_plank6_bar.dds</DIFFUSEMAP>
		</MATERIAL>
		<MATERIAL name="caja_mt_wod">
			<DIFFUSE>0.5882353 0.5882353 0.5882353</DIFFUSE>
			<AMBIENT>0.5882353 0.5882353 0.5882353</AMBIENT>
			<SPECULAR>0.9000000 0.9000000 0.9000000</SPECULAR>
			<DIFFUSEMAP>Box001.tga</DIFFUSEMAP>
		</MATERIAL>
		<MATERIAL name="Material #124">
			<DIFFUSE>0.5880000 0.5880000 0.5880000</DIFFUSE>
			<AMBIENT>0.5880000 0.5880000 0.5880000</AMBIENT>
			<SPECULAR>0.9000000 0.9000000 0.9000000</SPECULAR>
			<DIFFUSEMAP>Box002.tga</DIFFUSEMAP>
		</MATERIAL>
		<MATERIAL name="Mat_003_Pants_tga_dds">
			<DIFFUSE>0.4705880 0.4705880 0.4705880</DIFFUSE>
			<AMBIENT>0.0000000 0.0000000 0.0000000</AMBIENT>
			<SPECULAR>0.9000000 0.9000000 0.9000000</SPECULAR>
			<DIFFUSEMAP>Pants.tga.dds</DIFFUSEMAP>
			<TWOSIDED/>
		</MATERIAL>
		<MATERIAL name="Mat_002_Boots_tga_dds">
			<DIFFUSE>0.4705880 0.4705880 0.4705880</DIFFUSE>
			<AMBIENT>0.0000000 0.0000000 0.0000000</AMBIENT>
			<SPECULAR>0.8100000 0.8100000 0.8100000</SPECULAR>
			<DIFFUSEMAP>Boots.tga.dds</DIFFUSEMAP>
			<TWOSIDED/>
		</MATERIAL>
		<MATERIAL name="Mat_001_Glove_tga_dds">
			<DIFFUSE>0.4704000 0.4704000 0.4704000</DIFFUSE>
			<AMBIENT>0.0000000 0.0000000 0.0000000</AMBIENT>
			<SPECULAR>0.9000000 0.9000000 0.9000000</SPECULAR>
			<DIFFUSEMAP>Glove.tga.dds</DIFFUSEMAP>
			<TWOSIDED/>
		</MATERIAL>
		<MATERIAL name="Mat_000_Body_tga_dds">
			<DIFFUSE>0.1568630 0.0815690 0.0000000</DIFFUSE>
			<AMBIENT>0.0000000 0.0000000 0.0000000</AMBIENT>
			<SPECULAR>0.9000000 0.9000000 0.9000000</SPECULAR>
			<DIFFUSEMAP>Body.tga.dds</DIFFUSEMAP>
			<TWOSIDED/>
		</MATERIAL>
		<MATERIAL name="Mat_013_Hair_tga_dds">
			<DIFFUSE>0.1788240 0.0941180 0.0376470</DIFFUSE>
			<AMBIENT>0.0000000 0.0000000 0.0000000</AMBIENT>
			<SPECULAR>0.9000000 0.9000000 0.9000000</SPECULAR>
			<DIFFUSEMAP>Hair.tga.dds</DIFFUSEMAP>
			<TWOSIDED/>
		</MATERIAL>
		<MATERIAL name="Mat_014_Face_bmp_dds">
			<DIFFUSE>0.4705880 0.4705880 0.4705880</DIFFUSE>
			<AMBIENT>0.0000000 0.0000000 0.0000000</AMBIENT>
			<SPECULAR>0.9000000 0.9000000 0.9000000</SPECULAR>
			<DIFFUSEMAP>Face.bmp.dds</DIFFUSEMAP>
			<TWOSIDED/>
		</MATERIAL>
		<MATERIAL name="Material #164">
			<DIFFUSE>0.5880000 0.5880000 0.5880000</DIFFUSE>
			<AMBIENT>0.5880000 0.5880000 0.5880000</AMBIENT>
			<SPECULAR>0.9000000 0.9000000 0.9000000</SPECULAR>
			<DIFFUSEMAP>Sword.dds</DIFFUSEMAP>
		</MATERIAL>
		<MATERIAL name="mtrl fire">
			<DIFFUSE>0.5880000 0.5880000 0.5880000</DIFFUSE>
			<AMBIENT>0.5880000 0.5880000 0.5880000</AMBIENT>
			<SPECULAR>0.9000000 0.9000000 0.9000000</SPECULAR>
			<DIFFUSEMAP>txa 30 2000 fire_a00.bmp</DIFFUSEMAP>
			<ADDITIVE/>
			<TWOSIDED/>
		</MATERIAL>
		<MATERIAL name="13 - Default">
			<DIFFUSE>0.5882353 0.5882353 0.5882353</DIFFUSE>
			<AMBIENT>0.5882353 0.5882353 0.5882353</AMBIENT>
			<SPECULAR>0.9000000 0.9000000 0.9000000</SPECULAR>
			<DIFFUSEMAP>wood_old.dds</DIFFUSEMAP>
		</MATERIAL>
		<MATERIAL name="Material #181">
			<DIFFUSE>0.5880000 0.5880000 0.5880000</DIFFUSE>
			<AMBIENT>0.5880000 0.5880000 0.5880000</AMBIENT>
			<SPECULAR>0.9000000 0.9000000 0.9000000</SPECULAR>
			<DIFFUSEMAP></DIFFUSEMAP>
		</MATERIAL>
		<MATERIAL name="03 - Default">
			<DIFFUSE>0.5882353 0.5882353 0.5882353</DIFFUSE>
			<AMBIENT>0.5882353 0.5882353 0.5882353</AMBIENT>
			<SPECULAR>0.9000000 0.9000000 0.9000000</SPECULAR>
			<DIFFUSEMAP>c.dds</DIFFUSEMAP>
		</MATERIAL>
	</MATERIALLIST>
	<LIGHTLIST>
		<LIGHT name="Omni01">
			<POSITION>-133.0324402 -241.4674988 664.2895508</POSITION>
			<COLOR>1.0000000 0.0000000 0.0000000</COLOR>
			<INTENSITY>0.3000000</INTENSITY>
			<ATTENUATIONSTART>851.5419922</ATTENUATIONSTART>
			<ATTENUATIONEND>1120.8837891</ATTENUATIONEND>
			<CASTSHADOW/>
		</LIGHT>
		<LIGHT name="Omni02">
			<POSITION>-141.6620178 435.7006226 664.2895508</POSITION>
			<COLOR>1.0000000 0.0000000 0.0000000</COLOR>
			<INTENSITY>0.3000000</INTENSITY>
			<ATTENUATIONSTART>851.5419922</ATTENUATIONSTART>
			<ATTENUATIONEND>1120.8837891</ATTENUATIONEND>
			<CASTSHADOW/>
		</LIGHT>
		<LIGHT name="Omni03">
			<POSITION>-1153.8190918 435.7006226 664.2895508</POSITION>
			<COLOR>1.0000000 0.0000000 0.0000000</COLOR>
			<INTENSITY>0.3000000</INTENSITY>
			<ATTENUATIONSTART>851.5419922</ATTENUATIONSTART>
			<ATTENUATIONEND>1120.8837891</ATTENUATIONEND>
			<CASTSHADOW/>
		</LIGHT>
		<LIGHT name="Omni04">
			<POSITION>-1145.1894531 -241.4674988 664.2895508</POSITION>
			<COLOR>1.0000000 0.0000000 0.0000000</COLOR>
			<INTENSITY>0.3000000</INTENSITY>
			<ATTENUATIONSTART>851.5419922</ATTENUATIONSTART>
			<ATTENUATIONEND>1120.8837891</ATTENUATIONEND>
			<CASTSHADOW/>
		</LIGHT>
		<LIGHT name="Omni05">
			<POSITION>-630.7374268 77.9494934 664.2895508</POSITION>
			<COLOR>1.0000000 1.0000000 1.0000000</COLOR>
			<INTENSITY>0.3000000</INTENSITY>
			<ATTENUATIONSTART>0.0000000</ATTENUATIONSTART>
			<ATTENUATIONEND>1120.8837891</ATTENUATIONEND>
		</LIGHT>
		<LIGHT name="Omni06">
			<POSITION>-1529.6699219 343.3395386 664.2895508</POSITION>
			<COLOR>1.0000000 0.0000000 0.0000000</COLOR>
			<INTENSITY>0.3000000</INTENSITY>
			<ATTENUATIONSTART>851.5419922</ATTENUATIONSTART>
			<ATTENUATIONEND>1120.8837891</ATTENUATIONEND>
			<CASTSHADOW/>
		</LIGHT>
		<LIGHT name="Omni07">
			<POSITION>-2656.1704102 77.9495010 577.0894775</POSITION>
			<COLOR>1.0000000 1.0000000 1.0000000</COLOR>
			<INTENSITY>0.3000000</INTENSITY>
			<ATTENUATIONSTART>0.0000000</ATTENUATIONSTART>
			<ATTENUATIONEND>1120.8837891</ATTENUATIONEND>
		</LIGHT>
		<LIGHT name="Omni08">
			<POSITION>-2656.1704102 77.9495010 577.0894775</POSITION>
			<COLOR>0.1176471 0.0000000 1.0000000</COLOR>
			<INTENSITY>0.3000000</INTENSITY>
			<ATTENUATIONSTART>591.9255371</ATTENUATIONSTART>
			<ATTENUATIONEND>1620.0065918</ATTENUATIONEND>
			<CASTSHADOW/>
		</LIGHT>
		<LIGHT name="Omni09">
			<POSITION>-5218.9765625 -215.0347748 664.2895508</POSITION>
			<COLOR>1.0000000 0.0000000 0.0000000</COLOR>
			<INTENSITY>0.3000000</INTENSITY>
			<ATTENUATIONSTART>851.5419922</ATTENUATIONSTART>
			<ATTENUATIONEND>1120.8837891</ATTENUATIONEND>
			<CASTSHADOW/>
		</LIGHT>
		<LIGHT name="Omni10">
			<POSITION>-5210.3471680 436.4360657 664.2895508</POSITION>
			<COLOR>1.0000000 0.0000000 0.0000000</COLOR>
			<INTENSITY>0.3000000</INTENSITY>
			<ATTENUATIONSTART>851.5419922</ATTENUATIONSTART>
			<ATTENUATIONEND>1120.8837891</ATTENUATIONEND>
			<CASTSHADOW/>
		</LIGHT>
		<LIGHT name="Omni11">
			<POSITION>-4198.1059570 433.4439697 664.2895508</POSITION>
			<COLOR>1.0000000 0.0000000 0.0000000</COLOR>
			<INTENSITY>0.3000000</INTENSITY>
			<ATTENUATIONSTART>851.5419922</ATTENUATIONSTART>
			<ATTENUATIONEND>1120.8837891</ATTENUATIONEND>
			<CASTSHADOW/>
		</LIGHT>
		<LIGHT name="Omni12">
			<POSITION>-4200.5239258 -215.0347748 664.2895508</POSITION>
			<COLOR>1.0000000 0.0000000 0.0000000</COLOR>
			<INTENSITY>0.3000000</INTENSITY>
			<ATTENUATIONSTART>851.5419922</ATTENUATIONSTART>
			<ATTENUATIONEND>1120.8837891</ATTENUATIONEND>
			<CASTSHADOW/>
		</LIGHT>
		<LIGHT name="Omni13">
			<POSITION>-4729.4218750 104.3822174 664.2895508</POSITION>
			<COLOR>1.0000000 1.0000000 1.0000000</COLOR>
			<INTENSITY>0.3000000</INTENSITY>
			<ATTENUATIONSTART>0.0000000</ATTENUATIONSTART>
			<ATTENUATIONEND>1120.8837891</ATTENUATIONEND>
		</LIGHT>
		<LIGHT name="Omni14">
			<POSITION>-3818.0412598 369.7722778 664.2895508</POSITION>
			<COLOR>1.0000000 0.0000000 0.0000000</COLOR>
			<INTENSITY>0.3000000</INTENSITY>
			<ATTENUATIONSTART>851.5419922</ATTENUATIONSTART>
			<ATTENUATIONEND>1120.8837891</ATTENUATIONEND>
			<CASTSHADOW/>
		</LIGHT>
		<LIGHT name="Omni15">
			<POSITION>-8334.3466797 567.6275635 534.7386475</POSITION>
			<COLOR>1.0000000 0.0000000 0.0000000</COLOR>
			<INTENSITY>0.3000000</INTENSITY>
			<ATTENUATIONSTART>519.4409790</ATTENUATIONSTART>
			<ATTENUATIONEND>1120.8837891</ATTENUATIONEND>
			<CASTSHADOW/>
		</LIGHT>
		<LIGHT name="Omni16">
			<POSITION>-8334.3466797 -325.9672241 534.7386475</POSITION>
			<COLOR>1.0000000 0.0000000 0.0000000</COLOR>
			<INTENSITY>0.3000000</INTENSITY>
			<ATTENUATIONSTART>519.4409790</ATTENUATIONSTART>
			<ATTENUATIONEND>1120.8837891</ATTENUATIONEND>
			<CASTSHADOW/>
		</LIGHT>
		<LIGHT name="Omni17">
			<POSITION>-7436.3940430 -976.2446899 534.7386475</POSITION>
			<COLOR>1.0000000 0.0000000 0.0000000</COLOR>
			<INTENSITY>0.3000000</INTENSITY>
			<ATTENUATIONSTART>607.2947998</ATTENUATIONSTART>
			<ATTENUATIONEND>1571.8217773</ATTENUATIONEND>
			<CASTSHADOW/>
		</LIGHT>
		<LIGHT name="Omni18">
			<POSITION>-7438.2998047 1247.9544678 534.7386475</POSITION>
			<COLOR>1.0000000 0.0000000 0.0000000</COLOR>
			<INTENSITY>0.3000000</INTENSITY>
			<ATTENUATIONSTART>519.4409790</ATTENUATIONSTART>
			<ATTENUATIONEND>1120.8837891</ATTENUATIONEND>
			<CASTSHADOW/>
		</LIGHT>
		<LIGHT name="Omni19">
			<POSITION>-7188.2832031 3310.3625488 534.7386475</POSITION>
			<COLOR>1.0000000 0.0000000 0.0000000</COLOR>
			<INTENSITY>0.3000000</INTENSITY>
			<ATTENUATIONSTART>519.4409790</ATTENUATIONSTART>
			<ATTENUATIONEND>1120.8837891</ATTENUATIONEND>
			<CASTSHADOW/>
		</LIGHT>
		<LIGHT name="Omni20">
			<POSITION>-6177.8237305 3310.3625488 534.7386475</POSITION>
			<COLOR>1.0000000 0.0000000 0.0000000</COLOR>
			<INTENSITY>0.3000000</INTENSITY>
			<ATTENUATIONSTART>519.4409790</ATTENUATIONSTART>
			<ATTENUATIONEND>1120.8837891</ATTENUATIONEND>
			<CASTSHADOW/>
		</LIGHT>
		<LIGHT name="Omni21">
			<POSITION>-6412.0268555 1873.3406982 757.3558960</POSITION>
			<COLOR>1.0000000 0.0000000 0.0000000</COLOR>
			<INTENSITY>0.3000000</INTENSITY>
			<ATTENUATIONSTART>519.4409790</ATTENUATIONSTART>
			<ATTENUATIONEND>1120.8837891</ATTENUATIONEND>
			<CASTSHADOW/>
		</LIGHT>
		<LIGHT name="Omni22">
			<POSITION>-6986.1494141 1873.3406982 757.3558960</POSITION>
			<COLOR>1.0000000 0.0000000 0.0000000</COLOR>
			<INTENSITY>0.3000000</INTENSITY>
			<ATTENUATIONSTART>519.4409790</ATTENUATIONSTART>
			<ATTENUATIONEND>1120.8837891</ATTENUATIONEND>
			<CASTSHADOW/>
		</LIGHT>
		<LIGHT name="Omni23">
			<POSITION>-9091.9951172 426.4586182 757.3558960</POSITION>
			<COLOR>1.0000000 0.0000000 0.0000000</COLOR>
			<INTENSITY>0.3000000</INTENSITY>
			<ATTENUATIONSTART>519.4409790</ATTENUATIONSTART>
			<ATTENUATIONEND>1120.8837891</ATTENUATIONEND>
			<CASTSHADOW/>
		</LIGHT>
		<LIGHT name="Omni24">
			<POSITION>-9091.9951172 -151.1555634 757.3558960</POSITION>
			<COLOR>1.0000000 0.0000000 0.0000000</COLOR>
			<INTENSITY>0.3000000</INTENSITY>
			<ATTENUATIONSTART>519.4409790</ATTENUATIONSTART>
			<ATTENUATIONEND>1120.8837891</ATTENUATIONEND>
			<CASTSHADOW/>
		</LIGHT>
		<LIGHT name="Omni25">
			<POSITION>-8593.3134766 160.0025635 968.8250732</POSITION>
			<COLOR>1.0000000 1.0000000 1.0000000</COLOR>
			<INTENSITY>0.3000000</INTENSITY>
			<ATTENUATIONSTART>0.0000000</ATTENUATIONSTART>
			<ATTENUATIONEND>3458.7143555</ATTENUATIONEND>
		</LIGHT>
		<LIGHT name="Omni26">
			<POSITION>-6672.0917969 2298.4804688 968.8250732</POSITION>
			<COLOR>1.0000000 1.0000000 1.0000000</COLOR>
			<INTENSITY>0.3000000</INTENSITY>
			<ATTENUATIONSTART>0.0000000</ATTENUATIONSTART>
			<ATTENUATIONEND>2287.5659180</ATTENUATIONEND>
		</LIGHT>
		<LIGHT name="Omni27">
			<POSITION>-9019.2177734 1944.7341309 968.8250732</POSITION>
			<COLOR>1.0000000 0.0000000 0.0000000</COLOR>
			<INTENSITY>0.3000000</INTENSITY>
			<ATTENUATIONSTART>0.0000000</ATTENUATIONSTART>
			<ATTENUATIONEND>3458.7143555</ATTENUATIONEND>
		</LIGHT>
		<LIGHT name="Omni28">
			<POSITION>-1949.0885010 -1866.9022217 109.6282959</POSITION>
			<COLOR>1.0000000 0.0000000 0.0000000</COLOR>
			<INTENSITY>0.3000000</INTENSITY>
			<ATTENUATIONSTART>519.4409790</ATTENUATIONSTART>
			<ATTENUATIONEND>1120.8837891</ATTENUATIONEND>
			<CASTSHADOW/>
		</LIGHT>
		<LIGHT name="Omni29">
			<POSITION>-1582.3599854 -2605.3093262 109.6282959</POSITION>
			<COLOR>1.0000000 0.0000000 0.0000000</COLOR>
			<INTENSITY>0.3000000</INTENSITY>
			<ATTENUATIONSTART>519.4409790</ATTENUATIONSTART>
			<ATTENUATIONEND>1120.8837891</ATTENUATIONEND>
			<CASTSHADOW/>
		</LIGHT>
		<LIGHT name="Omni30">
			<POSITION>-1740.5976563 -3348.1152344 109.6282959</POSITION>
			<COLOR>1.0000000 0.0000000 0.0000000</COLOR>
			<INTENSITY>0.3000000</INTENSITY>
			<ATTENUATIONSTART>519.4409790</ATTENUATIONSTART>
			<ATTENUATIONEND>1120.8837891</ATTENUATIONEND>
			<CASTSHADOW/>
		</LIGHT>
		<LIGHT name="Omni31">
			<POSITION>-2280.0332031 -3840.3476563 109.6282959</POSITION>
			<COLOR>1.0000000 0.0000000 0.0000000</COLOR>
			<INTENSITY>0.3000000</INTENSITY>
			<ATTENUATIONSTART>519.4409790</ATTENUATIONSTART>
			<ATTENUATIONEND>1120.8837891</ATTENUATIONEND>
			<CASTSHADOW/>
		</LIGHT>
		<LIGHT name="Omni32">
			<POSITION>-3101.4069824 -3857.0295410 109.6282959</POSITION>
			<COLOR>1.0000000 0.0000000 0.0000000</COLOR>
			<INTENSITY>0.3000000</INTENSITY>
			<ATTENUATIONSTART>519.4409790</ATTENUATIONSTART>
			<ATTENUATIONEND>1120.8837891</ATTENUATIONEND>
			<CASTSHADOW/>
		</LIGHT>
		<LIGHT name="Omni33">
			<POSITION>-3719.2976074 -3409.9509277 109.6282959</POSITION>
			<COLOR>1.0000000 0.0000000 0.0000000</COLOR>
			<INTENSITY>0.3000000</INTENSITY>
			<ATTENUATIONSTART>519.4409790</ATTENUATIONSTART>
			<ATTENUATIONEND>1120.8837891</ATTENUATIONEND>
			<CASTSHADOW/>
		</LIGHT>
		<LIGHT name="Omni34">
			<POSITION>-3831.5175781 -2578.1125488 109.6282959</POSITION>
			<COLOR>1.0000000 0.0000000 0.0000000</COLOR>
			<INTENSITY>0.3000000</INTENSITY>
			<ATTENUATIONSTART>519.4409790</ATTENUATIONSTART>
			<ATTENUATIONEND>1120.8837891</ATTENUATIONEND>
			<CASTSHADOW/>
		</LIGHT>
		<LIGHT name="Omni35">
			<POSITION>-3448.8190918 -1866.0605469 109.6282959</POSITION>
			<COLOR>1.0000000 0.0000000 0.0000000</COLOR>
			<INTENSITY>0.3000000</INTENSITY>
			<ATTENUATIONSTART>519.4409790</ATTENUATIONSTART>
			<ATTENUATIONEND>1120.8837891</ATTENUATIONEND>
			<CASTSHADOW/>
		</LIGHT>
		<LIGHT name="Omni36">
			<POSITION>-2439.2219238 -2276.8054199 109.6282959</POSITION>
			<COLOR>1.0000000 0.0000000 0.0000000</COLOR>
			<INTENSITY>0.3000000</INTENSITY>
			<ATTENUATIONSTART>519.4409790</ATTENUATIONSTART>
			<ATTENUATIONEND>1120.8837891</ATTENUATIONEND>
			<CASTSHADOW/>
		</LIGHT>
		<LIGHT name="Omni39">
			<POSITION>-2375.2702637 968.8363037 664.2895508</POSITION>
			<COLOR>1.0000000 0.0000000 0.0000000</COLOR>
			<INTENSITY>0.3000000</INTENSITY>
			<ATTENUATIONSTART>851.5419922</ATTENUATIONSTART>
			<ATTENUATIONEND>1120.8837891</ATTENUATIONEND>
			<CASTSHADOW/>
		</LIGHT>
		<LIGHT name="Omni40">
			<POSITION>-2298.7707520 1378.3417969 383.5078430</POSITION>
			<COLOR>1.0000000 0.0000000 0.0000000</COLOR>
			<INTENSITY>0.3000000</INTENSITY>
			<ATTENUATIONSTART>851.5419922</ATTENUATIONSTART>
			<ATTENUATIONEND>1120.8837891</ATTENUATIONEND>
			<CASTSHADOW/>
		</LIGHT>
		<LIGHT name="Omni41">
			<POSITION>-2977.3554688 1378.3417969 383.5078430</POSITION>
			<COLOR>1.0000000 0.0000000 0.0000000</COLOR>
			<INTENSITY>0.3000000</INTENSITY>
			<ATTENUATIONSTART>851.5419922</ATTENUATIONSTART>
			<ATTENUATIONEND>1120.8837891</ATTENUATIONEND>
			<CASTSHADOW/>
		</LIGHT>
		<LIGHT name="Omni42">
			<POSITION>-2977.3554688 2403.0725098 383.5078430</POSITION>
			<COLOR>1.0000000 0.0000000 0.0000000</COLOR>
			<INTENSITY>0.3000000</INTENSITY>
			<ATTENUATIONSTART>851.5419922</ATTENUATIONSTART>
			<ATTENUATIONEND>1120.8837891</ATTENUATIONEND>
			<CASTSHADOW/>
		</LIGHT>
		<LIGHT name="Omni43">
			<POSITION>-2297.2580566 2403.0725098 383.5078430</POSITION>
			<COLOR>1.0000000 0.0000000 0.0000000</COLOR>
			<INTENSITY>0.3000000</INTENSITY>
			<ATTENUATIONSTART>851.5419922</ATTENUATIONSTART>
			<ATTENUATIONEND>1120.8837891</ATTENUATIONEND>
			<CASTSHADOW/>
		</LIGHT>
		<LIGHT name="Omni44">
			<POSITION>-2367.2849121 2768.5163574 486.8417358</POSITION>
			<COLOR>1.0000000 0.0000000 0.0000000</COLOR>
			<INTENSITY>0.3000000</INTENSITY>
			<ATTENUATIONSTART>1038.4658203</ATTENUATIONSTART>
			<ATTENUATIONEND>1120.8837891</ATTENUATIONEND>
			<CASTSHADOW/>
		</LIGHT>
		<LIGHT name="Omni45">
			<POSITION>-2041.1015625 3410.3986816 217.1043701</POSITION>
			<COLOR>1.0000000 0.0000000 0.0000000</COLOR>
			<INTENSITY>0.3000000</INTENSITY>
			<ATTENUATIONSTART>851.5419922</ATTENUATIONSTART>
			<ATTENUATIONEND>1120.8837891</ATTENUATIONEND>
			<CASTSHADOW/>
		</LIGHT>
		<LIGHT name="Omni46">
			<POSITION>-3231.8193359 3410.3986816 217.1043701</POSITION>
			<COLOR>1.0000000 0.0000000 0.0000000</COLOR>
			<INTENSITY>0.3000000</INTENSITY>
			<ATTENUATIONSTART>851.5419922</ATTENUATIONSTART>
			<ATTENUATIONEND>1120.8837891</ATTENUATIONEND>
			<CASTSHADOW/>
		</LIGHT>
		<LIGHT name="Omni47">
			<POSITION>-2373.1899414 4111.6557617 326.1166382</POSITION>
			<COLOR>1.0000000 0.0000000 0.0000000</COLOR>
			<INTENSITY>0.3000000</INTENSITY>
			<ATTENUATIONSTART>851.5419922</ATTENUATIONSTART>
			<ATTENUATIONEND>1120.8837891</ATTENUATIONEND>
			<CASTSHADOW/>
		</LIGHT>
		<LIGHT name="Omni48">
			<POSITION>-2183.3649902 5384.7763672 358.8745728</POSITION>
			<COLOR>1.0000000 0.0000000 0.0000000</COLOR>
			<INTENSITY>0.3000000</INTENSITY>
			<ATTENUATIONSTART>0.0000000</ATTENUATIONSTART>
			<ATTENUATIONEND>1120.8840332</ATTENUATIONEND>
		</LIGHT>
		<LIGHT name="Omni49">
			<POSITION>-2192.1796875 6682.4140625 358.8745728</POSITION>
			<COLOR>1.0000000 0.0000000 0.0000000</COLOR>
			<INTENSITY>0.3000000</INTENSITY>
			<ATTENUATIONSTART>0.0000000</ATTENUATIONSTART>
			<ATTENUATIONEND>1120.8840332</ATTENUATIONEND>
		</LIGHT>
		<LIGHT name="Omni50">
			<POSITION>-3116.8454590 6682.4140625 358.8745728</POSITION>
			<COLOR>1.0000000 0.0000000 0.0000000</COLOR>
			<INTENSITY>0.3000000</INTENSITY>
			<ATTENUATIONSTART>0.0000000</ATTENUATIONSTART>
			<ATTENUATIONEND>1120.8840332</ATTENUATIONEND>
			<CASTSHADOW/>
		</LIGHT>
		<LIGHT name="Omni51">
			<POSITION>-3116.8454590 5380.0937500 358.8745728</POSITION>
			<COLOR>1.0000000 0.0000000 0.0000000</COLOR>
			<INTENSITY>0.3000000</INTENSITY>
			<ATTENUATIONSTART>0.0000000</ATTENUATIONSTART>
			<ATTENUATIONEND>1120.8840332</ATTENUATIONEND>
		</LIGHT>
		<LIGHT name="Omni52">
			<POSITION>-4232.4995117 5280.4311523 358.8745728</POSITION>
			<COLOR>1.0000000 0.0000000 0.0000000</COLOR>
			<INTENSITY>0.3000000</INTENSITY>
			<ATTENUATIONSTART>851.5419922</ATTENUATIONSTART>
			<ATTENUATIONEND>1120.8837891</ATTENUATIONEND>
			<CASTSHADOW/>
		</LIGHT>
		<LIGHT name="Omni53">
			<POSITION>-4232.4995117 6663.4672852 358.8745728</POSITION>
			<COLOR>1.0000000 0.0000000 0.0000000</COLOR>
			<INTENSITY>0.3000000</INTENSITY>
			<ATTENUATIONSTART>851.5419922</ATTENUATIONSTART>
			<ATTENUATIONEND>1120.8837891</ATTENUATIONEND>
			<CASTSHADOW/>
		</LIGHT>
		<LIGHT name="Omni54">
			<POSITION>-1035.3486328 6663.4672852 358.8745728</POSITION>
			<COLOR>1.0000000 0.0000000 0.0000000</COLOR>
			<INTENSITY>0.3000000</INTENSITY>
			<ATTENUATIONSTART>851.5419922</ATTENUATIONSTART>
			<ATTENUATIONEND>1120.8837891</ATTENUATIONEND>
			<CASTSHADOW/>
		</LIGHT>
		<LIGHT name="Omni55">
			<POSITION>-1035.3486328 5280.8334961 358.8745728</POSITION>
			<COLOR>1.0000000 0.0000000 0.0000000</COLOR>
			<INTENSITY>0.3000000</INTENSITY>
			<ATTENUATIONSTART>851.5419922</ATTENUATIONSTART>
			<ATTENUATIONEND>1120.8840332</ATTENUATIONEND>
			<CASTSHADOW/>
		</LIGHT>
		<LIGHT name="Omni56">
			<POSITION>-2626.0439453 6023.7919922 352.1348572</POSITION>
			<COLOR>1.0000000 1.0000000 1.0000000</COLOR>
			<INTENSITY>0.3000000</INTENSITY>
			<ATTENUATIONSTART>0.0000000</ATTENUATIONSTART>
			<ATTENUATIONEND>2746.1652832</ATTENUATIONEND>
		</LIGHT>
		<LIGHT name="Omni57">
			<POSITION>-2626.0439453 7204.5795898 352.1348572</POSITION>
			<COLOR>1.0000000 0.0000000 0.0000000</COLOR>
			<INTENSITY>0.3000000</INTENSITY>
			<ATTENUATIONSTART>0.0000000</ATTENUATIONSTART>
			<ATTENUATIONEND>2746.1652832</ATTENUATIONEND>
			<CASTSHADOW/>
		</LIGHT>
		<LIGHT name="Omni58">
			<POSITION>-2626.0439453 4847.2578125 352.1348572</POSITION>
			<COLOR>1.0000000 0.0000000 0.0000000</COLOR>
			<INTENSITY>0.3000000</INTENSITY>
			<ATTENUATIONSTART>0.0000000</ATTENUATIONSTART>
			<ATTENUATIONEND>2746.1652832</ATTENUATIONEND>
			<CASTSHADOW/>
		</LIGHT>
		<LIGHT name="Omni37">
			<POSITION>-2755.8906250 -2824.5612793 873.3374023</POSITION>
			<COLOR>1.0000000 0.0000000 0.0000000</COLOR>
			<INTENSITY>0.2000000</INTENSITY>
			<ATTENUATIONSTART>2172.9953613</ATTENUATIONSTART>
			<ATTENUATIONEND>2172.9953613</ATTENUATIONEND>
		</LIGHT>
		<LIGHT name="Omni38">
			<POSITION>-2755.8906250 -2824.5612793 873.3374023</POSITION>
			<COLOR>1.0000000 1.0000000 1.0000000</COLOR>
			<INTENSITY>0.2000000</INTENSITY>
			<ATTENUATIONSTART>0.0000000</ATTENUATIONSTART>
			<ATTENUATIONEND>2172.9953613</ATTENUATIONEND>
		</LIGHT>
		<LIGHT name="Omni59">
			<POSITION>-2625.6018066 1898.0427246 664.2895508</POSITION>
			<COLOR>1.0000000 1.0000000 1.0000000</COLOR>
			<INTENSITY>0.3000000</INTENSITY>
			<ATTENUATIONSTART>0.0000000</ATTENUATIONSTART>
			<ATTENUATIONEND>1120.8837891</ATTENUATIONEND>
		</LIGHT>
		<LIGHT name="Omni60">
			<POSITION>-2625.6018066 3398.9479980 664.2895508</POSITION>
			<COLOR>1.0000000 1.0000000 1.0000000</COLOR>
			<INTENSITY>0.3000000</INTENSITY>
			<ATTENUATIONSTART>0.0000000</ATTENUATIONSTART>
			<ATTENUATIONEND>1120.8837891</ATTENUATIONEND>
		</LIGHT>
		<LIGHT name="Omni61">
			<POSITION>-6311.7011719 620.4041748 833.1814575</POSITION>
			<COLOR>1.0000000 0.0000000 0.0000000</COLOR>
			<INTENSITY>0.3000000</INTENSITY>
			<ATTENUATIONSTART>519.4409790</ATTENUATIONSTART>
			<ATTENUATIONEND>1120.8837891</ATTENUATIONEND>
			<CASTSHADOW/>
		</LIGHT>
		<LIGHT name="Omni62">
			<POSITION>-6311.4418945 -396.6764526 833.1814575</POSITION>
			<COLOR>1.0000000 0.0000000 0.0000000</COLOR>
			<INTENSITY>0.3000000</INTENSITY>
			<ATTENUATIONSTART>519.4409790</ATTENUATIONSTART>
			<ATTENUATIONEND>1120.8837891</ATTENUATIONEND>
			<CASTSHADOW/>
		</LIGHT>
		<LIGHT name="Omni63">
			<POSITION>-7404.6909180 -397.6767883 833.1814575</POSITION>
			<COLOR>1.0000000 0.0000000 0.0000000</COLOR>
			<INTENSITY>0.3000000</INTENSITY>
			<ATTENUATIONSTART>519.4409790</ATTENUATIONSTART>
			<ATTENUATIONEND>1120.8837891</ATTENUATIONEND>
			<CASTSHADOW/>
		</LIGHT>
		<LIGHT name="Omni64">
			<POSITION>-7419.3330078 618.5980835 833.1814575</POSITION>
			<COLOR>1.0000000 0.0000000 0.0000000</COLOR>
			<INTENSITY>0.3000000</INTENSITY>
			<ATTENUATIONSTART>519.4409790</ATTENUATIONSTART>
			<ATTENUATIONEND>1120.8837891</ATTENUATIONEND>
			<CASTSHADOW/>
		</LIGHT>
		<LIGHT name="Omni65">
			<POSITION>-7142.1254883 -403.8037415 833.1814575</POSITION>
			<COLOR>1.0000000 0.0000000 0.0000000</COLOR>
			<INTENSITY>0.3000000</INTENSITY>
			<ATTENUATIONSTART>519.4406128</ATTENUATIONSTART>
			<ATTENUATIONEND>1120.8837891</ATTENUATIONEND>
			<CASTSHADOW/>
		</LIGHT>
		<LIGHT name="Omni66">
			<POSITION>-7100.2001953 617.3060913 833.1814575</POSITION>
			<COLOR>1.0000000 0.0000000 0.0000000</COLOR>
			<INTENSITY>0.3000000</INTENSITY>
			<ATTENUATIONSTART>519.4409790</ATTENUATIONSTART>
			<ATTENUATIONEND>1120.8837891</ATTENUATIONEND>
			<CASTSHADOW/>
		</LIGHT>
	</LIGHTLIST>
	<OBJECTLIST>
		<OBJECT name="Lost_Dungeon_obj_Aura.elu">
		</OBJECT>
		<OBJECT name="Lost_Dungeon_obj_water_a.elu">
		</OBJECT>
		<OBJECT name="Lost_Dungeon_obj_txa_fire_a 01.elu">
		</OBJECT>
		<OBJECT name="Lost_Dungeon_obj_txa_fire_a 02.elu">
		</OBJECT>
		<OBJECT name="Lost_Dungeon_obj_txa_fire_a 04.elu">
		</OBJECT>
		<OBJECT name="Lost_Dungeon_obj_txa_fire_a 06.elu">
		</OBJECT>
		<OBJECT name="Lost_Dungeon_obj_txa_fire_a 05.elu">
		</OBJECT>
		<OBJECT name="Lost_Dungeon_obj_txa_fire_a 07.elu">
		</OBJECT>
		<OBJECT name="Lost_Dungeon_obj_txa_fire_a 08.elu">
		</OBJECT>
	</OBJECTLIST>
	<DUMMYLIST>
		<DUMMY name="spawn_solo_101">
			<POSITION>-759.4736938 86.8206787 296.5312195</POSITION>
			<DIRECTION>0.0000000 0.9999999 -0.0001373</DIRECTION>
		</DUMMY>
		<DUMMY name="spawn_solo_102">
			<POSITION>-4693.2973633 86.8206787 293.4606323</POSITION>
			<DIRECTION>0.0000000 0.9999999 -0.0001373</DIRECTION>
		</DUMMY>
		<DUMMY name="spawn_solo_103">
			<POSITION>-2656.4599609 6165.5737305 -270.7178345</POSITION>
			<DIRECTION>0.0000000 0.9999999 -0.0001373</DIRECTION>
		</DUMMY>
		<DUMMY name="spawn_solo_104">
			<POSITION>-2889.1093750 -1839.2125244 -17.3618088</POSITION>
			<DIRECTION>0.0000000 0.9999999 -0.0001373</DIRECTION>
		</DUMMY>
		<DUMMY name="obj_Aura">
			<POSITION>5.7079124 145516328968718550000000000.0000000 -3.8741317</POSITION>
			<DIRECTION>0.0000000 -3.5498698 -36893488147419103000.0000000</DIRECTION>
		</DUMMY>
		<DUMMY name="obj_water_a">
			<POSITION>-1.0769228 0.0000000 0.0000000</POSITION>
			<DIRECTION>-5194156824433537300000.0000000 -1.8650898 -0.0000000</DIRECTION>
		</DUMMY>
		<DUMMY name="obj_txa_fire_a 01">
			<POSITION>5.7112303 0.0000000 -3.7895896</POSITION>
			<DIRECTION>3.2149773 -0.0000000 0.0000000</DIRECTION>
		</DUMMY>
		<DUMMY name="obj_txa_fire_a 02">
			<POSITION>1.8749999 79133094707200.0000000 3.8741317</POSITION>
			<DIRECTION>0.0019435 -3.7759652 -2.0000000</DIRECTION>
		</DUMMY>
		<DUMMY name="obj_txa_fire_a 04">
			<POSITION>-1.7516814 0.0000000 8870724.0000000</POSITION>
			<DIRECTION>0.0000000 0.0000000 0.0000000</DIRECTION>
		</DUMMY>
		<DUMMY name="obj_txa_fire_a 06">
			<POSITION>5.6867452 0.0000000 -3.8764622</POSITION>
			<DIRECTION>-0.0004422 -3.5435748 -0.0000000</DIRECTION>
		</DUMMY>
		<DUMMY name="obj_txa_fire_a 05">
			<POSITION>1.5920593 -0.0000000 1.8690395</POSITION>
			<DIRECTION>-114666488.0000000 -4.6944003 0.0000000</DIRECTION>
		</DUMMY>
		<DUMMY name="obj_txa_fire_a 07">
			<POSITION>5.7112303 0.0000000 -3.7895896</POSITION>
			<DIRECTION>3.2149727 -0.0000000 0.0000000</DIRECTION>
		</DUMMY>
		<DUMMY name="obj_txa_fire_a 08">
			<POSITION>1.8128816 0.0000000 1.7899257</POSITION>
			<DIRECTION>0.0000000 -3.8183150 0.0000000</DIRECTION>
		</DUMMY>
	</DUMMYLIST>
	<OCCLUSIONLIST>
	</OCCLUSIONLIST>
	<AMBIENTSOUNDLIST>
	</AMBIENTSOUNDLIST>
</XML>
