<?xml version="1.0" encoding="UTF-8"?>
<XML>
	<MATERIALLIST>
		<MATERIAL name="TheOffice_ho_metal_puterback">
			<DIFFUSE>1.00000000 1.00000000 1.00000000</DIFFUSE>
			<AMBIENT>1.00000000 1.00000000 1.00000000</AMBIENT>
			<SPECULAR>1.00000000 1.00000000 1.00000000</SPECULAR>
			<DIFFUSEMAP>TheOffice_ho/metal_puterback.tga</DIFFUSEMAP>
		</MATERIAL>
		<MATERIAL name="TheOffice_ho_mousetrap">
			<DIFFUSE>1.00000000 1.00000000 1.00000000</DIFFUSE>
			<AMBIENT>1.00000000 1.00000000 1.00000000</AMBIENT>
			<SPECULAR>1.00000000 1.00000000 1.00000000</SPECULAR>
			<DIFFUSEMAP>TheOffice_ho/mousetrap.tga</DIFFUSEMAP>
		</MATERIAL>
		<MATERIAL name="TheOffice_ho_fabric_hatchpttrn">
			<DIFFUSE>1.00000000 1.00000000 1.00000000</DIFFUSE>
			<AMBIENT>1.00000000 1.00000000 1.00000000</AMBIENT>
			<SPECULAR>1.00000000 1.00000000 1.00000000</SPECULAR>
			<DIFFUSEMAP>TheOffice_ho/fabric_hatchpttrn.tga</DIFFUSEMAP>
		</MATERIAL>
		<MATERIAL name="TheOffice_ho_ho_ceiling1_128">
			<DIFFUSE>1.00000000 1.00000000 1.00000000</DIFFUSE>
			<AMBIENT>1.00000000 1.00000000 1.00000000</AMBIENT>
			<SPECULAR>1.00000000 1.00000000 1.00000000</SPECULAR>
			<DIFFUSEMAP>TheOffice_ho/ho_ceiling1_128.tga</DIFFUSEMAP>
		</MATERIAL>
		<MATERIAL name="TheOffice_ho_plstc_black_flat">
			<DIFFUSE>1.00000000 1.00000000 1.00000000</DIFFUSE>
			<AMBIENT>1.00000000 1.00000000 1.00000000</AMBIENT>
			<SPECULAR>1.00000000 1.00000000 1.00000000</SPECULAR>
			<DIFFUSEMAP>TheOffice_ho/plstc_black_flat.tga</DIFFUSEMAP>
		</MATERIAL>
		<MATERIAL name="TheOffice_ho_plastic_medbeige">
			<DIFFUSE>1.00000000 1.00000000 1.00000000</DIFFUSE>
			<AMBIENT>1.00000000 1.00000000 1.00000000</AMBIENT>
			<SPECULAR>1.00000000 1.00000000 1.00000000</SPECULAR>
			<DIFFUSEMAP>TheOffice_ho/plastic_medbeige.tga</DIFFUSEMAP>
		</MATERIAL>
		<MATERIAL name="TheOffice_ho_plastic_lightbeige">
			<DIFFUSE>1.00000000 1.00000000 1.00000000</DIFFUSE>
			<AMBIENT>1.00000000 1.00000000 1.00000000</AMBIENT>
			<SPECULAR>1.00000000 1.00000000 1.00000000</SPECULAR>
			<DIFFUSEMAP>TheOffice_ho/plastic_lightbeige.tga</DIFFUSEMAP>
		</MATERIAL>
		<MATERIAL name="TheOffice_ho_plstc_drkbeige_bmpy">
			<DIFFUSE>1.00000000 1.00000000 1.00000000</DIFFUSE>
			<AMBIENT>1.00000000 1.00000000 1.00000000</AMBIENT>
			<SPECULAR>1.00000000 1.00000000 1.00000000</SPECULAR>
			<DIFFUSEMAP>TheOffice_ho/plstc_drkbeige_bmpy.tga</DIFFUSEMAP>
		</MATERIAL>
		<MATERIAL name="TheOffice_ho_puter_pwr_sticker">
			<DIFFUSE>1.00000000 1.00000000 1.00000000</DIFFUSE>
			<AMBIENT>1.00000000 1.00000000 1.00000000</AMBIENT>
			<SPECULAR>1.00000000 1.00000000 1.00000000</SPECULAR>
			<DIFFUSEMAP>TheOffice_ho/puter_pwr_sticker.tga</DIFFUSEMAP>
		</MATERIAL>
		<MATERIAL name="TheOffice_ho_puter_case_bottom">
			<DIFFUSE>1.00000000 1.00000000 1.00000000</DIFFUSE>
			<AMBIENT>1.00000000 1.00000000 1.00000000</AMBIENT>
			<SPECULAR>1.00000000 1.00000000 1.00000000</SPECULAR>
			<DIFFUSEMAP>TheOffice_ho/puter_case_bottom.tga</DIFFUSEMAP>
		</MATERIAL>
		<MATERIAL name="TheOffice_ho_puter_motherboard">
			<DIFFUSE>1.00000000 1.00000000 1.00000000</DIFFUSE>
			<AMBIENT>1.00000000 1.00000000 1.00000000</AMBIENT>
			<SPECULAR>1.00000000 1.00000000 1.00000000</SPECULAR>
			<DIFFUSEMAP>TheOffice_ho/puter_motherboard.tga</DIFFUSEMAP>
		</MATERIAL>
		<MATERIAL name="TheOffice_ho_puter_case_back">
			<DIFFUSE>1.00000000 1.00000000 1.00000000</DIFFUSE>
			<AMBIENT>1.00000000 1.00000000 1.00000000</AMBIENT>
			<SPECULAR>1.00000000 1.00000000 1.00000000</SPECULAR>
			<DIFFUSEMAP>TheOffice_ho/puter_case_back.tga</DIFFUSEMAP>
		</MATERIAL>
		<MATERIAL name="TheOffice_ho_fabric_lt_beige">
			<DIFFUSE>1.00000000 1.00000000 1.00000000</DIFFUSE>
			<AMBIENT>1.00000000 1.00000000 1.00000000</AMBIENT>
			<SPECULAR>1.00000000 1.00000000 1.00000000</SPECULAR>
			<DIFFUSEMAP>TheOffice_ho/fabric_lt_beige.tga</DIFFUSEMAP>
		</MATERIAL>
		<MATERIAL name="TheOffice_ho_ho_bookshelf2">
			<DIFFUSE>1.00000000 1.00000000 1.00000000</DIFFUSE>
			<AMBIENT>1.00000000 1.00000000 1.00000000</AMBIENT>
			<SPECULAR>1.00000000 1.00000000 1.00000000</SPECULAR>
			<DIFFUSEMAP>TheOffice_ho/ho_bookshelf2.tga</DIFFUSEMAP>
		</MATERIAL>
		<MATERIAL name="TheOffice_ho_ho_desk_top1">
			<DIFFUSE>1.00000000 1.00000000 1.00000000</DIFFUSE>
			<AMBIENT>1.00000000 1.00000000 1.00000000</AMBIENT>
			<SPECULAR>1.00000000 1.00000000 1.00000000</SPECULAR>
			<DIFFUSEMAP>TheOffice_ho/ho_desk_top1.tga</DIFFUSEMAP>
		</MATERIAL>
		<MATERIAL name="TheOffice_ho_ho_tableleg_base">
			<DIFFUSE>1.00000000 1.00000000 1.00000000</DIFFUSE>
			<AMBIENT>1.00000000 1.00000000 1.00000000</AMBIENT>
			<SPECULAR>1.00000000 1.00000000 1.00000000</SPECULAR>
			<DIFFUSEMAP>TheOffice_ho/ho_tableleg_base.tga</DIFFUSEMAP>
		</MATERIAL>
		<MATERIAL name="TheOffice_ho_bookshelf3">
			<DIFFUSE>1.00000000 1.00000000 1.00000000</DIFFUSE>
			<AMBIENT>1.00000000 1.00000000 1.00000000</AMBIENT>
			<SPECULAR>1.00000000 1.00000000 1.00000000</SPECULAR>
			<DIFFUSEMAP>TheOffice_ho/bookshelf3.tga</DIFFUSEMAP>
		</MATERIAL>
		<MATERIAL name="TheOffice_ho_fabric_lt_grey">
			<DIFFUSE>1.00000000 1.00000000 1.00000000</DIFFUSE>
			<AMBIENT>1.00000000 1.00000000 1.00000000</AMBIENT>
			<SPECULAR>1.00000000 1.00000000 1.00000000</SPECULAR>
			<DIFFUSEMAP>TheOffice_ho/fabric_lt_grey.tga</DIFFUSEMAP>
		</MATERIAL>
		<MATERIAL name="TheOffice_ho_ho_black_bumpy1">
			<DIFFUSE>1.00000000 1.00000000 1.00000000</DIFFUSE>
			<AMBIENT>1.00000000 1.00000000 1.00000000</AMBIENT>
			<SPECULAR>1.00000000 1.00000000 1.00000000</SPECULAR>
			<DIFFUSEMAP>TheOffice_ho/ho_black_bumpy1.tga</DIFFUSEMAP>
		</MATERIAL>
		<MATERIAL name="TheOffice_ho_ho_carpet_xxx">
			<DIFFUSE>1.00000000 1.00000000 1.00000000</DIFFUSE>
			<AMBIENT>1.00000000 1.00000000 1.00000000</AMBIENT>
			<SPECULAR>1.00000000 1.00000000 1.00000000</SPECULAR>
			<DIFFUSEMAP>TheOffice_ho/ho_carpet_xxx.tga</DIFFUSEMAP>
		</MATERIAL>
		<MATERIAL name="TheOffice_ho_ho_desktop_yyyy">
			<DIFFUSE>1.00000000 1.00000000 1.00000000</DIFFUSE>
			<AMBIENT>1.00000000 1.00000000 1.00000000</AMBIENT>
			<SPECULAR>1.00000000 1.00000000 1.00000000</SPECULAR>
			<DIFFUSEMAP>TheOffice_ho/ho_desktop_yyyy.tga</DIFFUSEMAP>
		</MATERIAL>
		<MATERIAL name="TheOffice_ho_ho_deskxxx">
			<DIFFUSE>1.00000000 1.00000000 1.00000000</DIFFUSE>
			<AMBIENT>1.00000000 1.00000000 1.00000000</AMBIENT>
			<SPECULAR>1.00000000 1.00000000 1.00000000</SPECULAR>
			<DIFFUSEMAP>TheOffice_ho/ho_deskxxx.tga</DIFFUSEMAP>
		</MATERIAL>
		<MATERIAL name="TheOffice_ho_ho_wall_128">
			<DIFFUSE>1.00000000 1.00000000 1.00000000</DIFFUSE>
			<AMBIENT>1.00000000 1.00000000 1.00000000</AMBIENT>
			<SPECULAR>1.00000000 1.00000000 1.00000000</SPECULAR>
			<DIFFUSEMAP>TheOffice_ho/ho_wall_128.tga</DIFFUSEMAP>
		</MATERIAL>
		<MATERIAL name="TheOffice_ho_ho_dirt1">
			<DIFFUSE>1.00000000 1.00000000 1.00000000</DIFFUSE>
			<AMBIENT>1.00000000 1.00000000 1.00000000</AMBIENT>
			<SPECULAR>1.00000000 1.00000000 1.00000000</SPECULAR>
			<DIFFUSEMAP>TheOffice_ho/ho_dirt1.tga</DIFFUSEMAP>
		</MATERIAL>
		<MATERIAL name="TheOffice_ho_bookshelf1">
			<DIFFUSE>1.00000000 1.00000000 1.00000000</DIFFUSE>
			<AMBIENT>1.00000000 1.00000000 1.00000000</AMBIENT>
			<SPECULAR>1.00000000 1.00000000 1.00000000</SPECULAR>
			<DIFFUSEMAP>TheOffice_ho/bookshelf1.tga</DIFFUSEMAP>
		</MATERIAL>
		<MATERIAL name="TheOffice_ho_bookshelf2">
			<DIFFUSE>1.00000000 1.00000000 1.00000000</DIFFUSE>
			<AMBIENT>1.00000000 1.00000000 1.00000000</AMBIENT>
			<SPECULAR>1.00000000 1.00000000 1.00000000</SPECULAR>
			<DIFFUSEMAP>TheOffice_ho/bookshelf2.tga</DIFFUSEMAP>
		</MATERIAL>
		<MATERIAL name="TheOffice_ho_ho_baseboardxxx">
			<DIFFUSE>1.00000000 1.00000000 1.00000000</DIFFUSE>
			<AMBIENT>1.00000000 1.00000000 1.00000000</AMBIENT>
			<SPECULAR>1.00000000 1.00000000 1.00000000</SPECULAR>
			<DIFFUSEMAP>TheOffice_ho/ho_baseboardxxx.tga</DIFFUSEMAP>
		</MATERIAL>
		<MATERIAL name="TheOffice_ho_plstc_beige_bmpy">
			<DIFFUSE>1.00000000 1.00000000 1.00000000</DIFFUSE>
			<AMBIENT>1.00000000 1.00000000 1.00000000</AMBIENT>
			<SPECULAR>1.00000000 1.00000000 1.00000000</SPECULAR>
			<DIFFUSEMAP>TheOffice_ho/plstc_beige_bmpy.tga</DIFFUSEMAP>
		</MATERIAL>
		<MATERIAL name="TheOffice_ho_plstc_medbeige_bmpy">
			<DIFFUSE>1.00000000 1.00000000 1.00000000</DIFFUSE>
			<AMBIENT>1.00000000 1.00000000 1.00000000</AMBIENT>
			<SPECULAR>1.00000000 1.00000000 1.00000000</SPECULAR>
			<DIFFUSEMAP>TheOffice_ho/plstc_medbeige_bmpy.tga</DIFFUSEMAP>
		</MATERIAL>
		<MATERIAL name="TheOffice_ho_print_airspace">
			<DIFFUSE>1.00000000 1.00000000 1.00000000</DIFFUSE>
			<AMBIENT>1.00000000 1.00000000 1.00000000</AMBIENT>
			<SPECULAR>1.00000000 1.00000000 1.00000000</SPECULAR>
			<DIFFUSEMAP>TheOffice_ho/print_airspace.tga</DIFFUSEMAP>
		</MATERIAL>
		<MATERIAL name="TheOffice_ho_ho_wood_dark">
			<DIFFUSE>1.00000000 1.00000000 1.00000000</DIFFUSE>
			<AMBIENT>1.00000000 1.00000000 1.00000000</AMBIENT>
			<SPECULAR>1.00000000 1.00000000 1.00000000</SPECULAR>
			<DIFFUSEMAP>TheOffice_ho/ho_wood_dark.tga</DIFFUSEMAP>
		</MATERIAL>
		<MATERIAL name="Q]uake3_ssub_s_foxlady">
			<DIFFUSE>1.00000000 1.00000000 1.00000000</DIFFUSE>
			<AMBIENT>1.00000000 1.00000000 1.00000000</AMBIENT>
			<SPECULAR>1.00000000 1.00000000 1.00000000</SPECULAR>
			<DIFFUSEMAP>Q]uake3_ssub/s_foxlady.jpg</DIFFUSEMAP>
		</MATERIAL>
		<MATERIAL name="TheOffice_ho_desktop_nick">
			<DIFFUSE>1.00000000 1.00000000 1.00000000</DIFFUSE>
			<AMBIENT>1.00000000 1.00000000 1.00000000</AMBIENT>
			<SPECULAR>1.00000000 1.00000000 1.00000000</SPECULAR>
			<DIFFUSEMAP>TheOffice_ho/desktop_nick.jpg</DIFFUSEMAP>
		</MATERIAL>
		<MATERIAL name="TheOffice_ho_metal_brshd_alm">
			<DIFFUSE>1.00000000 1.00000000 1.00000000</DIFFUSE>
			<AMBIENT>1.00000000 1.00000000 1.00000000</AMBIENT>
			<SPECULAR>1.00000000 1.00000000 1.00000000</SPECULAR>
			<DIFFUSEMAP>TheOffice_ho/metal_brshd_alm.tga</DIFFUSEMAP>
		</MATERIAL>
		<MATERIAL name="TheOffice_ho_print_compspines">
			<DIFFUSE>1.00000000 1.00000000 1.00000000</DIFFUSE>
			<AMBIENT>1.00000000 1.00000000 1.00000000</AMBIENT>
			<SPECULAR>1.00000000 1.00000000 1.00000000</SPECULAR>
			<DIFFUSEMAP>TheOffice_ho/print_compspines.tga</DIFFUSEMAP>
		</MATERIAL>
		<MATERIAL name="TheOffice_ho_print_cd_maxell">
			<DIFFUSE>1.00000000 1.00000000 1.00000000</DIFFUSE>
			<AMBIENT>1.00000000 1.00000000 1.00000000</AMBIENT>
			<SPECULAR>1.00000000 1.00000000 1.00000000</SPECULAR>
			<DIFFUSEMAP>TheOffice_ho/print_cd_maxell.tga</DIFFUSEMAP>
		</MATERIAL>
		<MATERIAL name="TheOffice_ho_print_java_fr">
			<DIFFUSE>1.00000000 1.00000000 1.00000000</DIFFUSE>
			<AMBIENT>1.00000000 1.00000000 1.00000000</AMBIENT>
			<SPECULAR>1.00000000 1.00000000 1.00000000</SPECULAR>
			<DIFFUSEMAP>TheOffice_ho/print_java_fr.tga</DIFFUSEMAP>
		</MATERIAL>
		<MATERIAL name="TheOffice_ho_plstc_beige_flat">
			<DIFFUSE>1.00000000 1.00000000 1.00000000</DIFFUSE>
			<AMBIENT>1.00000000 1.00000000 1.00000000</AMBIENT>
			<SPECULAR>1.00000000 1.00000000 1.00000000</SPECULAR>
			<DIFFUSEMAP>TheOffice_ho/plstc_beige_flat.tga</DIFFUSEMAP>
		</MATERIAL>
		<MATERIAL name="TheOffice_ho_plstc_eoutlet">
			<DIFFUSE>1.00000000 1.00000000 1.00000000</DIFFUSE>
			<AMBIENT>1.00000000 1.00000000 1.00000000</AMBIENT>
			<SPECULAR>1.00000000 1.00000000 1.00000000</SPECULAR>
			<DIFFUSEMAP>TheOffice_ho/plstc_eoutlet.tga</DIFFUSEMAP>
		</MATERIAL>
		<MATERIAL name="TheOffice_ho_ho_galvanized">
			<DIFFUSE>1.00000000 1.00000000 1.00000000</DIFFUSE>
			<AMBIENT>1.00000000 1.00000000 1.00000000</AMBIENT>
			<SPECULAR>1.00000000 1.00000000 1.00000000</SPECULAR>
			<DIFFUSEMAP>TheOffice_ho/ho_galvanized.tga</DIFFUSEMAP>
		</MATERIAL>
		<MATERIAL name="nh_nh_restl_wall_in_white">
			<DIFFUSE>1.00000000 1.00000000 1.00000000</DIFFUSE>
			<AMBIENT>1.00000000 1.00000000 1.00000000</AMBIENT>
			<SPECULAR>1.00000000 1.00000000 1.00000000</SPECULAR>
			<DIFFUSEMAP>null</DIFFUSEMAP>
		</MATERIAL>
		<MATERIAL name="ho_print_nighthawks">
			<DIFFUSE>1.00000000 1.00000000 1.00000000</DIFFUSE>
			<AMBIENT>1.00000000 1.00000000 1.00000000</AMBIENT>
			<SPECULAR>1.00000000 1.00000000 1.00000000</SPECULAR>
			<DIFFUSEMAP>null</DIFFUSEMAP>
		</MATERIAL>
		<MATERIAL name="TheOffice_ho_print_redhat_fr">
			<DIFFUSE>1.00000000 1.00000000 1.00000000</DIFFUSE>
			<AMBIENT>1.00000000 1.00000000 1.00000000</AMBIENT>
			<SPECULAR>1.00000000 1.00000000 1.00000000</SPECULAR>
			<DIFFUSEMAP>TheOffice_ho/print_redhat_fr.tga</DIFFUSEMAP>
		</MATERIAL>
		<MATERIAL name="TheOffice_ho_print_staples_top">
			<DIFFUSE>1.00000000 1.00000000 1.00000000</DIFFUSE>
			<AMBIENT>1.00000000 1.00000000 1.00000000</AMBIENT>
			<SPECULAR>1.00000000 1.00000000 1.00000000</SPECULAR>
			<DIFFUSEMAP>TheOffice_ho/print_staples_top.tga</DIFFUSEMAP>
		</MATERIAL>
		<MATERIAL name="TheOffice_ho_paper_box_white2">
			<DIFFUSE>1.00000000 1.00000000 1.00000000</DIFFUSE>
			<AMBIENT>1.00000000 1.00000000 1.00000000</AMBIENT>
			<SPECULAR>1.00000000 1.00000000 1.00000000</SPECULAR>
			<DIFFUSEMAP>TheOffice_ho/paper_box_white2.tga</DIFFUSEMAP>
		</MATERIAL>
		<MATERIAL name="TheOffice_ho_print_box_dmw1">
			<DIFFUSE>1.00000000 1.00000000 1.00000000</DIFFUSE>
			<AMBIENT>1.00000000 1.00000000 1.00000000</AMBIENT>
			<SPECULAR>1.00000000 1.00000000 1.00000000</SPECULAR>
			<DIFFUSEMAP>TheOffice_ho/print_box_dmw1.tga</DIFFUSEMAP>
		</MATERIAL>
		<MATERIAL name="TheOffice_ho_puterback1">
			<DIFFUSE>1.00000000 1.00000000 1.00000000</DIFFUSE>
			<AMBIENT>1.00000000 1.00000000 1.00000000</AMBIENT>
			<SPECULAR>1.00000000 1.00000000 1.00000000</SPECULAR>
			<DIFFUSEMAP>TheOffice_ho/puterback1.tga</DIFFUSEMAP>
		</MATERIAL>
		<MATERIAL name="TheOffice_ho_pwrsupply">
			<DIFFUSE>1.00000000 1.00000000 1.00000000</DIFFUSE>
			<AMBIENT>1.00000000 1.00000000 1.00000000</AMBIENT>
			<SPECULAR>1.00000000 1.00000000 1.00000000</SPECULAR>
			<DIFFUSEMAP>TheOffice_ho/pwrsupply.tga</DIFFUSEMAP>
		</MATERIAL>
		<MATERIAL name="TheOffice_ho_puter_jaz">
			<DIFFUSE>1.00000000 1.00000000 1.00000000</DIFFUSE>
			<AMBIENT>1.00000000 1.00000000 1.00000000</AMBIENT>
			<SPECULAR>1.00000000 1.00000000 1.00000000</SPECULAR>
			<DIFFUSEMAP>TheOffice_ho/puter_jaz.tga</DIFFUSEMAP>
		</MATERIAL>
		<MATERIAL name="TheOffice_ho_puter_pentium">
			<DIFFUSE>1.00000000 1.00000000 1.00000000</DIFFUSE>
			<AMBIENT>1.00000000 1.00000000 1.00000000</AMBIENT>
			<SPECULAR>1.00000000 1.00000000 1.00000000</SPECULAR>
			<DIFFUSEMAP>TheOffice_ho/puter_pentium.tga</DIFFUSEMAP>
		</MATERIAL>
		<MATERIAL name="TheOffice_ho_puter_cdrom">
			<DIFFUSE>1.00000000 1.00000000 1.00000000</DIFFUSE>
			<AMBIENT>1.00000000 1.00000000 1.00000000</AMBIENT>
			<SPECULAR>1.00000000 1.00000000 1.00000000</SPECULAR>
			<DIFFUSEMAP>TheOffice_ho/puter_cdrom.tga</DIFFUSEMAP>
		</MATERIAL>
		<MATERIAL name="TheOffice_ho_print_multcd">
			<DIFFUSE>1.00000000 1.00000000 1.00000000</DIFFUSE>
			<AMBIENT>1.00000000 1.00000000 1.00000000</AMBIENT>
			<SPECULAR>1.00000000 1.00000000 1.00000000</SPECULAR>
			<DIFFUSEMAP>TheOffice_ho/print_multcd.tga</DIFFUSEMAP>
		</MATERIAL>
		<MATERIAL name="TheOffice_ho_paper_box_brown1">
			<DIFFUSE>1.00000000 1.00000000 1.00000000</DIFFUSE>
			<AMBIENT>1.00000000 1.00000000 1.00000000</AMBIENT>
			<SPECULAR>1.00000000 1.00000000 1.00000000</SPECULAR>
			<DIFFUSEMAP>TheOffice_ho/paper_box_brown1.tga</DIFFUSEMAP>
		</MATERIAL>
		<MATERIAL name="TheOffice_ho_print_netscape_side">
			<DIFFUSE>1.00000000 1.00000000 1.00000000</DIFFUSE>
			<AMBIENT>1.00000000 1.00000000 1.00000000</AMBIENT>
			<SPECULAR>1.00000000 1.00000000 1.00000000</SPECULAR>
			<DIFFUSEMAP>TheOffice_ho/print_netscape_side.tga</DIFFUSEMAP>
		</MATERIAL>
		<MATERIAL name="TheOffice_ho_print_compspine2">
			<DIFFUSE>1.00000000 1.00000000 1.00000000</DIFFUSE>
			<AMBIENT>1.00000000 1.00000000 1.00000000</AMBIENT>
			<SPECULAR>1.00000000 1.00000000 1.00000000</SPECULAR>
			<DIFFUSEMAP>TheOffice_ho/print_compspine2.tga</DIFFUSEMAP>
		</MATERIAL>
		<MATERIAL name="TheOffice_ho_ho_bookshelf1">
			<DIFFUSE>1.00000000 1.00000000 1.00000000</DIFFUSE>
			<AMBIENT>1.00000000 1.00000000 1.00000000</AMBIENT>
			<SPECULAR>1.00000000 1.00000000 1.00000000</SPECULAR>
			<DIFFUSEMAP>TheOffice_ho/ho_bookshelf1.tga</DIFFUSEMAP>
		</MATERIAL>
		<MATERIAL name="TheOffice_ho_print_dmw_side">
			<DIFFUSE>1.00000000 1.00000000 1.00000000</DIFFUSE>
			<AMBIENT>1.00000000 1.00000000 1.00000000</AMBIENT>
			<SPECULAR>1.00000000 1.00000000 1.00000000</SPECULAR>
			<DIFFUSEMAP>TheOffice_ho/print_dmw_side.tga</DIFFUSEMAP>
		</MATERIAL>
		<MATERIAL name="TheOffice_ho_print_miscspines">
			<DIFFUSE>1.00000000 1.00000000 1.00000000</DIFFUSE>
			<AMBIENT>1.00000000 1.00000000 1.00000000</AMBIENT>
			<SPECULAR>1.00000000 1.00000000 1.00000000</SPECULAR>
			<DIFFUSEMAP>TheOffice_ho/print_miscspines.tga</DIFFUSEMAP>
		</MATERIAL>
		<MATERIAL name="TheOffice_ho_print_pb1">
			<DIFFUSE>1.00000000 1.00000000 1.00000000</DIFFUSE>
			<AMBIENT>1.00000000 1.00000000 1.00000000</AMBIENT>
			<SPECULAR>1.00000000 1.00000000 1.00000000</SPECULAR>
			<DIFFUSEMAP>TheOffice_ho/print_pb1.tga</DIFFUSEMAP>
		</MATERIAL>
		<MATERIAL name="common_redshader">
			<DIFFUSE>1.00000000 1.00000000 1.00000000</DIFFUSE>
			<AMBIENT>1.00000000 1.00000000 1.00000000</AMBIENT>
			<SPECULAR>1.00000000 1.00000000 1.00000000</SPECULAR>
			<DIFFUSEMAP>common/redshader.tga</DIFFUSEMAP>
			<ADDITIVE/>
		</MATERIAL>
		<MATERIAL name="TheOffice_ho_sky1">
			<DIFFUSE>1.00000000 1.00000000 1.00000000</DIFFUSE>
			<AMBIENT>1.00000000 1.00000000 1.00000000</AMBIENT>
			<SPECULAR>1.00000000 1.00000000 1.00000000</SPECULAR>
			<DIFFUSEMAP>TheOffice_ho/sky1.tga</DIFFUSEMAP>
		</MATERIAL>
		<MATERIAL name="TheOffice_ho_print_crackers_sidetga">
			<DIFFUSE>1.00000000 1.00000000 1.00000000</DIFFUSE>
			<AMBIENT>1.00000000 1.00000000 1.00000000</AMBIENT>
			<SPECULAR>1.00000000 1.00000000 1.00000000</SPECULAR>
			<DIFFUSEMAP>TheOffice_ho/print_crackers_sidetga.tga</DIFFUSEMAP>
		</MATERIAL>
		<MATERIAL name="TheOffice_ho_print_crackers_top">
			<DIFFUSE>1.00000000 1.00000000 1.00000000</DIFFUSE>
			<AMBIENT>1.00000000 1.00000000 1.00000000</AMBIENT>
			<SPECULAR>1.00000000 1.00000000 1.00000000</SPECULAR>
			<DIFFUSEMAP>TheOffice_ho/print_crackers_top.tga</DIFFUSEMAP>
		</MATERIAL>
		<MATERIAL name="TheOffice_ho_paper_box_white1">
			<DIFFUSE>1.00000000 1.00000000 1.00000000</DIFFUSE>
			<AMBIENT>1.00000000 1.00000000 1.00000000</AMBIENT>
			<SPECULAR>1.00000000 1.00000000 1.00000000</SPECULAR>
			<DIFFUSEMAP>TheOffice_ho/paper_box_white1.tga</DIFFUSEMAP>
		</MATERIAL>
		<MATERIAL name="TheOffice_ho_print_movieside">
			<DIFFUSE>1.00000000 1.00000000 1.00000000</DIFFUSE>
			<AMBIENT>1.00000000 1.00000000 1.00000000</AMBIENT>
			<SPECULAR>1.00000000 1.00000000 1.00000000</SPECULAR>
			<DIFFUSEMAP>TheOffice_ho/print_movieside.tga</DIFFUSEMAP>
		</MATERIAL>
		<MATERIAL name="TheOffice_ho_ho_desk_foot1">
			<DIFFUSE>1.00000000 1.00000000 1.00000000</DIFFUSE>
			<AMBIENT>1.00000000 1.00000000 1.00000000</AMBIENT>
			<SPECULAR>1.00000000 1.00000000 1.00000000</SPECULAR>
			<DIFFUSEMAP>TheOffice_ho/ho_desk_foot1.tga</DIFFUSEMAP>
		</MATERIAL>
		<MATERIAL name="TheOffice_ho_ho_quakecd_sidetext">
			<DIFFUSE>1.00000000 1.00000000 1.00000000</DIFFUSE>
			<AMBIENT>1.00000000 1.00000000 1.00000000</AMBIENT>
			<SPECULAR>1.00000000 1.00000000 1.00000000</SPECULAR>
			<DIFFUSEMAP>TheOffice_ho/ho_quakecd_sidetext.tga</DIFFUSEMAP>
		</MATERIAL>
		<MATERIAL name="TheOffice_ho_ho_blue_knittop">
			<DIFFUSE>1.00000000 1.00000000 1.00000000</DIFFUSE>
			<AMBIENT>1.00000000 1.00000000 1.00000000</AMBIENT>
			<SPECULAR>1.00000000 1.00000000 1.00000000</SPECULAR>
			<DIFFUSEMAP>TheOffice_ho/ho_blue_knittop.tga</DIFFUSEMAP>
		</MATERIAL>
		<MATERIAL name="TheOffice_ho_ho_desk_frame1">
			<DIFFUSE>1.00000000 1.00000000 1.00000000</DIFFUSE>
			<AMBIENT>1.00000000 1.00000000 1.00000000</AMBIENT>
			<SPECULAR>1.00000000 1.00000000 1.00000000</SPECULAR>
			<DIFFUSEMAP>TheOffice_ho/ho_desk_frame1.tga</DIFFUSEMAP>
		</MATERIAL>
		<MATERIAL name="TheOffice_ho_ruler">
			<DIFFUSE>1.00000000 1.00000000 1.00000000</DIFFUSE>
			<AMBIENT>1.00000000 1.00000000 1.00000000</AMBIENT>
			<SPECULAR>1.00000000 1.00000000 1.00000000</SPECULAR>
			<DIFFUSEMAP>TheOffice_ho/ruler.tga</DIFFUSEMAP>
		</MATERIAL>
		<MATERIAL name="TheOffice_ho_baseboard2">
			<DIFFUSE>1.00000000 1.00000000 1.00000000</DIFFUSE>
			<AMBIENT>1.00000000 1.00000000 1.00000000</AMBIENT>
			<SPECULAR>1.00000000 1.00000000 1.00000000</SPECULAR>
			<DIFFUSEMAP>TheOffice_ho/baseboard2.tga</DIFFUSEMAP>
		</MATERIAL>
		<MATERIAL name="TheOffice_ho_mouse">
			<DIFFUSE>1.00000000 1.00000000 1.00000000</DIFFUSE>
			<AMBIENT>1.00000000 1.00000000 1.00000000</AMBIENT>
			<SPECULAR>1.00000000 1.00000000 1.00000000</SPECULAR>
			<DIFFUSEMAP>TheOffice_ho/mouse.tga</DIFFUSEMAP>
		</MATERIAL>
	</MATERIALLIST>
	<DUMMYLIST>
		<DUMMY name="spawn_solo_101">
			<POSITION>267.00000000 -1913.00000000 -1221.00000000</POSITION>
			<DIRECTION>-0.00000000 -1.00000000 0.00000000</DIRECTION>
		</DUMMY>
		<DUMMY name="spawn_solo_102">
			<POSITION>442.00000000 3834.00000000 1264.00000000</POSITION>
			<DIRECTION>0.00000000 1.00000000 0.00000000</DIRECTION>
		</DUMMY>
		<DUMMY name="spawn_solo_103">
			<POSITION>4908.00000000 4114.00000000 1082.00000000</POSITION>
			<DIRECTION>0.00000000 1.00000000 0.00000000</DIRECTION>
		</DUMMY>
		<DUMMY name="spawn_solo_104">
			<POSITION>5272.00000000 3106.00000000 186.00000000</POSITION>
			<DIRECTION>-0.70710678 0.70710678 0.00000000</DIRECTION>
		</DUMMY>
		<DUMMY name="spawn_solo_105">
			<POSITION>-4696.00000000 3869.00000000 60.00000000</POSITION>
			<DIRECTION>1.00000000 -0.00000000 0.00000000</DIRECTION>
		</DUMMY>
		<DUMMY name="spawn_solo_106">
			<POSITION>-4234.00000000 4093.00000000 -1228.00000000</POSITION>
			<DIRECTION>0.70710678 0.70710678 0.00000000</DIRECTION>
		</DUMMY>
		<DUMMY name="spawn_solo_107">
			<POSITION>-405.00000000 3414.00000000 -2005.00000000</POSITION>
			<DIRECTION>0.00000000 1.00000000 0.00000000</DIRECTION>
		</DUMMY>
		<DUMMY name="spawn_solo_108">
			<POSITION>-1192.50000000 -1867.50000000 -1228.00000000</POSITION>
			<DIRECTION>-0.00000000 -1.00000000 0.00000000</DIRECTION>
		</DUMMY>
		<DUMMY name="spawn_solo_109">
			<POSITION>-3264.50000000 -1724.00000000 760.00000000</POSITION>
			<DIRECTION>0.70710678 -0.70710678 0.00000000</DIRECTION>
		</DUMMY>
	</DUMMYLIST>
</XML>
