<?xml version="1.0"?>
<XML>
	<MATERIALLIST>
		<MATERIAL name="01 - Default">
			<DIFFUSE>0.5882353 0.5882353 0.5882353</DIFFUSE>
			<AMBIENT>0.5882353 0.5882353 0.5882353</AMBIENT>
			<SPECULAR>0.9000000 0.9000000 0.9000000</SPECULAR>
			<DIFFUSEMAP>../weaponshop/weaponshop_floow.tga.dds</DIFFUSEMAP>
		</MATERIAL>
		<MATERIAL name="03 - Default">
			<DIFFUSE>0.5882353 0.5882353 0.5882353</DIFFUSE>
			<AMBIENT>0.5882353 0.5882353 0.5882353</AMBIENT>
			<SPECULAR>0.9000000 0.9000000 0.9000000</SPECULAR>
			<DIFFUSEMAP>../weaponshop/weaponshop_wall01.tga.dds</DIFFUSEMAP>
		</MATERIAL>
		<MATERIAL name="04 - Default">
			<DIFFUSE>0.5882353 0.5882353 0.5882353</DIFFUSE>
			<AMBIENT>0.5882353 0.5882353 0.5882353</AMBIENT>
			<SPECULAR>0.9000000 0.9000000 0.9000000</SPECULAR>
			<DIFFUSEMAP>../high_haven/gzd_map_Haven_floor05.bmp.dds</DIFFUSEMAP>
		</MATERIAL>
		<MATERIAL name="02 - Default">
			<DIFFUSE>0.5882353 0.5882353 0.5882353</DIFFUSE>
			<AMBIENT>0.5882353 0.5882353 0.5882353</AMBIENT>
			<SPECULAR>0.9000000 0.9000000 0.9000000</SPECULAR>
			<DIFFUSEMAP>../weaponshop/weaponshop_stairs01.tga.dds</DIFFUSEMAP>
		</MATERIAL>
		<MATERIAL name="05 - Default">
			<DIFFUSE>0.5882353 0.5882353 0.5882353</DIFFUSE>
			<AMBIENT>0.5882353 0.5882353 0.5882353</AMBIENT>
			<SPECULAR>0.9000000 0.9000000 0.9000000</SPECULAR>
			<DIFFUSEMAP>../station/gzd_map_Sta_win001.bmp.dds</DIFFUSEMAP>
		</MATERIAL>
		<MATERIAL name="07 - Default">
			<DIFFUSE>0.5882353 0.5882353 0.5882353</DIFFUSE>
			<AMBIENT>0.5882353 0.5882353 0.5882353</AMBIENT>
			<SPECULAR>0.9000000 0.9000000 0.9000000</SPECULAR>
			<DIFFUSEMAP>../weaponshop/weaponshop_ceiling01.tga.dds</DIFFUSEMAP>
		</MATERIAL>
		<MATERIAL name="09 - Default">
			<DIFFUSE>0.5882353 0.5882353 0.5882353</DIFFUSE>
			<AMBIENT>0.5882353 0.5882353 0.5882353</AMBIENT>
			<SPECULAR>0.9000000 0.9000000 0.9000000</SPECULAR>
			<DIFFUSEMAP>gzd_map_dodgeball_floor01.dds</DIFFUSEMAP>
		</MATERIAL>
		<MATERIAL name="08 - Default">
			<DIFFUSE>0.5880000 0.5880000 0.5880000</DIFFUSE>
			<AMBIENT>0.5880000 0.5880000 0.5880000</AMBIENT>
			<SPECULAR>0.9000000 0.9000000 0.9000000</SPECULAR>
			<DIFFUSEMAP>gzd_map_dodgeball_door.dds</DIFFUSEMAP>
		</MATERIAL>
		<MATERIAL name="10 - Default">
			<DIFFUSE>0.5882353 0.5882353 0.5882353</DIFFUSE>
			<AMBIENT>0.5882353 0.5882353 0.5882353</AMBIENT>
			<SPECULAR>0.9000000 0.9000000 0.9000000</SPECULAR>
			<DIFFUSEMAP>../station/gzd_map_sta_fx001.bmp.dds</DIFFUSEMAP>
			<ADDITIVE/>
		</MATERIAL>
		<MATERIAL name="06 - Default">
			<DIFFUSE>0.5882353 0.5882353 0.5882353</DIFFUSE>
			<AMBIENT>0.5882353 0.5882353 0.5882353</AMBIENT>
			<SPECULAR>0.9000000 0.9000000 0.9000000</SPECULAR>
			<DIFFUSEMAP>gzd_map_dodgeball_ceiling.dds</DIFFUSEMAP>
		</MATERIAL>
	</MATERIALLIST>
	<LIGHTLIST>
		<LIGHT name="GlobalIllu">
			<POSITION>10000.0000000 10000.0000000 -10000.0000000</POSITION>
			<COLOR>1.0000000 1.0000000 1.0000000</COLOR>
			<INTENSITY>0.2000000</INTENSITY>
			<ATTENUATIONSTART>30000.0000000</ATTENUATIONSTART>
			<ATTENUATIONEND>30000.0000000</ATTENUATIONEND>
		</LIGHT>
		<LIGHT name="GlobalIllu01">
			<POSITION>10000.0000000 -10000.0000000 -10000.0000000</POSITION>
			<COLOR>1.0000000 1.0000000 1.0000000</COLOR>
			<INTENSITY>0.2000000</INTENSITY>
			<ATTENUATIONSTART>30000.0000000</ATTENUATIONSTART>
			<ATTENUATIONEND>30000.0000000</ATTENUATIONEND>
		</LIGHT>
		<LIGHT name="GlobalIllu02">
			<POSITION>-10000.0000000 -10000.0000000 -10000.0000000</POSITION>
			<COLOR>1.0000000 1.0000000 1.0000000</COLOR>
			<INTENSITY>0.2000000</INTENSITY>
			<ATTENUATIONSTART>30000.0000000</ATTENUATIONSTART>
			<ATTENUATIONEND>30000.0000000</ATTENUATIONEND>
		</LIGHT>
		<LIGHT name="GlobalIllu03">
			<POSITION>-10000.0000000 10000.0000000 -10000.0000000</POSITION>
			<COLOR>1.0000000 1.0000000 1.0000000</COLOR>
			<INTENSITY>0.2000000</INTENSITY>
			<ATTENUATIONSTART>30000.0000000</ATTENUATIONSTART>
			<ATTENUATIONEND>30000.0000000</ATTENUATIONEND>
		</LIGHT>
		<LIGHT name="GlobalIllu04">
			<POSITION>-10000.0000000 -10000.0000000 10000.0000000</POSITION>
			<COLOR>1.0000000 1.0000000 1.0000000</COLOR>
			<INTENSITY>0.2000000</INTENSITY>
			<ATTENUATIONSTART>30000.0000000</ATTENUATIONSTART>
			<ATTENUATIONEND>30000.0000000</ATTENUATIONEND>
		</LIGHT>
		<LIGHT name="GlobalIllu05">
			<POSITION>-10000.0000000 10000.0000000 10000.0000000</POSITION>
			<COLOR>1.0000000 1.0000000 1.0000000</COLOR>
			<INTENSITY>0.2000000</INTENSITY>
			<ATTENUATIONSTART>30000.0000000</ATTENUATIONSTART>
			<ATTENUATIONEND>30000.0000000</ATTENUATIONEND>
		</LIGHT>
		<LIGHT name="GlobalIllu06">
			<POSITION>10000.0000000 -10000.0000000 10000.0000000</POSITION>
			<COLOR>1.0000000 1.0000000 1.0000000</COLOR>
			<INTENSITY>0.2000000</INTENSITY>
			<ATTENUATIONSTART>30000.0000000</ATTENUATIONSTART>
			<ATTENUATIONEND>30000.0000000</ATTENUATIONEND>
		</LIGHT>
		<LIGHT name="GlobalIllu07">
			<POSITION>10000.0000000 10000.0000000 10000.0000000</POSITION>
			<COLOR>1.0000000 1.0000000 1.0000000</COLOR>
			<INTENSITY>0.2000000</INTENSITY>
			<ATTENUATIONSTART>30000.0000000</ATTENUATIONSTART>
			<ATTENUATIONEND>30000.0000000</ATTENUATIONEND>
		</LIGHT>
		<LIGHT name="Sun">
			<POSITION>1500.0000000 3000.0000000 12000.0000000</POSITION>
			<COLOR>1.0000000 1.0000000 1.0000000</COLOR>
			<INTENSITY>0.9000000</INTENSITY>
			<ATTENUATIONSTART>50000.0000000</ATTENUATIONSTART>
			<ATTENUATIONEND>50000.0000000</ATTENUATIONEND>
			<CASTSHADOW/>
		</LIGHT>
		<LIGHT name="obj_test">
			<POSITION>480.0000000 60.0000000 400.0000000</POSITION>
			<COLOR>1.0000000 1.0000000 1.0000000</COLOR>
			<INTENSITY>1.0000000</INTENSITY>
			<ATTENUATIONSTART>600.0000000</ATTENUATIONSTART>
			<ATTENUATIONEND>600.0000000</ATTENUATIONEND>
			<CASTSHADOW/>
		</LIGHT>
		<LIGHT name="obj_test01">
			<POSITION>480.0000000 1860.0000000 400.0000000</POSITION>
			<COLOR>1.0000000 1.0000000 1.0000000</COLOR>
			<INTENSITY>1.0000000</INTENSITY>
			<ATTENUATIONSTART>600.0000000</ATTENUATIONSTART>
			<ATTENUATIONEND>600.0000000</ATTENUATIONEND>
			<CASTSHADOW/>
		</LIGHT>
		<LIGHT name="obj_test02">
			<POSITION>480.0000000 -1740.0000000 400.0000000</POSITION>
			<COLOR>1.0000000 1.0000000 1.0000000</COLOR>
			<INTENSITY>1.0000000</INTENSITY>
			<ATTENUATIONSTART>600.0000000</ATTENUATIONSTART>
			<ATTENUATIONEND>600.0000000</ATTENUATIONEND>
			<CASTSHADOW/>
		</LIGHT>
		<LIGHT name="obj_test03">
			<POSITION>-1320.0000000 1860.0000000 400.0000000</POSITION>
			<COLOR>1.0000000 1.0000000 1.0000000</COLOR>
			<INTENSITY>1.0000000</INTENSITY>
			<ATTENUATIONSTART>600.0000000</ATTENUATIONSTART>
			<ATTENUATIONEND>600.0000000</ATTENUATIONEND>
			<CASTSHADOW/>
		</LIGHT>
		<LIGHT name="obj_test04">
			<POSITION>-1320.0000000 -1740.0000000 400.0000000</POSITION>
			<COLOR>1.0000000 1.0000000 1.0000000</COLOR>
			<INTENSITY>1.0000000</INTENSITY>
			<ATTENUATIONSTART>600.0000000</ATTENUATIONSTART>
			<ATTENUATIONEND>600.0000000</ATTENUATIONEND>
			<CASTSHADOW/>
		</LIGHT>
		<LIGHT name="obj_test05">
			<POSITION>-1320.0000000 60.0000000 400.0000000</POSITION>
			<COLOR>1.0000000 1.0000000 1.0000000</COLOR>
			<INTENSITY>1.0000000</INTENSITY>
			<ATTENUATIONSTART>600.0000000</ATTENUATIONSTART>
			<ATTENUATIONEND>600.0000000</ATTENUATIONEND>
			<CASTSHADOW/>
		</LIGHT>
		<LIGHT name="obj_test06">
			<POSITION>480.0000000 -3740.0000000 400.0000000</POSITION>
			<COLOR>1.0000000 1.0000000 1.0000000</COLOR>
			<INTENSITY>1.0000000</INTENSITY>
			<ATTENUATIONSTART>600.0000000</ATTENUATIONSTART>
			<ATTENUATIONEND>600.0000000</ATTENUATIONEND>
			<CASTSHADOW/>
		</LIGHT>
		<LIGHT name="obj_test07">
			<POSITION>-1320.0000000 -3740.0000000 400.0000000</POSITION>
			<COLOR>1.0000000 1.0000000 1.0000000</COLOR>
			<INTENSITY>1.0000000</INTENSITY>
			<ATTENUATIONSTART>600.0000000</ATTENUATIONSTART>
			<ATTENUATIONEND>600.0000000</ATTENUATIONEND>
			<CASTSHADOW/>
		</LIGHT>
	</LIGHTLIST>
	<OBJECTLIST>
		<OBJECT name="Dodgeball_obj_glow.elu">
		</OBJECT>
		<OBJECT name="Dodgeball_obj_glow1.elu">
		</OBJECT>
	</OBJECTLIST>
	<DUMMYLIST>
		<DUMMY name="spawn_solo_101">
			<POSITION>0.0000000 0.0000000 56.0000000</POSITION>
			<DIRECTION>0.0000000 1.0000000 0.0000000</DIRECTION>
		</DUMMY>
		<DUMMY name="spawn_team2_101">
			<POSITION>2000.0000000 -3520.0000000 56.0000000</POSITION>
			<DIRECTION>0.0000000 1.0000000 0.0000000</DIRECTION>
		</DUMMY>
		<DUMMY name="spawn_team2_102">
			<POSITION>1800.0000000 -3520.0000000 56.0000000</POSITION>
			<DIRECTION>0.0000000 1.0000000 0.0000000</DIRECTION>
		</DUMMY>
		<DUMMY name="spawn_team2_103">
			<POSITION>1400.0000000 -3520.0000000 56.0000000</POSITION>
			<DIRECTION>0.0000000 1.0000000 0.0000000</DIRECTION>
		</DUMMY>
		<DUMMY name="spawn_team2_104">
			<POSITION>1600.0000000 -3520.0000000 56.0000000</POSITION>
			<DIRECTION>0.0000000 1.0000000 0.0000000</DIRECTION>
		</DUMMY>
		<DUMMY name="spawn_team2_105">
			<POSITION>1000.0000000 -3520.0000000 56.0000000</POSITION>
			<DIRECTION>0.0000000 1.0000000 0.0000000</DIRECTION>
		</DUMMY>
		<DUMMY name="spawn_team2_106">
			<POSITION>1200.0000000 -3520.0000000 56.0000000</POSITION>
			<DIRECTION>0.0000000 1.0000000 0.0000000</DIRECTION>
		</DUMMY>
		<DUMMY name="spawn_team2_107">
			<POSITION>600.0000000 -3520.0000000 56.0000000</POSITION>
			<DIRECTION>0.0000000 1.0000000 0.0000000</DIRECTION>
		</DUMMY>
		<DUMMY name="spawn_team2_108">
			<POSITION>800.0000000 -3520.0000000 56.0000000</POSITION>
			<DIRECTION>0.0000000 1.0000000 0.0000000</DIRECTION>
		</DUMMY>
		<DUMMY name="spawn_team2_109">
			<POSITION>200.0000000 -3520.0000000 56.0000000</POSITION>
			<DIRECTION>0.0000000 1.0000000 0.0000000</DIRECTION>
		</DUMMY>
		<DUMMY name="spawn_team2_110">
			<POSITION>400.0000000 -3520.0000000 56.0000000</POSITION>
			<DIRECTION>0.0000000 1.0000000 0.0000000</DIRECTION>
		</DUMMY>
		<DUMMY name="spawn_team2_111">
			<POSITION>-200.0000000 -3520.0000000 56.0000000</POSITION>
			<DIRECTION>0.0000000 1.0000000 0.0000000</DIRECTION>
		</DUMMY>
		<DUMMY name="spawn_team2_112">
			<POSITION>0.0000000 -3520.0000000 56.0000000</POSITION>
			<DIRECTION>0.0000000 1.0000000 0.0000000</DIRECTION>
		</DUMMY>
		<DUMMY name="spawn_team2_113">
			<POSITION>-600.0000000 -3520.0000000 56.0000000</POSITION>
			<DIRECTION>0.0000000 1.0000000 0.0000000</DIRECTION>
		</DUMMY>
		<DUMMY name="spawn_team2_114">
			<POSITION>-400.0000000 -3520.0000000 56.0000000</POSITION>
			<DIRECTION>0.0000000 1.0000000 0.0000000</DIRECTION>
		</DUMMY>
		<DUMMY name="spawn_team2_115">
			<POSITION>-1000.0000000 -3520.0000000 56.0000000</POSITION>
			<DIRECTION>0.0000000 1.0000000 0.0000000</DIRECTION>
		</DUMMY>
		<DUMMY name="spawn_team2_116">
			<POSITION>-800.0000000 -3520.0000000 56.0000000</POSITION>
			<DIRECTION>0.0000000 1.0000000 0.0000000</DIRECTION>
		</DUMMY>
		<DUMMY name="spawn_team2_117">
			<POSITION>-1400.0000000 -3520.0000000 56.0000000</POSITION>
			<DIRECTION>0.0000000 1.0000000 0.0000000</DIRECTION>
		</DUMMY>
		<DUMMY name="spawn_team2_118">
			<POSITION>-1200.0000000 -3520.0000000 56.0000000</POSITION>
			<DIRECTION>0.0000000 1.0000000 0.0000000</DIRECTION>
		</DUMMY>
		<DUMMY name="spawn_team2_119">
			<POSITION>-1800.0000000 -3520.0000000 56.0000000</POSITION>
			<DIRECTION>0.0000000 1.0000000 0.0000000</DIRECTION>
		</DUMMY>
		<DUMMY name="spawn_team2_120">
			<POSITION>-1600.0000000 -3520.0000000 56.0000000</POSITION>
			<DIRECTION>0.0000000 1.0000000 0.0000000</DIRECTION>
		</DUMMY>
		<DUMMY name="spawn_team2_122">
			<POSITION>-2000.0000000 -3520.0000000 56.0000000</POSITION>
			<DIRECTION>0.0000000 1.0000000 0.0000000</DIRECTION>
		</DUMMY>
		<DUMMY name="spawn_team2_123">
			<POSITION>-1000.0000000 -3320.0000000 56.0000000</POSITION>
			<DIRECTION>0.0000000 1.0000000 0.0000000</DIRECTION>
		</DUMMY>
		<DUMMY name="spawn_team2_124">
			<POSITION>-800.0000000 -3320.0000000 56.0000000</POSITION>
			<DIRECTION>0.0000000 1.0000000 0.0000000</DIRECTION>
		</DUMMY>
		<DUMMY name="spawn_team2_125">
			<POSITION>-1400.0000000 -3320.0000000 56.0000000</POSITION>
			<DIRECTION>0.0000000 1.0000000 0.0000000</DIRECTION>
		</DUMMY>
		<DUMMY name="spawn_team2_126">
			<POSITION>-1200.0000000 -3320.0000000 56.0000000</POSITION>
			<DIRECTION>0.0000000 1.0000000 0.0000000</DIRECTION>
		</DUMMY>
		<DUMMY name="spawn_team2_127">
			<POSITION>-1800.0000000 -3320.0000000 56.0000000</POSITION>
			<DIRECTION>0.0000000 1.0000000 0.0000000</DIRECTION>
		</DUMMY>
		<DUMMY name="spawn_team2_128">
			<POSITION>-1600.0000000 -3320.0000000 56.0000000</POSITION>
			<DIRECTION>0.0000000 1.0000000 0.0000000</DIRECTION>
		</DUMMY>
		<DUMMY name="spawn_team2_129">
			<POSITION>-2000.0000000 -3320.0000000 56.0000000</POSITION>
			<DIRECTION>0.0000000 1.0000000 0.0000000</DIRECTION>
		</DUMMY>
		<DUMMY name="spawn_team2_130">
			<POSITION>-600.0000000 -3320.0000000 56.0000000</POSITION>
			<DIRECTION>0.0000000 1.0000000 0.0000000</DIRECTION>
		</DUMMY>
		<DUMMY name="spawn_team2_131">
			<POSITION>200.0000000 -3320.0000000 56.0000000</POSITION>
			<DIRECTION>0.0000000 1.0000000 0.0000000</DIRECTION>
		</DUMMY>
		<DUMMY name="spawn_team2_132">
			<POSITION>400.0000000 -3320.0000000 56.0000000</POSITION>
			<DIRECTION>0.0000000 1.0000000 0.0000000</DIRECTION>
		</DUMMY>
		<DUMMY name="spawn_team2_133">
			<POSITION>-200.0000000 -3320.0000000 56.0000000</POSITION>
			<DIRECTION>0.0000000 1.0000000 0.0000000</DIRECTION>
		</DUMMY>
		<DUMMY name="spawn_team2_134">
			<POSITION>0.0000000 -3320.0000000 56.0000000</POSITION>
			<DIRECTION>0.0000000 1.0000000 0.0000000</DIRECTION>
		</DUMMY>
		<DUMMY name="spawn_team2_135">
			<POSITION>-400.0000000 -3320.0000000 56.0000000</POSITION>
			<DIRECTION>0.0000000 1.0000000 0.0000000</DIRECTION>
		</DUMMY>
		<DUMMY name="spawn_team2_136">
			<POSITION>600.0000000 -3320.0000000 56.0000000</POSITION>
			<DIRECTION>0.0000000 1.0000000 0.0000000</DIRECTION>
		</DUMMY>
		<DUMMY name="spawn_team2_137">
			<POSITION>1800.0000000 -3320.0000000 56.0000000</POSITION>
			<DIRECTION>0.0000000 1.0000000 0.0000000</DIRECTION>
		</DUMMY>
		<DUMMY name="spawn_team2_138">
			<POSITION>1400.0000000 -3320.0000000 56.0000000</POSITION>
			<DIRECTION>0.0000000 1.0000000 0.0000000</DIRECTION>
		</DUMMY>
		<DUMMY name="spawn_team2_139">
			<POSITION>1600.0000000 -3320.0000000 56.0000000</POSITION>
			<DIRECTION>0.0000000 1.0000000 0.0000000</DIRECTION>
		</DUMMY>
		<DUMMY name="spawn_team2_140">
			<POSITION>1000.0000000 -3320.0000000 56.0000000</POSITION>
			<DIRECTION>0.0000000 1.0000000 0.0000000</DIRECTION>
		</DUMMY>
		<DUMMY name="spawn_team2_141">
			<POSITION>1200.0000000 -3320.0000000 56.0000000</POSITION>
			<DIRECTION>0.0000000 1.0000000 0.0000000</DIRECTION>
		</DUMMY>
		<DUMMY name="spawn_team2_142">
			<POSITION>800.0000000 -3320.0000000 56.0000000</POSITION>
			<DIRECTION>0.0000000 1.0000000 0.0000000</DIRECTION>
		</DUMMY>
		<DUMMY name="spawn_team2_143">
			<POSITION>2000.0000000 -3320.0000000 56.0000000</POSITION>
			<DIRECTION>0.0000000 1.0000000 0.0000000</DIRECTION>
		</DUMMY>
		<DUMMY name="spawn_team2_144">
			<POSITION>-1000.0000000 -3120.0000000 56.0000000</POSITION>
			<DIRECTION>0.0000000 1.0000000 0.0000000</DIRECTION>
		</DUMMY>
		<DUMMY name="spawn_team2_145">
			<POSITION>-800.0000000 -3120.0000000 56.0000000</POSITION>
			<DIRECTION>0.0000000 1.0000000 0.0000000</DIRECTION>
		</DUMMY>
		<DUMMY name="spawn_team2_146">
			<POSITION>-1400.0000000 -3120.0000000 56.0000000</POSITION>
			<DIRECTION>0.0000000 1.0000000 0.0000000</DIRECTION>
		</DUMMY>
		<DUMMY name="spawn_team2_147">
			<POSITION>-1200.0000000 -3120.0000000 56.0000000</POSITION>
			<DIRECTION>0.0000000 1.0000000 0.0000000</DIRECTION>
		</DUMMY>
		<DUMMY name="spawn_team2_148">
			<POSITION>-1800.0000000 -3120.0000000 56.0000000</POSITION>
			<DIRECTION>0.0000000 1.0000000 0.0000000</DIRECTION>
		</DUMMY>
		<DUMMY name="spawn_team2_149">
			<POSITION>-1600.0000000 -3120.0000000 56.0000000</POSITION>
			<DIRECTION>0.0000000 1.0000000 0.0000000</DIRECTION>
		</DUMMY>
		<DUMMY name="spawn_team2_150">
			<POSITION>-2000.0000000 -3120.0000000 56.0000000</POSITION>
			<DIRECTION>0.0000000 1.0000000 0.0000000</DIRECTION>
		</DUMMY>
		<DUMMY name="spawn_team2_151">
			<POSITION>-600.0000000 -3120.0000000 56.0000000</POSITION>
			<DIRECTION>0.0000000 1.0000000 0.0000000</DIRECTION>
		</DUMMY>
		<DUMMY name="spawn_team2_152">
			<POSITION>200.0000000 -3120.0000000 56.0000000</POSITION>
			<DIRECTION>0.0000000 1.0000000 0.0000000</DIRECTION>
		</DUMMY>
		<DUMMY name="spawn_team2_153">
			<POSITION>400.0000000 -3120.0000000 56.0000000</POSITION>
			<DIRECTION>0.0000000 1.0000000 0.0000000</DIRECTION>
		</DUMMY>
		<DUMMY name="spawn_team2_154">
			<POSITION>-200.0000000 -3120.0000000 56.0000000</POSITION>
			<DIRECTION>0.0000000 1.0000000 0.0000000</DIRECTION>
		</DUMMY>
		<DUMMY name="spawn_team2_155">
			<POSITION>0.0000000 -3120.0000000 56.0000000</POSITION>
			<DIRECTION>0.0000000 1.0000000 0.0000000</DIRECTION>
		</DUMMY>
		<DUMMY name="spawn_team2_156">
			<POSITION>-400.0000000 -3120.0000000 56.0000000</POSITION>
			<DIRECTION>0.0000000 1.0000000 0.0000000</DIRECTION>
		</DUMMY>
		<DUMMY name="spawn_team2_157">
			<POSITION>600.0000000 -3120.0000000 56.0000000</POSITION>
			<DIRECTION>0.0000000 1.0000000 0.0000000</DIRECTION>
		</DUMMY>
		<DUMMY name="spawn_team2_158">
			<POSITION>1800.0000000 -3120.0000000 56.0000000</POSITION>
			<DIRECTION>0.0000000 1.0000000 0.0000000</DIRECTION>
		</DUMMY>
		<DUMMY name="spawn_team2_159">
			<POSITION>1400.0000000 -3120.0000000 56.0000000</POSITION>
			<DIRECTION>0.0000000 1.0000000 0.0000000</DIRECTION>
		</DUMMY>
		<DUMMY name="spawn_team2_160">
			<POSITION>1600.0000000 -3120.0000000 56.0000000</POSITION>
			<DIRECTION>0.0000000 1.0000000 0.0000000</DIRECTION>
		</DUMMY>
		<DUMMY name="spawn_team2_161">
			<POSITION>1000.0000000 -3120.0000000 56.0000000</POSITION>
			<DIRECTION>0.0000000 1.0000000 0.0000000</DIRECTION>
		</DUMMY>
		<DUMMY name="spawn_team2_162">
			<POSITION>1200.0000000 -3120.0000000 56.0000000</POSITION>
			<DIRECTION>0.0000000 1.0000000 0.0000000</DIRECTION>
		</DUMMY>
		<DUMMY name="spawn_team2_163">
			<POSITION>800.0000000 -3120.0000000 56.0000000</POSITION>
			<DIRECTION>0.0000000 1.0000000 0.0000000</DIRECTION>
		</DUMMY>
		<DUMMY name="spawn_team2_164">
			<POSITION>2000.0000000 -3120.0000000 56.0000000</POSITION>
			<DIRECTION>0.0000000 1.0000000 0.0000000</DIRECTION>
		</DUMMY>
		<DUMMY name="spawn_team1_101">
			<POSITION>0.0000000 2700.0000000 656.0000000</POSITION>
			<DIRECTION>0.0000002 -1.0000000 0.0000000</DIRECTION>
		</DUMMY>
		<DUMMY name="spawn_solo_102">
			<POSITION>1800.0000000 1600.0000000 56.0000000</POSITION>
			<DIRECTION>0.0000000 1.0000000 0.0000000</DIRECTION>
		</DUMMY>
		<DUMMY name="spawn_solo_103">
			<POSITION>-1800.0000000 1600.0000000 56.0000000</POSITION>
			<DIRECTION>0.0000000 1.0000000 0.0000000</DIRECTION>
		</DUMMY>
		<DUMMY name="spawn_solo_104">
			<POSITION>0.0000000 1600.0000000 56.0000000</POSITION>
			<DIRECTION>0.0000000 1.0000000 0.0000000</DIRECTION>
		</DUMMY>
		<DUMMY name="spawn_solo_105">
			<POSITION>1800.0000000 0.0000000 56.0000000</POSITION>
			<DIRECTION>0.0000000 1.0000000 0.0000000</DIRECTION>
		</DUMMY>
		<DUMMY name="spawn_solo_106">
			<POSITION>-1800.0000000 0.0000000 56.0000000</POSITION>
			<DIRECTION>0.0000000 1.0000000 0.0000000</DIRECTION>
		</DUMMY>
		<DUMMY name="spawn_solo_107">
			<POSITION>1800.0000000 -1600.0000000 56.0000000</POSITION>
			<DIRECTION>0.0000000 1.0000000 0.0000000</DIRECTION>
		</DUMMY>
		<DUMMY name="spawn_solo_108">
			<POSITION>0.0000000 -1600.0000000 56.0000000</POSITION>
			<DIRECTION>0.0000000 1.0000000 0.0000000</DIRECTION>
		</DUMMY>
		<DUMMY name="spawn_solo_109">
			<POSITION>-1800.0000000 -1600.0000000 56.0000000</POSITION>
			<DIRECTION>0.0000000 1.0000000 0.0000000</DIRECTION>
		</DUMMY>
		<DUMMY name="spawn_solo_110">
			<POSITION>-1800.0000000 -3400.0000000 56.0000000</POSITION>
			<DIRECTION>0.0000000 1.0000000 0.0000000</DIRECTION>
		</DUMMY>
		<DUMMY name="spawn_solo_111">
			<POSITION>0.0000000 -3400.0000000 56.0000000</POSITION>
			<DIRECTION>0.0000000 1.0000000 0.0000000</DIRECTION>
		</DUMMY>
		<DUMMY name="spawn_solo_112">
			<POSITION>1800.0000000 -3400.0000000 56.0000000</POSITION>
			<DIRECTION>0.0000000 1.0000000 0.0000000</DIRECTION>
		</DUMMY>
		<DUMMY name="obj_glow">
			<POSITION>0.0000000 0.0000000 0.0000000</POSITION>
			<DIRECTION>0.0000000 0.0000000 0.0000000</DIRECTION>
		</DUMMY>
		<DUMMY name="obj_glow1">
			<POSITION>0.0000000 0.0000000 0.0000000</POSITION>
			<DIRECTION>0.0000000 0.0000000 0.0000000</DIRECTION>
		</DUMMY>
	</DUMMYLIST>
	<OCCLUSIONLIST>
	</OCCLUSIONLIST>
	<AMBIENTSOUNDLIST>
	</AMBIENTSOUNDLIST>
</XML>
