<?xml version="1.0" encoding="UTF-8"?>
<XML>
	<MATERIALLIST>
		<MATERIAL name="GunzBmpTextures_Floor016_mt_snd">
			<DIFFUSE>1.00000000 1.00000000 1.00000000</DIFFUSE>
			<AMBIENT>1.00000000 1.00000000 1.00000000</AMBIENT>
			<SPECULAR>1.00000000 1.00000000 1.00000000</SPECULAR>
			<DIFFUSEMAP>GunzBmpTextures/Floor016.bmp</DIFFUSEMAP>
		</MATERIAL>
		<MATERIAL name="GunzBmpTextures_Wall010_mt_con">
			<DIFFUSE>1.00000000 1.00000000 1.00000000</DIFFUSE>
			<AMBIENT>1.00000000 1.00000000 1.00000000</AMBIENT>
			<SPECULAR>1.00000000 1.00000000 1.00000000</SPECULAR>
			<DIFFUSEMAP>GunzBmpTextures/Wall010.bmp</DIFFUSEMAP>
		</MATERIAL>
		<MATERIAL name="GunzBmpTextures_Wall009_mt_con">
			<DIFFUSE>1.00000000 1.00000000 1.00000000</DIFFUSE>
			<AMBIENT>1.00000000 1.00000000 1.00000000</AMBIENT>
			<SPECULAR>1.00000000 1.00000000 1.00000000</SPECULAR>
			<DIFFUSEMAP>GunzBmpTextures/Wall009.bmp</DIFFUSEMAP>
		</MATERIAL>
		<MATERIAL name="GunzBmpTextures_Wall037_mt_con">
			<DIFFUSE>1.00000000 1.00000000 1.00000000</DIFFUSE>
			<AMBIENT>1.00000000 1.00000000 1.00000000</AMBIENT>
			<SPECULAR>1.00000000 1.00000000 1.00000000</SPECULAR>
			<DIFFUSEMAP>GunzBmpTextures/Wall037.bmp</DIFFUSEMAP>
		</MATERIAL>
		<MATERIAL name="GunzBmpTextures_Floor038_mt_snw">
			<DIFFUSE>1.00000000 1.00000000 1.00000000</DIFFUSE>
			<AMBIENT>1.00000000 1.00000000 1.00000000</AMBIENT>
			<SPECULAR>1.00000000 1.00000000 1.00000000</SPECULAR>
			<DIFFUSEMAP>GunzBmpTextures/Floor038.bmp</DIFFUSEMAP>
		</MATERIAL>
		<MATERIAL name="GunzBmpTextures_Box007_mt_wod">
			<DIFFUSE>1.00000000 1.00000000 1.00000000</DIFFUSE>
			<AMBIENT>1.00000000 1.00000000 1.00000000</AMBIENT>
			<SPECULAR>1.00000000 1.00000000 1.00000000</SPECULAR>
			<DIFFUSEMAP>GunzBmpTextures/Box007.bmp</DIFFUSEMAP>
		</MATERIAL>
		<MATERIAL name="GunzBmpTextures_AdventureRoute1_mt_snw">
			<DIFFUSE>1.00000000 1.00000000 1.00000000</DIFFUSE>
			<AMBIENT>1.00000000 1.00000000 1.00000000</AMBIENT>
			<SPECULAR>1.00000000 1.00000000 1.00000000</SPECULAR>
			<DIFFUSEMAP>GunzBmpTextures/AdventureRoute1.bmp</DIFFUSEMAP>
		</MATERIAL>
		<MATERIAL name="GunzBmpTextures_Floor014_mt_wod">
			<DIFFUSE>1.00000000 1.00000000 1.00000000</DIFFUSE>
			<AMBIENT>1.00000000 1.00000000 1.00000000</AMBIENT>
			<SPECULAR>1.00000000 1.00000000 1.00000000</SPECULAR>
			<DIFFUSEMAP>GunzBmpTextures/Floor014.bmp</DIFFUSEMAP>
		</MATERIAL>
		<MATERIAL name="GunzBmpTextures_Finish!_mt_snw">
			<DIFFUSE>1.00000000 1.00000000 1.00000000</DIFFUSE>
			<AMBIENT>1.00000000 1.00000000 1.00000000</AMBIENT>
			<SPECULAR>1.00000000 1.00000000 1.00000000</SPECULAR>
			<DIFFUSEMAP>GunzBmpTextures/Finish!.bmp</DIFFUSEMAP>
		</MATERIAL>
		<MATERIAL name="GunzBmpTextures_Floor047_mt_con">
			<DIFFUSE>1.00000000 1.00000000 1.00000000</DIFFUSE>
			<AMBIENT>1.00000000 1.00000000 1.00000000</AMBIENT>
			<SPECULAR>1.00000000 1.00000000 1.00000000</SPECULAR>
			<DIFFUSEMAP>GunzBmpTextures/Floor047.bmp</DIFFUSEMAP>
		</MATERIAL>
		<MATERIAL name="GunzBmpTextures_BFway_mt_snw">
			<DIFFUSE>1.00000000 1.00000000 1.00000000</DIFFUSE>
			<AMBIENT>1.00000000 1.00000000 1.00000000</AMBIENT>
			<SPECULAR>1.00000000 1.00000000 1.00000000</SPECULAR>
			<DIFFUSEMAP>GunzBmpTextures/BFway.bmp</DIFFUSEMAP>
		</MATERIAL>
		<MATERIAL name="GunzBmpTextures_Wall044_mt_con">
			<DIFFUSE>1.00000000 1.00000000 1.00000000</DIFFUSE>
			<AMBIENT>1.00000000 1.00000000 1.00000000</AMBIENT>
			<SPECULAR>1.00000000 1.00000000 1.00000000</SPECULAR>
			<DIFFUSEMAP>GunzBmpTextures/Wall044.bmp</DIFFUSEMAP>
		</MATERIAL>
		<MATERIAL name="GunzBmpTextures_Wall011_mt_snw">
			<DIFFUSE>1.00000000 1.00000000 1.00000000</DIFFUSE>
			<AMBIENT>1.00000000 1.00000000 1.00000000</AMBIENT>
			<SPECULAR>1.00000000 1.00000000 1.00000000</SPECULAR>
			<DIFFUSEMAP>GunzBmpTextures/Wall011.bmp</DIFFUSEMAP>
		</MATERIAL>
		<MATERIAL name="GunzBmpTextures_Floor043_mt_met">
			<DIFFUSE>1.00000000 1.00000000 1.00000000</DIFFUSE>
			<AMBIENT>1.00000000 1.00000000 1.00000000</AMBIENT>
			<SPECULAR>1.00000000 1.00000000 1.00000000</SPECULAR>
			<DIFFUSEMAP>GunzBmpTextures/Floor043.bmp</DIFFUSEMAP>
		</MATERIAL>
		<MATERIAL name="GunzBmpTextures_Floor021_mt_wod">
			<DIFFUSE>1.00000000 1.00000000 1.00000000</DIFFUSE>
			<AMBIENT>1.00000000 1.00000000 1.00000000</AMBIENT>
			<SPECULAR>1.00000000 1.00000000 1.00000000</SPECULAR>
			<DIFFUSEMAP>GunzBmpTextures/Floor021.bmp</DIFFUSEMAP>
		</MATERIAL>
		<MATERIAL name="GunzBmpTextures_Box011_mt_clo">
			<DIFFUSE>1.00000000 1.00000000 1.00000000</DIFFUSE>
			<AMBIENT>1.00000000 1.00000000 1.00000000</AMBIENT>
			<SPECULAR>1.00000000 1.00000000 1.00000000</SPECULAR>
			<DIFFUSEMAP>GunzBmpTextures/Box011.bmp</DIFFUSEMAP>
		</MATERIAL>
		<MATERIAL name="GunzBmpTextures_Box003">
			<DIFFUSE>1.00000000 1.00000000 1.00000000</DIFFUSE>
			<AMBIENT>1.00000000 1.00000000 1.00000000</AMBIENT>
			<SPECULAR>1.00000000 1.00000000 1.00000000</SPECULAR>
			<DIFFUSEMAP>GunzBmpTextures/Box003.bmp</DIFFUSEMAP>
		</MATERIAL>
		<MATERIAL name="shader1_additivematerial_mt_drt">
			<DIFFUSE>1.00000000 1.00000000 1.00000000</DIFFUSE>
			<AMBIENT>1.00000000 1.00000000 1.00000000</AMBIENT>
			<SPECULAR>1.00000000 1.00000000 1.00000000</SPECULAR>
			<DIFFUSEMAP>shader1/texture.tga</DIFFUSEMAP>
			<ADDITIVE/>
		</MATERIAL>
		<MATERIAL name="GunzBmpTextures_Floor026_mt_con">
			<DIFFUSE>1.00000000 1.00000000 1.00000000</DIFFUSE>
			<AMBIENT>1.00000000 1.00000000 1.00000000</AMBIENT>
			<SPECULAR>1.00000000 1.00000000 1.00000000</SPECULAR>
			<DIFFUSEMAP>GunzBmpTextures/Floor026.bmp</DIFFUSEMAP>
		</MATERIAL>
		<MATERIAL name="GunzBmpTextures_gunzdustersneak_mt_snw">
			<DIFFUSE>1.00000000 1.00000000 1.00000000</DIFFUSE>
			<AMBIENT>1.00000000 1.00000000 1.00000000</AMBIENT>
			<SPECULAR>1.00000000 1.00000000 1.00000000</SPECULAR>
			<DIFFUSEMAP>GunzBmpTextures/gunzdustersneak.bmp</DIFFUSEMAP>
		</MATERIAL>
		<MATERIAL name="GunzBmpTextures_Finish!1_mt_drt">
			<DIFFUSE>1.00000000 1.00000000 1.00000000</DIFFUSE>
			<AMBIENT>1.00000000 1.00000000 1.00000000</AMBIENT>
			<SPECULAR>1.00000000 1.00000000 1.00000000</SPECULAR>
			<DIFFUSEMAP>GunzBmpTextures/Finish!1.bmp</DIFFUSEMAP>
		</MATERIAL>
	</MATERIALLIST>
	<DUMMYLIST>
		<DUMMY name="spawn_solo_101">
			<POSITION>-311.00000000 488.00000000 372.00000000</POSITION>
			<DIRECTION>-1.00000000 0.00000000 0.00000000</DIRECTION>
		</DUMMY>
		<DUMMY name="spawn_solo_102">
			<POSITION>-312.00000000 824.00000000 368.00000000</POSITION>
			<DIRECTION>-1.00000000 0.00000000 0.00000000</DIRECTION>
		</DUMMY>
	</DUMMYLIST>
<FOG min="0" max="4000">
		<R>233</R>
		<G>246</G>
		<B>255</B>
	</FOG>
</XML>
