<?xml version="1.0" encoding="UTF-8"?>
<XML>
	<GAMETYPE id="solo">
		<SPAWN item="bullet02" timesec="45000">
			<POSITION>4224.00000000 -48.00000000 784.00000000</POSITION>
		</SPAWN>
		<SPAWN item="bullet02" timesec="45000">
			<POSITION>-2448.00000000 480.00000000 1608.00000000</POSITION>
		</SPAWN>
		<SPAWN item="hp02" timesec="30000">
			<POSITION>352.00000000 -128.00000000 1224.00000000</POSITION>
		</SPAWN>
		<SPAWN item="ap03" timesec="45000">
			<POSITION>424.00000000 -2080.00000000 -568.00000000</POSITION>
		</SPAWN>
		<SPAWN item="hp03" timesec="45000">
			<POSITION>3400.00000000 896.00000000 -768.00000000</POSITION>
		</SPAWN>
		<SPAWN item="ap02" timesec="30000">
			<POSITION>960.00000000 1880.00000000 -560.00000000</POSITION>
		</SPAWN>
</GAMETYPE><GAMETYPE id="team">
		<SPAWN item="bullet02" timesec="45000">
			<POSITION>4224.00000000 -48.00000000 784.00000000</POSITION>
		</SPAWN>
		<SPAWN item="bullet02" timesec="45000">
			<POSITION>-2448.00000000 480.00000000 1608.00000000</POSITION>
		</SPAWN>
		<SPAWN item="hp02" timesec="30000">
			<POSITION>352.00000000 -128.00000000 1224.00000000</POSITION>
		</SPAWN>
		<SPAWN item="ap03" timesec="45000">
			<POSITION>424.00000000 -2080.00000000 -568.00000000</POSITION>
		</SPAWN>
		<SPAWN item="hp03" timesec="45000">
			<POSITION>3400.00000000 896.00000000 -768.00000000</POSITION>
		</SPAWN>
		<SPAWN item="ap02" timesec="30000">
			<POSITION>960.00000000 1880.00000000 -560.00000000</POSITION>
		</SPAWN>
</GAMETYPE>
</XML>