<?xml version="1.0" encoding="UTF-8"?>
<XML>
	<MATERIALLIST>
		<MATERIAL name="gunz_Floor044">
			<DIFFUSE>1.00000000 1.00000000 1.00000000</DIFFUSE>
			<AMBIENT>1.00000000 1.00000000 1.00000000</AMBIENT>
			<SPECULAR>1.00000000 1.00000000 1.00000000</SPECULAR>
			<DIFFUSEMAP>gunz/Floor044.tga</DIFFUSEMAP>
		</MATERIAL>
		<MATERIAL name="Misc_Box2">
			<DIFFUSE>1.00000000 1.00000000 1.00000000</DIFFUSE>
			<AMBIENT>1.00000000 1.00000000 1.00000000</AMBIENT>
			<SPECULAR>1.00000000 1.00000000 1.00000000</SPECULAR>
			<DIFFUSEMAP>Misc/Box2.png</DIFFUSEMAP>
		</MATERIAL>
		<MATERIAL name="gunz_Box002">
			<DIFFUSE>1.00000000 1.00000000 1.00000000</DIFFUSE>
			<AMBIENT>1.00000000 1.00000000 1.00000000</AMBIENT>
			<SPECULAR>1.00000000 1.00000000 1.00000000</SPECULAR>
			<DIFFUSEMAP>gunz/Box002.tga</DIFFUSEMAP>
		</MATERIAL>
		<MATERIAL name="gunz_Floor046">
			<DIFFUSE>1.00000000 1.00000000 1.00000000</DIFFUSE>
			<AMBIENT>1.00000000 1.00000000 1.00000000</AMBIENT>
			<SPECULAR>1.00000000 1.00000000 1.00000000</SPECULAR>
			<DIFFUSEMAP>gunz/Floor046.tga</DIFFUSEMAP>
		</MATERIAL>
		<MATERIAL name="gunz_Door004">
			<DIFFUSE>1.00000000 1.00000000 1.00000000</DIFFUSE>
			<AMBIENT>1.00000000 1.00000000 1.00000000</AMBIENT>
			<SPECULAR>1.00000000 1.00000000 1.00000000</SPECULAR>
			<DIFFUSEMAP>gunz/Door004.tga</DIFFUSEMAP>
		</MATERIAL>
		<MATERIAL name="gunz_Door005">
			<DIFFUSE>1.00000000 1.00000000 1.00000000</DIFFUSE>
			<AMBIENT>1.00000000 1.00000000 1.00000000</AMBIENT>
			<SPECULAR>1.00000000 1.00000000 1.00000000</SPECULAR>
			<DIFFUSEMAP>gunz/Door005.tga</DIFFUSEMAP>
		</MATERIAL>
		<MATERIAL name="gunz_Floor043">
			<DIFFUSE>1.00000000 1.00000000 1.00000000</DIFFUSE>
			<AMBIENT>1.00000000 1.00000000 1.00000000</AMBIENT>
			<SPECULAR>1.00000000 1.00000000 1.00000000</SPECULAR>
			<DIFFUSEMAP>gunz/Floor043.tga</DIFFUSEMAP>
		</MATERIAL>
		<MATERIAL name="gunz_Floor029">
			<DIFFUSE>1.00000000 1.00000000 1.00000000</DIFFUSE>
			<AMBIENT>1.00000000 1.00000000 1.00000000</AMBIENT>
			<SPECULAR>1.00000000 1.00000000 1.00000000</SPECULAR>
			<DIFFUSEMAP>gunz/Floor029.tga</DIFFUSEMAP>
		</MATERIAL>
		<MATERIAL name="gunz_Floor004">
			<DIFFUSE>1.00000000 1.00000000 1.00000000</DIFFUSE>
			<AMBIENT>1.00000000 1.00000000 1.00000000</AMBIENT>
			<SPECULAR>1.00000000 1.00000000 1.00000000</SPECULAR>
			<DIFFUSEMAP>gunz/Floor004.tga</DIFFUSEMAP>
		</MATERIAL>
		<MATERIAL name="Misc_laptoppic3">
			<DIFFUSE>1.00000000 1.00000000 1.00000000</DIFFUSE>
			<AMBIENT>1.00000000 1.00000000 1.00000000</AMBIENT>
			<SPECULAR>1.00000000 1.00000000 1.00000000</SPECULAR>
			<DIFFUSEMAP>Misc/laptoppic3.jpg</DIFFUSEMAP>
		</MATERIAL>
		<MATERIAL name="gunz_Wall014">
			<DIFFUSE>1.00000000 1.00000000 1.00000000</DIFFUSE>
			<AMBIENT>1.00000000 1.00000000 1.00000000</AMBIENT>
			<SPECULAR>1.00000000 1.00000000 1.00000000</SPECULAR>
			<DIFFUSEMAP>gunz/Wall014.tga</DIFFUSEMAP>
		</MATERIAL>
		<MATERIAL name="gunz_Floor045">
			<DIFFUSE>1.00000000 1.00000000 1.00000000</DIFFUSE>
			<AMBIENT>1.00000000 1.00000000 1.00000000</AMBIENT>
			<SPECULAR>1.00000000 1.00000000 1.00000000</SPECULAR>
			<DIFFUSEMAP>gunz/Floor045.tga</DIFFUSEMAP>
		</MATERIAL>
		<MATERIAL name="Misc_stripes">
			<DIFFUSE>1.00000000 1.00000000 1.00000000</DIFFUSE>
			<AMBIENT>1.00000000 1.00000000 1.00000000</AMBIENT>
			<SPECULAR>1.00000000 1.00000000 1.00000000</SPECULAR>
			<DIFFUSEMAP>Misc/stripes.tga</DIFFUSEMAP>
		</MATERIAL>
		<MATERIAL name="gunz_Wall053">
			<DIFFUSE>1.00000000 1.00000000 1.00000000</DIFFUSE>
			<AMBIENT>1.00000000 1.00000000 1.00000000</AMBIENT>
			<SPECULAR>1.00000000 1.00000000 1.00000000</SPECULAR>
			<DIFFUSEMAP>gunz/Wall053.tga</DIFFUSEMAP>
		</MATERIAL>
		<MATERIAL name="gunz_Wall056">
			<DIFFUSE>1.00000000 1.00000000 1.00000000</DIFFUSE>
			<AMBIENT>1.00000000 1.00000000 1.00000000</AMBIENT>
			<SPECULAR>1.00000000 1.00000000 1.00000000</SPECULAR>
			<DIFFUSEMAP>gunz/Wall056.tga</DIFFUSEMAP>
		</MATERIAL>
		<MATERIAL name="gunz_Box010">
			<DIFFUSE>1.00000000 1.00000000 1.00000000</DIFFUSE>
			<AMBIENT>1.00000000 1.00000000 1.00000000</AMBIENT>
			<SPECULAR>1.00000000 1.00000000 1.00000000</SPECULAR>
			<DIFFUSEMAP>gunz/Box010.tga</DIFFUSEMAP>
		</MATERIAL>
		<MATERIAL name="gunz_Box008">
			<DIFFUSE>1.00000000 1.00000000 1.00000000</DIFFUSE>
			<AMBIENT>1.00000000 1.00000000 1.00000000</AMBIENT>
			<SPECULAR>1.00000000 1.00000000 1.00000000</SPECULAR>
			<DIFFUSEMAP>gunz/Box008.tga</DIFFUSEMAP>
		</MATERIAL>
		<MATERIAL name="gunz_Box009">
			<DIFFUSE>1.00000000 1.00000000 1.00000000</DIFFUSE>
			<AMBIENT>1.00000000 1.00000000 1.00000000</AMBIENT>
			<SPECULAR>1.00000000 1.00000000 1.00000000</SPECULAR>
			<DIFFUSEMAP>gunz/Box009.tga</DIFFUSEMAP>
		</MATERIAL>
		<MATERIAL name="gunz_Box011">
			<DIFFUSE>1.00000000 1.00000000 1.00000000</DIFFUSE>
			<AMBIENT>1.00000000 1.00000000 1.00000000</AMBIENT>
			<SPECULAR>1.00000000 1.00000000 1.00000000</SPECULAR>
			<DIFFUSEMAP>gunz/Box011.tga</DIFFUSEMAP>
		</MATERIAL>
		<MATERIAL name="gunz_Box012">
			<DIFFUSE>1.00000000 1.00000000 1.00000000</DIFFUSE>
			<AMBIENT>1.00000000 1.00000000 1.00000000</AMBIENT>
			<SPECULAR>1.00000000 1.00000000 1.00000000</SPECULAR>
			<DIFFUSEMAP>gunz/Box012.tga</DIFFUSEMAP>
		</MATERIAL>
		<MATERIAL name="gunz_Floor030">
			<DIFFUSE>1.00000000 1.00000000 1.00000000</DIFFUSE>
			<AMBIENT>1.00000000 1.00000000 1.00000000</AMBIENT>
			<SPECULAR>1.00000000 1.00000000 1.00000000</SPECULAR>
			<DIFFUSEMAP>gunz/Floor030.tga</DIFFUSEMAP>
		</MATERIAL>
		<MATERIAL name="gunz_Box007">
			<DIFFUSE>1.00000000 1.00000000 1.00000000</DIFFUSE>
			<AMBIENT>1.00000000 1.00000000 1.00000000</AMBIENT>
			<SPECULAR>1.00000000 1.00000000 1.00000000</SPECULAR>
			<DIFFUSEMAP>gunz/Box007.tga</DIFFUSEMAP>
		</MATERIAL>
		<MATERIAL name="gunz_Box001">
			<DIFFUSE>1.00000000 1.00000000 1.00000000</DIFFUSE>
			<AMBIENT>1.00000000 1.00000000 1.00000000</AMBIENT>
			<SPECULAR>1.00000000 1.00000000 1.00000000</SPECULAR>
			<DIFFUSEMAP>gunz/Box001.tga</DIFFUSEMAP>
		</MATERIAL>
		<MATERIAL name="gunz_Floor005">
			<DIFFUSE>1.00000000 1.00000000 1.00000000</DIFFUSE>
			<AMBIENT>1.00000000 1.00000000 1.00000000</AMBIENT>
			<SPECULAR>1.00000000 1.00000000 1.00000000</SPECULAR>
			<DIFFUSEMAP>gunz/Floor005.tga</DIFFUSEMAP>
		</MATERIAL>
		<MATERIAL name="gunz_Floor048">
			<DIFFUSE>1.00000000 1.00000000 1.00000000</DIFFUSE>
			<AMBIENT>1.00000000 1.00000000 1.00000000</AMBIENT>
			<SPECULAR>1.00000000 1.00000000 1.00000000</SPECULAR>
			<DIFFUSEMAP>gunz/Floor048.tga</DIFFUSEMAP>
		</MATERIAL>
		<MATERIAL name="gunz_Floor003">
			<DIFFUSE>1.00000000 1.00000000 1.00000000</DIFFUSE>
			<AMBIENT>1.00000000 1.00000000 1.00000000</AMBIENT>
			<SPECULAR>1.00000000 1.00000000 1.00000000</SPECULAR>
			<DIFFUSEMAP>gunz/Floor003.tga</DIFFUSEMAP>
		</MATERIAL>
		<MATERIAL name="gunz_Door002">
			<DIFFUSE>1.00000000 1.00000000 1.00000000</DIFFUSE>
			<AMBIENT>1.00000000 1.00000000 1.00000000</AMBIENT>
			<SPECULAR>1.00000000 1.00000000 1.00000000</SPECULAR>
			<DIFFUSEMAP>gunz/Door002.tga</DIFFUSEMAP>
		</MATERIAL>
		<MATERIAL name="gunz_Box004">
			<DIFFUSE>1.00000000 1.00000000 1.00000000</DIFFUSE>
			<AMBIENT>1.00000000 1.00000000 1.00000000</AMBIENT>
			<SPECULAR>1.00000000 1.00000000 1.00000000</SPECULAR>
			<DIFFUSEMAP>gunz/Box004.tga</DIFFUSEMAP>
		</MATERIAL>
		<MATERIAL name="gunz_Box005">
			<DIFFUSE>1.00000000 1.00000000 1.00000000</DIFFUSE>
			<AMBIENT>1.00000000 1.00000000 1.00000000</AMBIENT>
			<SPECULAR>1.00000000 1.00000000 1.00000000</SPECULAR>
			<DIFFUSEMAP>gunz/Box005.tga</DIFFUSEMAP>
		</MATERIAL>
		<MATERIAL name="gunz_Wall054">
			<DIFFUSE>1.00000000 1.00000000 1.00000000</DIFFUSE>
			<AMBIENT>1.00000000 1.00000000 1.00000000</AMBIENT>
			<SPECULAR>1.00000000 1.00000000 1.00000000</SPECULAR>
			<DIFFUSEMAP>gunz/Wall054.tga</DIFFUSEMAP>
		</MATERIAL>
		<MATERIAL name="Misc_Building">
			<DIFFUSE>1.00000000 1.00000000 1.00000000</DIFFUSE>
			<AMBIENT>1.00000000 1.00000000 1.00000000</AMBIENT>
			<SPECULAR>1.00000000 1.00000000 1.00000000</SPECULAR>
			<DIFFUSEMAP>Misc/Building.jpg</DIFFUSEMAP>
		</MATERIAL>
		<MATERIAL name="Misc_Building2">
			<DIFFUSE>1.00000000 1.00000000 1.00000000</DIFFUSE>
			<AMBIENT>1.00000000 1.00000000 1.00000000</AMBIENT>
			<SPECULAR>1.00000000 1.00000000 1.00000000</SPECULAR>
			<DIFFUSEMAP>Misc/Building2.jpg</DIFFUSEMAP>
		</MATERIAL>
		<MATERIAL name="gunz_Wall063">
			<DIFFUSE>1.00000000 1.00000000 1.00000000</DIFFUSE>
			<AMBIENT>1.00000000 1.00000000 1.00000000</AMBIENT>
			<SPECULAR>1.00000000 1.00000000 1.00000000</SPECULAR>
			<DIFFUSEMAP>gunz/Wall063.tga</DIFFUSEMAP>
		</MATERIAL>
		<MATERIAL name="gunz_Wall059">
			<DIFFUSE>1.00000000 1.00000000 1.00000000</DIFFUSE>
			<AMBIENT>1.00000000 1.00000000 1.00000000</AMBIENT>
			<SPECULAR>1.00000000 1.00000000 1.00000000</SPECULAR>
			<DIFFUSEMAP>gunz/Wall059.tga</DIFFUSEMAP>
		</MATERIAL>
		<MATERIAL name="gunz_Wall061">
			<DIFFUSE>1.00000000 1.00000000 1.00000000</DIFFUSE>
			<AMBIENT>1.00000000 1.00000000 1.00000000</AMBIENT>
			<SPECULAR>1.00000000 1.00000000 1.00000000</SPECULAR>
			<DIFFUSEMAP>gunz/Wall061.tga</DIFFUSEMAP>
		</MATERIAL>
	</MATERIALLIST>
	<OBJECTLIST>
  		<OBJECT name="Town_obj_sky_daylight.elu">
  		</OBJECT>
	</OBJECTLIST> 
	<DUMMYLIST>
		<DUMMY name="spawn_team1_101">
			<POSITION>-2416.00000000 9912.00000000 -56.00000000</POSITION>
			<DIRECTION>0.00000000 1.00000000 0.00000000</DIRECTION>
		</DUMMY>
		<DUMMY name="spawn_team1_102">
			<POSITION>-1632.00000000 10576.00000000 -56.00000000</POSITION>
			<DIRECTION>0.00000000 1.00000000 0.00000000</DIRECTION>
		</DUMMY>
		<DUMMY name="spawn_team1_103">
			<POSITION>-1992.00000000 10568.00000000 -56.00000000</POSITION>
			<DIRECTION>0.00000000 1.00000000 0.00000000</DIRECTION>
		</DUMMY>
		<DUMMY name="spawn_team1_104">
			<POSITION>-2448.00000000 10616.00000000 -56.00000000</POSITION>
			<DIRECTION>0.00000000 1.00000000 0.00000000</DIRECTION>
		</DUMMY>
		<DUMMY name="spawn_team1_105">
			<POSITION>-2456.00000000 10264.00000000 -56.00000000</POSITION>
			<DIRECTION>0.00000000 1.00000000 0.00000000</DIRECTION>
		</DUMMY>
		<DUMMY name="spawn_team1_106">
			<POSITION>-1968.00000000 10280.00000000 -56.00000000</POSITION>
			<DIRECTION>0.00000000 1.00000000 0.00000000</DIRECTION>
		</DUMMY>
		<DUMMY name="spawn_team1_107">
			<POSITION>-1592.00000000 10256.00000000 -56.00000000</POSITION>
			<DIRECTION>0.00000000 1.00000000 0.00000000</DIRECTION>
		</DUMMY>
		<DUMMY name="spawn_team1_108">
			<POSITION>-1576.00000000 9888.00000000 -56.00000000</POSITION>
			<DIRECTION>0.00000000 1.00000000 0.00000000</DIRECTION>
		</DUMMY>
		<DUMMY name="spawn_team1_109">
			<POSITION>-1968.00000000 9912.00000000 -56.00000000</POSITION>
			<DIRECTION>0.00000000 1.00000000 0.00000000</DIRECTION>
		</DUMMY>
		<DUMMY name="spawn_team2_101">
			<POSITION>-1544.00000000 272.00000000 -56.00000000</POSITION>
			<DIRECTION>-0.00000000 -1.00000000 0.00000000</DIRECTION>
		</DUMMY>
		<DUMMY name="spawn_team2_102">
			<POSITION>-648.00000000 -464.00000000 -56.00000000</POSITION>
			<DIRECTION>-0.00000000 -1.00000000 0.00000000</DIRECTION>
		</DUMMY>
		<DUMMY name="spawn_team2_103">
			<POSITION>-1080.00000000 -496.00000000 -56.00000000</POSITION>
			<DIRECTION>-0.00000000 -1.00000000 0.00000000</DIRECTION>
		</DUMMY>
		<DUMMY name="spawn_team2_104">
			<POSITION>-1464.00000000 -504.00000000 -56.00000000</POSITION>
			<DIRECTION>-0.00000000 -1.00000000 0.00000000</DIRECTION>
		</DUMMY>
		<DUMMY name="spawn_team2_105">
			<POSITION>-1488.00000000 -200.00000000 -56.00000000</POSITION>
			<DIRECTION>-0.00000000 -1.00000000 0.00000000</DIRECTION>
		</DUMMY>
		<DUMMY name="spawn_team2_106">
			<POSITION>-1056.00000000 -128.00000000 -56.00000000</POSITION>
			<DIRECTION>-0.00000000 -1.00000000 0.00000000</DIRECTION>
		</DUMMY>
		<DUMMY name="spawn_team2_107">
			<POSITION>-648.00000000 -104.00000000 -56.00000000</POSITION>
			<DIRECTION>-0.00000000 -1.00000000 0.00000000</DIRECTION>
		</DUMMY>
		<DUMMY name="spawn_team2_108">
			<POSITION>-656.00000000 272.00000000 -56.00000000</POSITION>
			<DIRECTION>-0.00000000 -1.00000000 0.00000000</DIRECTION>
		</DUMMY>
		<DUMMY name="spawn_team2_109">
			<POSITION>-1112.00000000 264.00000000 -56.00000000</POSITION>
			<DIRECTION>-0.00000000 -1.00000000 0.00000000</DIRECTION>
		</DUMMY>
		<DUMMY name="spawn_solo_101">
			<POSITION>856.00000000 4560.00000000 -56.00000000</POSITION>
			<DIRECTION>-1.00000000 0.00000000 0.00000000</DIRECTION>
		</DUMMY>
		<DUMMY name="spawn_solo_102">
			<POSITION>-976.00000000 704.00000000 -56.00000000</POSITION>
			<DIRECTION>-1.00000000 0.00000000 0.00000000</DIRECTION>
		</DUMMY>
		<DUMMY name="spawn_solo_103">
			<POSITION>-1960.00000000 9128.00000000 -56.00000000</POSITION>
			<DIRECTION>-1.00000000 0.00000000 0.00000000</DIRECTION>
		</DUMMY>
		<DUMMY name="spawn_solo_104">
			<POSITION>-16.00000000 6824.00000000 -56.00000000</POSITION>
			<DIRECTION>-1.00000000 0.00000000 0.00000000</DIRECTION>
		</DUMMY>
		<DUMMY name="spawn_solo_105">
			<POSITION>-600.00000000 5408.00000000 -56.00000000</POSITION>
			<DIRECTION>-1.00000000 0.00000000 0.00000000</DIRECTION>
		</DUMMY>
		<DUMMY name="spawn_solo_106">
			<POSITION>-2728.00000000 5920.00000000 -56.00000000</POSITION>
			<DIRECTION>-1.00000000 0.00000000 0.00000000</DIRECTION>
		</DUMMY>
		<DUMMY name="spawn_solo_107">
			<POSITION>-1784.00000000 4216.00000000 -56.00000000</POSITION>
			<DIRECTION>-1.00000000 0.00000000 0.00000000</DIRECTION>
		</DUMMY>
		<DUMMY name="spawn_solo_108">
			<POSITION>-2984.00000000 2800.00000000 -56.00000000</POSITION>
			<DIRECTION>-1.00000000 0.00000000 0.00000000</DIRECTION>
		</DUMMY>
		<DUMMY name="obj_sky_daylight">
  			<POSITION>55267160891140097000000000000000.0000000 0.0000000 0.0000000</POSITION>
  			<DIRECTION>0.0000000 0.0000000 0.0000000</DIRECTION>
		</DUMMY> 
	</DUMMYLIST>
</XML>
