<?xml version="1.0" encoding="UTF-8"?>
<XML>
	<MATERIALLIST>
		<MATERIAL name="Kerbecs_IceBlock">
			<DIFFUSE>1.00000000 1.00000000 1.00000000</DIFFUSE>
			<AMBIENT>1.00000000 1.00000000 1.00000000</AMBIENT>
			<SPECULAR>1.00000000 1.00000000 1.00000000</SPECULAR>
			<DIFFUSEMAP>Kerbecs/IceBlock.png</DIFFUSEMAP>
		</MATERIAL>
		<MATERIAL name="Kerbecs_stonebrick_normal">
			<DIFFUSE>1.00000000 1.00000000 1.00000000</DIFFUSE>
			<AMBIENT>1.00000000 1.00000000 1.00000000</AMBIENT>
			<SPECULAR>1.00000000 1.00000000 1.00000000</SPECULAR>
			<DIFFUSEMAP>Kerbecs/stonebrick_normal.png</DIFFUSEMAP>
		</MATERIAL>
		<MATERIAL name="Kerbecs_stone">
			<DIFFUSE>1.00000000 1.00000000 1.00000000</DIFFUSE>
			<AMBIENT>1.00000000 1.00000000 1.00000000</AMBIENT>
			<SPECULAR>1.00000000 1.00000000 1.00000000</SPECULAR>
			<DIFFUSEMAP>Kerbecs/stone.jpg</DIFFUSEMAP>
		</MATERIAL>
		<MATERIAL name="Kerbecs_Floor001">
			<DIFFUSE>1.00000000 1.00000000 1.00000000</DIFFUSE>
			<AMBIENT>1.00000000 1.00000000 1.00000000</AMBIENT>
			<SPECULAR>1.00000000 1.00000000 1.00000000</SPECULAR>
			<DIFFUSEMAP>Kerbecs/Floor001.tga</DIFFUSEMAP>
		</MATERIAL>
		<MATERIAL name="Kerbecs_Floor006">
			<DIFFUSE>1.00000000 1.00000000 1.00000000</DIFFUSE>
			<AMBIENT>1.00000000 1.00000000 1.00000000</AMBIENT>
			<SPECULAR>1.00000000 1.00000000 1.00000000</SPECULAR>
			<DIFFUSEMAP>Kerbecs/Floor006.tga</DIFFUSEMAP>
		</MATERIAL>
		<MATERIAL name="Town_gzd_map_town_floor01.bmp">
			<DIFFUSE>1.00000000 1.00000000 1.00000000</DIFFUSE>
			<AMBIENT>1.00000000 1.00000000 1.00000000</AMBIENT>
			<SPECULAR>1.00000000 1.00000000 1.00000000</SPECULAR>
			<DIFFUSEMAP>Town/gzd_map_town_floor01.bmp</DIFFUSEMAP>
		</MATERIAL>
		<MATERIAL name="Castle_gzd_map_Castle_wall01.bmp">
			<DIFFUSE>1.00000000 1.00000000 1.00000000</DIFFUSE>
			<AMBIENT>1.00000000 1.00000000 1.00000000</AMBIENT>
			<SPECULAR>1.00000000 1.00000000 1.00000000</SPECULAR>
			<DIFFUSEMAP>Castle/gzd_map_Castle_wall01.bmp</DIFFUSEMAP>
		</MATERIAL>
		<MATERIAL name="symbolcolors_red">
			<DIFFUSE>1.00000000 1.00000000 1.00000000</DIFFUSE>
			<AMBIENT>1.00000000 1.00000000 1.00000000</AMBIENT>
			<SPECULAR>1.00000000 1.00000000 1.00000000</SPECULAR>
			<DIFFUSEMAP>symbolcolors/red.jpg</DIFFUSEMAP>
		</MATERIAL>
		<MATERIAL name="Kerbecs_brick">
			<DIFFUSE>1.00000000 1.00000000 1.00000000</DIFFUSE>
			<AMBIENT>1.00000000 1.00000000 1.00000000</AMBIENT>
			<SPECULAR>1.00000000 1.00000000 1.00000000</SPECULAR>
			<DIFFUSEMAP>Kerbecs/brick.jpg</DIFFUSEMAP>
		</MATERIAL>
		<MATERIAL name="Kerbecs_c_elecbox3a">
			<DIFFUSE>1.00000000 1.00000000 1.00000000</DIFFUSE>
			<AMBIENT>1.00000000 1.00000000 1.00000000</AMBIENT>
			<SPECULAR>1.00000000 1.00000000 1.00000000</SPECULAR>
			<DIFFUSEMAP>Kerbecs/c_elecbox3a.jpg</DIFFUSEMAP>
		</MATERIAL>
		<MATERIAL name="Kerbecs_whiteandblack">
			<DIFFUSE>1.00000000 1.00000000 1.00000000</DIFFUSE>
			<AMBIENT>1.00000000 1.00000000 1.00000000</AMBIENT>
			<SPECULAR>1.00000000 1.00000000 1.00000000</SPECULAR>
			<DIFFUSEMAP>Kerbecs/whiteandblack.jpg</DIFFUSEMAP>
		</MATERIAL>
		<MATERIAL name="banner-credits_bannercredits6">
			<DIFFUSE>1.00000000 1.00000000 1.00000000</DIFFUSE>
			<AMBIENT>1.00000000 1.00000000 1.00000000</AMBIENT>
			<SPECULAR>1.00000000 1.00000000 1.00000000</SPECULAR>
			<DIFFUSEMAP>banner-credits/bannercredits6.tga</DIFFUSEMAP>
		</MATERIAL>
		<MATERIAL name="banner-credits_bannercredits1">
			<DIFFUSE>1.00000000 1.00000000 1.00000000</DIFFUSE>
			<AMBIENT>1.00000000 1.00000000 1.00000000</AMBIENT>
			<SPECULAR>1.00000000 1.00000000 1.00000000</SPECULAR>
			<DIFFUSEMAP>banner-credits/bannercredits1.tga</DIFFUSEMAP>
		</MATERIAL>
		<MATERIAL name="Kerbecs_woodbrutal">
			<DIFFUSE>1.00000000 1.00000000 1.00000000</DIFFUSE>
			<AMBIENT>1.00000000 1.00000000 1.00000000</AMBIENT>
			<SPECULAR>1.00000000 1.00000000 1.00000000</SPECULAR>
			<DIFFUSEMAP>Kerbecs/woodbrutal.jpg</DIFFUSEMAP>
		</MATERIAL>
		<MATERIAL name="Kerbecs_^8804478CA0E424B9952C2A26AC907C705A03B01A466C8CBE1D^pimgpsh_thumbnail_win_distr">
			<DIFFUSE>1.00000000 1.00000000 1.00000000</DIFFUSE>
			<AMBIENT>1.00000000 1.00000000 1.00000000</AMBIENT>
			<SPECULAR>1.00000000 1.00000000 1.00000000</SPECULAR>
			<DIFFUSEMAP>Kerbecs/^8804478CA0E424B9952C2A26AC907C705A03B01A466C8CBE1D^pimgpsh_thumbnail_win_distr.tga</DIFFUSEMAP>
		</MATERIAL>
		<MATERIAL name="Colors_golden">
			<DIFFUSE>1.00000000 1.00000000 1.00000000</DIFFUSE>
			<AMBIENT>1.00000000 1.00000000 1.00000000</AMBIENT>
			<SPECULAR>1.00000000 1.00000000 1.00000000</SPECULAR>
			<DIFFUSEMAP>Colors/golden.tga</DIFFUSEMAP>
		</MATERIAL>
	</MATERIALLIST>
	<DUMMYLIST>
		<DUMMY name="spawn_solo_101">
			<POSITION>0.00000000 10.00000000 -4.00000000</POSITION>
			<DIRECTION>-1.00000000 0.00000000 0.00000000</DIRECTION>
		</DUMMY>
	</DUMMYLIST>
<FOG min="0" max="8000">
<R>191</R>
<G>235</G>
<B>255</B>
</FOG>
<GLOBAL>
<fog_enable>TRUE</fog_enable>
<fog_min>0</fog_min>
<fog_max>0</fog_max>
<fog_color>0,0,0</fog_color>
</GLOBAL>
</XML>
</XML>
