<?xml version="1.0" encoding="UTF-8"?>
<XML>
	<GAMETYPE id="solo">
		<SPAWN item="hp02" timesec="30000">
			<POSITION>1224.00000000 -7848.00000000 1224.00000000</POSITION>
		</SPAWN>
		<SPAWN item="hp02" timesec="30000">
			<POSITION>616.00000000 -9960.00000000 496.00000000</POSITION>
		</SPAWN>
		<SPAWN item="ap03" timesec="45000">
			<POSITION>192.00000000 -12520.00000000 456.00000000</POSITION>
		</SPAWN>
		<SPAWN item="ap03" timesec="45000">
			<POSITION>-2944.00000000 -9976.00000000 1248.00000000</POSITION>
		</SPAWN>
		<SPAWN item="bullet02" timesec="45000">
			<POSITION>120.00000000 -11560.00000000 -96.00000000</POSITION>
		</SPAWN>
</GAMETYPE><GAMETYPE id="team">
		<SPAWN item="hp02" timesec="30000">
			<POSITION>2000.00000000 -8808.00000000 520.00000000</POSITION>
		</SPAWN>
		<SPAWN item="hp02" timesec="30000">
			<POSITION>-2880.00000000 -9832.00000000 1296.00000000</POSITION>
		</SPAWN>
		<SPAWN item="ap03" timesec="45000">
			<POSITION>48.00000000 -8320.00000000 1752.00000000</POSITION>
		</SPAWN>
		<SPAWN item="ap03" timesec="45000">
			<POSITION>-2592.00000000 -10376.00000000 -296.00000000</POSITION>
		</SPAWN>
		<SPAWN item="bullet02" timesec="45000">
			<POSITION>-1408.00000000 -12688.00000000 -280.00000000</POSITION>
		</SPAWN>
		<SPAWN item="bullet02" timesec="45000">
			<POSITION>-112.00000000 -11080.00000000 2040.00000000</POSITION>
		</SPAWN>
</GAMETYPE>
</XML>