<?xml version="1.0" encoding="UTF-8"?>
<XML>
	<MATERIALLIST>
		<MATERIAL name="station_gzd_map_Sta_plate001.bmp_mt_met">
			<DIFFUSE>1.00000000 1.00000000 1.00000000</DIFFUSE>
			<AMBIENT>1.00000000 1.00000000 1.00000000</AMBIENT>
			<SPECULAR>1.00000000 1.00000000 1.00000000</SPECULAR>
			<DIFFUSEMAP>station/gzd_map_Sta_plate001.bmp</DIFFUSEMAP>
		</MATERIAL>
		<MATERIAL name="Prison_gzd_map_Prison_door001.bmp_mt_con">
			<DIFFUSE>1.00000000 1.00000000 1.00000000</DIFFUSE>
			<AMBIENT>1.00000000 1.00000000 1.00000000</AMBIENT>
			<SPECULAR>1.00000000 1.00000000 1.00000000</SPECULAR>
			<DIFFUSEMAP>Prison/gzd_map_Prison_door001.bmp</DIFFUSEMAP>
		</MATERIAL>
		<MATERIAL name="sam_floortiles_mt_con">
			<DIFFUSE>1.00000000 1.00000000 1.00000000</DIFFUSE>
			<AMBIENT>1.00000000 1.00000000 1.00000000</AMBIENT>
			<SPECULAR>1.00000000 1.00000000 1.00000000</SPECULAR>
			<DIFFUSEMAP>sam/floortiles.jpg</DIFFUSEMAP>
		</MATERIAL>
		<MATERIAL name="station_gzd_map_Sta_wall002.bmp">
			<DIFFUSE>1.00000000 1.00000000 1.00000000</DIFFUSE>
			<AMBIENT>1.00000000 1.00000000 1.00000000</AMBIENT>
			<SPECULAR>1.00000000 1.00000000 1.00000000</SPECULAR>
			<DIFFUSEMAP>station/gzd_map_Sta_wall002.bmp</DIFFUSEMAP>
		</MATERIAL>
		<MATERIAL name="station_gzd_map_Sta_floor001.bmp_mt_con">
			<DIFFUSE>1.00000000 1.00000000 1.00000000</DIFFUSE>
			<AMBIENT>1.00000000 1.00000000 1.00000000</AMBIENT>
			<SPECULAR>1.00000000 1.00000000 1.00000000</SPECULAR>
			<DIFFUSEMAP>station/gzd_map_Sta_floor001.bmp</DIFFUSEMAP>
		</MATERIAL>
		<MATERIAL name="common_blue">
			<DIFFUSE>1.00000000 1.00000000 1.00000000</DIFFUSE>
			<AMBIENT>1.00000000 1.00000000 1.00000000</AMBIENT>
			<SPECULAR>1.00000000 1.00000000 1.00000000</SPECULAR>
			<DIFFUSEMAP>common/blue.jpg</DIFFUSEMAP>
			<ADDITIVE/>
		</MATERIAL>
		<MATERIAL name="station_gzd_map_Sta_deco001.bmp_mt_met">
			<DIFFUSE>1.00000000 1.00000000 1.00000000</DIFFUSE>
			<AMBIENT>1.00000000 1.00000000 1.00000000</AMBIENT>
			<SPECULAR>1.00000000 1.00000000 1.00000000</SPECULAR>
			<DIFFUSEMAP>station/gzd_map_Sta_deco001.bmp</DIFFUSEMAP>
		</MATERIAL>
		<MATERIAL name="station_gzd_map_Sta_H-gang001_1.bmp_mt_met">
			<DIFFUSE>1.00000000 1.00000000 1.00000000</DIFFUSE>
			<AMBIENT>1.00000000 1.00000000 1.00000000</AMBIENT>
			<SPECULAR>1.00000000 1.00000000 1.00000000</SPECULAR>
			<DIFFUSEMAP>station/gzd_map_Sta_H-gang001_1.bmp</DIFFUSEMAP>
		</MATERIAL>
		<MATERIAL name="station_panels_mt_met">
			<DIFFUSE>1.00000000 1.00000000 1.00000000</DIFFUSE>
			<AMBIENT>1.00000000 1.00000000 1.00000000</AMBIENT>
			<SPECULAR>1.00000000 1.00000000 1.00000000</SPECULAR>
			<DIFFUSEMAP>station/panels.jpg</DIFFUSEMAP>
		</MATERIAL>
		<MATERIAL name="station_gzd_map_Sta_plate002.bmp_mt_met">
			<DIFFUSE>1.00000000 1.00000000 1.00000000</DIFFUSE>
			<AMBIENT>1.00000000 1.00000000 1.00000000</AMBIENT>
			<SPECULAR>1.00000000 1.00000000 1.00000000</SPECULAR>
			<DIFFUSEMAP>station/gzd_map_Sta_plate002.bmp</DIFFUSEMAP>
		</MATERIAL>
		<MATERIAL name="station_gzd_map_Sta_box_b01.bmp_mt_wod">
			<DIFFUSE>1.00000000 1.00000000 1.00000000</DIFFUSE>
			<AMBIENT>1.00000000 1.00000000 1.00000000</AMBIENT>
			<SPECULAR>1.00000000 1.00000000 1.00000000</SPECULAR>
			<DIFFUSEMAP>station/gzd_map_Sta_box_b01.bmp</DIFFUSEMAP>
		</MATERIAL>
		<MATERIAL name="station_gzd_map_Sta_box002_1.bmp_mt_wod">
			<DIFFUSE>1.00000000 1.00000000 1.00000000</DIFFUSE>
			<AMBIENT>1.00000000 1.00000000 1.00000000</AMBIENT>
			<SPECULAR>1.00000000 1.00000000 1.00000000</SPECULAR>
			<DIFFUSEMAP>station/gzd_map_Sta_box002_1.bmp</DIFFUSEMAP>
		</MATERIAL>
		<MATERIAL name="common_grey">
			<DIFFUSE>1.00000000 1.00000000 1.00000000</DIFFUSE>
			<AMBIENT>1.00000000 1.00000000 1.00000000</AMBIENT>
			<SPECULAR>1.00000000 1.00000000 1.00000000</SPECULAR>
			<DIFFUSEMAP>common/grey.jpg</DIFFUSEMAP>
			<ADDITIVE/>
		</MATERIAL>
	</MATERIALLIST>
	<DUMMYLIST>
		<DUMMY name="spawn_solo_101">
			<POSITION>328.00000000 928.00000000 304.00000000</POSITION>
			<DIRECTION>-1.00000000 0.00000000 0.00000000</DIRECTION>
		</DUMMY>
		<DUMMY name="spawn_solo_102">
			<POSITION>-248.00000000 928.00000000 304.00000000</POSITION>
			<DIRECTION>-1.00000000 0.00000000 0.00000000</DIRECTION>
		</DUMMY>
		<DUMMY name="spawn_solo_103">
			<POSITION>-632.00000000 744.00000000 304.00000000</POSITION>
			<DIRECTION>-1.00000000 0.00000000 0.00000000</DIRECTION>
		</DUMMY>
		<DUMMY name="spawn_solo_104">
			<POSITION>696.00000000 736.00000000 304.00000000</POSITION>
			<DIRECTION>-1.00000000 0.00000000 0.00000000</DIRECTION>
		</DUMMY>
		<DUMMY name="spawn_solo_105">
			<POSITION>464.00000000 240.00000000 304.00000000</POSITION>
			<DIRECTION>-1.00000000 0.00000000 0.00000000</DIRECTION>
		</DUMMY>
		<DUMMY name="spawn_solo_106">
			<POSITION>-376.00000000 232.00000000 304.00000000</POSITION>
			<DIRECTION>-1.00000000 0.00000000 0.00000000</DIRECTION>
		</DUMMY>
	</DUMMYLIST>
        <FOG min="0" max="7000"> 
      <R>0</R> 
      <G>182</G> 
      <B>0</B> 
   </FOG>
</XML>
