﻿<?xml version="1.0" encoding="UTF-8" ?>
<XML>
<MAP id="0" MapName ="Mansion" MapImageName= "map_Mansion.bmp" BannerName = "banner_Mansion.tga" ExpRatio ="1" MaxPlayers ="16" bOnlyDuelMap = "false"></MAP>
<MAP id="1" MapName ="Prison" MapImageName= "map_Prison.bmp" BannerName = "banner_Prison.tga" ExpRatio ="1" MaxPlayers ="16" bOnlyDuelMap = "false"></MAP>
<MAP id="2" MapName ="Station" MapImageName= "map_Station.bmp" BannerName = "banner_Station.tga" ExpRatio ="1" MaxPlayers ="16" bOnlyDuelMap = "false"></MAP>
<MAP id="3" MapName ="Prison II" MapImageName= "map_Prison II.bmp" BannerName = "banner_Prison II.tga" ExpRatio ="1" MaxPlayers ="16" bOnlyDuelMap = "false"></MAP>
<MAP id="4" MapName ="Battle Arena" MapImageName= "map_Battle Arena.bmp" BannerName = "banner_Battle Arena.tga" ExpRatio ="1" MaxPlayers ="16" bOnlyDuelMap = "false"></MAP>
<MAP id="5" MapName ="Town" MapImageName= "map_Town.bmp" BannerName = "banner_Town.tga" ExpRatio ="1" MaxPlayers ="16" bOnlyDuelMap = "false"></MAP>
<MAP id="6" MapName ="Dungeon" MapImageName= "map_Dungeon.bmp" BannerName = "banner_Dungeon.tga" ExpRatio ="1" MaxPlayers ="16" bOnlyDuelMap = "false"></MAP>
<MAP id="7" MapName ="Ruin" MapImageName= "map_Ruin.bmp" BannerName = "banner_Ruin.tga" ExpRatio ="1" MaxPlayers ="16" bOnlyDuelMap = "false"></MAP>
<MAP id="8" MapName ="Island" MapImageName= "map_island.bmp" BannerName = "banner_island.tga" ExpRatio ="1" MaxPlayers ="16" bOnlyDuelMap = "false"></MAP>
<MAP id="9" MapName ="Garden" MapImageName= "map_Garden.bmp" BannerName = "banner_Garden.tga" ExpRatio ="1" MaxPlayers ="16" bOnlyDuelMap = "false"></MAP>
<MAP id="10" MapName ="Castle" MapImageName= "map_Castle.bmp" BannerName = "banner_Castle.tga" ExpRatio ="1" MaxPlayers ="16" bOnlyDuelMap = "false"></MAP>
<MAP id="11" MapName ="Factory" MapImageName= "map_Factory.bmp" BannerName = "banner_Factory.tga" ExpRatio ="1" MaxPlayers ="16" bOnlyDuelMap = "false"></MAP>
<MAP id="12" MapName ="Port" MapImageName= "map_Port.bmp" BannerName = "banner_port.tga" ExpRatio ="1" MaxPlayers ="16" bOnlyDuelMap = "false"></MAP>
<MAP id="13" MapName ="Lost Shrine" MapImageName= "map_Lost Shrine.bmp" BannerName = "banner_Lost Shrine.tga" ExpRatio ="1" MaxPlayers ="16" bOnlyDuelMap = "false"></MAP>
<MAP id="14" MapName ="Stairway" MapImageName= "map_Stairway.bmp" BannerName = "banner_Stairway.tga" ExpRatio ="1" MaxPlayers ="16" bOnlyDuelMap = "false"></MAP>
<MAP id="15" MapName ="Snow_Town" MapImageName= "map_Snow_Town.bmp" BannerName = "banner_Snow_Town.tga" ExpRatio ="1" MaxPlayers ="16" bOnlyDuelMap = "false"></MAP>
<MAP id="16" MapName ="Hall" MapImageName= "map_mansion.bmp" BannerName = "banner_Mansion.tga" ExpRatio ="1" MaxPlayers ="16" bOnlyDuelMap = "false"></MAP>
<MAP id="17" MapName ="Catacomb" MapImageName= "map_Dungeon.bmp" BannerName = "banner_Dungeon.tga" ExpRatio ="1" MaxPlayers ="16" bOnlyDuelMap = "false"></MAP>
<MAP id="18" MapName ="Jail" MapImageName= "map_Prison.bmp" BannerName = "banner_Prison.tga" ExpRatio ="1" MaxPlayers ="16" bOnlyDuelMap = "false"></MAP>
<MAP id="19" MapName ="Shower Room" MapImageName= "map_Prison II.bmp" BannerName = "banner_Prison II.tga" ExpRatio ="1" MaxPlayers ="16" bOnlyDuelMap = "false"></MAP>
<MAP id="20" MapName ="High_Haven" MapImageName= "map_High_Haven.bmp" BannerName = "banner_High_Haven.tga" ExpRatio ="1" MaxPlayers ="16" bOnlyDuelMap = "false"></MAP>
<MAP id="21" MapName ="Citadel" MapImageName= "map_Citadel.bmp" BannerName = "banner_Citadel.tga" ExpRatio ="1" MaxPlayers ="16" bOnlyDuelMap = "false"></MAP>
<MAP id="22" MapName ="RelayMap" MapImageName= "RelayMap" BannerName = "banner_RelayMap.tga" ExpRatio ="1" MaxPlayers ="16" bOnlyDuelMap = "false"></MAP>
<MAP id="23" MapName ="Halloween Town" MapImageName= "map_Halloween Town.bmp" BannerName = "banner_Halloween Town.tga" ExpRatio ="1" MaxPlayers ="16" bOnlyDuelMap = "false"></MAP>
<MAP id="24" MapName ="WeaponShop" MapImageName= "map_WeaponShop.bmp" BannerName = "banner_WeaponShop.tga" ExpRatio ="1" MaxPlayers ="16" bOnlyDuelMap = "false"></MAP>
</XML>
