﻿<?xml version="1.0" encoding="UTF-8" ?>
<XML id="scenario">

<!-- Mansion Standard -->
<STANDARD_SCENARIO
	QL="0"
	title="Quest Mansion QL0"
	DC="1"
	mapset="Mansion"
	XP="20000"
	BP="2500">

	<!--  Hall1 맵 부터 시작 -->
	<MAP dice="1" key_sector="101">
		<NPCSET_ARRAY>G01/G02/G03</NPCSET_ARRAY>
	</MAP>
	<MAP dice="2" key_sector="102">
		<NPCSET_ARRAY>G01/G02/G03</NPCSET_ARRAY>
	</MAP>
	<MAP dice="3" key_sector="103">
		<NPCSET_ARRAY>G01/G02/G03</NPCSET_ARRAY>
	</MAP>
	<MAP dice="4" key_sector="105">
		<NPCSET_ARRAY>G01/G02/G03</NPCSET_ARRAY>
	</MAP>
	<MAP dice="5" key_sector="107">
		<NPCSET_ARRAY>G01/G02/G03</NPCSET_ARRAY>
	</MAP>
	<MAP dice="6" key_sector="109">
		<NPCSET_ARRAY>G01/G02/G03</NPCSET_ARRAY>
	</MAP>
</STANDARD_SCENARIO>

<STANDARD_SCENARIO
	QL="1"
	title="Quest Mansion QL1"
	DC="1"
	mapset="Mansion"
	XP="50000"
	BP="5000">

	<!--  Hall1 맵 부터 시작 -->
	<MAP dice="1" key_sector="101">
		<NPCSET_ARRAY>G11/G12/G13/G14</NPCSET_ARRAY>
	</MAP>
	<MAP dice="2" key_sector="102">
		<NPCSET_ARRAY>G11/G12/G13/G14</NPCSET_ARRAY>
	</MAP>
	<MAP dice="3" key_sector="103">
		<NPCSET_ARRAY>G11/G12/G13/G14</NPCSET_ARRAY>
	</MAP>
	<MAP dice="4" key_sector="105">
		<NPCSET_ARRAY>G11/G12/G13/G14</NPCSET_ARRAY>
	</MAP>
	<MAP dice="5" key_sector="107">
		<NPCSET_ARRAY>G11/G12/G13/G14</NPCSET_ARRAY>
	</MAP>
	<MAP dice="6" key_sector="109">
		<NPCSET_ARRAY>G11/G12/G13/G14</NPCSET_ARRAY>
	</MAP>
</STANDARD_SCENARIO>

<STANDARD_SCENARIO
	QL="2"
	title="Quest Mansion QL2"
	DC="1"
	mapset="Mansion"
	XP="160000"
	BP="12000">

	<!--  Hall1 맵 부터 시작 -->
	<MAP dice="1" key_sector="101">
		<NPCSET_ARRAY>G21/G22/G23/G24/G25</NPCSET_ARRAY>
	</MAP>
	<MAP dice="2" key_sector="102">
		<NPCSET_ARRAY>G21/G22/G23/G24/G25</NPCSET_ARRAY>
	</MAP>
	<MAP dice="3" key_sector="103">
		<NPCSET_ARRAY>G21/G22/G23/G24/G25</NPCSET_ARRAY>
	</MAP>
	<MAP dice="4" key_sector="105">
		<NPCSET_ARRAY>G21/G22/G23/G24/G25</NPCSET_ARRAY>
	</MAP>
	<MAP dice="5" key_sector="107">
		<NPCSET_ARRAY>G21/G22/G23/G24/G25</NPCSET_ARRAY>
	</MAP>
	<MAP dice="6" key_sector="109">
		<NPCSET_ARRAY>G21/G22/G23/G24/G25</NPCSET_ARRAY>
	</MAP>
</STANDARD_SCENARIO>

<STANDARD_SCENARIO
	QL="3"
	title="Quest Mansion QL3"
	DC="1"
	mapset="Mansion"
	XP="320000"
	BP="25000">
	
	<!--  Hall1 맵 부터 시작 -->
	<MAP dice="1" key_sector="101">
		<NPCSET_ARRAY>G31/G32/G33/G34/G35</NPCSET_ARRAY>
	</MAP>
	<MAP dice="2" key_sector="102">
		<NPCSET_ARRAY>G31/G32/G33/G34/G35</NPCSET_ARRAY>
	</MAP>
	<MAP dice="3" key_sector="103">
		<NPCSET_ARRAY>G31/G32/G33/G34/G35</NPCSET_ARRAY>
	</MAP>
	<MAP dice="4" key_sector="105">
		<NPCSET_ARRAY>G31/G32/G33/G34/G35</NPCSET_ARRAY>
	</MAP>
	<MAP dice="5" key_sector="107">
		<NPCSET_ARRAY>G31/G32/G33/G34/G35</NPCSET_ARRAY>
	</MAP>
	<MAP dice="6" key_sector="109">
		<NPCSET_ARRAY>G31/G32/G33/G34/G35</NPCSET_ARRAY>
	</MAP>
</STANDARD_SCENARIO>

<STANDARD_SCENARIO
	QL="4"
	title="Quest Mansion QL4"
	DC="1"
	mapset="Mansion"
	XP="640000"
	BP="50000">
	
	<!--  Hall1 맵 부터 시작 -->
	<MAP dice="1" key_sector="101">
		<NPCSET_ARRAY>G41/G42/G43/G44/G45</NPCSET_ARRAY>
	</MAP>
	<MAP dice="2" key_sector="102">
		<NPCSET_ARRAY>G41/G42/G43/G44/G45</NPCSET_ARRAY>
	</MAP>
	<MAP dice="3" key_sector="103">
		<NPCSET_ARRAY>G41/G42/G43/G44/G45</NPCSET_ARRAY>
	</MAP>
	<MAP dice="4" key_sector="105">
		<NPCSET_ARRAY>G41/G42/G43/G44/G45</NPCSET_ARRAY>
	</MAP>
	<MAP dice="5" key_sector="107">
		<NPCSET_ARRAY>G41/G42/G43/G44/G45</NPCSET_ARRAY>
	</MAP>
	<MAP dice="6" key_sector="109">
		<NPCSET_ARRAY>G41/G42/G43/G44/G45</NPCSET_ARRAY>
	</MAP>
</STANDARD_SCENARIO>

<STANDARD_SCENARIO
	QL="5"
	title="Quest Mansion QL5"
	DC="1"
	mapset="Mansion"
	XP="1280000"
	BP="120000">
	
	<!--  Hall1 맵 부터 시작 -->
	<MAP dice="1" key_sector="101">
		<NPCSET_ARRAY>G51/G52/G53/G54/G55</NPCSET_ARRAY>
	</MAP>
	<MAP dice="2" key_sector="102">
		<NPCSET_ARRAY>G51/G52/G53/G54/G55</NPCSET_ARRAY>
	</MAP>
	<MAP dice="3" key_sector="103">
		<NPCSET_ARRAY>G51/G52/G53/G54/G55</NPCSET_ARRAY>
	</MAP>
	<MAP dice="4" key_sector="105">
		<NPCSET_ARRAY>G51/G52/G53/G54/G55</NPCSET_ARRAY>
	</MAP>
	<MAP dice="5" key_sector="107">
		<NPCSET_ARRAY>G51/G52/G53/G54/G55</NPCSET_ARRAY>
	</MAP>
	<MAP dice="6" key_sector="109">
		<NPCSET_ARRAY>G51/G52/G53/G54/G55</NPCSET_ARRAY>
	</MAP>
</STANDARD_SCENARIO>


<!-- Mansion Boss -->
<SPECIAL_SCENARIO id="11"
	title="Goblin King"
	QL="1"
	DC="1"
	mapset="Mansion"
	XP="1000000"
	BP="100000">
	<SACRI_ITEM itemid="200008" />		<!-- 고블린의 두골 -->
	<SACRI_ITEM itemid="200018" />		<!-- 그림스크의 목걸이 -->
	
	<MAP dice="1" key_sector="102" key_npc="16" boss="true" >
		<NPCSET_ARRAY>G61</NPCSET_ARRAY>
	    <JACO count="2" tick="5" min_npc="0" max_npc="13">
	        <NPC npcid="11" rate="0.2" />
		    <NPC npcid="12" rate="0.3" />
		    <NPC npcid="13" rate="0.2" />
		    <NPC npcid="14" rate="0.2" />
		    <NPC npcid="15" rate="0.1" />
		</JACO>
	</MAP>
	<MAP dice="2" key_sector="102" key_npc="16" boss="true">
		<NPCSET_ARRAY>G61</NPCSET_ARRAY>
	    <JACO count="2" tick="5" min_npc="0" max_npc="13">
	        <NPC npcid="11" rate="0.2" />
		    <NPC npcid="12" rate="0.3" />
		    <NPC npcid="13" rate="0.2" />
		    <NPC npcid="14" rate="0.2" />
		    <NPC npcid="15" rate="0.1" />
		</JACO>
	</MAP>
	<MAP dice="3" key_sector="102" key_npc="16" boss="true">
		<NPCSET_ARRAY>G61</NPCSET_ARRAY>
	    <JACO count="2" tick="5" min_npc="0" max_npc="13">
	        <NPC npcid="11" rate="0.2" />
		    <NPC npcid="12" rate="0.3" />
		    <NPC npcid="13" rate="0.2" />
		    <NPC npcid="14" rate="0.2" />
		    <NPC npcid="15" rate="0.1" />
		</JACO>
	</MAP>
	<MAP dice="4" key_sector="102" key_npc="16" boss="true">
		<NPCSET_ARRAY>G61</NPCSET_ARRAY>
	    <JACO count="2" tick="5" min_npc="0" max_npc="13">
	        <NPC npcid="11" rate="0.2" />
		    <NPC npcid="12" rate="0.3" />
		    <NPC npcid="13" rate="0.2" />
		    <NPC npcid="14" rate="0.2" />
		    <NPC npcid="15" rate="0.1" />
		</JACO>
	</MAP>
	<MAP dice="5" key_sector="102" key_npc="16" boss="true">
		<NPCSET_ARRAY>G61</NPCSET_ARRAY>
	    <JACO count="2" tick="5" min_npc="0" max_npc="13">
	        <NPC npcid="11" rate="0.2" />
		    <NPC npcid="12" rate="0.3" />
		    <NPC npcid="13" rate="0.2" />
		    <NPC npcid="14" rate="0.2" />
		    <NPC npcid="15" rate="0.1" />
		</JACO>
	</MAP>
	<MAP dice="6" key_sector="102" key_npc="16" boss="true">
		<NPCSET_ARRAY>G61</NPCSET_ARRAY>
	    <JACO count="2" tick="5" min_npc="0" max_npc="13">
	        <NPC npcid="11" rate="0.2" />
		    <NPC npcid="12" rate="0.3" />
		    <NPC npcid="13" rate="0.2" />
		    <NPC npcid="14" rate="0.2" />
		    <NPC npcid="15" rate="0.1" />
		</JACO>
	</MAP>
</SPECIAL_SCENARIO>

<SPECIAL_SCENARIO id="12"
	title="Fake Goblin King"
	QL="1"
	DC="1"
	mapset="Mansion"
	XP="800000"
	BP="80000">
	<SACRI_ITEM itemid="200021" /> 		<!-- 고블린 인형 -->
	<SACRI_ITEM itemid="200008" />		<!-- 고블린의 두골 -->
	
	<MAP dice="1" key_sector="102" key_npc="17" boss="true" >
		<NPCSET_ARRAY>G62</NPCSET_ARRAY>
	    <JACO count="2" tick="5" min_npc="0" max_npc="9">
	        <NPC npcid="11" rate="0.3" />
		    <NPC npcid="12" rate="0.2" />
		    <NPC npcid="13" rate="0.2" />
		    <NPC npcid="14" rate="0.2" />
		    <NPC npcid="15" rate="0.1" />
		</JACO>
	</MAP>
	<MAP dice="2" key_sector="102" key_npc="17" boss="true">
		<NPCSET_ARRAY>G62</NPCSET_ARRAY>
	    <JACO count="2" tick="5" min_npc="0" max_npc="9">
	        <NPC npcid="11" rate="0.3" />
		    <NPC npcid="12" rate="0.2" />
		    <NPC npcid="13" rate="0.2" />
		    <NPC npcid="14" rate="0.2" />
		    <NPC npcid="15" rate="0.1" />
		</JACO>
	</MAP>
	<MAP dice="3" key_sector="102" key_npc="17" boss="true">
		<NPCSET_ARRAY>G62</NPCSET_ARRAY>
	    <JACO count="2" tick="5" min_npc="0" max_npc="9">
	        <NPC npcid="11" rate="0.3" />
		    <NPC npcid="12" rate="0.2" />
		    <NPC npcid="13" rate="0.2" />
		    <NPC npcid="14" rate="0.2" />
		    <NPC npcid="15" rate="0.1" />
		</JACO>
	</MAP>
	<MAP dice="4" key_sector="102" key_npc="17" boss="true">
		<NPCSET_ARRAY>G62</NPCSET_ARRAY>
	    <JACO count="2" tick="5" min_npc="0" max_npc="9">
	        <NPC npcid="11" rate="0.3" />
		    <NPC npcid="12" rate="0.2" />
		    <NPC npcid="13" rate="0.2" />
		    <NPC npcid="14" rate="0.2" />
		    <NPC npcid="15" rate="0.1" />
		</JACO>
	</MAP>
	<MAP dice="5" key_sector="102" key_npc="17" boss="true">
		<NPCSET_ARRAY>G62</NPCSET_ARRAY>
	    <JACO count="2" tick="5" min_npc="0" max_npc="9">
	        <NPC npcid="11" rate="0.3" />
		    <NPC npcid="12" rate="0.2" />
		    <NPC npcid="13" rate="0.2" />
		    <NPC npcid="14" rate="0.2" />
		    <NPC npcid="15" rate="0.1" />
		</JACO>
	</MAP>
	<MAP dice="6" key_sector="102" key_npc="17" boss="true">
		<NPCSET_ARRAY>G62</NPCSET_ARRAY>
	    <JACO count="2" tick="5" min_npc="0" max_npc="9">
	        <NPC npcid="11" rate="0.3" />
		    <NPC npcid="12" rate="0.2" />
		    <NPC npcid="13" rate="0.2" />
		    <NPC npcid="14" rate="0.2" />
		    <NPC npcid="15" rate="0.1" />
		</JACO>
	</MAP>
</SPECIAL_SCENARIO>

<SPECIAL_SCENARIO id="13"
	title="Thunder Goblin King"
	QL="1"
	DC="1"
	mapset="Mansion"
	XP="1200000"
	BP="100000">
	<SACRI_ITEM itemid="200009" />		<!-- 고블린 킹의 두골 -->
	<SACRI_ITEM itemid="200018" />		<!-- 그림스크의 목걸이 -->
	
	<MAP dice="1" key_sector="102" key_npc="101" boss="true" >
		<NPCSET_ARRAY>G63</NPCSET_ARRAY>
	</MAP>
	<MAP dice="2" key_sector="102" key_npc="101" boss="true">
		<NPCSET_ARRAY>G63</NPCSET_ARRAY>
	</MAP>
	<MAP dice="3" key_sector="102" key_npc="101" boss="true">
		<NPCSET_ARRAY>G63</NPCSET_ARRAY>
	</MAP>
	<MAP dice="4" key_sector="102" key_npc="101" boss="true">
		<NPCSET_ARRAY>G63</NPCSET_ARRAY>
	</MAP>
	<MAP dice="5" key_sector="102" key_npc="101" boss="true">
		<NPCSET_ARRAY>G63</NPCSET_ARRAY>
	</MAP>
	<MAP dice="6" key_sector="102" key_npc="101" boss="true">
		<NPCSET_ARRAY>G63</NPCSET_ARRAY>
	</MAP>
</SPECIAL_SCENARIO>

<SPECIAL_SCENARIO id="14"
	title="Dwarf Goblin King"
	QL="1"
	DC="1"
	mapset="Mansion"
	XP="1200000"
	BP="100000">
	<SACRI_ITEM itemid="200009" />		<!-- 고블린 킹의 두골 -->
	<SACRI_ITEM itemid="200021" />		<!-- 고블린 인형 -->
	
	<MAP dice="1" key_sector="102" key_npc="19" boss="true" >
		<NPCSET_ARRAY>G64</NPCSET_ARRAY>
	</MAP>
	<MAP dice="2" key_sector="102" key_npc="19" boss="true">
		<NPCSET_ARRAY>G64</NPCSET_ARRAY>
	</MAP>
	<MAP dice="3" key_sector="102" key_npc="19" boss="true">
		<NPCSET_ARRAY>G64</NPCSET_ARRAY>
	</MAP>
	<MAP dice="4" key_sector="102" key_npc="19" boss="true">
		<NPCSET_ARRAY>G64</NPCSET_ARRAY>
	</MAP>
	<MAP dice="5" key_sector="102" key_npc="19" boss="true">
		<NPCSET_ARRAY>G64</NPCSET_ARRAY>
	</MAP>
	<MAP dice="6" key_sector="102" key_npc="19" boss="true">
		<NPCSET_ARRAY>G64</NPCSET_ARRAY>
	</MAP>
</SPECIAL_SCENARIO>

<SPECIAL_SCENARIO id="45"
	title="Zombie King"
	QL="1"
	DC="1"
	mapset="Mansion"
	XP="3000000"
	BP="200000">
	<SACRI_ITEM itemid="200012" />		
	
	<MAP dice="1" key_sector="405" key_npc="149" boss="true" >
		<NPCSET_ARRAY>Z01</NPCSET_ARRAY>
	    <JACO count="2" tick="5" min_npc="0" max_npc="13">
	        <NPC npcid="147" rate="0.2" />
		    <NPC npcid="148" rate="0.3" />
		</JACO>
	</MAP>
	<MAP dice="2" key_sector="405" key_npc="149" boss="true">
		<NPCSET_ARRAY>Z01</NPCSET_ARRAY>
	    <JACO count="2" tick="5" min_npc="0" max_npc="13">
	        <NPC npcid="147" rate="0.2" />
		    <NPC npcid="148" rate="0.3" />
		</JACO>
	</MAP>
	<MAP dice="3" key_sector="405" key_npc="149" boss="true">
		<NPCSET_ARRAY>Z01</NPCSET_ARRAY>
	    <JACO count="2" tick="5" min_npc="0" max_npc="13">
	        <NPC npcid="147" rate="0.2" />
		    <NPC npcid="148" rate="0.3" />
		</JACO>
	</MAP>
	<MAP dice="4" key_sector="405" key_npc="149" boss="true">
		<NPCSET_ARRAY>Z01</NPCSET_ARRAY>
	    <JACO count="2" tick="5" min_npc="0" max_npc="13">
	        <NPC npcid="147" rate="0.2" />
		    <NPC npcid="148" rate="0.3" />
		</JACO>
	</MAP>
	<MAP dice="5" key_sector="405" key_npc="149" boss="true">
		<NPCSET_ARRAY>Z01</NPCSET_ARRAY>
	    <JACO count="2" tick="5" min_npc="0" max_npc="13">
	        <NPC npcid="147" rate="0.2" />
		    <NPC npcid="148" rate="0.3" />
		</JACO>
	</MAP>
	<MAP dice="6" key_sector="405" key_npc="149" boss="true">
		<NPCSET_ARRAY>Z01</NPCSET_ARRAY>
	    <JACO count="2" tick="5" min_npc="0" max_npc="13">
	        <NPC npcid="147" rate="0.2" />
		    <NPC npcid="148" rate="0.3" />
		</JACO>
	</MAP>
</SPECIAL_SCENARIO>

<SPECIAL_SCENARIO id="46"
	title="Zombie Queen"
	QL="2"
	DC="1"
	mapset="Mansion"
	XP="4500000"
	BP="200000">
	<SACRI_ITEM itemid="200013" />		
	
	<MAP dice="1" key_sector="405" key_npc="150" boss="true" >
		<NPCSET_ARRAY>Z01</NPCSET_ARRAY>
	    <JACO count="2" tick="5" min_npc="0" max_npc="13">
	        <NPC npcid="147" rate="0.2" />
		    <NPC npcid="148" rate="0.3" />
		</JACO>
	</MAP>
	<MAP dice="2" key_sector="405" key_npc="150" boss="true">
		<NPCSET_ARRAY>Z01</NPCSET_ARRAY>
	    <JACO count="2" tick="5" min_npc="0" max_npc="13">
	        <NPC npcid="147" rate="0.2" />
		    <NPC npcid="148" rate="0.3" />
		</JACO>
	</MAP>
	<MAP dice="3" key_sector="405" key_npc="150" boss="true">
		<NPCSET_ARRAY>Z01</NPCSET_ARRAY>
	    <JACO count="2" tick="5" min_npc="0" max_npc="13">
	        <NPC npcid="147" rate="0.2" />
		    <NPC npcid="148" rate="0.3" />
		</JACO>
	</MAP>
	<MAP dice="4" key_sector="405" key_npc="150" boss="true">
		<NPCSET_ARRAY>Z01</NPCSET_ARRAY>
	    <JACO count="2" tick="5" min_npc="0" max_npc="13">
	        <NPC npcid="147" rate="0.2" />
		    <NPC npcid="148" rate="0.3" />
		</JACO>
	</MAP>
	<MAP dice="5" key_sector="405" key_npc="150" boss="true">
		<NPCSET_ARRAY>Z01</NPCSET_ARRAY>
	    <JACO count="2" tick="5" min_npc="0" max_npc="13">
	        <NPC npcid="147" rate="0.2" />
		    <NPC npcid="148" rate="0.3" />
		</JACO>
	</MAP>
	<MAP dice="6" key_sector="405" key_npc="150" boss="true">
		<NPCSET_ARRAY>Z01</NPCSET_ARRAY>
	    <JACO count="2" tick="5" min_npc="0" max_npc="13">
	        <NPC npcid="147" rate="0.2" />
		    <NPC npcid="148" rate="0.3" />
		</JACO>
	</MAP>
</SPECIAL_SCENARIO>

<!-- Custom Mansion Quest -->
<SPECIAL_SCENARIO id="15"
	title="Goblin Recipical Kings"
	QL="3"
	DC="1"
	mapset="Mansion"
	XP="10000000"
	BP="1000000">
	<SACRI_ITEM itemid="200018" />	
	<SACRI_ITEM itemid="200038" />	
	
	<MAP dice="1" key_sector="102" key_npc="100">
		<NPCSET_ARRAY>G69/G70</NPCSET_ARRAY>
	</MAP>
	<MAP dice="2" key_sector="103" key_npc="100">
		<NPCSET_ARRAY>G69/G70</NPCSET_ARRAY>
	</MAP>
	<MAP dice="3" key_sector="104" key_npc="100">
		<NPCSET_ARRAY>G69/G70</NPCSET_ARRAY>
	</MAP>
	<MAP dice="4" key_sector="105" key_npc="100">
		<NPCSET_ARRAY>G69/G70</NPCSET_ARRAY>
	</MAP>
	<MAP dice="5" key_sector="106" key_npc="100">
		<NPCSET_ARRAY>G69/G70</NPCSET_ARRAY>
	</MAP>
	<MAP dice="6" key_sector="107" key_npc="100">
		<NPCSET_ARRAY>G69/G70</NPCSET_ARRAY>
	</MAP>
</SPECIAL_SCENARIO>


<!-- Prison Standard -->
<STANDARD_SCENARIO
	QL="0"
	title="Quest Prison QL0"
	DC="1"
	mapset="Prison"
	XP="20000"
	BP="2500">

	<!-- Prison 맵 부터 시작 -->
	<MAP dice="1" key_sector="204">
		<NPCSET_ARRAY>K01/K02/K03/K04</NPCSET_ARRAY>
	</MAP>
	<MAP dice="2" key_sector="204">
		<NPCSET_ARRAY>K01/K02/K03/K04</NPCSET_ARRAY>
	</MAP>
	<MAP dice="3" key_sector="204">
		<NPCSET_ARRAY>K01/K02/K03/K04</NPCSET_ARRAY>
	</MAP>
	<MAP dice="4" key_sector="204">
		<NPCSET_ARRAY>K01/K02/K03/K04</NPCSET_ARRAY>
	</MAP>
	<MAP dice="5" key_sector="204">
		<NPCSET_ARRAY>K01/K02/K03/K04</NPCSET_ARRAY>
	</MAP>
	<MAP dice="6" key_sector="204">
		<NPCSET_ARRAY>K01/K02/K03/K04</NPCSET_ARRAY>
	</MAP>
</STANDARD_SCENARIO>

<STANDARD_SCENARIO
	QL="1"
	title="Quest Prison QL1"
	DC="1"
	mapset="Prison"
	XP="50000"
	BP="5000">

	<!-- Prison 맵 부터 시작 -->
	<MAP dice="1" key_sector="205">
		<NPCSET_ARRAY>K11/K12/K13/K14/K15</NPCSET_ARRAY>
	</MAP>
	<MAP dice="2" key_sector="205">
		<NPCSET_ARRAY>K11/K12/K13/K14/K15</NPCSET_ARRAY>
	</MAP>
	<MAP dice="3" key_sector="205">
		<NPCSET_ARRAY>K11/K12/K13/K14/K15</NPCSET_ARRAY>
	</MAP>
	<MAP dice="4" key_sector="205">
		<NPCSET_ARRAY>K11/K12/K13/K14/K15</NPCSET_ARRAY>
	</MAP>
	<MAP dice="5" key_sector="205">
		<NPCSET_ARRAY>K11/K12/K13/K14/K15</NPCSET_ARRAY>
	</MAP>
	<MAP dice="6" key_sector="205">
		<NPCSET_ARRAY>K11/K12/K13/K14/K15</NPCSET_ARRAY>
	</MAP>
</STANDARD_SCENARIO>

<STANDARD_SCENARIO
	QL="2"
	title="Quest Prison QL2"
	DC="1"
	mapset="Prison"
	XP="160000"
	BP="12000">

	<!-- Shower Room 맵 부터 시작 -->
	<MAP dice="1" key_sector="207">
		<NPCSET_ARRAY>K21/K22/K23/K24/K25</NPCSET_ARRAY>
	</MAP>
	<MAP dice="2" key_sector="207">
		<NPCSET_ARRAY>K21/K22/K23/K24/K25</NPCSET_ARRAY>
	</MAP>
	<MAP dice="3" key_sector="207">
		<NPCSET_ARRAY>K21/K22/K23/K24/K25</NPCSET_ARRAY>
	</MAP>
	<MAP dice="4" key_sector="207">
		<NPCSET_ARRAY>K21/K22/K23/K24/K25</NPCSET_ARRAY>
	</MAP>
	<MAP dice="5" key_sector="207">
		<NPCSET_ARRAY>K21/K22/K23/K24/K25</NPCSET_ARRAY>
	</MAP>
	<MAP dice="6" key_sector="207">
		<NPCSET_ARRAY>K21/K22/K23/K24/K25</NPCSET_ARRAY>
	</MAP>
</STANDARD_SCENARIO>

<STANDARD_SCENARIO
	QL="3"
	title="Quest Prison QL3"
	DC="1"
	mapset="Prison"
	XP="320000"
	BP="25000">
	
	<!-- Hall 1 맵 부터 시작 -->
	<MAP dice="1" key_sector="209">
		<NPCSET_ARRAY>K31/K32/K33/K34/K35</NPCSET_ARRAY>
	</MAP>
	<MAP dice="2" key_sector="209">
		<NPCSET_ARRAY>K31/K32/K33/K34/K35</NPCSET_ARRAY>
	</MAP>
	<MAP dice="3" key_sector="209">
		<NPCSET_ARRAY>K31/K32/K33/K34/K35</NPCSET_ARRAY>
	</MAP>
	<MAP dice="4" key_sector="209">
		<NPCSET_ARRAY>K31/K32/K33/K34/K35</NPCSET_ARRAY>
	</MAP>
	<MAP dice="5" key_sector="209">
		<NPCSET_ARRAY>K31/K32/K33/K34/K35</NPCSET_ARRAY>
	</MAP>
	<MAP dice="6" key_sector="209">
		<NPCSET_ARRAY>K31/K32/K33/K34/K35</NPCSET_ARRAY>
	</MAP>
</STANDARD_SCENARIO>

<STANDARD_SCENARIO
	QL="4"
	title="Quest Prison QL4"
	DC="1"
	mapset="Prison"
	XP="640000"
	BP="50000">
	
	<!-- Hall 1 맵 부터 시작 -->
	<MAP dice="1" key_sector="209">
		<NPCSET_ARRAY>K41/K42/K43/K44/K45</NPCSET_ARRAY>
	</MAP>
	<MAP dice="2" key_sector="209">
		<NPCSET_ARRAY>K41/K42/K43/K44/K45</NPCSET_ARRAY>
	</MAP>
	<MAP dice="3" key_sector="209">
		<NPCSET_ARRAY>K41/K42/K43/K44/K45</NPCSET_ARRAY>
	</MAP>
	<MAP dice="4" key_sector="209">
		<NPCSET_ARRAY>K41/K42/K43/K44/K45</NPCSET_ARRAY>
	</MAP>
	<MAP dice="5" key_sector="209">
		<NPCSET_ARRAY>K41/K42/K43/K44/K45</NPCSET_ARRAY>
	</MAP>
	<MAP dice="6" key_sector="209">
		<NPCSET_ARRAY>K41/K42/K43/K44/K45</NPCSET_ARRAY>
	</MAP>
</STANDARD_SCENARIO>

<STANDARD_SCENARIO
	QL="5"
	title="Quest Prison QL5"
	DC="1"
	mapset="Prison"
	XP="1280000"
	BP="120000">
	
	<!-- Drainage 1 맵 부터 시작 -->
	<MAP dice="1" key_sector="209">
		<NPCSET_ARRAY>K51/K52/K53/K54</NPCSET_ARRAY>
	</MAP>
	<MAP dice="2" key_sector="209">
		<NPCSET_ARRAY>K51/K52/K53/K54</NPCSET_ARRAY>
	</MAP>
	<MAP dice="3" key_sector="209">
		<NPCSET_ARRAY>K51/K52/K53/K54</NPCSET_ARRAY>
	</MAP>
	<MAP dice="4" key_sector="209">
		<NPCSET_ARRAY>K51/K52/K53/K54</NPCSET_ARRAY>
	</MAP>
	<MAP dice="5" key_sector="209">
		<NPCSET_ARRAY>K51/K52/K53/K54</NPCSET_ARRAY>
	</MAP>
	<MAP dice="6" key_sector="209">
		<NPCSET_ARRAY>K51/K52/K53/K54</NPCSET_ARRAY>
	</MAP>
</STANDARD_SCENARIO>

<!-- Prison Boss -->
<SPECIAL_SCENARIO id="21"
	title="Giant Lizardman"
	QL="1"
	DC="1"
	mapset="Prison"
	XP="60000"
	BP="6000">
	<SACRI_ITEM itemid="200016" />		<!-- 금 귀걸이 -->
	<SACRI_ITEM itemid="200017" />		<!-- 플래티넘 귀걸이 -->
	<MAP dice="1" key_sector="208" key_npc="25" boss="true" >
		<NPCSET_ARRAY>K61/K62/K63</NPCSET_ARRAY>
	    <JACO count="2" tick="5" min_npc="0" max_npc="11">
	        <NPC npcid="21" rate="1.0" />
		</JACO>
	</MAP>
	<MAP dice="2" key_sector="208" key_npc="25" boss="true">
		<NPCSET_ARRAY>K61/K62/K63</NPCSET_ARRAY>
	    <JACO count="2" tick="5" min_npc="0" max_npc="11">
	        <NPC npcid="21" rate="1.0" />
		</JACO>
	</MAP>
	<MAP dice="3" key_sector="208" key_npc="25" boss="true">
		<NPCSET_ARRAY>K61/K62/K63</NPCSET_ARRAY>
	    <JACO count="2" tick="5" min_npc="0" max_npc="11">
	        <NPC npcid="21" rate="1.0" />
		</JACO>
	</MAP>
	<MAP dice="4" key_sector="208" key_npc="25" boss="true">
		<NPCSET_ARRAY>K61/K62/K63</NPCSET_ARRAY>
	    <JACO count="2" tick="5" min_npc="0" max_npc="11">
	        <NPC npcid="21" rate="1.0" />
		</JACO>
	</MAP>
	<MAP dice="5" key_sector="208" key_npc="25" boss="true">
		<NPCSET_ARRAY>K61/K62/K63</NPCSET_ARRAY>
	    <JACO count="2" tick="5" min_npc="0" max_npc="11">
	        <NPC npcid="21" rate="1.0" />
		</JACO>
	</MAP>
	<MAP dice="6" key_sector="208" key_npc="25" boss="true">
		<NPCSET_ARRAY>K61/K62/K63</NPCSET_ARRAY>
	    <JACO count="2" tick="5" min_npc="0" max_npc="11">
	        <NPC npcid="21" rate="1.0" />
		</JACO>
	</MAP>
</SPECIAL_SCENARIO>

<SPECIAL_SCENARIO id="22"
	title="Broken Golem"
	QL="1"
	DC="1"
	mapset="Prison"
	XP="80000"
	BP="8000">
	<SACRI_ITEM itemid="200020" />		<!-- 리쟈드 인형 -->
	<SACRI_ITEM itemid="200037" />		<!-- 고급 기어 -->
	<MAP dice="1" key_sector="205" key_npc="26" boss="true" >
		<NPCSET_ARRAY>K71/K72/K73</NPCSET_ARRAY>
	    <JACO count="2" tick="5" min_npc="0" max_npc="10">
	        <NPC npcid="21" rate="0.65" />
		    <NPC npcid="22" rate="0.15" />
		    <NPC npcid="23" rate="0.13" />
		    <NPC npcid="24" rate="0.07" />
		</JACO>
	</MAP>
	<MAP dice="2" key_sector="205" key_npc="26" boss="true">
		<NPCSET_ARRAY>K71/K72/K73</NPCSET_ARRAY>
	    <JACO count="2" tick="5" min_npc="0" max_npc="10">
	        <NPC npcid="21" rate="0.65" />
		    <NPC npcid="22" rate="0.15" />
		    <NPC npcid="23" rate="0.13" />
		    <NPC npcid="24" rate="0.07" />
		</JACO>
	</MAP>
	<MAP dice="3" key_sector="205" key_npc="26" boss="true">
		<NPCSET_ARRAY>K71/K72/K73</NPCSET_ARRAY>
	    <JACO count="2" tick="5" min_npc="0" max_npc="10">
	        <NPC npcid="21" rate="0.65" />
		    <NPC npcid="22" rate="0.15" />
		    <NPC npcid="23" rate="0.13" />
		    <NPC npcid="24" rate="0.07" />
		</JACO>
	</MAP>
	<MAP dice="4" key_sector="205" key_npc="26" boss="true">
		<NPCSET_ARRAY>K71/K72/K73</NPCSET_ARRAY>
	    <JACO count="2" tick="5" min_npc="0" max_npc="10">
	        <NPC npcid="21" rate="0.65" />
		    <NPC npcid="22" rate="0.15" />
		    <NPC npcid="23" rate="0.13" />
		    <NPC npcid="24" rate="0.07" />
		</JACO>
	</MAP>
	<MAP dice="5" key_sector="205" key_npc="26" boss="true">
		<NPCSET_ARRAY>K71/K72/K73</NPCSET_ARRAY>
	    <JACO count="2" tick="5" min_npc="0" max_npc="10">
	        <NPC npcid="21" rate="0.65" />
		    <NPC npcid="22" rate="0.15" />
		    <NPC npcid="23" rate="0.13" />
		    <NPC npcid="24" rate="0.07" />
		</JACO>
	</MAP>
	<MAP dice="6" key_sector="205" key_npc="26" boss="true">
		<NPCSET_ARRAY>K71/K72/K73</NPCSET_ARRAY>
	    <JACO count="2" tick="5" min_npc="0" max_npc="10">
	        <NPC npcid="21" rate="0.65" />
		    <NPC npcid="22" rate="0.15" />
		    <NPC npcid="23" rate="0.13" />
		    <NPC npcid="24" rate="0.07" />
		</JACO>
	</MAP>
</SPECIAL_SCENARIO>

<!-- Custom Made Prison -->
<SPECIAL_SCENARIO id="503"
	title="Deadway Lv.1"
	QL="2"
	DC="1"
	mapset="Prison"
	XP="1200000"
	BP="20000"
	sector_xp="1200000"
	sector_bp="20000">
	
  <SACRI_ITEM itemid="200022" />
  <SACRI_ITEM itemid="200001" />

	<MAP dice="1" key_sector="203">
		<NPCSET_ARRAY>P02/P12/P22</NPCSET_ARRAY>
	</MAP>
	<MAP dice="2" key_sector="204">
		<NPCSET_ARRAY>P02/P12/P22</NPCSET_ARRAY>
	</MAP>
	<MAP dice="3" key_sector="205">
		<NPCSET_ARRAY>P02/P12/P22</NPCSET_ARRAY>
	</MAP>
	<MAP dice="4" key_sector="206">
		<NPCSET_ARRAY>P02/P12/P22</NPCSET_ARRAY>
	</MAP>
	<MAP dice="5" key_sector="207">
		<NPCSET_ARRAY>P02/P12/P22</NPCSET_ARRAY>
	</MAP>
	<MAP dice="6" key_sector="208">
		<NPCSET_ARRAY>P02/P12/P22</NPCSET_ARRAY>
	</MAP>
</SPECIAL_SCENARIO>

<SPECIAL_SCENARIO id="504"
	title="Deadway Lv.2"
	QL="2"
	DC="1"
	mapset="Prison"
	XP="1500000"
	BP="20000"
	sector_xp="1400000"
	sector_bp="20000">
	
  <SACRI_ITEM itemid="200022" />
  <SACRI_ITEM itemid="200002" />

	<MAP dice="1" key_sector="203">
		<NPCSET_ARRAY>P03/P13/P23</NPCSET_ARRAY>
	</MAP>
	<MAP dice="2" key_sector="204">
		<NPCSET_ARRAY>P03/P13/P23</NPCSET_ARRAY>
	</MAP>
	<MAP dice="3" key_sector="205">
		<NPCSET_ARRAY>P03/P13/P23</NPCSET_ARRAY>
	</MAP>
	<MAP dice="4" key_sector="206">
		<NPCSET_ARRAY>P03/P13/P23</NPCSET_ARRAY>
	</MAP>
	<MAP dice="5" key_sector="207">
		<NPCSET_ARRAY>P03/P13/P23</NPCSET_ARRAY>
	</MAP>
	<MAP dice="6" key_sector="208">
		<NPCSET_ARRAY>P03/P13/P23</NPCSET_ARRAY>
	</MAP>
</SPECIAL_SCENARIO>

<SPECIAL_SCENARIO id="505"
	title="Deadway Lv.3"
	QL="3"
	DC="1"
	mapset="Prison"
	XP="1650000"
	BP="20000"
	sector_xp="1600000"
	sector_bp="20000">
	
  <SACRI_ITEM itemid="200022" />
  <SACRI_ITEM itemid="200003" />

	<MAP dice="1" key_sector="203">
		<NPCSET_ARRAY>P01/P02/P03/P13/P23</NPCSET_ARRAY>
	</MAP>
	<MAP dice="2" key_sector="204">
		<NPCSET_ARRAY>P01/P02/P03/P13/P23</NPCSET_ARRAY>
	</MAP>
	<MAP dice="3" key_sector="205">
		<NPCSET_ARRAY>P01/P02/P03/P13/P23</NPCSET_ARRAY>
	</MAP>
	<MAP dice="4" key_sector="206">
		<NPCSET_ARRAY>P01/P02/P03/P13/P23</NPCSET_ARRAY>
	</MAP>
	<MAP dice="5" key_sector="207">
		<NPCSET_ARRAY>P01/P02/P03/P13/P23</NPCSET_ARRAY>
	</MAP>
	<MAP dice="6" key_sector="208">
		<NPCSET_ARRAY>P01/P02/P03/P13/P23</NPCSET_ARRAY>
	</MAP>
</SPECIAL_SCENARIO>

<SPECIAL_SCENARIO id="506"
	title="Deadway Lv.4"
	QL="3"
	DC="1"
	mapset="Prison"
	XP="2000000"
	BP="20000"
	sector_xp="1800000"
	sector_bp="20000">
	
  <SACRI_ITEM itemid="200022" />
  <SACRI_ITEM itemid="200004" />

	<MAP dice="1" key_sector="203">
		<NPCSET_ARRAY>P01/P02/P03/P13</NPCSET_ARRAY>
	</MAP>
	<MAP dice="2" key_sector="204">
		<NPCSET_ARRAY>P01/P02/P03/P13</NPCSET_ARRAY>
	</MAP>
	<MAP dice="3" key_sector="205">
		<NPCSET_ARRAY>P01/P02/P03/P13</NPCSET_ARRAY>
	</MAP>
	<MAP dice="4" key_sector="206">
		<NPCSET_ARRAY>P01/P02/P03/P13</NPCSET_ARRAY>
	</MAP>
	<MAP dice="5" key_sector="207">
		<NPCSET_ARRAY>P01/P02/P03/P13</NPCSET_ARRAY>
	</MAP>
	<MAP dice="6" key_sector="208">
		<NPCSET_ARRAY>P01/P02/P03/P13</NPCSET_ARRAY>
	</MAP>
</SPECIAL_SCENARIO>

<!-- Dungeon Stantard -->
<STANDARD_SCENARIO
	QL="0"
	title="Quest Dungeon QL0"
	DC="1"
	mapset="Dungeon"
	XP="20000"
	BP="2500">

	<!-- nest1 맵 부터 시작 -->
	<MAP dice="1" key_sector="303">
		<NPCSET_ARRAY>S01/S02/S03</NPCSET_ARRAY>
	</MAP>
	<MAP dice="2" key_sector="303">
		<NPCSET_ARRAY>S01/S02/S03</NPCSET_ARRAY>
	</MAP>
	<MAP dice="3" key_sector="303">
		<NPCSET_ARRAY>S01/S02/S03</NPCSET_ARRAY>
	</MAP>
	<MAP dice="4" key_sector="303">
		<NPCSET_ARRAY>S01/S02/S03</NPCSET_ARRAY>
	</MAP>
	<MAP dice="5" key_sector="303">
		<NPCSET_ARRAY>S01/S02/S03</NPCSET_ARRAY>
	</MAP>
	<MAP dice="6" key_sector="303">
		<NPCSET_ARRAY>S01/S02/S03</NPCSET_ARRAY>
	</MAP>
</STANDARD_SCENARIO>

<STANDARD_SCENARIO
	QL="1"
	title="Quest Dungeon QL1"
	DC="1"
	mapset="Dungeon"
	XP="50000"
	BP="5000">

	<!-- nest1 맵 부터 시작 -->
	<MAP dice="1" key_sector="304">
		<NPCSET_ARRAY>S11/S12/S13/S14</NPCSET_ARRAY>
	</MAP>
	<MAP dice="2" key_sector="304">
		<NPCSET_ARRAY>S11/S12/S13/S14</NPCSET_ARRAY>
	</MAP>
	<MAP dice="3" key_sector="304">
		<NPCSET_ARRAY>S11/S12/S13/S14</NPCSET_ARRAY>
	</MAP>
	<MAP dice="4" key_sector="304">
		<NPCSET_ARRAY>S11/S12/S13/S14</NPCSET_ARRAY>
	</MAP>
	<MAP dice="5" key_sector="304">
		<NPCSET_ARRAY>S11/S12/S13/S14</NPCSET_ARRAY>
	</MAP>
	<MAP dice="6" key_sector="304">
		<NPCSET_ARRAY>S11/S12/S13/S14</NPCSET_ARRAY>
	</MAP>
</STANDARD_SCENARIO>

<STANDARD_SCENARIO
	QL="2"
	title="Quest Dungeon QL2"
	DC="1"
	mapset="Dungeon"
	XP="160000"
	BP="12000">

	<!-- passage3 맵 부터 시작 -->
	<MAP dice="1" key_sector="306">
		<NPCSET_ARRAY>S21/S22/S23/S24/S25</NPCSET_ARRAY>
	</MAP>
	<MAP dice="2" key_sector="306">
		<NPCSET_ARRAY>S21/S22/S23/S24/S25</NPCSET_ARRAY>
	</MAP>
	<MAP dice="3" key_sector="306">
		<NPCSET_ARRAY>S21/S22/S23/S24/S25</NPCSET_ARRAY>
	</MAP>
	<MAP dice="4" key_sector="306">
		<NPCSET_ARRAY>S21/S22/S23/S24/S25</NPCSET_ARRAY>
	</MAP>
	<MAP dice="5" key_sector="306">
		<NPCSET_ARRAY>S21/S22/S23/S24/S25</NPCSET_ARRAY>
	</MAP>
	<MAP dice="6" key_sector="306">
		<NPCSET_ARRAY>S21/S22/S23/S24/S25</NPCSET_ARRAY>
	</MAP>
</STANDARD_SCENARIO>

<STANDARD_SCENARIO
	QL="3"
	title="Quest Dungeon QL3"
	DC="1"
	mapset="Dungeon"
	XP="320000"
	BP="25000">
	
	<!-- passage1 맵 부터 시작 -->
	<MAP dice="1" key_sector="307">
		<NPCSET_ARRAY>S31/S32/S33/S34/S35</NPCSET_ARRAY>
	</MAP>
	<MAP dice="2" key_sector="307">
		<NPCSET_ARRAY>S31/S32/S33/S34/S35</NPCSET_ARRAY>
	</MAP>
	<MAP dice="3" key_sector="307">
		<NPCSET_ARRAY>S31/S32/S33/S34/S35</NPCSET_ARRAY>
	</MAP>
	<MAP dice="4" key_sector="307">
		<NPCSET_ARRAY>S31/S32/S33/S34/S35</NPCSET_ARRAY>
	</MAP>
	<MAP dice="5" key_sector="307">
		<NPCSET_ARRAY>S31/S32/S33/S34/S35</NPCSET_ARRAY>
	</MAP>
	<MAP dice="6" key_sector="307">
		<NPCSET_ARRAY>S31/S32/S33/S34/S35</NPCSET_ARRAY>
	</MAP>
</STANDARD_SCENARIO>

<STANDARD_SCENARIO
	QL="4"
	title="Quest Dungeon QL4"
	DC="1"
	mapset="Dungeon"
	XP="640000"
	BP="50000">
	
	<!-- cavern2 맵 부터 시작 -->
	<MAP dice="1" key_sector="308">
		<NPCSET_ARRAY>S41/S42/S43/S44/S45</NPCSET_ARRAY>
	</MAP>
	<MAP dice="2" key_sector="308">
		<NPCSET_ARRAY>S41/S42/S43/S44/S45</NPCSET_ARRAY>
	</MAP>
	<MAP dice="3" key_sector="308">
		<NPCSET_ARRAY>S41/S42/S43/S44/S45</NPCSET_ARRAY>
	</MAP>
	<MAP dice="4" key_sector="308">
		<NPCSET_ARRAY>S41/S42/S43/S44/S45</NPCSET_ARRAY>
	</MAP>
	<MAP dice="5" key_sector="308">
		<NPCSET_ARRAY>S41/S42/S43/S44/S45</NPCSET_ARRAY>
	</MAP>
	<MAP dice="6" key_sector="308">
		<NPCSET_ARRAY>S41/S42/S43/S44/S45</NPCSET_ARRAY>
	</MAP>
</STANDARD_SCENARIO>

<STANDARD_SCENARIO
	QL="5"
	title="Quest Dungeon QL5"
	DC="1"
	mapset="Dungeon"
	XP="1280000"
	BP="120000">
	
	<!-- cavern1 맵 부터 시작 -->
	<MAP dice="1" key_sector="309">
		<NPCSET_ARRAY>S51/S52/S53/S54/S55</NPCSET_ARRAY>
	</MAP>
	<MAP dice="2" key_sector="309">
		<NPCSET_ARRAY>S51/S52/S53/S54/S55</NPCSET_ARRAY>
	</MAP>
	<MAP dice="3" key_sector="309">
		<NPCSET_ARRAY>S51/S52/S53/S54/S55</NPCSET_ARRAY>
	</MAP>
	<MAP dice="4" key_sector="309">
		<NPCSET_ARRAY>S51/S52/S53/S54/S55</NPCSET_ARRAY>
	</MAP>
	<MAP dice="5" key_sector="309">
		<NPCSET_ARRAY>S51/S52/S53/S54/S55</NPCSET_ARRAY>
	</MAP>
	<MAP dice="6" key_sector="309">
		<NPCSET_ARRAY>S51/S52/S53/S54/S55</NPCSET_ARRAY>
	</MAP>
</STANDARD_SCENARIO>


<!-- Dungeon Boss -->
<SPECIAL_SCENARIO id="31"
	title="Superion The Tainted"
	QL="1"
	DC="1"
	mapset="Dungeon"
	XP="1000000"
	BP="100000">
	<SACRI_ITEM itemid="200006" />		<!-- 큰두골 -->
	<SACRI_ITEM itemid="200019" />		<!-- 스켈레톤 인형 -->

	<MAP dice="1" key_sector="306" key_npc="37" boss="true" >
		<NPCSET_ARRAY>S61/S62/S63/S64</NPCSET_ARRAY>
	    <JACO count="2" tick="5" min_npc="0" max_npc="12">
	        <NPC npcid="31" rate="0.5" />
	        <NPC npcid="32" rate="0.2" />
		    <NPC npcid="33" rate="0.3" />
		</JACO>
	</MAP>
	<MAP dice="2" key_sector="306" key_npc="37" boss="true">
		<NPCSET_ARRAY>S61/S62/S63/S64</NPCSET_ARRAY>
	    <JACO count="2" tick="5" min_npc="0" max_npc="12">
	        <NPC npcid="31" rate="0.5" />
	        <NPC npcid="32" rate="0.2" />
		    <NPC npcid="33" rate="0.3" />
		</JACO>
	</MAP>
	<MAP dice="3" key_sector="306" key_npc="37" boss="true">
		<NPCSET_ARRAY>S61/S62/S63/S64</NPCSET_ARRAY>
	    <JACO count="2" tick="5" min_npc="0" max_npc="12">
	        <NPC npcid="31" rate="0.5" />
	        <NPC npcid="32" rate="0.2" />
		    <NPC npcid="33" rate="0.3" />
		</JACO>
	</MAP>
	<MAP dice="4" key_sector="306" key_npc="37" boss="true">
		<NPCSET_ARRAY>S61/S62/S63/S64</NPCSET_ARRAY>
	    <JACO count="2" tick="5" min_npc="0" max_npc="12">
	        <NPC npcid="31" rate="0.5" />
	        <NPC npcid="32" rate="0.2" />
		    <NPC npcid="33" rate="0.3" />
		</JACO>
	</MAP>
	<MAP dice="5" key_sector="306" key_npc="37" boss="true">
		<NPCSET_ARRAY>S61/S62/S63/S64</NPCSET_ARRAY>
	    <JACO count="2" tick="5" min_npc="0" max_npc="12">
	        <NPC npcid="31" rate="0.5" />
	        <NPC npcid="32" rate="0.2" />
		    <NPC npcid="33" rate="0.3" />
		</JACO>
	</MAP>
	<MAP dice="6" key_sector="306" key_npc="37" boss="true">
		<NPCSET_ARRAY>S61/S62/S63/S64</NPCSET_ARRAY>
	    <JACO count="2" tick="5" min_npc="0" max_npc="12">
	        <NPC npcid="31" rate="0.5" />
	        <NPC npcid="32" rate="0.2" />
		    <NPC npcid="33" rate="0.3" />
		</JACO>
	</MAP>
</SPECIAL_SCENARIO>

<SPECIAL_SCENARIO id="32"
	title="Aneramon The Wicked"
	QL="1"
	DC="1"
	mapset="Dungeon"
	XP="1000000"
	BP="100000">
	<SACRI_ITEM itemid="200007" />		<!-- 수수께기의 두골 -->
	<SACRI_ITEM itemid="200019" />		<!-- 스켈레톤 인형 -->
	
	<MAP dice="1" key_sector="307" key_npc="38" boss="true" >
		<NPCSET_ARRAY>S71/S72/S73/S74</NPCSET_ARRAY>
	    <JACO count="2" tick="5" min_npc="0" max_npc="12">
	        <NPC npcid="31" rate="0.2" />
	        <NPC npcid="32" rate="0.2" />
	        <NPC npcid="33" rate="0.3" />
		    <NPC npcid="35" rate="0.3" />
		</JACO>
	</MAP>
	<MAP dice="2" key_sector="307" key_npc="38" boss="true">
		<NPCSET_ARRAY>S71/S72/S73/S74</NPCSET_ARRAY>
	    <JACO count="2" tick="5" min_npc="0" max_npc="12">
	        <NPC npcid="31" rate="0.2" />
	        <NPC npcid="32" rate="0.2" />
	        <NPC npcid="33" rate="0.3" />
		    <NPC npcid="35" rate="0.3" />
		</JACO>
	</MAP>
	<MAP dice="3" key_sector="307" key_npc="38" boss="true">
		<NPCSET_ARRAY>S71/S72/S73/S74</NPCSET_ARRAY>
	    <JACO count="2" tick="5" min_npc="0" max_npc="12">
	        <NPC npcid="31" rate="0.2" />
	        <NPC npcid="32" rate="0.2" />
	        <NPC npcid="33" rate="0.3" />
		    <NPC npcid="35" rate="0.3" />
		</JACO>
	</MAP>
	<MAP dice="4" key_sector="307" key_npc="38" boss="true">
		<NPCSET_ARRAY>S71/S72/S73/S74</NPCSET_ARRAY>
	    <JACO count="2" tick="5" min_npc="0" max_npc="12">
	        <NPC npcid="31" rate="0.2" />
	        <NPC npcid="32" rate="0.2" />
	        <NPC npcid="33" rate="0.3" />
		    <NPC npcid="35" rate="0.3" />
		</JACO>
	</MAP>
	<MAP dice="5" key_sector="307" key_npc="38" boss="true">
		<NPCSET_ARRAY>S71/S72/S73/S74</NPCSET_ARRAY>
	    <JACO count="2" tick="5" min_npc="0" max_npc="12">
	        <NPC npcid="31" rate="0.2" />
	        <NPC npcid="32" rate="0.2" />
	        <NPC npcid="33" rate="0.3" />
		    <NPC npcid="35" rate="0.3" />
		</JACO>
	</MAP>
	<MAP dice="6" key_sector="307" key_npc="38" boss="true">
		<NPCSET_ARRAY>S71/S72/S73/S74</NPCSET_ARRAY>
	    <JACO count="2" tick="5" min_npc="0" max_npc="12">
	        <NPC npcid="31" rate="0.2" />
	        <NPC npcid="32" rate="0.2" />
	        <NPC npcid="33" rate="0.3" />
		    <NPC npcid="35" rate="0.3" />
		</JACO>
	</MAP>
</SPECIAL_SCENARIO>

<SPECIAL_SCENARIO id="33"
	title="Lich"
	QL="1"
	DC="1"
	mapset="Dungeon"
	XP="1200000"
	BP="100000">
	<SACRI_ITEM itemid="200010" />		<!-- 거대한 유골 -->
	<SACRI_ITEM itemid="200028" />		<!-- 악마의 사전 -->
	
	<MAP dice="1" key_sector="309" key_npc="39" boss="true" >
		<NPCSET_ARRAY>S81/S82/S83/S84</NPCSET_ARRAY>
	    <JACO count="2" tick="5" min_npc="0" max_npc="12">
	        <NPC npcid="31" rate="0.14" />
	        <NPC npcid="32" rate="0.3" />
	        <NPC npcid="33" rate="0.3" />
	        <NPC npcid="34" rate="0.08" />
	        <NPC npcid="35" rate="0.08" />
		    <NPC npcid="36" rate="0.1" />
		</JACO>
	</MAP>
	<MAP dice="2" key_sector="309" key_npc="39" boss="true">
		<NPCSET_ARRAY>S81/S82/S83/S84</NPCSET_ARRAY>
	    <JACO count="2" tick="5" min_npc="0" max_npc="12">
	        <NPC npcid="31" rate="0.14" />
	        <NPC npcid="32" rate="0.3" />
	        <NPC npcid="33" rate="0.3" />
	        <NPC npcid="34" rate="0.08" />
	        <NPC npcid="35" rate="0.08" />
		    <NPC npcid="36" rate="0.1" />
		</JACO>
	</MAP>
	<MAP dice="3" key_sector="309" key_npc="39" boss="true">
		<NPCSET_ARRAY>S81/S82/S83/S84</NPCSET_ARRAY>
	    <JACO count="2" tick="5" min_npc="0" max_npc="12">
	        <NPC npcid="31" rate="0.14" />
	        <NPC npcid="32" rate="0.3" />
	        <NPC npcid="33" rate="0.3" />
	        <NPC npcid="34" rate="0.08" />
	        <NPC npcid="35" rate="0.08" />
		    <NPC npcid="36" rate="0.1" />
		</JACO>
	</MAP>
	<MAP dice="4" key_sector="309" key_npc="39" boss="true">
		<NPCSET_ARRAY>S81/S82/S83/S84</NPCSET_ARRAY>
	    <JACO count="2" tick="5" min_npc="0" max_npc="12">
	        <NPC npcid="31" rate="0.14" />
	        <NPC npcid="32" rate="0.3" />
	        <NPC npcid="33" rate="0.3" />
	        <NPC npcid="34" rate="0.08" />
	        <NPC npcid="35" rate="0.08" />
		    <NPC npcid="36" rate="0.1" />
		</JACO>
	</MAP>
	<MAP dice="5" key_sector="309" key_npc="39" boss="true">
		<NPCSET_ARRAY>S81/S82/S83/S84</NPCSET_ARRAY>
	    <JACO count="2" tick="5" min_npc="0" max_npc="12">
	        <NPC npcid="31" rate="0.14" />
	        <NPC npcid="32" rate="0.3" />
	        <NPC npcid="33" rate="0.3" />
	        <NPC npcid="34" rate="0.08" />
	        <NPC npcid="35" rate="0.08" />
		    <NPC npcid="36" rate="0.1" />
		</JACO>
	</MAP>
	<MAP dice="6" key_sector="309" key_npc="39" boss="true">
		<NPCSET_ARRAY>S81/S82/S83/S84</NPCSET_ARRAY>
	    <JACO count="2" tick="5" min_npc="0" max_npc="12">
	        <NPC npcid="31" rate="0.14" />
	        <NPC npcid="32" rate="0.3" />
	        <NPC npcid="33" rate="0.3" />
	        <NPC npcid="34" rate="0.08" />
	        <NPC npcid="35" rate="0.08" />
		    <NPC npcid="36" rate="0.1" />
		</JACO>
	</MAP>
</SPECIAL_SCENARIO>

<!-- Custom Made Dungoen -->
<SPECIAL_SCENARIO id="99"
	title="KingBoo"
	QL="2"
	DC="1"
	mapset="Dungeon"
	XP="240000"
	BP="20000">
	<SACRI_ITEM itemid="200099" />		<!-- Custom Item: Summon Boo -->
	
	<MAP dice="1" key_sector="312" key_npc="99" boss="true">
		<NPCSET_ARRAY>B01/B02/B03</NPCSET_ARRAY>
	</MAP>
	<MAP dice="2" key_sector="312" key_npc="99" boss="true">
		<NPCSET_ARRAY>B01/B02/B03</NPCSET_ARRAY>
	</MAP>
	<MAP dice="3" key_sector="312" key_npc="99" boss="true">
		<NPCSET_ARRAY>B01/B02/B03</NPCSET_ARRAY>
	</MAP>
	<MAP dice="4" key_sector="312" key_npc="99" boss="true">
		<NPCSET_ARRAY>B01/B02/B03</NPCSET_ARRAY>
	</MAP>
	<MAP dice="5" key_sector="312" key_npc="99" boss="true">
		<NPCSET_ARRAY>B01/B02/B03</NPCSET_ARRAY>
	</MAP>
	<MAP dice="6" key_sector="312" key_npc="99" boss="true">
		<NPCSET_ARRAY>B01/B02/B03</NPCSET_ARRAY>
	</MAP>
</SPECIAL_SCENARIO>

<SPECIAL_SCENARIO id="600"
	title="Nightmare Terror"
	QL="3"
	DC="1"
	mapset="Dungeon"
	XP="5000000"
	BP="40000">
  <SACRI_ITEM itemid="200101" />

	<MAP dice="1" key_sector="403" key_npc="213" boss="true">
		<NPCSET_ARRAY>R01/R02/R03</NPCSET_ARRAY>
	</MAP>
	<MAP dice="2" key_sector="403" key_npc="213" boss="true">
		<NPCSET_ARRAY>R01/R02/R03</NPCSET_ARRAY>
	</MAP>
	<MAP dice="3" key_sector="403" key_npc="213" boss="true">
		<NPCSET_ARRAY>R01/R02/R03</NPCSET_ARRAY>
	</MAP>
	<MAP dice="4" key_sector="403" key_npc="213" boss="true">
		<NPCSET_ARRAY>R01/R02/R03</NPCSET_ARRAY>
	</MAP>
	<MAP dice="5" key_sector="403" key_npc="213" boss="true">
		<NPCSET_ARRAY>R01/R02/R03</NPCSET_ARRAY>
	</MAP>
	<MAP dice="6" key_sector="403" key_npc="213" boss="true">
		<NPCSET_ARRAY>R01/R02/R03</NPCSET_ARRAY>
	</MAP>
</SPECIAL_SCENARIO>


<SPECIAL_SCENARIO id="601"
	title="Legion of Doom"
	QL="2"
	DC="1"
	mapset="Dungeon"
	XP="7500000"
	BP="25000">
  <SACRI_ITEM itemid="200041" />
  <SACRI_ITEM itemid="200003" />

	<MAP dice="1" key_sector="301">
		<NPCSET_ARRAY>L01/L02</NPCSET_ARRAY>
	</MAP>
	<MAP dice="2" key_sector="302">
		<NPCSET_ARRAY>L01/L02</NPCSET_ARRAY>
	</MAP>
	<MAP dice="3" key_sector="303">
		<NPCSET_ARRAY>L01/L02</NPCSET_ARRAY>
	</MAP>
	<MAP dice="4" key_sector="304">
		<NPCSET_ARRAY>L01/L02</NPCSET_ARRAY>
	</MAP>
	<MAP dice="5" key_sector="305">
		<NPCSET_ARRAY>L01/L02</NPCSET_ARRAY>
	</MAP>
	<MAP dice="6" key_sector="306">
		<NPCSET_ARRAY>L01/L02</NPCSET_ARRAY>
	</MAP>
</SPECIAL_SCENARIO>

<SPECIAL_SCENARIO id="602"
	title="Legion of Doom Lv.2"
	QL="2"
	DC="1"
	mapset="Dungeon"
	XP="9000000"
	BP="50000">
  <SACRI_ITEM itemid="200041" />
  <SACRI_ITEM itemid="200004" />

	<MAP dice="1" key_sector="301">
		<NPCSET_ARRAY>L04/L05</NPCSET_ARRAY>
	</MAP>
	<MAP dice="2" key_sector="302">
		<NPCSET_ARRAY>L04/L05</NPCSET_ARRAY>
	</MAP>
	<MAP dice="3" key_sector="303">
		<NPCSET_ARRAY>L04/L05</NPCSET_ARRAY>
	</MAP>
	<MAP dice="4" key_sector="304">
		<NPCSET_ARRAY>L04/L05</NPCSET_ARRAY>
	</MAP>
	<MAP dice="5" key_sector="305">
		<NPCSET_ARRAY>L04/L05</NPCSET_ARRAY>
	</MAP>
	<MAP dice="6" key_sector="306">
		<NPCSET_ARRAY>L04/L05</NPCSET_ARRAY>
	</MAP>
</SPECIAL_SCENARIO>

<SPECIAL_SCENARIO id="603"
	title="Legion of Doom (Boss)"
	QL="3"
	DC="1"
	mapset="Dungeon"
	XP="15000000"
	BP="100000">
  <SACRI_ITEM itemid="200041" />
  <SACRI_ITEM itemid="200041" />

	<MAP dice="1" key_sector="309" key_npc="45" boss="true">
		<NPCSET_ARRAY>L09</NPCSET_ARRAY>
	    <JACO count="2" tick="5" min_npc="0" max_npc="52">
	        <NPC npcid="14" rate="0.25" />
		    <NPC npcid="23" rate="0.25" />
	        <NPC npcid="33" rate="0.25" />
		    <NPC npcid="42" rate="0.25" />
		</JACO>
	</MAP>
	<MAP dice="2" key_sector="309" key_npc="45" boss="true">
		<NPCSET_ARRAY>L09</NPCSET_ARRAY>
	    <JACO count="2" tick="5" min_npc="0" max_npc="52">
	        <NPC npcid="14" rate="0.25" />
		    <NPC npcid="23" rate="0.25" />
	        <NPC npcid="33" rate="0.25" />
		    <NPC npcid="42" rate="0.25" />
		</JACO>
	</MAP>
	<MAP dice="3" key_sector="309" key_npc="45" boss="true">
		<NPCSET_ARRAY>L09</NPCSET_ARRAY>
	    <JACO count="2" tick="5" min_npc="0" max_npc="52">
	        <NPC npcid="14" rate="0.25" />
		    <NPC npcid="23" rate="0.25" />
	        <NPC npcid="33" rate="0.25" />
		    <NPC npcid="42" rate="0.25" />
		</JACO>
	</MAP>
	<MAP dice="4" key_sector="309" key_npc="45" boss="true">
		<NPCSET_ARRAY>L09</NPCSET_ARRAY>
	    <JACO count="2" tick="5" min_npc="0" max_npc="52">
	        <NPC npcid="14" rate="0.25" />
		    <NPC npcid="23" rate="0.25" />
	        <NPC npcid="33" rate="0.25" />
		    <NPC npcid="42" rate="0.25" />
		</JACO>
	</MAP>
	<MAP dice="5" key_sector="309" key_npc="45" boss="true">
		<NPCSET_ARRAY>L09</NPCSET_ARRAY>
	    <JACO count="2" tick="5" min_npc="0" max_npc="52">
	        <NPC npcid="14" rate="0.25" />
		    <NPC npcid="23" rate="0.25" />
	        <NPC npcid="33" rate="0.25" />
		    <NPC npcid="42" rate="0.25" />
		</JACO>
	</MAP>
	<MAP dice="6" key_sector="309" key_npc="45" boss="true">
		<NPCSET_ARRAY>L09</NPCSET_ARRAY>
	    <JACO count="2" tick="5" min_npc="0" max_npc="52">
	        <NPC npcid="14" rate="0.25" />
		    <NPC npcid="23" rate="0.25" />
	        <NPC npcid="33" rate="0.25" />
		    <NPC npcid="42" rate="0.25" />
		</JACO>
	</MAP>

</SPECIAL_SCENARIO>

<!-- Palmpoa -->
<SPECIAL_SCENARIO id="41"
	title="Palmpoa Commander"
	QL="2"
	DC="1"
	mapset="Mansion"
	XP="800000"
	BP="80000">
	<SACRI_ITEM itemid="200021" />		<!-- 고블린 인형 -->
	<SACRI_ITEM itemid="200022" />		<!-- 팜포우 인형 -->	
	
	<MAP dice="1" key_sector="102" key_npc="46" boss="true" >
		<NPCSET_ARRAY>P01/P02/P03</NPCSET_ARRAY>
	</MAP>
	<MAP dice="2" key_sector="102" key_npc="46" boss="true">
		<NPCSET_ARRAY>P01/P02/P03</NPCSET_ARRAY>
	</MAP>
	<MAP dice="3" key_sector="102" key_npc="46" boss="true">
		<NPCSET_ARRAY>P01/P02/P03</NPCSET_ARRAY>
	</MAP>
	<MAP dice="4" key_sector="102" key_npc="46" boss="true">
		<NPCSET_ARRAY>P01/P02/P03</NPCSET_ARRAY>
	</MAP>
	<MAP dice="5" key_sector="102" key_npc="46" boss="true">
		<NPCSET_ARRAY>P01/P02/P03</NPCSET_ARRAY>
	</MAP>
	<MAP dice="6" key_sector="102" key_npc="46" boss="true">
		<NPCSET_ARRAY>P01/P02/P03</NPCSET_ARRAY>
	</MAP>
</SPECIAL_SCENARIO>

<SPECIAL_SCENARIO id="42"
	title="Palmpow"  
	QL="2"
	DC="1"
	mapset="Prison"
	XP="1000000"
	BP="100000">
	<SACRI_ITEM itemid="200020" />		<!-- 리자드 인형 -->
	<SACRI_ITEM itemid="200026" />		<!-- 팜포우 아이돌 -->
	
	<MAP dice="1" key_sector="205" key_npc="47" boss="true" >
		<NPCSET_ARRAY>P11/P12/P13/P14</NPCSET_ARRAY>
	</MAP>
	<MAP dice="2" key_sector="205" key_npc="47" boss="true">
		<NPCSET_ARRAY>P11/P12/P13/P14</NPCSET_ARRAY>
	</MAP>
	<MAP dice="3" key_sector="205" key_npc="47" boss="true">
		<NPCSET_ARRAY>P11/P12/P13/P14</NPCSET_ARRAY>
	</MAP>
	<MAP dice="4" key_sector="205" key_npc="47" boss="true">
		<NPCSET_ARRAY>P11/P12/P13/P14</NPCSET_ARRAY>
	</MAP>
	<MAP dice="5" key_sector="205" key_npc="47" boss="true">
		<NPCSET_ARRAY>P11/P12/P13/P14</NPCSET_ARRAY>
	</MAP>
	<MAP dice="6" key_sector="205" key_npc="47" boss="true">
		<NPCSET_ARRAY>P11/P12/P13/P14</NPCSET_ARRAY>
	</MAP>
</SPECIAL_SCENARIO>

<SPECIAL_SCENARIO id="43"
	title="Cursed Palmpow"
	QL="2"
	DC="1"
	mapset="Dungeon"
	XP="1200000"
	BP="100000">
	<SACRI_ITEM itemid="200019" />		<!-- 스켈레톤 인형 -->
	<SACRI_ITEM itemid="200027" />		<!-- 저주 받은 팜포우 아이돌 -->
	
	<MAP dice="1" key_sector="309" key_npc="45" boss="true" >
		<NPCSET_ARRAY>P21/P22/P23/P24</NPCSET_ARRAY>
	</MAP>
	<MAP dice="2" key_sector="309" key_npc="45" boss="true">
		<NPCSET_ARRAY>P21/P22/P23/P24</NPCSET_ARRAY>
	</MAP>
	<MAP dice="3" key_sector="309" key_npc="45" boss="true">
		<NPCSET_ARRAY>P21/P22/P23/P24</NPCSET_ARRAY>
	</MAP>
	<MAP dice="4" key_sector="309" key_npc="45" boss="true">
		<NPCSET_ARRAY>P21/P22/P23/P24</NPCSET_ARRAY>
	</MAP>
	<MAP dice="5" key_sector="309" key_npc="45" boss="true">
		<NPCSET_ARRAY>P21/P22/P23/P24</NPCSET_ARRAY>
	</MAP>
	<MAP dice="6" key_sector="309" key_npc="45" boss="true">
		<NPCSET_ARRAY>P21/P22/P23/P24</NPCSET_ARRAY>
	</MAP>
</SPECIAL_SCENARIO>

<SPECIAL_SCENARIO id="500"
	title="Infectious Bloody Hell"
	QL="3"
	DC="1"
	mapset="Dungeon"
	XP="1500000"
	BP="150000">
	<SACRI_ITEM itemid="200100" />		<!-- 스켈레톤 인형 -->
	<SACRI_ITEM itemid="200100" />		<!-- 저주 받은 팜포우 아이돌 -->
	
	<MAP dice="1" key_sector="405" key_npc="200" boss="true" >
		<NPCSET_ARRAY>I01</NPCSET_ARRAY>
	    <JACO count="2" tick="5" min_npc="0" max_npc="13">
	        <NPC npcid="201" rate="0.1" />
		    <NPC npcid="202" rate="0.2" />
			<NPC npcid="203" rate="0.2" />
			<NPC npcid="204" rate="0.5" />
			<NPC npcid="205" rate="0.5" />
		</JACO>
	</MAP>
	<MAP dice="2" key_sector="405" key_npc="200" boss="true">
		<NPCSET_ARRAY>I01</NPCSET_ARRAY>
	    <JACO count="2" tick="5" min_npc="0" max_npc="13">
	        <NPC npcid="201" rate="0.1" />
		    <NPC npcid="202" rate="0.2" />
			<NPC npcid="203" rate="0.2" />
			<NPC npcid="204" rate="0.5" />
			<NPC npcid="205" rate="0.5" />
		</JACO>
	</MAP>
	<MAP dice="3" key_sector="405" key_npc="200" boss="true">
		<NPCSET_ARRAY>I01</NPCSET_ARRAY>
	    <JACO count="2" tick="5" min_npc="0" max_npc="13">
	        <NPC npcid="201" rate="0.1" />
		    <NPC npcid="202" rate="0.2" />
			<NPC npcid="203" rate="0.2" />
			<NPC npcid="204" rate="0.5" />
			<NPC npcid="205" rate="0.5" />
		</JACO>
	</MAP>
	<MAP dice="4" key_sector="405" key_npc="200" boss="true">
		<NPCSET_ARRAY>I01</NPCSET_ARRAY>
	    <JACO count="2" tick="5" min_npc="0" max_npc="13">
	        <NPC npcid="201" rate="0.1" />
		    <NPC npcid="202" rate="0.2" />
			<NPC npcid="203" rate="0.2" />
			<NPC npcid="204" rate="0.5" />
			<NPC npcid="205" rate="0.5" />
		</JACO>
	</MAP>
	<MAP dice="5" key_sector="405" key_npc="500" boss="true">
		<NPCSET_ARRAY>I01</NPCSET_ARRAY>
	    <JACO count="2" tick="5" min_npc="0" max_npc="13">
	        <NPC npcid="201" rate="0.1" />
		    <NPC npcid="202" rate="0.2" />
			<NPC npcid="203" rate="0.2" />
			<NPC npcid="204" rate="0.5" />
			<NPC npcid="205" rate="0.5" />
		</JACO>
	</MAP>
	<MAP dice="6" key_sector="405" key_npc="200" boss="true">
		<NPCSET_ARRAY>I01</NPCSET_ARRAY>
	    <JACO count="2" tick="5" min_npc="0" max_npc="13">
	        <NPC npcid="201" rate="0.1" />
		    <NPC npcid="202" rate="0.2" />
			<NPC npcid="203" rate="0.2" />
			<NPC npcid="204" rate="0.5" />
			<NPC npcid="205" rate="0.5" />
		</JACO>
	</MAP>
</SPECIAL_SCENARIO>

</XML>
