﻿<?xml version="1.0" ?>
<XML>
	<XMLHEADER>version="1.0"</XMLHEADER>

	<SKIN>Default</SKIN>

	<DEFFONT>Arial</DEFFONT>

	<IME>false</IME>

	<BAREPORT>
		<ADDR>www.battlearena.com</ADDR>
		<DIR>incoming/gunz_US</DIR>
	</BAREPORT>

	<EMBLEM_URL>http://127.0.0.1</EMBLEM_URL>
	<TEMBLEM_URL>http://127.0.0.1</TEMBLEM_URL>

	<CASHSHOP_URL>http://127.0.0.1</CASHSHOP_URL>

	<HOMEPAGE>
	    <URL>http://127.0.0.1</URL>
	    <TITLE>GunZ the Duel</TITLE>
	</HOMEPAGE>

	<LOCATORLIST>
		<LOCATOR id="1" IP="106.51.204.206" />
		<LOCATOR id="2" IP="106.51.204.206" />
	</LOCATORLIST>

	<TLOCATORLIST>
		<LOCATOR id="1" IP="106.51.204.206" />
		<LOCATOR id="2" IP="106.51.204.206" />
	</TLOCATORLIST>
</XML>
