﻿<?xml version="1.0" encoding="UTF-8"?>
<XML>
		<WORLDITEM id="01" name="hp01">
			<TYPE>hp</TYPE>
			<TIME>3000</TIME>
			<AMOUNT>10</AMOUNT>
			<MODELNAME>red</MODELNAME>
		</WORLDITEM>
		<WORLDITEM id="02" name="hp02">
			<TYPE>hp</TYPE>
			<TIME>5000</TIME>
			<AMOUNT>25</AMOUNT>
			<MODELNAME>red</MODELNAME>
		</WORLDITEM>
		<WORLDITEM id="03" name="hp03">
			<TYPE>hp</TYPE>
			<TIME>10000</TIME>
			<AMOUNT>50</AMOUNT>
			<MODELNAME>red</MODELNAME>
		</WORLDITEM>

		<WORLDITEM id="04" name="ap01">
			<TYPE>ap</TYPE>
			<TIME>3000</TIME>
			<AMOUNT>10</AMOUNT>
			<MODELNAME>green</MODELNAME>
		</WORLDITEM>
		<WORLDITEM id="05" name="ap02">
			<TYPE>ap</TYPE>
			<TIME>3000</TIME>
			<AMOUNT>25</AMOUNT>
			<MODELNAME>green</MODELNAME>
		</WORLDITEM>
		<WORLDITEM id="06" name="ap03">
			<TYPE>ap</TYPE>
			<TIME>10000</TIME>
			<AMOUNT>50</AMOUNT>
			<MODELNAME>green</MODELNAME>
		</WORLDITEM>

		<WORLDITEM id="07" name="bullet01">
			<TYPE>bullet</TYPE>
			<TIME>3000</TIME>
			<AMOUNT>1</AMOUNT>
			<MODELNAME>yellow</MODELNAME>
		</WORLDITEM>
		<WORLDITEM id="08" name="bullet02">
			<TYPE>bullet</TYPE>
			<TIME>3000</TIME>
			<AMOUNT>2</AMOUNT>
			<MODELNAME>yellow</MODELNAME>
		</WORLDITEM>


<!-- 서버 뿌려주는 아이템 id가 51이상이어야 한다. id 바뀌면 안됨 -->
		<WORLDITEM id="51" name="itembox">
			<TYPE>quest</TYPE>
			<TIME>3000</TIME>
			<AMOUNT>2</AMOUNT>
			<MODELNAME>itembox</MODELNAME>
		</WORLDITEM>


<!-- 플레이어가 뿌려주는 아이템 id는 100 이상이어야함 -->
		<WORLDITEM id="100" name="medikit">
			<TYPE>hp</TYPE>
			<AMOUNT>10</AMOUNT>
			<MODELNAME>medikit</MODELNAME>
		</WORLDITEM>

		<WORLDITEM id="110" name="repairkit">
			<TYPE>ap</TYPE>
			<AMOUNT>10</AMOUNT>
			<MODELNAME>repairkit</MODELNAME>
		</WORLDITEM>

		<WORLDITEM id="111" name="bulletkit">
			<TYPE>bullet</TYPE>
			<AMOUNT>1</AMOUNT>
			<MODELNAME>bulletkit</MODELNAME>
		</WORLDITEM>

		<WORLDITEM id="120" name="samgak01">
			<TYPE>hpap</TYPE>
			<AMOUNT>7</AMOUNT>
			<MODELNAME>samgak01</MODELNAME>
		</WORLDITEM>

		<WORLDITEM id="121" name="candy">
			<TYPE>hpap</TYPE>
			<AMOUNT>8</AMOUNT>
			<MODELNAME>candy</MODELNAME>
		</WORLDITEM>

		<WORLDITEM id="122" name="chocobar">
			<TYPE>hpap</TYPE>
			<AMOUNT>8</AMOUNT>
			<MODELNAME>chocobar</MODELNAME>
		</WORLDITEM>
		
		<WORLDITEM id="123" name="medickit_turkey">
			<TYPE>hpap</TYPE>
			<AMOUNT>8</AMOUNT>
			<MODELNAME>medickit_turkey</MODELNAME>
		</WORLDITEM>
		
		<WORLDITEM id="124" name="medickit_icecream">
			<TYPE>hpap</TYPE>
			<AMOUNT>8</AMOUNT>
			<MODELNAME>medickit_icecream</MODELNAME>
		</WORLDITEM>
		
		<WORLDITEM id="130" name="medickit_rx">
			<TYPE>hp</TYPE>
			<AMOUNT>20</AMOUNT>
			<MODELNAME>medickit_rx</MODELNAME>
		</WORLDITEM>
		
		<WORLDITEM id="131" name="repairkit_rx">
			<TYPE>ap</TYPE>
			<AMOUNT>20</AMOUNT>
			<MODELNAME>repairkit_rx</MODELNAME>
		</WORLDITEM>

		<WORLDITEM id="132" name="L4D">
			<TYPE>hp</TYPE>
			<AMOUNT>45</AMOUNT>
			<MODELNAME>L4D</MODELNAME>
		</WORLDITEM>

		<WORLDITEM id="133" name="L4DG">
			<TYPE>ap</TYPE>
			<AMOUNT>45</AMOUNT>
			<MODELNAME>L4DG</MODELNAME>
		</WORLDITEM>

		<WORLDITEM id="134" name="Health-X">
			<TYPE>hp</TYPE>
			<AMOUNT>60</AMOUNT>
			<MODELNAME>Health-X</MODELNAME>
		</WORLDITEM>

		<WORLDITEM id="135" name="Armor-X">
			<TYPE>ap</TYPE>
			<AMOUNT>60</AMOUNT>
			<MODELNAME>Armor-X</MODELNAME>
		</WORLDITEM>

		<WORLDITEM id="136" name="Ammo-X">
			<TYPE>bullet</TYPE>
			<AMOUNT>10</AMOUNT>
			<MODELNAME>Ammo-X</MODELNAME>
		</WORLDITEM>

		<WORLDITEM id="137" name="Claymore">
			<TYPE>hpap</TYPE>
			<AMOUNT>-1000</AMOUNT>
			<MODELNAME>Claymore</MODELNAME>
		</WORLDITEM>
		
		<WORLDITEM id="138" name="Painpills">
			<TYPE>hpap</TYPE>
			<AMOUNT>250</AMOUNT>
			<MODELNAME>Painpills</MODELNAME>
		</WORLDITEM>

<!-- 서버와 통신하지 않는 아이템 -->
		<WORLDITEM id="201" name="portal">   <!-- id를 바꾸면 소스도 바꿔야 한다. -->
			<TYPE>client</TYPE>
			<TIME>3000</TIME>
			<MODELNAME>portal</MODELNAME>
		</WORLDITEM>

		
		<MeshInfo>
			<AddWorldItemElu name ="yellow">
				<AddBaseModel name ="yellow" filename="model/worlditem/ef_yellow.elu"/>
				<AddAnimation name="play" filename="model/worlditem/ef_yellow.elu.ani" motion_type="0" motion_loop_type="loop" />
			</AddWorldItemElu>	
			
			<AddWorldItemElu name ="red">
				<AddBaseModel name ="red" filename="model/worlditem/ef_red.elu"/>
				<AddAnimation name="play" filename="model/worlditem/ef_red.elu.ani" motion_type="0" motion_loop_type="loop" />
			</AddWorldItemElu>	
			
			<AddWorldItemElu name ="green">
				<AddBaseModel name ="green" filename="model/worlditem/ef_green.elu"/>
				<AddAnimation name="play" filename="model/worlditem/ef_green.elu.ani" motion_type="0" motion_loop_type="loop" />
			</AddWorldItemElu>	

			<!-- 메디킷 -->
			<AddWorldItemElu name ="medikit">
				<AddBaseModel name ="medikit" filename="model/weapon/item/medikit.elu"/>
			</AddWorldItemElu>	

			<!-- 리페어킷 -->
			<AddWorldItemElu name ="repairkit">
				<AddBaseModel name ="repairkit" filename="model/weapon/item/repairkit.elu"/>
			</AddWorldItemElu>	

			<!-- 탄창킷 -->
			<AddWorldItemElu name ="bulletkit">
				<AddBaseModel name ="bulletkit" filename="model/weapon/item/magazine.elu"/>
			</AddWorldItemElu>	

			<!-- 삼각김밥 -->
			<AddWorldItemElu name ="samgak01">
				<AddBaseModel name ="samgak01" filename="model/weapon/item/medickit_samgak01.elu"/>
			</AddWorldItemElu>	
			
			<!-- 사탕 -->
			<AddWorldItemElu name ="candy">
				<AddBaseModel name ="candy" filename="model/weapon/item/medickit_candy.elu"/>
			</AddWorldItemElu>	

			<!-- 쵸코바 -->
			<AddWorldItemElu name ="chocobar">
				<AddBaseModel name ="chocobar" filename="model/weapon/item/medickit_choco.elu"/>
			</AddWorldItemElu>	

			<!-- 칠면조 요리 -->
			<AddWorldItemElu name ="medickit_turkey">
				<AddBaseModel name ="medickit_turkey" filename="model/weapon/item/medickit_turkey.elu"/>
			</AddWorldItemElu>	
			
			<!-- 아이스크림 -->
			<AddWorldItemElu name ="medickit_icecream">
				<AddBaseModel name ="medickit_icecream" filename="model/weapon/item/medickit_icecream.elu"/>
			</AddWorldItemElu>	
			
			<!-- 의료킷 MX -->
			<AddWorldItemElu name ="medickit_rx">
				<AddBaseModel name ="medickit_rx" filename="model/weapon/item/medickit_rx.elu"/>
			</AddWorldItemElu>	
			
			<!-- 수리킷 RX -->
			<AddWorldItemElu name ="repairkit_rx">
				<AddBaseModel name ="repairkit_rx" filename="model/weapon/item/repairkit_rx.elu"/>
			</AddWorldItemElu>

	<!--Left 4 Dead First Aid Kit-->
			<AddWorldItemElu name ="L4D">
				<AddBaseModel name ="L4D" filename="model/weapon/vip/items/w_eq_medkit.elu"/>
			</AddWorldItemElu>
			<AddWorldItemElu name ="L4DG">
				<AddBaseModel name ="L4DG" filename="model/weapon/vip/items/w_eq_medkita.elu"/>
			</AddWorldItemElu>
			
			<AddWorldItemElu name ="Painpills">
				<AddBaseModel name ="Painpills" filename="model/weapon/event/items/w_eq_painpills.elu"/>
			</AddWorldItemElu>
			
	<!--X Meds-->
			<AddWorldItemElu name ="Health-X">
				<AddBaseModel name ="Health-X" filename="model/weapon/vip/items/ef_red.elu"/>
				<AddAnimation name="play" filename="model/weapon/vip/items/ef_red.elu.ani" motion_type="0" motion_loop_type="loop" />
			</AddWorldItemElu>
			<AddWorldItemElu name ="Armor-X">
				<AddBaseModel name ="Armor-X" filename="model/weapon/vip/items/ef_green.elu"/>
				<AddAnimation name="play" filename="model/weapon/vip/items/ef_green.elu.ani" motion_type="0" motion_loop_type="loop" />
			</AddWorldItemElu>
			<AddWorldItemElu name ="Ammo-X">
				<AddBaseModel name ="Ammo-X" filename="model/weapon/vip/items/ef_yellow.elu"/>
				<AddAnimation name="play" filename="model/weapon/vip/items/ef_yellow.elu.ani" motion_type="0" motion_loop_type="loop" />
			</AddWorldItemElu>

	<!-- Custom Items -->
			<AddWorldItemElu name ="Claymore">
				<AddBaseModel name ="Claymore" filename="model/weapon/vip/items/claymore.elu"/>
			</AddWorldItemElu>
	

      <!-- 포탈 -->
			<AddWorldItemElu name ="portal">
				<AddBaseModel name ="portal" filename="model/worlditem/ef_portal.elu"/>
				<AddAnimation name="play" filename="model/worlditem/ef_portal.elu.ani" motion_type="0" motion_loop_type="loop" />
			</AddWorldItemElu>	

			<!-- 아이템박스 -->
			<AddWorldItemElu name ="itembox">
				<AddBaseModel name ="itembox" filename="model/worlditem/ef_box.elu"/>
				<AddAnimation name="play" filename="model/worlditem/ef_box_open.elu.ani" motion_type="0" motion_loop_type="lastframe" />
				<AddAnimation name="playloop" filename="model/worlditem/ef_box_opened.elu.ani" motion_type="0" motion_loop_type="loop" />
			</AddWorldItemElu>	
						
			<AddWorldItemElu name ="baseEffect">
				<AddBaseModel name ="baseEffect" filename="model/worlditem/ef_prop.elu"/>
				<AddAnimation name="play" filename="model/worlditem/ef_prop.elu.ani" motion_type="0" motion_loop_type="loop" />
			</AddWorldItemElu>	
		</MeshInfo>
</XML>

