<?xml version="1.0" encoding="UTF-8"?>
<XML>
	<GAMETYPE id="solo">
		<SPAWN item="blueflag" timesec="45000">
			<POSITION>380 -4864 -304</POSITION>
		</SPAWN>
		<SPAWN item="redflag" timesec="45000">
			<POSITION>-3240 476 -64</POSITION>
		</SPAWN>
		<SPAWN item="hp02" timesec="30000">
			<POSITION>-190 -2625 -104</POSITION>
		</SPAWN>
		<SPAWN item="hp02" timesec="30000">
			<POSITION>480 578 656</POSITION>
		</SPAWN>
		<SPAWN item="ap02" timesec="30000">
			<POSITION>652 1109 -1664</POSITION>
		</SPAWN>
		<SPAWN item="ap02" timesec="30000">
			<POSITION>2537 576 96</POSITION>
		</SPAWN>
		<SPAWN item="hp02" timesec="30000">
			<POSITION>720 4741 -503</POSITION>
		</SPAWN>
		<SPAWN item="bullet02" timesec="45000">
			<POSITION>-720 4740 -503</POSITION>
		</SPAWN>
		<SPAWN item="ap02" timesec="30000">
			<POSITION>-2720 1365 96</POSITION>
		</SPAWN>
		<SPAWN item="ap02" timesec="30000">
			<POSITION>480 1930 -705</POSITION>
		</SPAWN>
		<SPAWN item="hp02" timesec="30000">
			<POSITION>-1320 -564 98</POSITION>
		</SPAWN>
		<SPAWN item="bullet02" timesec="45000">
			<POSITION>-1495 722 -703</POSITION>
		</SPAWN>
		<SPAWN item="hp02" timesec="30000">
			<POSITION>-645 1732 96</POSITION>
		</SPAWN>
		<SPAWN item="ap02" timesec="30000">
			<POSITION>-646 -570 97</POSITION>
		</SPAWN>
	</GAMETYPE>








	<GAMETYPE id="team">
		<SPAWN item="ap02" timesec="30000">
			<POSITION>311 -3704 -183</POSITION>
		</SPAWN>
		<SPAWN item="hp02" timesec="30000">
			<POSITION>-360 458 -699</POSITION>
		</SPAWN>
		<SPAWN item="hp02" timesec="30000">
			<POSITION>-628 814 -704</POSITION>
		</SPAWN>
		<SPAWN item="hp02" timesec="30000">
			<POSITION>871 3369 55</POSITION>
		</SPAWN>
		<SPAWN item="bullet02" timesec="45000">
			<POSITION>-2180 597 216</POSITION>
		</SPAWN>
		<SPAWN item="ap02" timesec="30000">
			<POSITION>-1044 -631 96</POSITION>
		</SPAWN>
		<SPAWN item="ap02" timesec="30000">
			<POSITION>1240 2971 96</POSITION>
		</SPAWN>
		<SPAWN item="bullet02" timesec="45000">
			<POSITION>2317 423 -700</POSITION>
		</SPAWN>
		<SPAWN item="ap02" timesec="30000">
			<POSITION>-1890 4214 -382</POSITION>
		</SPAWN>
		<SPAWN item="hp02" timesec="30000">
			<POSITION>740 1703 -703</POSITION>
		</SPAWN>
		<SPAWN item="hp02" timesec="30000">
			<POSITION>240 -429 -704</POSITION>
		</SPAWN>
		<SPAWN item="ap02" timesec="30000">
			<POSITION>2293 425 97</POSITION>
		</SPAWN>
		<SPAWN item="ap02" timesec="30000">
			<POSITION>-1536 4213 -700</POSITION>
		</SPAWN>
		<SPAWN item="hp02" timesec="30000">
			<POSITION>-3302 568 -64</POSITION>
		</SPAWN>
	</GAMETYPE>
</XML>
