<?xml version="1.0" encoding="UTF-8"?>
<XML>
	<MATERIALLIST>
		<MATERIAL name="gzd_map_BA_gateway01_mt_con">
			<DIFFUSE>0.5882353 0.5882353 0.5882353</DIFFUSE>
			<AMBIENT>0.5882353 0.5882353 0.5882353</AMBIENT>
			<SPECULAR>0.9000000 0.9000000 0.9000000</SPECULAR>
			<DIFFUSEMAP>gzd_map_BA_gateway01.bmp</DIFFUSEMAP>
		</MATERIAL>
		<MATERIAL name="gzd_map_BA_wall02_mt_con">
			<DIFFUSE>0.5882353 0.5882353 0.5882353</DIFFUSE>
			<AMBIENT>0.5882353 0.5882353 0.5882353</AMBIENT>
			<SPECULAR>0.9000000 0.9000000 0.9000000</SPECULAR>
			<DIFFUSEMAP>gzd_map_BA_wall02.bmp</DIFFUSEMAP>
		</MATERIAL>
		<MATERIAL name="gzd_map_BA_wall05_mt_con">
			<DIFFUSE>0.5882353 0.5882353 0.5882353</DIFFUSE>
			<AMBIENT>0.5882353 0.5882353 0.5882353</AMBIENT>
			<SPECULAR>0.9000000 0.9000000 0.9000000</SPECULAR>
			<DIFFUSEMAP>gzd_map_BA_wall05.bmp</DIFFUSEMAP>
		</MATERIAL>
		<MATERIAL name="gzd_map_BA_wall06_mt_con">
			<DIFFUSE>0.5882353 0.5882353 0.5882353</DIFFUSE>
			<AMBIENT>0.5882353 0.5882353 0.5882353</AMBIENT>
			<SPECULAR>0.9000000 0.9000000 0.9000000</SPECULAR>
			<DIFFUSEMAP>gzd_map_BA_wall06.bmp</DIFFUSEMAP>
		</MATERIAL>
		<MATERIAL name="gzd_map_BA_wall04_mt_con">
			<DIFFUSE>0.5882353 0.5882353 0.5882353</DIFFUSE>
			<AMBIENT>0.5882353 0.5882353 0.5882353</AMBIENT>
			<SPECULAR>0.9000000 0.9000000 0.9000000</SPECULAR>
			<DIFFUSEMAP>gzd_map_BA_wall04.bmp</DIFFUSEMAP>
		</MATERIAL>
		<MATERIAL name="gzd_map_BA_post01_mt_con">
			<DIFFUSE>0.5882353 0.5882353 0.5882353</DIFFUSE>
			<AMBIENT>0.5882353 0.5882353 0.5882353</AMBIENT>
			<SPECULAR>0.9000000 0.9000000 0.9000000</SPECULAR>
			<DIFFUSEMAP>gzd_map_BA_post01.bmp</DIFFUSEMAP>
		</MATERIAL>
		<MATERIAL name="gzd_map_BA_wall07_mt_con">
			<DIFFUSE>0.5882353 0.5882353 0.5882353</DIFFUSE>
			<AMBIENT>0.5882353 0.5882353 0.5882353</AMBIENT>
			<SPECULAR>0.9000000 0.9000000 0.9000000</SPECULAR>
			<DIFFUSEMAP>gzd_map_BA_wall07.bmp</DIFFUSEMAP>
		</MATERIAL>
		<MATERIAL name="gzd_map_BA_deco_met01_mt_met">
			<DIFFUSE>0.5882353 0.5882353 0.5882353</DIFFUSE>
			<AMBIENT>0.5882353 0.5882353 0.5882353</AMBIENT>
			<SPECULAR>0.9000000 0.9000000 0.9000000</SPECULAR>
			<DIFFUSEMAP>gzd_map_BA_deco_met01.bmp</DIFFUSEMAP>
		</MATERIAL>
		<MATERIAL name="gzd_map_BA_door_a01_mt_wod">
			<DIFFUSE>0.5882353 0.5882353 0.5882353</DIFFUSE>
			<AMBIENT>0.5882353 0.5882353 0.5882353</AMBIENT>
			<SPECULAR>0.9000000 0.9000000 0.9000000</SPECULAR>
			<DIFFUSEMAP>gzd_map_BA_door_a01.bmp</DIFFUSEMAP>
		</MATERIAL>
		<MATERIAL name="gzd_map_BA_deco_met01_mt_wod">
			<DIFFUSE>0.5882353 0.5882353 0.5882353</DIFFUSE>
			<AMBIENT>0.5882353 0.5882353 0.5882353</AMBIENT>
			<SPECULAR>0.9000000 0.9000000 0.9000000</SPECULAR>
			<DIFFUSEMAP>gzd_map_BA_deco_met01.bmp</DIFFUSEMAP>
		</MATERIAL>
		<MATERIAL name="gzd_map_BA_floor01_mt_drt">
			<DIFFUSE>0.5882353 0.5882353 0.5882353</DIFFUSE>
			<AMBIENT>0.5882353 0.5882353 0.5882353</AMBIENT>
			<SPECULAR>0.9000000 0.9000000 0.9000000</SPECULAR>
			<DIFFUSEMAP>gzd_map_BA_floor01.bmp</DIFFUSEMAP>
		</MATERIAL>
		<MATERIAL name="gzd_map_BA_wall03_mt_con">
			<DIFFUSE>0.5882353 0.5882353 0.5882353</DIFFUSE>
			<AMBIENT>0.5882353 0.5882353 0.5882353</AMBIENT>
			<SPECULAR>0.9000000 0.9000000 0.9000000</SPECULAR>
			<DIFFUSEMAP>gzd_map_BA_wall03.bmp</DIFFUSEMAP>
		</MATERIAL>
		<MATERIAL name="gzd_map_BA_door_b01_mt_wod">
			<DIFFUSE>0.5882353 0.5882353 0.5882353</DIFFUSE>
			<AMBIENT>0.5882353 0.5882353 0.5882353</AMBIENT>
			<SPECULAR>0.9000000 0.9000000 0.9000000</SPECULAR>
			<DIFFUSEMAP>gzd_map_BA_door_b01.bmp</DIFFUSEMAP>
		</MATERIAL>
		<MATERIAL name="gzd_map_BA_mask_2s_mt_wod">
			<DIFFUSE>0.5882353 0.5882353 0.5882353</DIFFUSE>
			<AMBIENT>0.5882353 0.5882353 0.5882353</AMBIENT>
			<SPECULAR>0.9000000 0.9000000 0.9000000</SPECULAR>
			<DIFFUSEMAP>gzd_map_BA_mask.tga</DIFFUSEMAP>
			<TWOSIDED/>
			<USEOPACITY/>
		</MATERIAL>
		<MATERIAL name="gzd_map_BA_box01_mt_wod">
			<DIFFUSE>0.5882353 0.5882353 0.5882353</DIFFUSE>
			<AMBIENT>0.5882353 0.5882353 0.5882353</AMBIENT>
			<SPECULAR>0.9000000 0.9000000 0.9000000</SPECULAR>
			<DIFFUSEMAP>gzd_map_BA_box01.bmp</DIFFUSEMAP>
		</MATERIAL>
		<MATERIAL name="gzd_map_BA_roof01_mt_drt">
			<DIFFUSE>0.5882353 0.5882353 0.5882353</DIFFUSE>
			<AMBIENT>0.5882353 0.5882353 0.5882353</AMBIENT>
			<SPECULAR>0.9000000 0.9000000 0.9000000</SPECULAR>
			<DIFFUSEMAP>gzd_map_BA_roof01.tga</DIFFUSEMAP>
		</MATERIAL>
		<MATERIAL name="gzd_map_BA_wod_floor01_mt_wod">
			<DIFFUSE>0.5882353 0.5882353 0.5882353</DIFFUSE>
			<AMBIENT>0.5882353 0.5882353 0.5882353</AMBIENT>
			<SPECULAR>0.9000000 0.9000000 0.9000000</SPECULAR>
			<DIFFUSEMAP>gzd_map_BA_wod_floor01.bmp</DIFFUSEMAP>
		</MATERIAL>
		<MATERIAL name="txa 30 2000 fire_a00">
			<DIFFUSE>0.5882353 0.5882353 0.5882353</DIFFUSE>
			<AMBIENT>0.5882353 0.5882353 0.5882353</AMBIENT>
			<SPECULAR>0.9000000 0.9000000 0.9000000</SPECULAR>
			<DIFFUSEMAP>../Mansion/txa 30 2000 fire_a00.bmp</DIFFUSEMAP>
			<ADDITIVE/>
		</MATERIAL>
		<MATERIAL name="gzd_map_BA_wall03_1_mt_con">
			<DIFFUSE>0.5882353 0.5882353 0.5882353</DIFFUSE>
			<AMBIENT>0.5882353 0.5882353 0.5882353</AMBIENT>
			<SPECULAR>0.9000000 0.9000000 0.9000000</SPECULAR>
			<DIFFUSEMAP>gzd_map_BA_wall03_1.bmp</DIFFUSEMAP>
		</MATERIAL>
		<MATERIAL name="gzd_map_BA_black">
			<DIFFUSE>0.5882353 0.5882353 0.5882353</DIFFUSE>
			<AMBIENT>0.5882353 0.5882353 0.5882353</AMBIENT>
			<SPECULAR>0.9000000 0.9000000 0.9000000</SPECULAR>
			<DIFFUSEMAP>black.tga</DIFFUSEMAP>
			<USEOPACITY/>
		</MATERIAL>
		<MATERIAL name="gzd_map_BA_sky_daylight">
			<DIFFUSE>0.5882353 0.5882353 0.5882353</DIFFUSE>
			<AMBIENT>0.5882353 0.5882353 0.5882353</AMBIENT>
			<SPECULAR>0.9000000 0.9000000 0.9000000</SPECULAR>
			<DIFFUSEMAP>sky_daylight.bmp</DIFFUSEMAP>
		</MATERIAL>
		<MATERIAL name="gzd_map_BA_sky_cloud">
			<DIFFUSE>0.5882353 0.5882353 0.5882353</DIFFUSE>
			<AMBIENT>0.5882353 0.5882353 0.5882353</AMBIENT>
			<SPECULAR>0.9000000 0.9000000 0.9000000</SPECULAR>
			<DIFFUSEMAP>sky_daylight_cloud.tga</DIFFUSEMAP>
			<USEOPACITY/>
		</MATERIAL>
		<MATERIAL name="hide">
			<DIFFUSE>0.1254902 0.1254902 0.7450981</DIFFUSE>
			<AMBIENT>0.1254902 0.1254902 0.7450981</AMBIENT>
			<SPECULAR>0.9000000 0.9000000 0.9000000</SPECULAR>
			<DIFFUSEMAP></DIFFUSEMAP>
		</MATERIAL>
	</MATERIALLIST>
	<LIGHTLIST>
		<LIGHT name="main_Omni_a 01">
			<POSITION>-6000.0000000 6000.0000000 5600.0000000</POSITION>
			<COLOR>1.0000000 1.0000000 1.0000000</COLOR>
			<INTENSITY>0.1500000</INTENSITY>
			<ATTENUATIONSTART>14000.0000000</ATTENUATIONSTART>
			<ATTENUATIONEND>20000.0000000</ATTENUATIONEND>
		</LIGHT>
		<LIGHT name="main_Omni_a 02">
			<POSITION>6000.0000000 6000.0000000 5600.0000000</POSITION>
			<COLOR>1.0000000 1.0000000 1.0000000</COLOR>
			<INTENSITY>0.1500000</INTENSITY>
			<ATTENUATIONSTART>14000.0000000</ATTENUATIONSTART>
			<ATTENUATIONEND>20000.0000000</ATTENUATIONEND>
		</LIGHT>
		<LIGHT name="main_Omni_a 04">
			<POSITION>6000.0000000 -6000.0000000 5600.0000000</POSITION>
			<COLOR>1.0000000 1.0000000 1.0000000</COLOR>
			<INTENSITY>0.1500000</INTENSITY>
			<ATTENUATIONSTART>14000.0000000</ATTENUATIONSTART>
			<ATTENUATIONEND>20000.0000000</ATTENUATIONEND>
		</LIGHT>
		<LIGHT name="main_Omni_a 03">
			<POSITION>-6000.0000000 -6000.0000000 5600.0000000</POSITION>
			<COLOR>1.0000000 1.0000000 1.0000000</COLOR>
			<INTENSITY>0.1500000</INTENSITY>
			<ATTENUATIONSTART>14000.0000000</ATTENUATIONSTART>
			<ATTENUATIONEND>20000.0000000</ATTENUATIONEND>
		</LIGHT>
		<LIGHT name="main_Omni_b 01">
			<POSITION>-6000.0000000 -6000.0000000 -4470.4589844</POSITION>
			<COLOR>1.0000000 1.0000000 1.0000000</COLOR>
			<INTENSITY>0.1000000</INTENSITY>
			<ATTENUATIONSTART>14000.0000000</ATTENUATIONSTART>
			<ATTENUATIONEND>20000.0000000</ATTENUATIONEND>
		</LIGHT>
		<LIGHT name="main_Omni_b 02">
			<POSITION>-6000.0000000 6000.0000000 -4470.4589844</POSITION>
			<COLOR>1.0000000 1.0000000 1.0000000</COLOR>
			<INTENSITY>0.1000000</INTENSITY>
			<ATTENUATIONSTART>14000.0000000</ATTENUATIONSTART>
			<ATTENUATIONEND>20000.0000000</ATTENUATIONEND>
		</LIGHT>
		<LIGHT name="main_Omni_b 03">
			<POSITION>6000.0000000 6000.0000000 -4470.4589844</POSITION>
			<COLOR>1.0000000 1.0000000 1.0000000</COLOR>
			<INTENSITY>0.1000000</INTENSITY>
			<ATTENUATIONSTART>14000.0000000</ATTENUATIONSTART>
			<ATTENUATIONEND>20000.0000000</ATTENUATIONEND>
		</LIGHT>
		<LIGHT name="main_Omni_b 04">
			<POSITION>6000.0000000 -6000.0000000 -4470.4589844</POSITION>
			<COLOR>1.0000000 1.0000000 1.0000000</COLOR>
			<INTENSITY>0.1000000</INTENSITY>
			<ATTENUATIONSTART>14000.0000000</ATTENUATIONSTART>
			<ATTENUATIONEND>20000.0000000</ATTENUATIONEND>
		</LIGHT>
		<LIGHT name="sun_Omni">
			<POSITION>4040.3476563 5138.2128906 14104.7919922</POSITION>
			<COLOR>1.0000000 1.0000000 1.0000000</COLOR>
			<INTENSITY>1.2000000</INTENSITY>
			<ATTENUATIONSTART>20000.0000000</ATTENUATIONSTART>
			<ATTENUATIONEND>20000.0000000</ATTENUATIONEND>
			<CASTSHADOW/>
		</LIGHT>
		<LIGHT name="Omni_a 01">
			<POSITION>-3678.0502930 501.2362061 -250.4876099</POSITION>
			<COLOR>1.0000000 0.5725490 0.3372549</COLOR>
			<INTENSITY>1.0000000</INTENSITY>
			<ATTENUATIONSTART>300.0000000</ATTENUATIONSTART>
			<ATTENUATIONEND>800.0000000</ATTENUATIONEND>
			<CASTSHADOW/>
		</LIGHT>
		<LIGHT name="Omni_a 02">
			<POSITION>-4381.7890625 481.0579529 -565.1034546</POSITION>
			<COLOR>1.0000000 0.5725490 0.3372549</COLOR>
			<INTENSITY>1.0000000</INTENSITY>
			<ATTENUATIONSTART>300.0000000</ATTENUATIONSTART>
			<ATTENUATIONEND>800.0000000</ATTENUATIONEND>
			<CASTSHADOW/>
		</LIGHT>
		<LIGHT name="Omni_a 03">
			<POSITION>-5142.0800781 -1.9252942 -712.4284668</POSITION>
			<COLOR>1.0000000 0.5725490 0.3372549</COLOR>
			<INTENSITY>1.0000000</INTENSITY>
			<ATTENUATIONSTART>300.0000000</ATTENUATIONSTART>
			<ATTENUATIONEND>800.0000000</ATTENUATIONEND>
			<CASTSHADOW/>
		</LIGHT>
		<LIGHT name="Omni_a 04">
			<POSITION>-4956.9765625 1509.7456055 -712.4284668</POSITION>
			<COLOR>1.0000000 0.5725490 0.3372549</COLOR>
			<INTENSITY>1.0000000</INTENSITY>
			<ATTENUATIONSTART>300.0000000</ATTENUATIONSTART>
			<ATTENUATIONEND>800.0000000</ATTENUATIONEND>
			<CASTSHADOW/>
		</LIGHT>
		<LIGHT name="Omni_a 05">
			<POSITION>-4960.5566406 2557.1376953 -712.4284668</POSITION>
			<COLOR>1.0000000 0.5725490 0.3372549</COLOR>
			<INTENSITY>1.0000000</INTENSITY>
			<ATTENUATIONSTART>300.0000000</ATTENUATIONSTART>
			<ATTENUATIONEND>800.0000000</ATTENUATIONEND>
			<CASTSHADOW/>
		</LIGHT>
		<LIGHT name="Omni_a 06">
			<POSITION>-2752.0541992 2248.1389160 -712.4284668</POSITION>
			<COLOR>1.0000000 0.5725490 0.3372549</COLOR>
			<INTENSITY>1.0000000</INTENSITY>
			<ATTENUATIONSTART>300.0000000</ATTENUATIONSTART>
			<ATTENUATIONEND>800.0000000</ATTENUATIONEND>
			<CASTSHADOW/>
		</LIGHT>
		<LIGHT name="Omni_a 07">
			<POSITION>-2752.0541992 3975.4975586 -712.4284668</POSITION>
			<COLOR>1.0000000 0.5725490 0.3372549</COLOR>
			<INTENSITY>1.0000000</INTENSITY>
			<ATTENUATIONSTART>300.0000000</ATTENUATIONSTART>
			<ATTENUATIONEND>800.0000000</ATTENUATIONEND>
			<CASTSHADOW/>
		</LIGHT>
		<LIGHT name="Omni_a 08">
			<POSITION>-606.5114136 3819.6911621 -528.2630005</POSITION>
			<COLOR>1.0000000 0.5725490 0.3372549</COLOR>
			<INTENSITY>1.0000000</INTENSITY>
			<ATTENUATIONSTART>300.0000000</ATTENUATIONSTART>
			<ATTENUATIONEND>800.0000000</ATTENUATIONEND>
			<CASTSHADOW/>
		</LIGHT>
		<LIGHT name="Omni_a 09">
			<POSITION>-1811.3671875 2310.4541016 -716.1162720</POSITION>
			<COLOR>1.0000000 0.5725490 0.3372549</COLOR>
			<INTENSITY>1.0000000</INTENSITY>
			<ATTENUATIONSTART>300.0000000</ATTENUATIONSTART>
			<ATTENUATIONEND>800.0000000</ATTENUATIONEND>
			<CASTSHADOW/>
		</LIGHT>
		<LIGHT name="Omni_a 10">
			<POSITION>4960.5566406 2557.1376953 -712.4284668</POSITION>
			<COLOR>1.0000000 0.5725490 0.3372549</COLOR>
			<INTENSITY>1.0000000</INTENSITY>
			<ATTENUATIONSTART>300.0000000</ATTENUATIONSTART>
			<ATTENUATIONEND>800.0000000</ATTENUATIONEND>
			<CASTSHADOW/>
		</LIGHT>
		<LIGHT name="Omni_a 11">
			<POSITION>4381.7890625 481.0579529 -565.1034546</POSITION>
			<COLOR>1.0000000 0.5725490 0.3372549</COLOR>
			<INTENSITY>1.0000000</INTENSITY>
			<ATTENUATIONSTART>300.0000000</ATTENUATIONSTART>
			<ATTENUATIONEND>800.0000000</ATTENUATIONEND>
			<CASTSHADOW/>
		</LIGHT>
		<LIGHT name="Omni_a 12">
			<POSITION>4959.3271484 1509.7456055 -712.4284668</POSITION>
			<COLOR>1.0000000 0.5725490 0.3372549</COLOR>
			<INTENSITY>1.0000000</INTENSITY>
			<ATTENUATIONSTART>300.0000000</ATTENUATIONSTART>
			<ATTENUATIONEND>800.0000000</ATTENUATIONEND>
			<CASTSHADOW/>
		</LIGHT>
		<LIGHT name="Omni_a 13">
			<POSITION>3678.0502930 501.2362061 -250.4876099</POSITION>
			<COLOR>1.0000000 0.5725490 0.3372549</COLOR>
			<INTENSITY>1.0000000</INTENSITY>
			<ATTENUATIONSTART>300.0000000</ATTENUATIONSTART>
			<ATTENUATIONEND>800.0000000</ATTENUATIONEND>
			<CASTSHADOW/>
		</LIGHT>
		<LIGHT name="Omni_a 14">
			<POSITION>2752.0541992 2248.1389160 -712.4284668</POSITION>
			<COLOR>1.0000000 0.5725490 0.3372549</COLOR>
			<INTENSITY>1.0000000</INTENSITY>
			<ATTENUATIONSTART>300.0000000</ATTENUATIONSTART>
			<ATTENUATIONEND>800.0000000</ATTENUATIONEND>
			<CASTSHADOW/>
		</LIGHT>
		<LIGHT name="Omni_a 15">
			<POSITION>606.5114136 3819.6911621 -528.2630005</POSITION>
			<COLOR>1.0000000 0.5725490 0.3372549</COLOR>
			<INTENSITY>1.0000000</INTENSITY>
			<ATTENUATIONSTART>300.0000000</ATTENUATIONSTART>
			<ATTENUATIONEND>800.0000000</ATTENUATIONEND>
			<CASTSHADOW/>
		</LIGHT>
		<LIGHT name="Omni_a 16">
			<POSITION>2752.0541992 3975.4975586 -712.4284668</POSITION>
			<COLOR>1.0000000 0.5725490 0.3372549</COLOR>
			<INTENSITY>1.0000000</INTENSITY>
			<ATTENUATIONSTART>300.0000000</ATTENUATIONSTART>
			<ATTENUATIONEND>800.0000000</ATTENUATIONEND>
			<CASTSHADOW/>
		</LIGHT>
		<LIGHT name="Omni_a 17">
			<POSITION>5142.0800781 -1.9252942 -712.4284668</POSITION>
			<COLOR>1.0000000 0.5725490 0.3372549</COLOR>
			<INTENSITY>1.0000000</INTENSITY>
			<ATTENUATIONSTART>300.0000000</ATTENUATIONSTART>
			<ATTENUATIONEND>800.0000000</ATTENUATIONEND>
			<CASTSHADOW/>
		</LIGHT>
		<LIGHT name="Omni_a 18">
			<POSITION>4960.5566406 -2557.1376953 -712.4284668</POSITION>
			<COLOR>1.0000000 0.5725490 0.3372549</COLOR>
			<INTENSITY>1.0000000</INTENSITY>
			<ATTENUATIONSTART>300.0000000</ATTENUATIONSTART>
			<ATTENUATIONEND>800.0000000</ATTENUATIONEND>
			<CASTSHADOW/>
		</LIGHT>
		<LIGHT name="Omni_a 19">
			<POSITION>4381.7890625 -481.0579529 -565.1034546</POSITION>
			<COLOR>1.0000000 0.5725490 0.3372549</COLOR>
			<INTENSITY>1.0000000</INTENSITY>
			<ATTENUATIONSTART>300.0000000</ATTENUATIONSTART>
			<ATTENUATIONEND>800.0000000</ATTENUATIONEND>
			<CASTSHADOW/>
		</LIGHT>
		<LIGHT name="Omni_a 20">
			<POSITION>4959.3271484 -1509.7456055 -712.4284668</POSITION>
			<COLOR>1.0000000 0.5725490 0.3372549</COLOR>
			<INTENSITY>1.0000000</INTENSITY>
			<ATTENUATIONSTART>300.0000000</ATTENUATIONSTART>
			<ATTENUATIONEND>800.0000000</ATTENUATIONEND>
			<CASTSHADOW/>
		</LIGHT>
		<LIGHT name="Omni_a 21">
			<POSITION>3678.0502930 -501.2362061 -250.4876099</POSITION>
			<COLOR>1.0000000 0.5725490 0.3372549</COLOR>
			<INTENSITY>1.0000000</INTENSITY>
			<ATTENUATIONSTART>300.0000000</ATTENUATIONSTART>
			<ATTENUATIONEND>800.0000000</ATTENUATIONEND>
			<CASTSHADOW/>
		</LIGHT>
		<LIGHT name="Omni_a 22">
			<POSITION>2752.0541992 -2248.1389160 -712.4284668</POSITION>
			<COLOR>1.0000000 0.5725490 0.3372549</COLOR>
			<INTENSITY>1.0000000</INTENSITY>
			<ATTENUATIONSTART>300.0000000</ATTENUATIONSTART>
			<ATTENUATIONEND>800.0000000</ATTENUATIONEND>
			<CASTSHADOW/>
		</LIGHT>
		<LIGHT name="Omni_a 23">
			<POSITION>606.5114136 -3809.9379883 -528.2630005</POSITION>
			<COLOR>1.0000000 0.5725490 0.3372549</COLOR>
			<INTENSITY>1.0000000</INTENSITY>
			<ATTENUATIONSTART>300.0000000</ATTENUATIONSTART>
			<ATTENUATIONEND>800.0000000</ATTENUATIONEND>
			<CASTSHADOW/>
		</LIGHT>
		<LIGHT name="Omni_a 24">
			<POSITION>2752.0541992 -3975.4975586 -712.4284668</POSITION>
			<COLOR>1.0000000 0.5725490 0.3372549</COLOR>
			<INTENSITY>1.0000000</INTENSITY>
			<ATTENUATIONSTART>300.0000000</ATTENUATIONSTART>
			<ATTENUATIONEND>800.0000000</ATTENUATIONEND>
			<CASTSHADOW/>
		</LIGHT>
		<LIGHT name="Omni_a 25">
			<POSITION>-606.5114136 -3809.9379883 -528.2630005</POSITION>
			<COLOR>1.0000000 0.5725490 0.3372549</COLOR>
			<INTENSITY>1.0000000</INTENSITY>
			<ATTENUATIONSTART>300.0000000</ATTENUATIONSTART>
			<ATTENUATIONEND>800.0000000</ATTENUATIONEND>
			<CASTSHADOW/>
		</LIGHT>
		<LIGHT name="Omni_a 26">
			<POSITION>-2752.0541992 -3975.4975586 -712.4284668</POSITION>
			<COLOR>1.0000000 0.5725490 0.3372549</COLOR>
			<INTENSITY>1.0000000</INTENSITY>
			<ATTENUATIONSTART>300.0000000</ATTENUATIONSTART>
			<ATTENUATIONEND>800.0000000</ATTENUATIONEND>
			<CASTSHADOW/>
		</LIGHT>
		<LIGHT name="Omni_a 27">
			<POSITION>-4381.7890625 -481.0579529 -565.1034546</POSITION>
			<COLOR>1.0000000 0.5725490 0.3372549</COLOR>
			<INTENSITY>1.0000000</INTENSITY>
			<ATTENUATIONSTART>300.0000000</ATTENUATIONSTART>
			<ATTENUATIONEND>800.0000000</ATTENUATIONEND>
			<CASTSHADOW/>
		</LIGHT>
		<LIGHT name="Omni_a 28">
			<POSITION>-4956.9765625 -1509.7456055 -712.4284668</POSITION>
			<COLOR>1.0000000 0.5725490 0.3372549</COLOR>
			<INTENSITY>1.0000000</INTENSITY>
			<ATTENUATIONSTART>300.0000000</ATTENUATIONSTART>
			<ATTENUATIONEND>800.0000000</ATTENUATIONEND>
			<CASTSHADOW/>
		</LIGHT>
		<LIGHT name="Omni_a 29">
			<POSITION>-3678.0502930 -501.2362061 -250.4876099</POSITION>
			<COLOR>1.0000000 0.5725490 0.3372549</COLOR>
			<INTENSITY>1.0000000</INTENSITY>
			<ATTENUATIONSTART>300.0000000</ATTENUATIONSTART>
			<ATTENUATIONEND>800.0000000</ATTENUATIONEND>
			<CASTSHADOW/>
		</LIGHT>
		<LIGHT name="Omni_a 30">
			<POSITION>-2752.0541992 -2248.1389160 -712.4284668</POSITION>
			<COLOR>1.0000000 0.5725490 0.3372549</COLOR>
			<INTENSITY>1.0000000</INTENSITY>
			<ATTENUATIONSTART>300.0000000</ATTENUATIONSTART>
			<ATTENUATIONEND>800.0000000</ATTENUATIONEND>
			<CASTSHADOW/>
		</LIGHT>
		<LIGHT name="Omni_a 31">
			<POSITION>-4960.5566406 -2557.1376953 -712.4284668</POSITION>
			<COLOR>1.0000000 0.5725490 0.3372549</COLOR>
			<INTENSITY>1.0000000</INTENSITY>
			<ATTENUATIONSTART>300.0000000</ATTENUATIONSTART>
			<ATTENUATIONEND>800.0000000</ATTENUATIONEND>
			<CASTSHADOW/>
		</LIGHT>
		<LIGHT name="Omni_b 01">
			<POSITION>-1339.2651367 3164.4030762 -272.2699890</POSITION>
			<COLOR>1.0000000 0.5725490 0.3372549</COLOR>
			<INTENSITY>1.0000000</INTENSITY>
			<ATTENUATIONSTART>200.0000000</ATTENUATIONSTART>
			<ATTENUATIONEND>600.0000000</ATTENUATIONEND>
			<CASTSHADOW/>
		</LIGHT>
		<LIGHT name="Omni_b 02">
			<POSITION>1339.2651367 3164.4030762 -272.2699890</POSITION>
			<COLOR>1.0000000 0.5725490 0.3372549</COLOR>
			<INTENSITY>1.0000000</INTENSITY>
			<ATTENUATIONSTART>200.0000000</ATTENUATIONSTART>
			<ATTENUATIONEND>600.0000000</ATTENUATIONEND>
			<CASTSHADOW/>
		</LIGHT>
		<LIGHT name="Omni_b 03">
			<POSITION>1339.2651367 -3164.4030762 -272.2699890</POSITION>
			<COLOR>1.0000000 0.5725490 0.3372549</COLOR>
			<INTENSITY>1.0000000</INTENSITY>
			<ATTENUATIONSTART>200.0000000</ATTENUATIONSTART>
			<ATTENUATIONEND>600.0000000</ATTENUATIONEND>
			<CASTSHADOW/>
		</LIGHT>
		<LIGHT name="Omni_b 04">
			<POSITION>-1339.2651367 -3164.4030762 -272.2699890</POSITION>
			<COLOR>1.0000000 0.5725490 0.3372549</COLOR>
			<INTENSITY>1.0000000</INTENSITY>
			<ATTENUATIONSTART>200.0000000</ATTENUATIONSTART>
			<ATTENUATIONEND>600.0000000</ATTENUATIONEND>
			<CASTSHADOW/>
		</LIGHT>
		<LIGHT name="obj_Omni_a 32">
			<POSITION>-3678.0502930 501.2362061 -260.4876099</POSITION>
			<COLOR>1.0000000 0.5725490 0.3372549</COLOR>
			<INTENSITY>1.0000000</INTENSITY>
			<ATTENUATIONSTART>300.0000000</ATTENUATIONSTART>
			<ATTENUATIONEND>800.0000000</ATTENUATIONEND>
			<CASTSHADOW/>
		</LIGHT>
		<LIGHT name="obj_Omni_a 33">
			<POSITION>-4381.7890625 481.0579529 -575.1034546</POSITION>
			<COLOR>1.0000000 0.5725490 0.3372549</COLOR>
			<INTENSITY>1.0000000</INTENSITY>
			<ATTENUATIONSTART>300.0000000</ATTENUATIONSTART>
			<ATTENUATIONEND>800.0000000</ATTENUATIONEND>
			<CASTSHADOW/>
		</LIGHT>
		<LIGHT name="obj_Omni_a 34">
			<POSITION>4381.7890625 -481.0579529 -575.1034546</POSITION>
			<COLOR>1.0000000 0.5725490 0.3372549</COLOR>
			<INTENSITY>1.0000000</INTENSITY>
			<ATTENUATIONSTART>300.0000000</ATTENUATIONSTART>
			<ATTENUATIONEND>800.0000000</ATTENUATIONEND>
			<CASTSHADOW/>
		</LIGHT>
		<LIGHT name="obj_Omni_b 05">
			<POSITION>-1339.2651367 -3164.4030762 -282.2699890</POSITION>
			<COLOR>1.0000000 0.5725490 0.3372549</COLOR>
			<INTENSITY>1.0000000</INTENSITY>
			<ATTENUATIONSTART>200.0000000</ATTENUATIONSTART>
			<ATTENUATIONEND>600.0000000</ATTENUATIONEND>
			<CASTSHADOW/>
		</LIGHT>
		<LIGHT name="obj_Omni_b 06">
			<POSITION>1339.2651367 -3164.4030762 -282.2699890</POSITION>
			<COLOR>1.0000000 0.5725490 0.3372549</COLOR>
			<INTENSITY>1.0000000</INTENSITY>
			<ATTENUATIONSTART>200.0000000</ATTENUATIONSTART>
			<ATTENUATIONEND>600.0000000</ATTENUATIONEND>
			<CASTSHADOW/>
		</LIGHT>
		<LIGHT name="obj_Omni_a 35">
			<POSITION>606.5114136 3819.6911621 -538.2630005</POSITION>
			<COLOR>1.0000000 0.5725490 0.3372549</COLOR>
			<INTENSITY>1.0000000</INTENSITY>
			<ATTENUATIONSTART>300.0000000</ATTENUATIONSTART>
			<ATTENUATIONEND>800.0000000</ATTENUATIONEND>
			<CASTSHADOW/>
		</LIGHT>
		<LIGHT name="obj_Omni_a 36">
			<POSITION>-4381.7890625 -481.0579529 -575.1034546</POSITION>
			<COLOR>1.0000000 0.5725490 0.3372549</COLOR>
			<INTENSITY>1.0000000</INTENSITY>
			<ATTENUATIONSTART>300.0000000</ATTENUATIONSTART>
			<ATTENUATIONEND>800.0000000</ATTENUATIONEND>
			<CASTSHADOW/>
		</LIGHT>
		<LIGHT name="obj_Omni_a 37">
			<POSITION>-606.5114136 3819.6911621 -538.2630005</POSITION>
			<COLOR>1.0000000 0.5725490 0.3372549</COLOR>
			<INTENSITY>1.0000000</INTENSITY>
			<ATTENUATIONSTART>300.0000000</ATTENUATIONSTART>
			<ATTENUATIONEND>800.0000000</ATTENUATIONEND>
			<CASTSHADOW/>
		</LIGHT>
		<LIGHT name="obj_Omni_a 38">
			<POSITION>-3678.0502930 -501.2362061 -260.4876099</POSITION>
			<COLOR>1.0000000 0.5725490 0.3372549</COLOR>
			<INTENSITY>1.0000000</INTENSITY>
			<ATTENUATIONSTART>300.0000000</ATTENUATIONSTART>
			<ATTENUATIONEND>800.0000000</ATTENUATIONEND>
			<CASTSHADOW/>
		</LIGHT>
		<LIGHT name="obj_Omni_a 39">
			<POSITION>-606.5114136 -3809.9379883 -538.2630005</POSITION>
			<COLOR>1.0000000 0.5725490 0.3372549</COLOR>
			<INTENSITY>1.0000000</INTENSITY>
			<ATTENUATIONSTART>300.0000000</ATTENUATIONSTART>
			<ATTENUATIONEND>800.0000000</ATTENUATIONEND>
			<CASTSHADOW/>
		</LIGHT>
		<LIGHT name="obj_Omni_a 40">
			<POSITION>4381.7890625 481.0579529 -575.1034546</POSITION>
			<COLOR>1.0000000 0.5725490 0.3372549</COLOR>
			<INTENSITY>1.0000000</INTENSITY>
			<ATTENUATIONSTART>300.0000000</ATTENUATIONSTART>
			<ATTENUATIONEND>800.0000000</ATTENUATIONEND>
			<CASTSHADOW/>
		</LIGHT>
		<LIGHT name="obj_Omni_a 41">
			<POSITION>606.5114136 -3809.9379883 -538.2630005</POSITION>
			<COLOR>1.0000000 0.5725490 0.3372549</COLOR>
			<INTENSITY>1.0000000</INTENSITY>
			<ATTENUATIONSTART>300.0000000</ATTENUATIONSTART>
			<ATTENUATIONEND>800.0000000</ATTENUATIONEND>
			<CASTSHADOW/>
		</LIGHT>
		<LIGHT name="obj_Omni_a 42">
			<POSITION>3678.0502930 501.2362061 -260.4876099</POSITION>
			<COLOR>1.0000000 0.5725490 0.3372549</COLOR>
			<INTENSITY>1.0000000</INTENSITY>
			<ATTENUATIONSTART>300.0000000</ATTENUATIONSTART>
			<ATTENUATIONEND>800.0000000</ATTENUATIONEND>
			<CASTSHADOW/>
		</LIGHT>
		<LIGHT name="obj_Omni_a 43">
			<POSITION>3678.0502930 -501.2362061 -260.4876099</POSITION>
			<COLOR>1.0000000 0.5725490 0.3372549</COLOR>
			<INTENSITY>1.0000000</INTENSITY>
			<ATTENUATIONSTART>300.0000000</ATTENUATIONSTART>
			<ATTENUATIONEND>800.0000000</ATTENUATIONEND>
			<CASTSHADOW/>
		</LIGHT>
		<LIGHT name="obj_Omni_b 07">
			<POSITION>1339.2651367 3164.4030762 -282.2699890</POSITION>
			<COLOR>1.0000000 0.5725490 0.3372549</COLOR>
			<INTENSITY>1.0000000</INTENSITY>
			<ATTENUATIONSTART>200.0000000</ATTENUATIONSTART>
			<ATTENUATIONEND>600.0000000</ATTENUATIONEND>
			<CASTSHADOW/>
		</LIGHT>
		<LIGHT name="obj_Omni_b 08">
			<POSITION>-1339.2651367 3164.4030762 -282.2699890</POSITION>
			<COLOR>1.0000000 0.5725490 0.3372549</COLOR>
			<INTENSITY>1.0000000</INTENSITY>
			<ATTENUATIONSTART>200.0000000</ATTENUATIONSTART>
			<ATTENUATIONEND>600.0000000</ATTENUATIONEND>
			<CASTSHADOW/>
		</LIGHT>
		<LIGHT name="obj_Omni_a 44">
			<POSITION>4960.5566406 2557.1376953 -722.4284668</POSITION>
			<COLOR>1.0000000 0.5725490 0.3372549</COLOR>
			<INTENSITY>1.0000000</INTENSITY>
			<ATTENUATIONSTART>300.0000000</ATTENUATIONSTART>
			<ATTENUATIONEND>800.0000000</ATTENUATIONEND>
			<CASTSHADOW/>
		</LIGHT>
		<LIGHT name="obj_Omni_a 45">
			<POSITION>4959.3271484 1509.7456055 -722.4284668</POSITION>
			<COLOR>1.0000000 0.5725490 0.3372549</COLOR>
			<INTENSITY>1.0000000</INTENSITY>
			<ATTENUATIONSTART>300.0000000</ATTENUATIONSTART>
			<ATTENUATIONEND>800.0000000</ATTENUATIONEND>
			<CASTSHADOW/>
		</LIGHT>
		<LIGHT name="obj_Omni_a 46">
			<POSITION>4959.3271484 -1509.7456055 -722.4284668</POSITION>
			<COLOR>1.0000000 0.5725490 0.3372549</COLOR>
			<INTENSITY>1.0000000</INTENSITY>
			<ATTENUATIONSTART>300.0000000</ATTENUATIONSTART>
			<ATTENUATIONEND>800.0000000</ATTENUATIONEND>
			<CASTSHADOW/>
		</LIGHT>
		<LIGHT name="obj_Omni_a 47">
			<POSITION>2752.0541992 2248.1389160 -722.4284668</POSITION>
			<COLOR>1.0000000 0.5725490 0.3372549</COLOR>
			<INTENSITY>1.0000000</INTENSITY>
			<ATTENUATIONSTART>300.0000000</ATTENUATIONSTART>
			<ATTENUATIONEND>800.0000000</ATTENUATIONEND>
			<CASTSHADOW/>
		</LIGHT>
		<LIGHT name="obj_Omni_a 48">
			<POSITION>-2752.0541992 3975.4975586 -722.4284668</POSITION>
			<COLOR>1.0000000 0.5725490 0.3372549</COLOR>
			<INTENSITY>1.0000000</INTENSITY>
			<ATTENUATIONSTART>300.0000000</ATTENUATIONSTART>
			<ATTENUATIONEND>800.0000000</ATTENUATIONEND>
			<CASTSHADOW/>
		</LIGHT>
		<LIGHT name="obj_Omni_a 49">
			<POSITION>2752.0541992 -2248.1389160 -722.4284668</POSITION>
			<COLOR>1.0000000 0.5725490 0.3372549</COLOR>
			<INTENSITY>1.0000000</INTENSITY>
			<ATTENUATIONSTART>300.0000000</ATTENUATIONSTART>
			<ATTENUATIONEND>800.0000000</ATTENUATIONEND>
			<CASTSHADOW/>
		</LIGHT>
		<LIGHT name="obj_Omni_a 50">
			<POSITION>-1811.3671875 2310.4541016 -726.1162720</POSITION>
			<COLOR>1.0000000 0.5725490 0.3372549</COLOR>
			<INTENSITY>1.0000000</INTENSITY>
			<ATTENUATIONSTART>300.0000000</ATTENUATIONSTART>
			<ATTENUATIONEND>800.0000000</ATTENUATIONEND>
			<CASTSHADOW/>
		</LIGHT>
		<LIGHT name="obj_Omni_a 51">
			<POSITION>2752.0541992 -3975.4975586 -722.4284668</POSITION>
			<COLOR>1.0000000 0.5725490 0.3372549</COLOR>
			<INTENSITY>1.0000000</INTENSITY>
			<ATTENUATIONSTART>300.0000000</ATTENUATIONSTART>
			<ATTENUATIONEND>800.0000000</ATTENUATIONEND>
			<CASTSHADOW/>
		</LIGHT>
		<LIGHT name="obj_Omni_a 52">
			<POSITION>2752.0541992 3975.4975586 -722.4284668</POSITION>
			<COLOR>1.0000000 0.5725490 0.3372549</COLOR>
			<INTENSITY>1.0000000</INTENSITY>
			<ATTENUATIONSTART>300.0000000</ATTENUATIONSTART>
			<ATTENUATIONEND>800.0000000</ATTENUATIONEND>
			<CASTSHADOW/>
		</LIGHT>
		<LIGHT name="obj_Omni_a 53">
			<POSITION>-2752.0541992 -3975.4975586 -722.4284668</POSITION>
			<COLOR>1.0000000 0.5725490 0.3372549</COLOR>
			<INTENSITY>1.0000000</INTENSITY>
			<ATTENUATIONSTART>300.0000000</ATTENUATIONSTART>
			<ATTENUATIONEND>800.0000000</ATTENUATIONEND>
			<CASTSHADOW/>
		</LIGHT>
		<LIGHT name="obj_Omni_a 54">
			<POSITION>5142.0800781 -1.9252937 -722.4284668</POSITION>
			<COLOR>1.0000000 0.5725490 0.3372549</COLOR>
			<INTENSITY>1.0000000</INTENSITY>
			<ATTENUATIONSTART>300.0000000</ATTENUATIONSTART>
			<ATTENUATIONEND>800.0000000</ATTENUATIONEND>
			<CASTSHADOW/>
		</LIGHT>
		<LIGHT name="obj_Omni_a 55">
			<POSITION>-4956.9765625 -1509.7456055 -722.4284668</POSITION>
			<COLOR>1.0000000 0.5725490 0.3372549</COLOR>
			<INTENSITY>1.0000000</INTENSITY>
			<ATTENUATIONSTART>300.0000000</ATTENUATIONSTART>
			<ATTENUATIONEND>800.0000000</ATTENUATIONEND>
			<CASTSHADOW/>
		</LIGHT>
		<LIGHT name="obj_Omni_a 56">
			<POSITION>-2752.0541992 2248.1389160 -722.4284668</POSITION>
			<COLOR>1.0000000 0.5725490 0.3372549</COLOR>
			<INTENSITY>1.0000000</INTENSITY>
			<ATTENUATIONSTART>300.0000000</ATTENUATIONSTART>
			<ATTENUATIONEND>800.0000000</ATTENUATIONEND>
			<CASTSHADOW/>
		</LIGHT>
		<LIGHT name="obj_Omni_a 57">
			<POSITION>-2752.0541992 -2248.1389160 -722.4284668</POSITION>
			<COLOR>1.0000000 0.5725490 0.3372549</COLOR>
			<INTENSITY>1.0000000</INTENSITY>
			<ATTENUATIONSTART>300.0000000</ATTENUATIONSTART>
			<ATTENUATIONEND>800.0000000</ATTENUATIONEND>
			<CASTSHADOW/>
		</LIGHT>
		<LIGHT name="obj_Omni_a 58">
			<POSITION>-4960.5566406 -2557.1376953 -722.4284668</POSITION>
			<COLOR>1.0000000 0.5725490 0.3372549</COLOR>
			<INTENSITY>1.0000000</INTENSITY>
			<ATTENUATIONSTART>300.0000000</ATTENUATIONSTART>
			<ATTENUATIONEND>800.0000000</ATTENUATIONEND>
			<CASTSHADOW/>
		</LIGHT>
		<LIGHT name="obj_Omni_a 59">
			<POSITION>-4960.5566406 2557.1376953 -722.4284668</POSITION>
			<COLOR>1.0000000 0.5725490 0.3372549</COLOR>
			<INTENSITY>1.0000000</INTENSITY>
			<ATTENUATIONSTART>300.0000000</ATTENUATIONSTART>
			<ATTENUATIONEND>800.0000000</ATTENUATIONEND>
			<CASTSHADOW/>
		</LIGHT>
		<LIGHT name="obj_Omni_a 60">
			<POSITION>-4956.9765625 1509.7456055 -722.4284668</POSITION>
			<COLOR>1.0000000 0.5725490 0.3372549</COLOR>
			<INTENSITY>1.0000000</INTENSITY>
			<ATTENUATIONSTART>300.0000000</ATTENUATIONSTART>
			<ATTENUATIONEND>800.0000000</ATTENUATIONEND>
			<CASTSHADOW/>
		</LIGHT>
		<LIGHT name="obj_Omni_a 61">
			<POSITION>-5142.0800781 -1.9252937 -722.4284668</POSITION>
			<COLOR>1.0000000 0.5725490 0.3372549</COLOR>
			<INTENSITY>1.0000000</INTENSITY>
			<ATTENUATIONSTART>300.0000000</ATTENUATIONSTART>
			<ATTENUATIONEND>800.0000000</ATTENUATIONEND>
			<CASTSHADOW/>
		</LIGHT>
		<LIGHT name="obj_Omni_a 62">
			<POSITION>4960.5566406 -2557.1376953 -722.4284668</POSITION>
			<COLOR>1.0000000 0.5725490 0.3372549</COLOR>
			<INTENSITY>1.0000000</INTENSITY>
			<ATTENUATIONSTART>300.0000000</ATTENUATIONSTART>
			<ATTENUATIONEND>800.0000000</ATTENUATIONEND>
			<CASTSHADOW/>
		</LIGHT>
	</LIGHTLIST>
	<OBJECTLIST>
		<OBJECT name="Battle Arena_obj_txa_fire_a.elu">
		</OBJECT>
		<OBJECT name="Battle Arena_obj_sky_daylight.elu">
		</OBJECT>
	</OBJECTLIST>
	<DUMMYLIST>
		<DUMMY name="spawn_team1_101">
			<POSITION>-4890.1552734 -556.0220337 -1031.9265137</POSITION>
			<DIRECTION>0.9999999 0.0000000 0.0000000</DIRECTION>
		</DUMMY>
		<DUMMY name="spawn_solo_101">
			<POSITION>3907.3833008 -110.9752350 -395.0000000</POSITION>
			<DIRECTION>-0.9999999 0.0000000 0.0000000</DIRECTION>
		</DUMMY>
		<DUMMY name="spawn_team2_101">
			<POSITION>5033.9819336 259.9223328 -1031.9265137</POSITION>
			<DIRECTION>-0.9999999 0.0000000 0.0000000</DIRECTION>
		</DUMMY>
		<DUMMY name="spawn_solo_102">
			<POSITION>3228.3552246 -819.1593018 -395.0000000</POSITION>
			<DIRECTION>-0.9999999 0.0000000 0.0000000</DIRECTION>
		</DUMMY>
		<DUMMY name="spawn_solo_103">
			<POSITION>1901.2575684 -1750.1652832 -395.0000000</POSITION>
			<DIRECTION>0.0000000 0.9999999 0.0000000</DIRECTION>
		</DUMMY>
		<DUMMY name="spawn_solo_104">
			<POSITION>2595.3254395 -2269.9196777 -1031.9265137</POSITION>
			<DIRECTION>0.9999999 0.0000000 0.0000000</DIRECTION>
		</DUMMY>
		<DUMMY name="spawn_solo_105">
			<POSITION>1557.9196777 3811.9812012 -1031.9262695</POSITION>
			<DIRECTION>-0.0000001 -0.9999999 0.0000000</DIRECTION>
		</DUMMY>
		<DUMMY name="spawn_solo_106">
			<POSITION>1433.4576416 -3935.7766113 -1031.9267578</POSITION>
			<DIRECTION>0.0000000 0.9999999 0.0000000</DIRECTION>
		</DUMMY>
		<DUMMY name="spawn_solo_107">
			<POSITION>4349.7807617 494.7776184 -843.8909912</POSITION>
			<DIRECTION>-0.9999999 0.0000000 0.0000000</DIRECTION>
		</DUMMY>
		<DUMMY name="spawn_solo_108">
			<POSITION>1443.5783691 -3825.3264160 -555.4193115</POSITION>
			<DIRECTION>0.0000000 0.9999999 0.0000000</DIRECTION>
		</DUMMY>
		<DUMMY name="spawn_solo_109">
			<POSITION>-4343.6967773 505.6347961 -836.8211670</POSITION>
			<DIRECTION>0.9999999 0.0000000 0.0000000</DIRECTION>
		</DUMMY>
		<DUMMY name="spawn_solo_110">
			<POSITION>-4023.3564453 2421.4677734 -1031.9263916</POSITION>
			<DIRECTION>0.9999999 0.0000000 0.0000000</DIRECTION>
		</DUMMY>
		<DUMMY name="spawn_solo_111">
			<POSITION>0.0000000 -2611.1989746 -395.0000000</POSITION>
			<DIRECTION>0.0000000 0.9999999 0.0000000</DIRECTION>
		</DUMMY>
		<DUMMY name="spawn_solo_112">
			<POSITION>4349.7807617 -495.7196960 -843.8909912</POSITION>
			<DIRECTION>-0.9999999 0.0000000 0.0000000</DIRECTION>
		</DUMMY>
		<DUMMY name="spawn_solo_113">
			<POSITION>4027.7895508 2433.0517578 -555.4193115</POSITION>
			<DIRECTION>-0.9999999 0.0000001 0.0000000</DIRECTION>
		</DUMMY>
		<DUMMY name="spawn_solo_114">
			<POSITION>1443.5783691 3883.7905273 -555.4193115</POSITION>
			<DIRECTION>0.0000001 -0.9999999 0.0000000</DIRECTION>
		</DUMMY>
		<DUMMY name="spawn_solo_115">
			<POSITION>-4343.6967773 -495.8199768 -836.8211670</POSITION>
			<DIRECTION>0.9999999 0.0000000 0.0000000</DIRECTION>
		</DUMMY>
		<DUMMY name="spawn_solo_116">
			<POSITION>-1434.5739746 3883.7905273 -555.4193115</POSITION>
			<DIRECTION>0.0000001 -0.9999999 0.0000000</DIRECTION>
		</DUMMY>
		<DUMMY name="spawn_solo_117">
			<POSITION>-4017.9890137 2377.7106934 -555.4193115</POSITION>
			<DIRECTION>0.9999999 0.0000000 0.0000000</DIRECTION>
		</DUMMY>
		<DUMMY name="spawn_solo_118">
			<POSITION>3663.1215820 -2384.8544922 -555.4193115</POSITION>
			<DIRECTION>-0.9999999 0.0000000 0.0000000</DIRECTION>
		</DUMMY>
		<DUMMY name="spawn_solo_119">
			<POSITION>-3644.6723633 -2386.8930664 -555.4193115</POSITION>
			<DIRECTION>0.9999999 0.0000000 0.0000000</DIRECTION>
		</DUMMY>
		<DUMMY name="spawn_solo_120">
			<POSITION>-1434.5739746 -3825.3264160 -555.4193115</POSITION>
			<DIRECTION>0.0000000 0.9999999 0.0000000</DIRECTION>
		</DUMMY>
		<DUMMY name="spawn_solo_121">
			<POSITION>-2603.1484375 -2283.4428711 -1031.9263916</POSITION>
			<DIRECTION>-0.9999999 0.0000000 0.0000000</DIRECTION>
		</DUMMY>
		<DUMMY name="spawn_solo_122">
			<POSITION>-1359.0887451 3662.5334473 -1031.9262695</POSITION>
			<DIRECTION>0.9999999 0.0000000 0.0000000</DIRECTION>
		</DUMMY>
		<DUMMY name="spawn_solo_123">
			<POSITION>-1429.7886963 -3935.7766113 -1031.9267578</POSITION>
			<DIRECTION>0.0000000 0.9999999 0.0000000</DIRECTION>
		</DUMMY>
		<DUMMY name="spawn_solo_124">
			<POSITION>4038.5895996 2384.5092773 -1031.9265137</POSITION>
			<DIRECTION>-0.9999999 0.0000000 0.0000000</DIRECTION>
		</DUMMY>
		<DUMMY name="spawn_solo_125">
			<POSITION>3229.6342773 814.8186035 -395.0000000</POSITION>
			<DIRECTION>-0.9999999 0.0000000 0.0000000</DIRECTION>
		</DUMMY>
		<DUMMY name="spawn_solo_126">
			<POSITION>1901.2575684 1722.5900879 -395.0000000</POSITION>
			<DIRECTION>0.0000001 -0.9999999 0.0000000</DIRECTION>
		</DUMMY>
		<DUMMY name="spawn_solo_127">
			<POSITION>-1920.3269043 -1733.5902100 -395.0000000</POSITION>
			<DIRECTION>0.0000000 0.9999999 0.0000000</DIRECTION>
		</DUMMY>
		<DUMMY name="spawn_solo_128">
			<POSITION>0.0000000 2623.3220215 -395.0000000</POSITION>
			<DIRECTION>0.0000001 -0.9999999 0.0000000</DIRECTION>
		</DUMMY>
		<DUMMY name="spawn_solo_129">
			<POSITION>-1920.7082520 1712.7814941 -395.0000000</POSITION>
			<DIRECTION>0.0000001 -0.9999999 0.0000000</DIRECTION>
		</DUMMY>
		<DUMMY name="spawn_solo_130">
			<POSITION>-3226.1123047 821.8615112 -395.0000000</POSITION>
			<DIRECTION>0.9999999 0.0000000 0.0000000</DIRECTION>
		</DUMMY>
		<DUMMY name="spawn_solo_131">
			<POSITION>-3228.7050781 -822.2550659 -395.0000000</POSITION>
			<DIRECTION>0.9999999 0.0000000 0.0000000</DIRECTION>
		</DUMMY>
		<DUMMY name="spawn_solo_132">
			<POSITION>-3888.8769531 -102.7462692 -395.0000000</POSITION>
			<DIRECTION>0.9999999 0.0000000 0.0000000</DIRECTION>
		</DUMMY>
		<DUMMY name="spawn_team2_102">
			<POSITION>5168.4306641 558.9309082 -1031.9265137</POSITION>
			<DIRECTION>-0.9999999 0.0000000 0.0000000</DIRECTION>
		</DUMMY>
		<DUMMY name="spawn_team1_102">
			<POSITION>-5030.0151367 -556.0220337 -1031.9265137</POSITION>
			<DIRECTION>0.9999999 0.0000000 0.0000000</DIRECTION>
		</DUMMY>
		<DUMMY name="spawn_team2_103">
			<POSITION>5035.8364258 558.9309082 -1031.9265137</POSITION>
			<DIRECTION>-0.9999999 0.0000000 0.0000000</DIRECTION>
		</DUMMY>
		<DUMMY name="spawn_team1_103">
			<POSITION>-5171.7666016 -556.0220337 -1031.9265137</POSITION>
			<DIRECTION>0.9999999 0.0000000 0.0000000</DIRECTION>
		</DUMMY>
		<DUMMY name="spawn_team2_104">
			<POSITION>4902.6616211 558.9309082 -1031.9265137</POSITION>
			<DIRECTION>-0.9999999 0.0000000 0.0000000</DIRECTION>
		</DUMMY>
		<DUMMY name="spawn_team1_104">
			<POSITION>-5036.8642578 -270.3408813 -1031.9265137</POSITION>
			<DIRECTION>0.9999999 0.0000000 0.0000000</DIRECTION>
		</DUMMY>
		<DUMMY name="spawn_team2_105">
			<POSITION>5033.7329102 150.8934479 -1031.9265137</POSITION>
			<DIRECTION>-0.9999999 0.0000000 0.0000000</DIRECTION>
		</DUMMY>
		<DUMMY name="spawn_team1_105">
			<POSITION>-4891.3696289 -435.8660889 -1031.9265137</POSITION>
			<DIRECTION>0.9999999 0.0000000 0.0000000</DIRECTION>
		</DUMMY>
		<DUMMY name="spawn_team2_106">
			<POSITION>5168.1816406 449.9020691 -1031.9265137</POSITION>
			<DIRECTION>-0.9999999 0.0000000 0.0000000</DIRECTION>
		</DUMMY>
		<DUMMY name="spawn_team1_106">
			<POSITION>-5031.2299805 -435.8661194 -1031.9265137</POSITION>
			<DIRECTION>0.9999999 0.0000000 0.0000000</DIRECTION>
		</DUMMY>
		<DUMMY name="spawn_team2_107">
			<POSITION>5035.5874023 449.9020691 -1031.9265137</POSITION>
			<DIRECTION>-0.9999999 0.0000000 0.0000000</DIRECTION>
		</DUMMY>
		<DUMMY name="spawn_team1_107">
			<POSITION>-5172.9814453 -435.8661194 -1031.9265137</POSITION>
			<DIRECTION>0.9999999 0.0000000 0.0000000</DIRECTION>
		</DUMMY>
		<DUMMY name="spawn_team2_108">
			<POSITION>4902.4135742 449.9020996 -1031.9265137</POSITION>
			<DIRECTION>-0.9999999 0.0000000 0.0000000</DIRECTION>
		</DUMMY>
		<DUMMY name="spawn_team1_108">
			<POSITION>-5038.0791016 -150.1850128 -1031.9265137</POSITION>
			<DIRECTION>0.9999999 0.0000000 0.0000000</DIRECTION>
		</DUMMY>
		<DUMMY name="spawn_team2_109">
			<POSITION>5033.2836914 -145.7125702 -1031.9265137</POSITION>
			<DIRECTION>-0.9999999 0.0000000 0.0000000</DIRECTION>
		</DUMMY>
		<DUMMY name="spawn_team1_109">
			<POSITION>-4890.6137695 442.3616333 -1031.9265137</POSITION>
			<DIRECTION>0.9999999 0.0000000 0.0000000</DIRECTION>
		</DUMMY>
		<DUMMY name="spawn_team2_110">
			<POSITION>5167.7319336 -434.5326233 -1031.9265137</POSITION>
			<DIRECTION>-0.9999999 0.0000000 0.0000000</DIRECTION>
		</DUMMY>
		<DUMMY name="spawn_team1_110">
			<POSITION>-5030.4741211 442.3616028 -1031.9265137</POSITION>
			<DIRECTION>0.9999999 0.0000000 0.0000000</DIRECTION>
		</DUMMY>
		<DUMMY name="spawn_team2_111">
			<POSITION>5035.1381836 -434.5326233 -1031.9265137</POSITION>
			<DIRECTION>-0.9999999 0.0000000 0.0000000</DIRECTION>
		</DUMMY>
		<DUMMY name="spawn_team1_111">
			<POSITION>-5172.2255859 442.3616028 -1031.9265137</POSITION>
			<DIRECTION>0.9999999 0.0000000 0.0000000</DIRECTION>
		</DUMMY>
		<DUMMY name="spawn_team2_112">
			<POSITION>4901.9633789 -434.5325928 -1031.9265137</POSITION>
			<DIRECTION>-0.9999999 0.0000000 0.0000000</DIRECTION>
		</DUMMY>
		<DUMMY name="spawn_team1_112">
			<POSITION>-5037.3222656 174.0190277 -1031.9265137</POSITION>
			<DIRECTION>0.9999999 0.0000000 0.0000000</DIRECTION>
		</DUMMY>
		<DUMMY name="spawn_team2_113">
			<POSITION>5033.9804688 -265.5045471 -1031.9265137</POSITION>
			<DIRECTION>-0.9999999 0.0000000 0.0000000</DIRECTION>
		</DUMMY>
		<DUMMY name="spawn_team1_113">
			<POSITION>-4891.9301758 557.5911255 -1031.9265137</POSITION>
			<DIRECTION>0.9999999 0.0000000 0.0000000</DIRECTION>
		</DUMMY>
		<DUMMY name="spawn_team2_114">
			<POSITION>5168.4287109 -554.3246460 -1031.9265137</POSITION>
			<DIRECTION>-0.9999999 0.0000000 0.0000000</DIRECTION>
		</DUMMY>
		<DUMMY name="spawn_team1_114">
			<POSITION>-5031.7905273 557.5911255 -1031.9265137</POSITION>
			<DIRECTION>0.9999999 0.0000000 0.0000000</DIRECTION>
		</DUMMY>
		<DUMMY name="spawn_team2_115">
			<POSITION>5035.8344727 -554.3246460 -1031.9265137</POSITION>
			<DIRECTION>-0.9999999 0.0000000 0.0000000</DIRECTION>
		</DUMMY>
		<DUMMY name="spawn_team1_115">
			<POSITION>-5173.5419922 557.5911255 -1031.9265137</POSITION>
			<DIRECTION>0.9999999 0.0000000 0.0000000</DIRECTION>
		</DUMMY>
		<DUMMY name="spawn_team2_116">
			<POSITION>4902.8295898 -554.0697021 -1031.9265137</POSITION>
			<DIRECTION>-0.9999999 0.0000000 0.0000000</DIRECTION>
		</DUMMY>
		<DUMMY name="spawn_team1_116">
			<POSITION>-5038.6386719 289.2485962 -1031.9265137</POSITION>
			<DIRECTION>0.9999999 0.0000000 0.0000000</DIRECTION>
		</DUMMY>
		<DUMMY name="sun_Dummy">
			<POSITION>1961.7963867 2304.1613770 7428.8769531</POSITION>
			<DIRECTION>0.0000000 0.9999999 0.0000000</DIRECTION>
		</DUMMY>
		<DUMMY name="wait_pos_01">
			<POSITION>-152.3684845 -1970.0006104 713.5750732</POSITION>
			<DIRECTION>-0.8499550 0.5125471 -0.1219503</DIRECTION>
		</DUMMY>
		<DUMMY name="spawn_item_team_bullet02_01">
			<POSITION>0.0000000 0.0000000 399.9749756</POSITION>
			<DIRECTION>0.0000000 0.9999999 0.0000000</DIRECTION>
		</DUMMY>
		<DUMMY name="spawn_item_solo_bullet02_01">
			<POSITION>-1056.1359863 1328.4733887 -1031.9265137</POSITION>
			<DIRECTION>0.0000000 0.9999999 0.0000000</DIRECTION>
		</DUMMY>
		<DUMMY name="spawn_item_solo_ap03_01">
			<POSITION>-2750.8081055 -2379.3818359 -1031.9265137</POSITION>
			<DIRECTION>0.0000000 0.9999999 0.0000000</DIRECTION>
		</DUMMY>
		<DUMMY name="spawn_item_solo_hp03_01">
			<POSITION>-0.0000008 0.0000000 399.9749756</POSITION>
			<DIRECTION>0.0000000 0.9999999 0.0000000</DIRECTION>
		</DUMMY>
		<DUMMY name="spawn_item_team_bullet01_01">
			<POSITION>2737.6391602 -2379.3818359 -1031.9265137</POSITION>
			<DIRECTION>0.0000000 0.9999999 0.0000000</DIRECTION>
		</DUMMY>
		<DUMMY name="spawn_item_team_bullet01_02">
			<POSITION>-2750.8081055 -2379.3818359 -1031.9265137</POSITION>
			<DIRECTION>0.0000000 0.9999999 0.0000000</DIRECTION>
		</DUMMY>
		<DUMMY name="spawn_item_solo_ap03_02">
			<POSITION>2737.6391602 -2379.3818359 -1031.9265137</POSITION>
			<DIRECTION>0.0000000 0.9999999 0.0000000</DIRECTION>
		</DUMMY>
		<DUMMY name="snd_amb_a1_wind 01">
			<POSITION>-2757.6186523 -3060.7211914 -731.3674316</POSITION>
			<DIRECTION>0.0000000 0.9999999 0.0000000</DIRECTION>
		</DUMMY>
		<DUMMY name="snd_amb_b1_torch 01">
			<POSITION>605.6437988 -4070.3564453 -525.0487061</POSITION>
			<DIRECTION>0.0000000 0.9999999 0.0000000</DIRECTION>
		</DUMMY>
		<DUMMY name="snd_amb_b1_torch 02">
			<POSITION>605.6437988 -3529.9992676 -525.0487061</POSITION>
			<DIRECTION>0.0000000 0.9999999 0.0000000</DIRECTION>
		</DUMMY>
		<DUMMY name="snd_amb_b1_torch 03">
			<POSITION>-606.8027344 -3529.9992676 -525.0487061</POSITION>
			<DIRECTION>0.0000000 0.9999999 0.0000000</DIRECTION>
		</DUMMY>
		<DUMMY name="snd_amb_b1_torch 04">
			<POSITION>-606.8027344 -4070.3564453 -525.0487061</POSITION>
			<DIRECTION>0.0000000 0.9999999 0.0000000</DIRECTION>
		</DUMMY>
		<DUMMY name="snd_amb_b1_torch 05">
			<POSITION>-2749.6062012 -4070.3564453 -705.2900391</POSITION>
			<DIRECTION>0.0000000 0.9999999 0.0000000</DIRECTION>
		</DUMMY>
		<DUMMY name="snd_amb_b1_torch 06">
			<POSITION>-2749.6062012 -2130.2390137 -705.2900391</POSITION>
			<DIRECTION>0.0000000 0.9999999 0.0000000</DIRECTION>
		</DUMMY>
		<DUMMY name="snd_amb_b1_torch 07">
			<POSITION>-4959.2495117 -2670.5690918 -705.2900391</POSITION>
			<DIRECTION>0.0000000 0.9999999 0.0000000</DIRECTION>
		</DUMMY>
		<DUMMY name="snd_amb_b1_torch 08">
			<POSITION>-5241.0634766 -1508.0878906 -705.2900391</POSITION>
			<DIRECTION>0.0000000 0.9999999 0.0000000</DIRECTION>
		</DUMMY>
		<DUMMY name="snd_amb_b1_torch 09">
			<POSITION>-4679.6557617 -1508.0878906 -705.2900391</POSITION>
			<DIRECTION>0.0000000 0.9999999 0.0000000</DIRECTION>
		</DUMMY>
		<DUMMY name="snd_amb_b1_torch 11">
			<POSITION>-5241.0634766 1.0345917 -705.2900391</POSITION>
			<DIRECTION>0.0000000 0.9999999 0.0000000</DIRECTION>
		</DUMMY>
		<DUMMY name="snd_amb_b1_torch 12">
			<POSITION>-4679.6557617 1509.5900879 -705.2900391</POSITION>
			<DIRECTION>0.0000000 0.9999999 0.0000000</DIRECTION>
		</DUMMY>
		<DUMMY name="snd_amb_b1_torch 13">
			<POSITION>-5241.0634766 1509.5900879 -705.2900391</POSITION>
			<DIRECTION>0.0000000 0.9999999 0.0000000</DIRECTION>
		</DUMMY>
		<DUMMY name="snd_amb_b1_torch 14">
			<POSITION>-4959.2119141 2670.0563965 -705.2900391</POSITION>
			<DIRECTION>0.0000000 0.9999999 0.0000000</DIRECTION>
		</DUMMY>
		<DUMMY name="snd_amb_b1_torch 15">
			<POSITION>-2753.3803711 2129.8837891 -705.2900391</POSITION>
			<DIRECTION>0.0000000 0.9999999 0.0000000</DIRECTION>
		</DUMMY>
		<DUMMY name="snd_amb_b1_torch 16">
			<POSITION>-2753.3803711 4070.1398926 -705.2900391</POSITION>
			<DIRECTION>0.0000000 0.9999999 0.0000000</DIRECTION>
		</DUMMY>
		<DUMMY name="snd_amb_b1_torch 17">
			<POSITION>-606.6794434 4070.1398926 -525.0487061</POSITION>
			<DIRECTION>0.0000000 0.9999999 0.0000000</DIRECTION>
		</DUMMY>
		<DUMMY name="snd_amb_b1_torch 18">
			<POSITION>-606.6794434 3530.0126953 -525.0487061</POSITION>
			<DIRECTION>0.0000000 0.9999999 0.0000000</DIRECTION>
		</DUMMY>
		<DUMMY name="snd_amb_b1_torch 19">
			<POSITION>606.5742188 3530.0126953 -525.0487061</POSITION>
			<DIRECTION>0.0000000 0.9999999 0.0000000</DIRECTION>
		</DUMMY>
		<DUMMY name="snd_amb_b1_torch 20">
			<POSITION>606.5742188 4070.1398926 -525.0487061</POSITION>
			<DIRECTION>0.0000000 0.9999999 0.0000000</DIRECTION>
		</DUMMY>
		<DUMMY name="snd_amb_b1_torch 21">
			<POSITION>2749.1872559 4070.1398926 -705.2900391</POSITION>
			<DIRECTION>0.0000000 0.9999999 0.0000000</DIRECTION>
		</DUMMY>
		<DUMMY name="snd_amb_b1_torch 22">
			<POSITION>2749.1872559 2129.9016113 -705.2900391</POSITION>
			<DIRECTION>0.0000000 0.9999999 0.0000000</DIRECTION>
		</DUMMY>
		<DUMMY name="snd_amb_b1_torch 23">
			<POSITION>4958.9331055 2669.6276855 -705.2900391</POSITION>
			<DIRECTION>0.0000000 0.9999999 0.0000000</DIRECTION>
		</DUMMY>
		<DUMMY name="snd_amb_b1_torch 24">
			<POSITION>5241.4267578 1508.7135010 -705.2900391</POSITION>
			<DIRECTION>0.0000000 0.9999999 0.0000000</DIRECTION>
		</DUMMY>
		<DUMMY name="snd_amb_b1_torch 25">
			<POSITION>4679.5986328 1508.7135010 -705.2900391</POSITION>
			<DIRECTION>0.0000000 0.9999999 0.0000000</DIRECTION>
		</DUMMY>
		<DUMMY name="snd_amb_b1_torch 26">
			<POSITION>4679.5986328 -1509.3217773 -705.2900391</POSITION>
			<DIRECTION>0.0000000 0.9999999 0.0000000</DIRECTION>
		</DUMMY>
		<DUMMY name="snd_amb_b1_torch 27">
			<POSITION>5241.4267578 -1509.3217773 -705.2900391</POSITION>
			<DIRECTION>0.0000000 0.9999999 0.0000000</DIRECTION>
		</DUMMY>
		<DUMMY name="snd_amb_b1_torch 28">
			<POSITION>5241.4267578 0.1264114 -705.2900391</POSITION>
			<DIRECTION>0.0000000 0.9999999 0.0000000</DIRECTION>
		</DUMMY>
		<DUMMY name="snd_amb_b1_torch 29">
			<POSITION>4958.1752930 -2670.8232422 -705.2900391</POSITION>
			<DIRECTION>0.0000000 0.9999999 0.0000000</DIRECTION>
		</DUMMY>
		<DUMMY name="snd_amb_b1_torch 30">
			<POSITION>2751.5676270 -2129.3593750 -705.2900391</POSITION>
			<DIRECTION>0.0000000 0.9999999 0.0000000</DIRECTION>
		</DUMMY>
		<DUMMY name="snd_amb_b1_torch 31">
			<POSITION>2751.5676270 -4070.5571289 -705.2900391</POSITION>
			<DIRECTION>0.0000000 0.9999999 0.0000000</DIRECTION>
		</DUMMY>
		<DUMMY name="snd_amb_b1_torch 32">
			<POSITION>1327.1674805 -3164.4514160 -450.3851929</POSITION>
			<DIRECTION>0.0000000 0.9999999 0.0000000</DIRECTION>
		</DUMMY>
		<DUMMY name="snd_amb_b1_torch 33">
			<POSITION>-1356.2059326 -3164.4514160 -450.3851929</POSITION>
			<DIRECTION>0.0000000 0.9999999 0.0000000</DIRECTION>
		</DUMMY>
		<DUMMY name="snd_amb_b1_torch 34">
			<POSITION>-1356.2059326 3165.4780273 -450.3851929</POSITION>
			<DIRECTION>0.0000000 0.9999999 0.0000000</DIRECTION>
		</DUMMY>
		<DUMMY name="snd_amb_b1_torch 35">
			<POSITION>1327.1674805 3165.4780273 -450.3851929</POSITION>
			<DIRECTION>0.0000000 0.9999999 0.0000000</DIRECTION>
		</DUMMY>
		<DUMMY name="snd_amb_b1_torch 36">
			<POSITION>-1731.4512939 2391.7416992 -705.2900391</POSITION>
			<DIRECTION>0.0000000 0.9999999 0.0000000</DIRECTION>
		</DUMMY>
		<DUMMY name="snd_amb_b1_torch 37">
			<POSITION>-4381.7211914 -500.3381958 -556.2434082</POSITION>
			<DIRECTION>0.0000000 0.9999999 0.0000000</DIRECTION>
		</DUMMY>
		<DUMMY name="snd_amb_b1_torch 38">
			<POSITION>-3678.8618164 -500.3381958 -237.3060303</POSITION>
			<DIRECTION>0.0000000 0.9999999 0.0000000</DIRECTION>
		</DUMMY>
		<DUMMY name="snd_amb_b1_torch 39">
			<POSITION>-3678.8618164 499.0583496 -237.3060303</POSITION>
			<DIRECTION>0.0000000 0.9999999 0.0000000</DIRECTION>
		</DUMMY>
		<DUMMY name="snd_amb_b1_torch 40">
			<POSITION>-4381.7211914 499.0583496 -556.2434082</POSITION>
			<DIRECTION>0.0000000 0.9999999 0.0000000</DIRECTION>
		</DUMMY>
		<DUMMY name="snd_amb_b1_torch 41">
			<POSITION>3679.3723145 499.0583496 -237.3060303</POSITION>
			<DIRECTION>0.0000000 0.9999999 0.0000000</DIRECTION>
		</DUMMY>
		<DUMMY name="snd_amb_b1_torch 42">
			<POSITION>3679.3723145 -500.3381958 -237.3060303</POSITION>
			<DIRECTION>0.0000000 0.9999999 0.0000000</DIRECTION>
		</DUMMY>
		<DUMMY name="snd_amb_b1_torch 43">
			<POSITION>4380.6186523 499.0583496 -556.9820557</POSITION>
			<DIRECTION>0.0000000 0.9999999 0.0000000</DIRECTION>
		</DUMMY>
		<DUMMY name="snd_amb_b1_torch 44">
			<POSITION>4380.6186523 -500.3381958 -556.9820557</POSITION>
			<DIRECTION>0.0000000 0.9999999 0.0000000</DIRECTION>
		</DUMMY>
		<DUMMY name="snd_amb_a1_wind 02">
			<POSITION>-2757.6186523 -3060.7211914 -2300.0000000</POSITION>
			<DIRECTION>0.0000000 0.9999999 0.0000000</DIRECTION>
		</DUMMY>
		<DUMMY name="snd_amb_a1_wind 03">
			<POSITION>-3995.2885742 -2393.4101563 -731.3674316</POSITION>
			<DIRECTION>0.0000000 0.9999999 0.0000000</DIRECTION>
		</DUMMY>
		<DUMMY name="snd_amb_a1_wind 04">
			<POSITION>-3995.2885742 -2393.4101563 -2300.0000000</POSITION>
			<DIRECTION>0.0000000 0.9999999 0.0000000</DIRECTION>
		</DUMMY>
		<DUMMY name="snd_amb_a1_wind 05">
			<POSITION>3995.2885742 -2393.4101563 -2300.0000000</POSITION>
			<DIRECTION>0.0000000 -0.9999999 0.0000000</DIRECTION>
		</DUMMY>
		<DUMMY name="snd_amb_a1_wind 06">
			<POSITION>3995.2885742 -2393.4101563 -731.3674316</POSITION>
			<DIRECTION>0.0000000 -0.9999999 0.0000000</DIRECTION>
		</DUMMY>
		<DUMMY name="snd_amb_a1_wind 07">
			<POSITION>2757.6186523 -3060.7211914 -2300.0000000</POSITION>
			<DIRECTION>0.0000000 -0.9999999 0.0000000</DIRECTION>
		</DUMMY>
		<DUMMY name="snd_amb_a1_wind 08">
			<POSITION>2757.6186523 -3060.7211914 -731.3674316</POSITION>
			<DIRECTION>0.0000000 -0.9999999 0.0000000</DIRECTION>
		</DUMMY>
	</DUMMYLIST>
	<OCCLUSIONLIST>
		<OCCLUSION name="wall_partition_01">
			<POSITION>-1213.4674072 -3481.1345215 145.6657410</POSITION>
			<POSITION>1213.4674072 -3481.1345215 145.6657410</POSITION>
			<POSITION>1213.4674072 -3481.1342773 -4184.7529297</POSITION>
			<POSITION>-1213.4674072 -3481.1342773 -4184.7529297</POSITION>
		</OCCLUSION>
		<OCCLUSION name="wall_partition_02">
			<POSITION>-1213.4674072 3481.1340332 145.6657410</POSITION>
			<POSITION>1213.4674072 3481.1340332 145.6657410</POSITION>
			<POSITION>1213.4674072 3481.1342773 -4184.7529297</POSITION>
			<POSITION>-1213.4674072 3481.1342773 -4184.7529297</POSITION>
		</OCCLUSION>
		<OCCLUSION name="wall_partition_03">
			<POSITION>-4638.3945313 -2078.6000977 -106.8013611</POSITION>
			<POSITION>-2303.7387695 -2078.6000977 -106.8013611</POSITION>
			<POSITION>-2303.7387695 -2078.5998535 -4184.7529297</POSITION>
			<POSITION>-4638.3945313 -2078.5998535 -4184.7529297</POSITION>
		</OCCLUSION>
		<OCCLUSION name="wall_04">
			<POSITION>2303.7387695 -2078.6000977 -106.8013611</POSITION>
			<POSITION>4638.3945313 -2078.6000977 -106.8013611</POSITION>
			<POSITION>4638.3945313 -2078.5998535 -4184.7529297</POSITION>
			<POSITION>2303.7387695 -2078.5998535 -4184.7529297</POSITION>
		</OCCLUSION>
		<OCCLUSION name="wall_partition_05">
			<POSITION>-4638.3945313 2078.5996094 -106.8013000</POSITION>
			<POSITION>-2303.7387695 2078.5996094 -106.8013000</POSITION>
			<POSITION>-2303.7387695 2078.5998535 -4184.7524414</POSITION>
			<POSITION>-4638.3945313 2078.5998535 -4184.7524414</POSITION>
		</OCCLUSION>
		<OCCLUSION name="wall_06">
			<POSITION>2303.7387695 2078.5996094 -106.8013000</POSITION>
			<POSITION>4638.3945313 2078.5996094 -106.8013000</POSITION>
			<POSITION>4638.3945313 2078.5998535 -4184.7524414</POSITION>
			<POSITION>2303.7387695 2078.5998535 -4184.7524414</POSITION>
		</OCCLUSION>
		<OCCLUSION name="wall_partition_07">
			<POSITION>-2427.4291992 -3475.8447266 -106.8014221</POSITION>
			<POSITION>-2427.4291992 -1973.1204834 -106.8013535</POSITION>
			<POSITION>-2427.4291992 -1973.1203613 -4184.7529297</POSITION>
			<POSITION>-2427.4291992 -3475.8444824 -4184.7529297</POSITION>
		</OCCLUSION>
		<OCCLUSION name="wall_partition_08">
			<POSITION>2427.4291992 -3475.8447266 -106.8014221</POSITION>
			<POSITION>2427.4291992 -1973.1204834 -106.8013535</POSITION>
			<POSITION>2427.4291992 -1973.1203613 -4184.7529297</POSITION>
			<POSITION>2427.4291992 -3475.8444824 -4184.7529297</POSITION>
		</OCCLUSION>
		<OCCLUSION name="wall_09">
			<POSITION>2427.4291992 1973.1206055 -106.8014297</POSITION>
			<POSITION>2427.4291992 3475.8447266 -106.8013611</POSITION>
			<POSITION>2427.4291992 3475.8449707 -4184.7524414</POSITION>
			<POSITION>2427.4291992 1973.1207275 -4184.7524414</POSITION>
		</OCCLUSION>
	</OCCLUSIONLIST>
	<AMBIENTSOUNDLIST>
		<AMBIENTSOUND ObjName="snd_amb_a1_wind 01" type="a1" filename="amb_wind_hole_2d">
			<CENTER>-2757.6186523 -3060.7211914 -731.3674316</CENTER>
			<RADIUS>1000</RADIUS>
		</AMBIENTSOUND>
		<AMBIENTSOUND ObjName="snd_amb_b1_torch 01" type="b1" filename="amb_fireplace">
			<CENTER>605.6437988 -4070.3564453 -525.0487061</CENTER>
			<RADIUS>500</RADIUS>
		</AMBIENTSOUND>
		<AMBIENTSOUND ObjName="snd_amb_b1_torch 02" type="b1" filename="amb_fireplace">
			<CENTER>605.6437988 -3529.9992676 -525.0487061</CENTER>
			<RADIUS>500</RADIUS>
		</AMBIENTSOUND>
		<AMBIENTSOUND ObjName="snd_amb_b1_torch 03" type="b1" filename="amb_fireplace">
			<CENTER>-606.8027344 -3529.9992676 -525.0487061</CENTER>
			<RADIUS>500</RADIUS>
		</AMBIENTSOUND>
		<AMBIENTSOUND ObjName="snd_amb_b1_torch 04" type="b1" filename="amb_fireplace">
			<CENTER>-606.8027344 -4070.3564453 -525.0487061</CENTER>
			<RADIUS>500</RADIUS>
		</AMBIENTSOUND>
		<AMBIENTSOUND ObjName="snd_amb_b1_torch 05" type="b1" filename="amb_fireplace">
			<CENTER>-2749.6062012 -4070.3564453 -705.2900391</CENTER>
			<RADIUS>500</RADIUS>
		</AMBIENTSOUND>
		<AMBIENTSOUND ObjName="snd_amb_b1_torch 06" type="b1" filename="amb_fireplace">
			<CENTER>-2749.6062012 -2130.2390137 -705.2900391</CENTER>
			<RADIUS>500</RADIUS>
		</AMBIENTSOUND>
		<AMBIENTSOUND ObjName="snd_amb_b1_torch 07" type="b1" filename="amb_fireplace">
			<CENTER>-4959.2495117 -2670.5690918 -705.2900391</CENTER>
			<RADIUS>500</RADIUS>
		</AMBIENTSOUND>
		<AMBIENTSOUND ObjName="snd_amb_b1_torch 08" type="b1" filename="amb_fireplace">
			<CENTER>-5241.0634766 -1508.0878906 -705.2900391</CENTER>
			<RADIUS>500</RADIUS>
		</AMBIENTSOUND>
		<AMBIENTSOUND ObjName="snd_amb_b1_torch 09" type="b1" filename="amb_fireplace">
			<CENTER>-4679.6557617 -1508.0878906 -705.2900391</CENTER>
			<RADIUS>500</RADIUS>
		</AMBIENTSOUND>
		<AMBIENTSOUND ObjName="snd_amb_b1_torch 11" type="b1" filename="amb_fireplace">
			<CENTER>-5241.0634766 1.0345917 -705.2900391</CENTER>
			<RADIUS>500</RADIUS>
		</AMBIENTSOUND>
		<AMBIENTSOUND ObjName="snd_amb_b1_torch 12" type="b1" filename="amb_fireplace">
			<CENTER>-4679.6557617 1509.5900879 -705.2900391</CENTER>
			<RADIUS>500</RADIUS>
		</AMBIENTSOUND>
		<AMBIENTSOUND ObjName="snd_amb_b1_torch 13" type="b1" filename="amb_fireplace">
			<CENTER>-5241.0634766 1509.5900879 -705.2900391</CENTER>
			<RADIUS>500</RADIUS>
		</AMBIENTSOUND>
		<AMBIENTSOUND ObjName="snd_amb_b1_torch 14" type="b1" filename="amb_fireplace">
			<CENTER>-4959.2119141 2670.0563965 -705.2900391</CENTER>
			<RADIUS>500</RADIUS>
		</AMBIENTSOUND>
		<AMBIENTSOUND ObjName="snd_amb_b1_torch 15" type="b1" filename="amb_fireplace">
			<CENTER>-2753.3803711 2129.8837891 -705.2900391</CENTER>
			<RADIUS>500</RADIUS>
		</AMBIENTSOUND>
		<AMBIENTSOUND ObjName="snd_amb_b1_torch 16" type="b1" filename="amb_fireplace">
			<CENTER>-2753.3803711 4070.1398926 -705.2900391</CENTER>
			<RADIUS>500</RADIUS>
		</AMBIENTSOUND>
		<AMBIENTSOUND ObjName="snd_amb_b1_torch 17" type="b1" filename="amb_fireplace">
			<CENTER>-606.6794434 4070.1398926 -525.0487061</CENTER>
			<RADIUS>500</RADIUS>
		</AMBIENTSOUND>
		<AMBIENTSOUND ObjName="snd_amb_b1_torch 18" type="b1" filename="amb_fireplace">
			<CENTER>-606.6794434 3530.0126953 -525.0487061</CENTER>
			<RADIUS>500</RADIUS>
		</AMBIENTSOUND>
		<AMBIENTSOUND ObjName="snd_amb_b1_torch 19" type="b1" filename="amb_fireplace">
			<CENTER>606.5742188 3530.0126953 -525.0487061</CENTER>
			<RADIUS>500</RADIUS>
		</AMBIENTSOUND>
		<AMBIENTSOUND ObjName="snd_amb_b1_torch 20" type="b1" filename="amb_fireplace">
			<CENTER>606.5742188 4070.1398926 -525.0487061</CENTER>
			<RADIUS>500</RADIUS>
		</AMBIENTSOUND>
		<AMBIENTSOUND ObjName="snd_amb_b1_torch 21" type="b1" filename="amb_fireplace">
			<CENTER>2749.1872559 4070.1398926 -705.2900391</CENTER>
			<RADIUS>500</RADIUS>
		</AMBIENTSOUND>
		<AMBIENTSOUND ObjName="snd_amb_b1_torch 22" type="b1" filename="amb_fireplace">
			<CENTER>2749.1872559 2129.9016113 -705.2900391</CENTER>
			<RADIUS>500</RADIUS>
		</AMBIENTSOUND>
		<AMBIENTSOUND ObjName="snd_amb_b1_torch 23" type="b1" filename="amb_fireplace">
			<CENTER>4958.9331055 2669.6276855 -705.2900391</CENTER>
			<RADIUS>500</RADIUS>
		</AMBIENTSOUND>
		<AMBIENTSOUND ObjName="snd_amb_b1_torch 24" type="b1" filename="amb_fireplace">
			<CENTER>5241.4267578 1508.7135010 -705.2900391</CENTER>
			<RADIUS>500</RADIUS>
		</AMBIENTSOUND>
		<AMBIENTSOUND ObjName="snd_amb_b1_torch 25" type="b1" filename="amb_fireplace">
			<CENTER>4679.5986328 1508.7135010 -705.2900391</CENTER>
			<RADIUS>500</RADIUS>
		</AMBIENTSOUND>
		<AMBIENTSOUND ObjName="snd_amb_b1_torch 26" type="b1" filename="amb_fireplace">
			<CENTER>4679.5986328 -1509.3217773 -705.2900391</CENTER>
			<RADIUS>500</RADIUS>
		</AMBIENTSOUND>
		<AMBIENTSOUND ObjName="snd_amb_b1_torch 27" type="b1" filename="amb_fireplace">
			<CENTER>5241.4267578 -1509.3217773 -705.2900391</CENTER>
			<RADIUS>500</RADIUS>
		</AMBIENTSOUND>
		<AMBIENTSOUND ObjName="snd_amb_b1_torch 28" type="b1" filename="amb_fireplace">
			<CENTER>5241.4267578 0.1264114 -705.2900391</CENTER>
			<RADIUS>500</RADIUS>
		</AMBIENTSOUND>
		<AMBIENTSOUND ObjName="snd_amb_b1_torch 29" type="b1" filename="amb_fireplace">
			<CENTER>4958.1752930 -2670.8232422 -705.2900391</CENTER>
			<RADIUS>500</RADIUS>
		</AMBIENTSOUND>
		<AMBIENTSOUND ObjName="snd_amb_b1_torch 30" type="b1" filename="amb_fireplace">
			<CENTER>2751.5676270 -2129.3593750 -705.2900391</CENTER>
			<RADIUS>500</RADIUS>
		</AMBIENTSOUND>
		<AMBIENTSOUND ObjName="snd_amb_b1_torch 31" type="b1" filename="amb_fireplace">
			<CENTER>2751.5676270 -4070.5571289 -705.2900391</CENTER>
			<RADIUS>500</RADIUS>
		</AMBIENTSOUND>
		<AMBIENTSOUND ObjName="snd_amb_b1_torch 32" type="b1" filename="amb_fireplace">
			<CENTER>1327.1674805 -3164.4514160 -450.3851929</CENTER>
			<RADIUS>500</RADIUS>
		</AMBIENTSOUND>
		<AMBIENTSOUND ObjName="snd_amb_b1_torch 33" type="b1" filename="amb_fireplace">
			<CENTER>-1356.2059326 -3164.4514160 -450.3851929</CENTER>
			<RADIUS>500</RADIUS>
		</AMBIENTSOUND>
		<AMBIENTSOUND ObjName="snd_amb_b1_torch 34" type="b1" filename="amb_fireplace">
			<CENTER>-1356.2059326 3165.4780273 -450.3851929</CENTER>
			<RADIUS>500</RADIUS>
		</AMBIENTSOUND>
		<AMBIENTSOUND ObjName="snd_amb_b1_torch 35" type="b1" filename="amb_fireplace">
			<CENTER>1327.1674805 3165.4780273 -450.3851929</CENTER>
			<RADIUS>500</RADIUS>
		</AMBIENTSOUND>
		<AMBIENTSOUND ObjName="snd_amb_b1_torch 36" type="b1" filename="amb_fireplace">
			<CENTER>-1731.4512939 2391.7416992 -705.2900391</CENTER>
			<RADIUS>500</RADIUS>
		</AMBIENTSOUND>
		<AMBIENTSOUND ObjName="snd_amb_b1_torch 37" type="b1" filename="amb_fireplace">
			<CENTER>-4381.7211914 -500.3381958 -556.2434082</CENTER>
			<RADIUS>500</RADIUS>
		</AMBIENTSOUND>
		<AMBIENTSOUND ObjName="snd_amb_b1_torch 38" type="b1" filename="amb_fireplace">
			<CENTER>-3678.8618164 -500.3381958 -237.3060303</CENTER>
			<RADIUS>500</RADIUS>
		</AMBIENTSOUND>
		<AMBIENTSOUND ObjName="snd_amb_b1_torch 39" type="b1" filename="amb_fireplace">
			<CENTER>-3678.8618164 499.0583496 -237.3060303</CENTER>
			<RADIUS>500</RADIUS>
		</AMBIENTSOUND>
		<AMBIENTSOUND ObjName="snd_amb_b1_torch 40" type="b1" filename="amb_fireplace">
			<CENTER>-4381.7211914 499.0583496 -556.2434082</CENTER>
			<RADIUS>500</RADIUS>
		</AMBIENTSOUND>
		<AMBIENTSOUND ObjName="snd_amb_b1_torch 41" type="b1" filename="amb_fireplace">
			<CENTER>3679.3723145 499.0583496 -237.3060303</CENTER>
			<RADIUS>500</RADIUS>
		</AMBIENTSOUND>
		<AMBIENTSOUND ObjName="snd_amb_b1_torch 42" type="b1" filename="amb_fireplace">
			<CENTER>3679.3723145 -500.3381958 -237.3060303</CENTER>
			<RADIUS>500</RADIUS>
		</AMBIENTSOUND>
		<AMBIENTSOUND ObjName="snd_amb_b1_torch 43" type="b1" filename="amb_fireplace">
			<CENTER>4380.6186523 499.0583496 -556.9820557</CENTER>
			<RADIUS>500</RADIUS>
		</AMBIENTSOUND>
		<AMBIENTSOUND ObjName="snd_amb_b1_torch 44" type="b1" filename="amb_fireplace">
			<CENTER>4380.6186523 -500.3381958 -556.9820557</CENTER>
			<RADIUS>500</RADIUS>
		</AMBIENTSOUND>
		<AMBIENTSOUND ObjName="snd_amb_a1_wind 02" type="a1" filename="amb_wind_hole_2d">
			<CENTER>-2757.6186523 -3060.7211914 -2300.0000000</CENTER>
			<RADIUS>1000</RADIUS>
		</AMBIENTSOUND>
		<AMBIENTSOUND ObjName="snd_amb_a1_wind 03" type="a1" filename="amb_wind_hole_2d">
			<CENTER>-3995.2885742 -2393.4101563 -731.3674316</CENTER>
			<RADIUS>1100</RADIUS>
		</AMBIENTSOUND>
		<AMBIENTSOUND ObjName="snd_amb_a1_wind 04" type="a1" filename="amb_wind_hole_2d">
			<CENTER>-3995.2885742 -2393.4101563 -2300.0000000</CENTER>
			<RADIUS>1100</RADIUS>
		</AMBIENTSOUND>
		<AMBIENTSOUND ObjName="snd_amb_a1_wind 05" type="a1" filename="amb_wind_hole_2d">
			<CENTER>3995.2885742 -2393.4101563 -2300.0000000</CENTER>
			<RADIUS>1100</RADIUS>
		</AMBIENTSOUND>
		<AMBIENTSOUND ObjName="snd_amb_a1_wind 06" type="a1" filename="amb_wind_hole_2d">
			<CENTER>3995.2885742 -2393.4101563 -731.3674316</CENTER>
			<RADIUS>1100</RADIUS>
		</AMBIENTSOUND>
		<AMBIENTSOUND ObjName="snd_amb_a1_wind 07" type="a1" filename="amb_wind_hole_2d">
			<CENTER>2757.6186523 -3060.7211914 -2300.0000000</CENTER>
			<RADIUS>1000</RADIUS>
		</AMBIENTSOUND>
		<AMBIENTSOUND ObjName="snd_amb_a1_wind 08" type="a1" filename="amb_wind_hole_2d">
			<CENTER>2757.6186523 -3060.7211914 -731.3674316</CENTER>
			<RADIUS>1000</RADIUS>
		</AMBIENTSOUND>
	</AMBIENTSOUNDLIST>
			<GLOBAL>
		<far_z>10000</far_z>
	</GLOBAL>
	<FOG min="500" max="15000">
		<R>200</R>
		<G>200</G>
		<B>200</B>
	</FOG>
	<GLOBAL>
		<fog_enable>TRUE</fog_enable>
		<fog_min>500</fog_min>
		<fog_max>12000</fog_max>
		<fog_color>0,0,0</fog_color>
	</GLOBAL>
</XML>