<?xml version="1.0" encoding="UTF-8"?>
<XML>
	<GAMETYPE id="solo">
		<SPAWN item="bullet02" timesec="45000">
			<POSITION>-1056.1359863 1328.4733887 -1031.9265137</POSITION>
		</SPAWN>
		<SPAWN item="ap03" timesec="45000">
			<POSITION>-2750.8081055 -2379.3818359 -1031.9265137</POSITION>
		</SPAWN>
		<SPAWN item="hp03" timesec="45000">
			<POSITION>-0.0000008 0.0000000 399.9749756</POSITION>
		</SPAWN>
		<SPAWN item="ap03" timesec="45000">
			<POSITION>2737.6391602 -2379.3818359 -1031.9265137</POSITION>
		</SPAWN>
</GAMETYPE><GAMETYPE id="team">
		<SPAWN item="bullet02" timesec="45000">
			<POSITION>0.0000000 0.0000000 399.9749756</POSITION>
		</SPAWN>
		<SPAWN item="bullet01" timesec="30000">
			<POSITION>2737.6391602 -2379.3818359 -1031.9265137</POSITION>
		</SPAWN>
		<SPAWN item="bullet01" timesec="30000">
			<POSITION>-2750.8081055 -2379.3818359 -1031.9265137</POSITION>
		</SPAWN>
</GAMETYPE>
</XML>
