<?xml version="1.0"?>
<XML>
	<MATERIALLIST>
		<MATERIAL name="01 - Default">
			<DIFFUSE>0.5882353 0.5882353 0.5882353</DIFFUSE>
			<AMBIENT>0.5882353 0.5882353 0.5882353</AMBIENT>
			<SPECULAR>0.9000000 0.9000000 0.9000000</SPECULAR>
			<DIFFUSEMAP>concrete_bricks_edge.dds</DIFFUSEMAP>
		</MATERIAL>
		<MATERIAL name="02 - Default">
			<DIFFUSE>0.5882353 0.5882353 0.5882353</DIFFUSE>
			<AMBIENT>0.5882353 0.5882353 0.5882353</AMBIENT>
			<SPECULAR>0.9000000 0.9000000 0.9000000</SPECULAR>
			<DIFFUSEMAP>concrete_bricks.dds</DIFFUSEMAP>
		</MATERIAL>
		<MATERIAL name="03 - Default">
			<DIFFUSE>0.5882353 0.5882353 0.5882353</DIFFUSE>
			<AMBIENT>0.5882353 0.5882353 0.5882353</AMBIENT>
			<SPECULAR>0.9000000 0.9000000 0.9000000</SPECULAR>
			<DIFFUSEMAP>concrete_tiles.dds</DIFFUSEMAP>
		</MATERIAL>
		<MATERIAL name="04 - Default">
			<DIFFUSE>0.5882353 0.5882353 0.5882353</DIFFUSE>
			<AMBIENT>0.5882353 0.5882353 0.5882353</AMBIENT>
			<SPECULAR>0.9000000 0.9000000 0.9000000</SPECULAR>
			<DIFFUSEMAP>gzd_map_Prison_water001.bmp</DIFFUSEMAP>
			<ADDITIVE/>
		</MATERIAL>
		<MATERIAL name="05 - Default">
			<DIFFUSE>0.5882353 0.5882353 0.5882353</DIFFUSE>
			<AMBIENT>0.5882353 0.5882353 0.5882353</AMBIENT>
			<SPECULAR>0.9000000 0.9000000 0.9000000</SPECULAR>
			<DIFFUSEMAP>concrete_bare.dds</DIFFUSEMAP>
		</MATERIAL>
		<MATERIAL name="06 - Default">
			<DIFFUSE>0.5882353 0.5882353 0.5882353</DIFFUSE>
			<AMBIENT>0.5882353 0.5882353 0.5882353</AMBIENT>
			<SPECULAR>0.9000000 0.9000000 0.9000000</SPECULAR>
			<DIFFUSEMAP>black.tga</DIFFUSEMAP>
			<USEOPACITY/>
		</MATERIAL>
		<MATERIAL name="07 - Default">
			<DIFFUSE>0.5882353 0.5882353 0.5882353</DIFFUSE>
			<AMBIENT>0.5882353 0.5882353 0.5882353</AMBIENT>
			<SPECULAR>0.9000000 0.9000000 0.9000000</SPECULAR>
			<DIFFUSEMAP>metal_painted_white.dds</DIFFUSEMAP>
		</MATERIAL>
		<MATERIAL name="09 - Default">
			<DIFFUSE>0.5882353 0.5882353 0.5882353</DIFFUSE>
			<AMBIENT>0.5882353 0.5882353 0.5882353</AMBIENT>
			<SPECULAR>0.9000000 0.9000000 0.9000000</SPECULAR>
			<DIFFUSEMAP>sky_daylight.bmp</DIFFUSEMAP>
		</MATERIAL>
	</MATERIALLIST>
	<LIGHTLIST>
		<LIGHT name="Omni01">
			<POSITION>3000.0000000 -3000.0000000 7000.0000000</POSITION>
			<COLOR>1.0000000 1.0000000 1.0000000</COLOR>
			<INTENSITY>1.0000000</INTENSITY>
			<ATTENUATIONSTART>4000.0000000</ATTENUATIONSTART>
			<ATTENUATIONEND>32000.0000000</ATTENUATIONEND>
			<CASTSHADOW/>
		</LIGHT>
		<LIGHT name="global_illumination_00">
			<POSITION>-9000.0000000 9000.0000000 7000.0000000</POSITION>
			<COLOR>1.0000000 1.0000000 1.0000000</COLOR>
			<INTENSITY>0.2000000</INTENSITY>
			<ATTENUATIONSTART>0.0000000</ATTENUATIONSTART>
			<ATTENUATIONEND>32000.0000000</ATTENUATIONEND>
		</LIGHT>
		<LIGHT name="global_illumination_01">
			<POSITION>-9000.0000000 -9000.0000000 7000.0000000</POSITION>
			<COLOR>1.0000000 1.0000000 1.0000000</COLOR>
			<INTENSITY>0.2000000</INTENSITY>
			<ATTENUATIONSTART>0.0000000</ATTENUATIONSTART>
			<ATTENUATIONEND>32000.0000000</ATTENUATIONEND>
		</LIGHT>
		<LIGHT name="global_illumination_02">
			<POSITION>9000.0000000 -9000.0000000 7000.0000000</POSITION>
			<COLOR>1.0000000 1.0000000 1.0000000</COLOR>
			<INTENSITY>0.2000000</INTENSITY>
			<ATTENUATIONSTART>0.0000000</ATTENUATIONSTART>
			<ATTENUATIONEND>32000.0000000</ATTENUATIONEND>
		</LIGHT>
		<LIGHT name="global_illumination_03">
			<POSITION>9000.0000000 9000.0000000 7000.0000000</POSITION>
			<COLOR>1.0000000 1.0000000 1.0000000</COLOR>
			<INTENSITY>0.2000000</INTENSITY>
			<ATTENUATIONSTART>0.0000000</ATTENUATIONSTART>
			<ATTENUATIONEND>32000.0000000</ATTENUATIONEND>
		</LIGHT>
		<LIGHT name="global_illumination_04">
			<POSITION>9000.0000000 -9000.0000000 -7000.0000000</POSITION>
			<COLOR>1.0000000 1.0000000 1.0000000</COLOR>
			<INTENSITY>0.2000000</INTENSITY>
			<ATTENUATIONSTART>0.0000000</ATTENUATIONSTART>
			<ATTENUATIONEND>32000.0000000</ATTENUATIONEND>
		</LIGHT>
		<LIGHT name="global_illumination_05">
			<POSITION>9000.0000000 9000.0000000 -7000.0000000</POSITION>
			<COLOR>1.0000000 1.0000000 1.0000000</COLOR>
			<INTENSITY>0.2000000</INTENSITY>
			<ATTENUATIONSTART>0.0000000</ATTENUATIONSTART>
			<ATTENUATIONEND>32000.0000000</ATTENUATIONEND>
		</LIGHT>
		<LIGHT name="global_illumination_06">
			<POSITION>-9000.0000000 -9000.0000000 -7000.0000000</POSITION>
			<COLOR>1.0000000 1.0000000 1.0000000</COLOR>
			<INTENSITY>0.2000000</INTENSITY>
			<ATTENUATIONSTART>0.0000000</ATTENUATIONSTART>
			<ATTENUATIONEND>32000.0000000</ATTENUATIONEND>
		</LIGHT>
		<LIGHT name="global_illumination_07">
			<POSITION>-9000.0000000 9000.0000000 -7000.0000000</POSITION>
			<COLOR>1.0000000 1.0000000 1.0000000</COLOR>
			<INTENSITY>0.2000000</INTENSITY>
			<ATTENUATIONSTART>0.0000000</ATTENUATIONSTART>
			<ATTENUATIONEND>32000.0000000</ATTENUATIONEND>
		</LIGHT>
		<LIGHT name="global_illumination_08">
			<POSITION>0.0000000 -13000.0000000 7000.0000000</POSITION>
			<COLOR>1.0000000 1.0000000 1.0000000</COLOR>
			<INTENSITY>0.2000000</INTENSITY>
			<ATTENUATIONSTART>0.0000000</ATTENUATIONSTART>
			<ATTENUATIONEND>32000.0000000</ATTENUATIONEND>
		</LIGHT>
		<LIGHT name="global_illumination_09">
			<POSITION>0.0000000 -13000.0000000 -7000.0000000</POSITION>
			<COLOR>1.0000000 1.0000000 1.0000000</COLOR>
			<INTENSITY>0.2000000</INTENSITY>
			<ATTENUATIONSTART>0.0000000</ATTENUATIONSTART>
			<ATTENUATIONEND>32000.0000000</ATTENUATIONEND>
		</LIGHT>
		<LIGHT name="global_illumination_10">
			<POSITION>0.0000000 13000.0000000 -7000.0000000</POSITION>
			<COLOR>1.0000000 1.0000000 1.0000000</COLOR>
			<INTENSITY>0.2000000</INTENSITY>
			<ATTENUATIONSTART>0.0000000</ATTENUATIONSTART>
			<ATTENUATIONEND>32000.0000000</ATTENUATIONEND>
		</LIGHT>
		<LIGHT name="global_illumination_11">
			<POSITION>0.0000000 13000.0000000 7000.0000000</POSITION>
			<COLOR>1.0000000 1.0000000 1.0000000</COLOR>
			<INTENSITY>0.2000000</INTENSITY>
			<ATTENUATIONSTART>0.0000000</ATTENUATIONSTART>
			<ATTENUATIONEND>32000.0000000</ATTENUATIONEND>
		</LIGHT>
		<LIGHT name="global_illumination_12">
			<POSITION>-13000.0000000 0.0000000 7000.0000000</POSITION>
			<COLOR>1.0000000 1.0000000 1.0000000</COLOR>
			<INTENSITY>0.2000000</INTENSITY>
			<ATTENUATIONSTART>0.0000000</ATTENUATIONSTART>
			<ATTENUATIONEND>32000.0000000</ATTENUATIONEND>
		</LIGHT>
		<LIGHT name="global_illumination_13">
			<POSITION>13000.0000000 0.0000000 -7000.0000000</POSITION>
			<COLOR>1.0000000 1.0000000 1.0000000</COLOR>
			<INTENSITY>0.2000000</INTENSITY>
			<ATTENUATIONSTART>0.0000000</ATTENUATIONSTART>
			<ATTENUATIONEND>32000.0000000</ATTENUATIONEND>
		</LIGHT>
		<LIGHT name="global_illumination_14">
			<POSITION>-13000.0000000 0.0000000 -7000.0000000</POSITION>
			<COLOR>1.0000000 1.0000000 1.0000000</COLOR>
			<INTENSITY>0.2000000</INTENSITY>
			<ATTENUATIONSTART>0.0000000</ATTENUATIONSTART>
			<ATTENUATIONEND>32000.0000000</ATTENUATIONEND>
		</LIGHT>
		<LIGHT name="global_illumination_15">
			<POSITION>13000.0000000 0.0000000 7000.0000000</POSITION>
			<COLOR>1.0000000 1.0000000 1.0000000</COLOR>
			<INTENSITY>0.2000000</INTENSITY>
			<ATTENUATIONSTART>0.0000000</ATTENUATIONSTART>
			<ATTENUATIONEND>32000.0000000</ATTENUATIONEND>
		</LIGHT>
	</LIGHTLIST>
	<OBJECTLIST>
		<OBJECT name="jeff_arena_obj_water.elu">
		</OBJECT>
		<OBJECT name="jeff_arena_obj_sky.elu">
		</OBJECT>
	</OBJECTLIST>
	<DUMMYLIST>
		<DUMMY name="spawn_solo_101">
			<POSITION>0.0000000 0.0000000 100.0000000</POSITION>
			<DIRECTION>0.0000000 1.0000000 0.0000000</DIRECTION>
		</DUMMY>
		<DUMMY name="spawn_team1_101">
			<POSITION>0.0000000 -1600.0000000 100.0000000</POSITION>
			<DIRECTION>0.0000000 1.0000000 0.0000000</DIRECTION>
		</DUMMY>
		<DUMMY name="spawn_team2_101">
			<POSITION>0.0000000 1600.0000000 100.0000000</POSITION>
			<DIRECTION>0.0000002 -1.0000000 0.0000000</DIRECTION>
		</DUMMY>
		<DUMMY name="obj_water">
			<POSITION>0.0000000 0.0000000 0.0003821</POSITION>
			<DIRECTION>0.0000000 0.0000000 0.0000000</DIRECTION>
		</DUMMY>
		<DUMMY name="obj_sky">
			<POSITION>-5.5653319 0.0000000 4.5371094</POSITION>
			<DIRECTION>-0.0000000 4.9609613 -0.0252674</DIRECTION>
		</DUMMY>
	</DUMMYLIST>
	<OCCLUSIONLIST>
	</OCCLUSIONLIST>
	<AMBIENTSOUNDLIST>
	</AMBIENTSOUNDLIST>
</XML>
