<?xml version="1.0" encoding="UTF-8"?>
<XML>
	<MATERIALLIST>
		<MATERIAL name="Texutre5_stone_ddk_31">
			<DIFFUSE>1.00000000 1.00000000 1.00000000</DIFFUSE>
			<AMBIENT>1.00000000 1.00000000 1.00000000</AMBIENT>
			<SPECULAR>1.00000000 1.00000000 1.00000000</SPECULAR>
			<DIFFUSEMAP>Texutre5/stone_ddk_31.jpg</DIFFUSEMAP>
		</MATERIAL>
		<MATERIAL name="Texutre6_wall_bk_ddk_124">
			<DIFFUSE>1.00000000 1.00000000 1.00000000</DIFFUSE>
			<AMBIENT>1.00000000 1.00000000 1.00000000</AMBIENT>
			<SPECULAR>1.00000000 1.00000000 1.00000000</SPECULAR>
			<DIFFUSEMAP>Texutre6/wall_bk_ddk_124.jpg</DIFFUSEMAP>
		</MATERIAL>
		<MATERIAL name="Texutre4_glass_ddk_004">
			<DIFFUSE>1.00000000 1.00000000 1.00000000</DIFFUSE>
			<AMBIENT>1.00000000 1.00000000 1.00000000</AMBIENT>
			<SPECULAR>1.00000000 1.00000000 1.00000000</SPECULAR>
			<DIFFUSEMAP>Texutre4/glass_ddk_004.jpg</DIFFUSEMAP>
		</MATERIAL>
		<MATERIAL name="Texutre5_stone_ddk_149">
			<DIFFUSE>1.00000000 1.00000000 1.00000000</DIFFUSE>
			<AMBIENT>1.00000000 1.00000000 1.00000000</AMBIENT>
			<SPECULAR>1.00000000 1.00000000 1.00000000</SPECULAR>
			<DIFFUSEMAP>Texutre5/stone_ddk_149.jpg</DIFFUSEMAP>
		</MATERIAL>
		<MATERIAL name="Phonghjx2_04FLR006">
			<DIFFUSE>1.00000000 1.00000000 1.00000000</DIFFUSE>
			<AMBIENT>1.00000000 1.00000000 1.00000000</AMBIENT>
			<SPECULAR>1.00000000 1.00000000 1.00000000</SPECULAR>
			<DIFFUSEMAP>Phonghjx2/04FLR006.jpg</DIFFUSEMAP>
		</MATERIAL>
		<MATERIAL name="Texutre4_fade_ddk_006">
			<DIFFUSE>1.00000000 1.00000000 1.00000000</DIFFUSE>
			<AMBIENT>1.00000000 1.00000000 1.00000000</AMBIENT>
			<SPECULAR>1.00000000 1.00000000 1.00000000</SPECULAR>
			<DIFFUSEMAP>Texutre4/fade_ddk_006.jpg</DIFFUSEMAP>
		</MATERIAL>
		<MATERIAL name="Texutre6_wall_bk_ddk_425">
			<DIFFUSE>1.00000000 1.00000000 1.00000000</DIFFUSE>
			<AMBIENT>1.00000000 1.00000000 1.00000000</AMBIENT>
			<SPECULAR>1.00000000 1.00000000 1.00000000</SPECULAR>
			<DIFFUSEMAP>Texutre6/wall_bk_ddk_425.jpg</DIFFUSEMAP>
		</MATERIAL>
		<MATERIAL name="Texutre6_wall_bk_ddk_402">
			<DIFFUSE>1.00000000 1.00000000 1.00000000</DIFFUSE>
			<AMBIENT>1.00000000 1.00000000 1.00000000</AMBIENT>
			<SPECULAR>1.00000000 1.00000000 1.00000000</SPECULAR>
			<DIFFUSEMAP>Texutre6/wall_bk_ddk_402.jpg</DIFFUSEMAP>
		</MATERIAL>
		<MATERIAL name="Phonghjx2_00WALL_B3_LOGO">
			<DIFFUSE>1.00000000 1.00000000 1.00000000</DIFFUSE>
			<AMBIENT>1.00000000 1.00000000 1.00000000</AMBIENT>
			<SPECULAR>1.00000000 1.00000000 1.00000000</SPECULAR>
			<DIFFUSEMAP>Phonghjx2/00WALL_B3_LOGO.jpg</DIFFUSEMAP>
		</MATERIAL>
		<MATERIAL name="warter_11">
			<DIFFUSE>1.00000000 1.00000000 1.00000000</DIFFUSE>
			<AMBIENT>1.00000000 1.00000000 1.00000000</AMBIENT>
			<SPECULAR>1.00000000 1.00000000 1.00000000</SPECULAR>
			<DIFFUSEMAP>warter/11.jpg</DIFFUSEMAP>
		</MATERIAL>
		<MATERIAL name="Finish_finish-line-24167086">
			<DIFFUSE>1.00000000 1.00000000 1.00000000</DIFFUSE>
			<AMBIENT>1.00000000 1.00000000 1.00000000</AMBIENT>
			<SPECULAR>1.00000000 1.00000000 1.00000000</SPECULAR>
			<DIFFUSEMAP>Finish/finish-line-24167086.jpg</DIFFUSEMAP>
		</MATERIAL>
	</MATERIALLIST>
		<DUMMYLIST>
		<DUMMY name="spawn_solo_101">
			<POSITION>-88.00000000 -800.00000000 40.00000000</POSITION>
			<DIRECTION>-1.00000000 0.00000000 0.00000000</DIRECTION>
		</DUMMY>
	</DUMMYLIST>
<FOG min="0" max="50000">
  <R>245</R>
  <G>125</G>
  <B>139</B>
 </FOG>
</XML>
