<?xml version="1.0" encoding="UTF-8"?>
<XML>
	<MATERIALLIST>
		<MATERIAL name="Floors_Floor016">
			<DIFFUSE>1.00000000 1.00000000 1.00000000</DIFFUSE>
			<AMBIENT>1.00000000 1.00000000 1.00000000</AMBIENT>
			<SPECULAR>1.00000000 1.00000000 1.00000000</SPECULAR>
			<DIFFUSEMAP>Floors/Floor016.tga</DIFFUSEMAP>
		</MATERIAL>
		<MATERIAL name="Floors_Floor008">
			<DIFFUSE>1.00000000 1.00000000 1.00000000</DIFFUSE>
			<AMBIENT>1.00000000 1.00000000 1.00000000</AMBIENT>
			<SPECULAR>1.00000000 1.00000000 1.00000000</SPECULAR>
			<DIFFUSEMAP>Floors/Floor008.tga</DIFFUSEMAP>
		</MATERIAL>
		<MATERIAL name="Floors_Floor012_mt_wod">
			<DIFFUSE>1.00000000 1.00000000 1.00000000</DIFFUSE>
			<AMBIENT>1.00000000 1.00000000 1.00000000</AMBIENT>
			<SPECULAR>1.00000000 1.00000000 1.00000000</SPECULAR>
			<DIFFUSEMAP>Floors/Floor012_mt_wod.tga</DIFFUSEMAP>
		</MATERIAL>
		<MATERIAL name="Floors_Floor025">
			<DIFFUSE>1.00000000 1.00000000 1.00000000</DIFFUSE>
			<AMBIENT>1.00000000 1.00000000 1.00000000</AMBIENT>
			<SPECULAR>1.00000000 1.00000000 1.00000000</SPECULAR>
			<DIFFUSEMAP>Floors/Floor025.tga</DIFFUSEMAP>
		</MATERIAL>
		<MATERIAL name="Common_gzd_map_Prison_wire01.tga">
			<DIFFUSE>1.00000000 1.00000000 1.00000000</DIFFUSE>
			<AMBIENT>1.00000000 1.00000000 1.00000000</AMBIENT>
			<SPECULAR>1.00000000 1.00000000 1.00000000</SPECULAR>
			<DIFFUSEMAP>Common/gzd_map_Prison_wire01.tga</DIFFUSEMAP>
		</MATERIAL>
		<MATERIAL name="common_invisible">
			<DIFFUSE>1.00000000 1.00000000 1.00000000</DIFFUSE>
			<AMBIENT>1.00000000 1.00000000 1.00000000</AMBIENT>
			<SPECULAR>1.00000000 1.00000000 1.00000000</SPECULAR>
			<DIFFUSEMAP>null</DIFFUSEMAP>
		</MATERIAL>
		<MATERIAL name="sfx_fan">
			<DIFFUSE>1.00000000 1.00000000 1.00000000</DIFFUSE>
			<AMBIENT>1.00000000 1.00000000 1.00000000</AMBIENT>
			<SPECULAR>1.00000000 1.00000000 1.00000000</SPECULAR>
			<DIFFUSEMAP>null</DIFFUSEMAP>
		</MATERIAL>
		<MATERIAL name="Floors_Floor014_mt_wod">
			<DIFFUSE>1.00000000 1.00000000 1.00000000</DIFFUSE>
			<AMBIENT>1.00000000 1.00000000 1.00000000</AMBIENT>
			<SPECULAR>1.00000000 1.00000000 1.00000000</SPECULAR>
			<DIFFUSEMAP>Floors/Floor014_mt_wod.tga</DIFFUSEMAP>
		</MATERIAL>
		<MATERIAL name="common_White">
			<DIFFUSE>1.00000000 1.00000000 1.00000000</DIFFUSE>
			<AMBIENT>1.00000000 1.00000000 1.00000000</AMBIENT>
			<SPECULAR>1.00000000 1.00000000 1.00000000</SPECULAR>
			<DIFFUSEMAP>common/White.jpg</DIFFUSEMAP>
			<ADDITIVE/>
		</MATERIAL>
		<MATERIAL name="Floors_Floor046_mt_met">
			<DIFFUSE>1.00000000 1.00000000 1.00000000</DIFFUSE>
			<AMBIENT>1.00000000 1.00000000 1.00000000</AMBIENT>
			<SPECULAR>1.00000000 1.00000000 1.00000000</SPECULAR>
			<DIFFUSEMAP>Floors/Floor046_mt_met.tga</DIFFUSEMAP>
		</MATERIAL>
		<MATERIAL name="zep_z_wood4">
			<DIFFUSE>1.00000000 1.00000000 1.00000000</DIFFUSE>
			<AMBIENT>1.00000000 1.00000000 1.00000000</AMBIENT>
			<SPECULAR>1.00000000 1.00000000 1.00000000</SPECULAR>
			<DIFFUSEMAP>null</DIFFUSEMAP>
		</MATERIAL>
		<MATERIAL name="zep_z_wood5">
			<DIFFUSE>1.00000000 1.00000000 1.00000000</DIFFUSE>
			<AMBIENT>1.00000000 1.00000000 1.00000000</AMBIENT>
			<SPECULAR>1.00000000 1.00000000 1.00000000</SPECULAR>
			<DIFFUSEMAP>null</DIFFUSEMAP>
		</MATERIAL>
		<MATERIAL name="Boxes_Box003">
			<DIFFUSE>1.00000000 1.00000000 1.00000000</DIFFUSE>
			<AMBIENT>1.00000000 1.00000000 1.00000000</AMBIENT>
			<SPECULAR>1.00000000 1.00000000 1.00000000</SPECULAR>
			<DIFFUSEMAP>Boxes/Box003.tga</DIFFUSEMAP>
		</MATERIAL>
		<MATERIAL name="zep_z_wresh">
			<DIFFUSE>1.00000000 1.00000000 1.00000000</DIFFUSE>
			<AMBIENT>1.00000000 1.00000000 1.00000000</AMBIENT>
			<SPECULAR>1.00000000 1.00000000 1.00000000</SPECULAR>
			<DIFFUSEMAP>null</DIFFUSEMAP>
		</MATERIAL>
		<MATERIAL name="Common_wire">
			<DIFFUSE>1.00000000 1.00000000 1.00000000</DIFFUSE>
			<AMBIENT>1.00000000 1.00000000 1.00000000</AMBIENT>
			<SPECULAR>1.00000000 1.00000000 1.00000000</SPECULAR>
			<DIFFUSEMAP>Common/wire.tga</DIFFUSEMAP>
		</MATERIAL>
		<MATERIAL name="gothic_trim_metalsupport4h_shiny">
			<DIFFUSE>1.00000000 1.00000000 1.00000000</DIFFUSE>
			<AMBIENT>1.00000000 1.00000000 1.00000000</AMBIENT>
			<SPECULAR>1.00000000 1.00000000 1.00000000</SPECULAR>
			<DIFFUSEMAP>null</DIFFUSEMAP>
		</MATERIAL>
	</MATERIALLIST>

	<LIGHTLIST>
		<LIGHT name="sun_omni">
			<POSITION>7192.00000000 -10082.00000000 1800.2988281</POSITION>
			<COLOR>1.0000000 1.0000000 1.0000000</COLOR>
			<INTENSITY>1.1000000</INTENSITY>
			<ATTENUATIONSTART>40000.0000000</ATTENUATIONSTART>
			<ATTENUATIONEND>40000.0000000</ATTENUATIONEND>
			<CASTSHADOW/>
		</LIGHT>
	</LIGHTLIST>
	<OBJECTLIST>
		<OBJECT name="Water-Ship_obj_seacolor 04.elu">
		</OBJECT>
		<OBJECT name="Town_obj_sky_daylight.elu"> 
  		</OBJECT> 
	</OBJECTLIST>

	<DUMMYLIST>
		<DUMMY name="obj_sky_daylight"> 
  			<POSITION>55267160891140097000000000000000.0000000 0.0000000 0.0000000</POSITION> 
  			<DIRECTION>0.0000000 0.0000000 0.0000000</DIRECTION> 
		</DUMMY> 
		<DUMMY name="spawn_solo_101">
			<POSITION>-592.00000000 -7416.00000000 112.00000000</POSITION>
			<DIRECTION>-1.00000000 0.00000000 0.00000000</DIRECTION>
		</DUMMY>
		<DUMMY name="spawn_solo_102">
			<POSITION>1336.00000000 -7416.00000000 584.00000000</POSITION>
			<DIRECTION>-1.00000000 0.00000000 0.00000000</DIRECTION>
		</DUMMY>
		<DUMMY name="spawn_solo_103">
			<POSITION>-3240.00000000 -7416.00000000 584.00000000</POSITION>
			<DIRECTION>-1.00000000 0.00000000 0.00000000</DIRECTION>
		</DUMMY>
		<DUMMY name="spawn_team1_101">
			<POSITION>2896.00000000 -7320.00000000 56.00000000</POSITION>
			<DIRECTION>-1.00000000 0.00000000 0.00000000</DIRECTION>
		</DUMMY>
		<DUMMY name="spawn_team1_102">
			<POSITION>2904.00000000 -7640.00000000 56.00000000</POSITION>
			<DIRECTION>-1.00000000 0.00000000 0.00000000</DIRECTION>
		</DUMMY>
		<DUMMY name="spawn_team1_103">
			<POSITION>2728.00000000 -7488.00000000 56.00000000</POSITION>
			<DIRECTION>-1.00000000 0.00000000 0.00000000</DIRECTION>
		</DUMMY>
		<DUMMY name="spawn_team1_104">
			<POSITION>2576.00000000 -7200.00000000 56.00000000</POSITION>
			<DIRECTION>-1.00000000 0.00000000 0.00000000</DIRECTION>
		</DUMMY>
		<DUMMY name="spawn_team1_105">
			<POSITION>2592.00000000 -7776.00000000 56.00000000</POSITION>
			<DIRECTION>-1.00000000 0.00000000 0.00000000</DIRECTION>
		</DUMMY>
		<DUMMY name="spawn_team2_101">
			<POSITION>-3784.00000000 -7160.00000000 528.00000000</POSITION>
			<DIRECTION>-1.00000000 0.00000000 0.00000000</DIRECTION>
		</DUMMY>
		<DUMMY name="spawn_team2_102">
			<POSITION>-3480.00000000 -7448.00000000 528.00000000</POSITION>
			<DIRECTION>-1.00000000 0.00000000 0.00000000</DIRECTION>
		</DUMMY>
		<DUMMY name="spawn_team2_103">
			<POSITION>-3784.00000000 -7432.00000000 528.00000000</POSITION>
			<DIRECTION>-1.00000000 0.00000000 0.00000000</DIRECTION>
		</DUMMY>
		<DUMMY name="spawn_team2_104">
			<POSITION>-3784.00000000 -7680.00000000 528.00000000</POSITION>
			<DIRECTION>-1.00000000 0.00000000 0.00000000</DIRECTION>
		</DUMMY>
		<DUMMY name="spawn_team2_105">
			<POSITION>-3784.00000000 -7920.00000000 528.00000000</POSITION>
			<DIRECTION>-1.00000000 0.00000000 0.00000000</DIRECTION>
		</DUMMY>
		<DUMMY name="spawn_solo_104">
			<POSITION>-592.00000000 -5576.00000000 16.00000000</POSITION>
			<DIRECTION>-1.00000000 0.00000000 0.00000000</DIRECTION>
		</DUMMY>
		<DUMMY name="spawn_solo_105">
			<POSITION>-536.00000000 -9416.00000000 16.00000000</POSITION>
			<DIRECTION>-1.00000000 0.00000000 0.00000000</DIRECTION>
		</DUMMY>
		<DUMMY name="spawn_solo_106">
			<POSITION>64.00000000 -7464.00000000 1072.00000000</POSITION>
			<DIRECTION>-1.00000000 0.00000000 0.00000000</DIRECTION>
		</DUMMY>
		<DUMMY name="spawn_solo_107">
			<POSITION>-1168.00000000 -7464.00000000 1072.00000000</POSITION>
			<DIRECTION>-1.00000000 0.00000000 0.00000000</DIRECTION>
		</DUMMY>
		<DUMMY name="obj_sea_01">
			<POSITION>-152.0000000 -112.0000000 14022.0000000</POSITION>
			<DIRECTION>0.0000000 0.0000000 0.0000000</DIRECTION>
		</DUMMY>
		<DUMMY name="obj_seacolor 01">
			<POSITION>0.1299308 0.4999999 0.0000000</POSITION>
			<DIRECTION>0.0385216 0.6911504 0.0000000</DIRECTION>
		</DUMMY>
		<DUMMY name="sea_bubble 01">
			<POSITION>0.0000000 0.0000000 0.0000000</POSITION>
			<DIRECTION>0.0000000 0.0000000 0.0000000</DIRECTION>
		</DUMMY>
		<DUMMY name="sea_bubble 02">
			<POSITION>1.0000000 -0.0000001 0.0000000</POSITION>
			<DIRECTION>1.0000000 -0.0000001 0.0000000</DIRECTION>
		</DUMMY>
		<DUMMY name="obj_seacolor 02">
			<POSITION>0.0000000 0.0000000 0.0000000</POSITION>
			<DIRECTION>0.0000000 0.0000000 0.0000000</DIRECTION>
		</DUMMY>
		<DUMMY name="obj_seacolor 03">
			<POSITION>396.0654297 -2.9630313 30.2671585</POSITION>
			<DIRECTION>0.0000000 -0.1845704 0.0000000</DIRECTION>
		</DUMMY>
		<DUMMY name="obj_seacolor 04">
			<POSITION>-45.7747688 -12.7766905 28.4589405</POSITION>
			<DIRECTION>-64.2187653 1.5710191 43.7091789</DIRECTION>
		</DUMMY>
		<DUMMY name="obj_seacolor 05">
			<POSITION>0.0604937 0.8877616 0.0000000</POSITION>
			<DIRECTION>0.3287376 0.8877616 0.0000000</DIRECTION>
		</DUMMY>
	</DUMMYLIST>
	<AMBIENTSOUNDLIST>
		<AMBIENTSOUND ObjName="snd_amb_a0_shore_2d_01" type="a0" filename="amb_shore_2d">
			<MIN_POSITION>4622.00000000 -4721.00000000 -500.2988281</MIN_POSITION>
			<MAX_POSITION>11000.0000000 2000.0000000 1500.0000000</MAX_POSITION>
		</AMBIENTSOUND>
		<AMBIENTSOUND ObjName="snd_amb_a1_wind 01" type="a1" filename="amb_wind_hole_2d">
			<CENTER>9867.00000000 -15390.00000000 1129.2988281</CENTER>
			<RADIUS>3000</RADIUS>
		</AMBIENTSOUND>
	</AMBIENTSOUNDLIST>

</XML>
