<?xml version="1.0" encoding="UTF-8"?>
<XML>
	<MATERIALLIST>
		<MATERIAL name="DV4_RockGG">
			<DIFFUSE>1.00000000 1.00000000 1.00000000</DIFFUSE>
			<AMBIENT>1.00000000 1.00000000 1.00000000</AMBIENT>
			<SPECULAR>1.00000000 1.00000000 1.00000000</SPECULAR>
			<DIFFUSEMAP>DV4/RockGG.png</DIFFUSEMAP>
		</MATERIAL>
		<MATERIAL name="DV4_Rock2">
			<DIFFUSE>1.00000000 1.00000000 1.00000000</DIFFUSE>
			<AMBIENT>1.00000000 1.00000000 1.00000000</AMBIENT>
			<SPECULAR>1.00000000 1.00000000 1.00000000</SPECULAR>
			<DIFFUSEMAP>DV4/Rock2.png</DIFFUSEMAP>
		</MATERIAL>
		<MATERIAL name="DV4_RockGGVal">
			<DIFFUSE>1.00000000 1.00000000 1.00000000</DIFFUSE>
			<AMBIENT>1.00000000 1.00000000 1.00000000</AMBIENT>
			<SPECULAR>1.00000000 1.00000000 1.00000000</SPECULAR>
			<DIFFUSEMAP>DV4/RockGGVal.png</DIFFUSEMAP>
		</MATERIAL>
		<MATERIAL name="egypt_Tegel">
			<DIFFUSE>1.00000000 1.00000000 1.00000000</DIFFUSE>
			<AMBIENT>1.00000000 1.00000000 1.00000000</AMBIENT>
			<SPECULAR>1.00000000 1.00000000 1.00000000</SPECULAR>
			<DIFFUSEMAP>egypt/Tegel.png</DIFFUSEMAP>
		</MATERIAL>
		<MATERIAL name="DV4_RockO">
			<DIFFUSE>1.00000000 1.00000000 1.00000000</DIFFUSE>
			<AMBIENT>1.00000000 1.00000000 1.00000000</AMBIENT>
			<SPECULAR>1.00000000 1.00000000 1.00000000</SPECULAR>
			<DIFFUSEMAP>DV4/RockO.png</DIFFUSEMAP>
		</MATERIAL>
		<MATERIAL name="egypt_HIeroglyphPNG">
			<DIFFUSE>1.00000000 1.00000000 1.00000000</DIFFUSE>
			<AMBIENT>1.00000000 1.00000000 1.00000000</AMBIENT>
			<SPECULAR>1.00000000 1.00000000 1.00000000</SPECULAR>
			<DIFFUSEMAP>egypt/HIeroglyphPNG.png</DIFFUSEMAP>
		</MATERIAL>
		<MATERIAL name="Kerbecs_Box001">
			<DIFFUSE>1.00000000 1.00000000 1.00000000</DIFFUSE>
			<AMBIENT>1.00000000 1.00000000 1.00000000</AMBIENT>
			<SPECULAR>1.00000000 1.00000000 1.00000000</SPECULAR>
			<DIFFUSEMAP>Kerbecs/Box001.tga</DIFFUSEMAP>
		</MATERIAL>
		<MATERIAL name="Kerbecs_whiteandblack">
			<DIFFUSE>1.00000000 1.00000000 1.00000000</DIFFUSE>
			<AMBIENT>1.00000000 1.00000000 1.00000000</AMBIENT>
			<SPECULAR>1.00000000 1.00000000 1.00000000</SPECULAR>
			<DIFFUSEMAP>Kerbecs/whiteandblack.jpg</DIFFUSEMAP>
		</MATERIAL>
		<MATERIAL name="banner-credits_bannercredits2">
			<DIFFUSE>1.00000000 1.00000000 1.00000000</DIFFUSE>
			<AMBIENT>1.00000000 1.00000000 1.00000000</AMBIENT>
			<SPECULAR>1.00000000 1.00000000 1.00000000</SPECULAR>
			<DIFFUSEMAP>banner-credits/bannercredits2.tga</DIFFUSEMAP>
		</MATERIAL>
		<MATERIAL name="Kerbecs_^8804478CA0E424B9952C2A26AC907C705A03B01A466C8CBE1D^pimgpsh_thumbnail_win_distr">
			<DIFFUSE>1.00000000 1.00000000 1.00000000</DIFFUSE>
			<AMBIENT>1.00000000 1.00000000 1.00000000</AMBIENT>
			<SPECULAR>1.00000000 1.00000000 1.00000000</SPECULAR>
			<DIFFUSEMAP>Kerbecs/^8804478CA0E424B9952C2A26AC907C705A03B01A466C8CBE1D^pimgpsh_thumbnail_win_distr.tga</DIFFUSEMAP>
		</MATERIAL>
		<MATERIAL name="banner-credits_bannercredits1">
			<DIFFUSE>1.00000000 1.00000000 1.00000000</DIFFUSE>
			<AMBIENT>1.00000000 1.00000000 1.00000000</AMBIENT>
			<SPECULAR>1.00000000 1.00000000 1.00000000</SPECULAR>
			<DIFFUSEMAP>banner-credits/bannercredits1.tga</DIFFUSEMAP>
		</MATERIAL>
		<MATERIAL name="Ruin_sky_night.bmp">
			<DIFFUSE>1.00000000 1.00000000 1.00000000</DIFFUSE>
			<AMBIENT>1.00000000 1.00000000 1.00000000</AMBIENT>
			<SPECULAR>1.00000000 1.00000000 1.00000000</SPECULAR>
			<DIFFUSEMAP>Ruin/sky_night.bmp</DIFFUSEMAP>
		</MATERIAL>
		<MATERIAL name="MasterSkiller_Floor014">
			<DIFFUSE>1.00000000 1.00000000 1.00000000</DIFFUSE>
			<AMBIENT>1.00000000 1.00000000 1.00000000</AMBIENT>
			<SPECULAR>1.00000000 1.00000000 1.00000000</SPECULAR>
			<DIFFUSEMAP>MasterSkiller/Floor014.tga</DIFFUSEMAP>
		</MATERIAL>
		<MATERIAL name="DV4_RockRed">
			<DIFFUSE>1.00000000 1.00000000 1.00000000</DIFFUSE>
			<AMBIENT>1.00000000 1.00000000 1.00000000</AMBIENT>
			<SPECULAR>1.00000000 1.00000000 1.00000000</SPECULAR>
			<DIFFUSEMAP>DV4/RockRed.png</DIFFUSEMAP>
		</MATERIAL>
	</MATERIALLIST>
	<DUMMYLIST>
		<DUMMY name="spawn_solo_101">
			<POSITION>0.00000000 0.00000000 0.00000000</POSITION>
			<DIRECTION>-1.00000000 0.00000000 0.00000000</DIRECTION>
		</DUMMY>
		<DUMMY name="spawn_solo_102">
			<POSITION>-22632.00000000 32.00000000 7424.00000000</POSITION>
			<DIRECTION>-1.00000000 0.00000000 0.00000000</DIRECTION>
		</DUMMY>
	</DUMMYLIST>
<FOG min="5000" max="20000">
<R>185</R>
<G>185</G>
<B>185</B>
</FOG>
<GLOBAL>
<fog_enable>TRUE</fog_enable>
<fog_min>0</fog_min>
<fog_max>0</fog_max>
<fog_color>0,0,0</fog_color>
</GLOBAL>
</XML>
