<?xml version="1.0" encoding="UTF-8"?>
<XML>
	<MATERIALLIST>
		<MATERIAL name="photorealistic_marble_granit26">
			<DIFFUSE>1.00000000 1.00000000 1.00000000</DIFFUSE>
			<AMBIENT>1.00000000 1.00000000 1.00000000</AMBIENT>
			<SPECULAR>1.00000000 1.00000000 1.00000000</SPECULAR>
			<DIFFUSEMAP>photorealistic_marble/granit26.tga</DIFFUSEMAP>
		</MATERIAL>
		<MATERIAL name="SpecWalls_MatrixWall">
			<DIFFUSE>1.00000000 1.00000000 1.00000000</DIFFUSE>
			<AMBIENT>1.00000000 1.00000000 1.00000000</AMBIENT>
			<SPECULAR>1.00000000 1.00000000 1.00000000</SPECULAR>
			<DIFFUSEMAP>SpecWalls/MatrixWall.tga</DIFFUSEMAP>
		</MATERIAL>
		<MATERIAL name="photorealistic_marble_granit24">
			<DIFFUSE>1.00000000 1.00000000 1.00000000</DIFFUSE>
			<AMBIENT>1.00000000 1.00000000 1.00000000</AMBIENT>
			<SPECULAR>1.00000000 1.00000000 1.00000000</SPECULAR>
			<DIFFUSEMAP>photorealistic_marble/granit24.tga</DIFFUSEMAP>
		</MATERIAL>
		<MATERIAL name="photorealistic_marble_marble22">
			<DIFFUSE>1.00000000 1.00000000 1.00000000</DIFFUSE>
			<AMBIENT>1.00000000 1.00000000 1.00000000</AMBIENT>
			<SPECULAR>1.00000000 1.00000000 1.00000000</SPECULAR>
			<DIFFUSEMAP>photorealistic_marble/marble22.tga</DIFFUSEMAP>
		</MATERIAL>
		<MATERIAL name="photorealistic_marble_marble26r">
			<DIFFUSE>1.00000000 1.00000000 1.00000000</DIFFUSE>
			<AMBIENT>1.00000000 1.00000000 1.00000000</AMBIENT>
			<SPECULAR>1.00000000 1.00000000 1.00000000</SPECULAR>
			<DIFFUSEMAP>photorealistic_marble/marble26r.tga</DIFFUSEMAP>
		</MATERIAL>
		<MATERIAL name="Elevator_elevator">
			<DIFFUSE>1.00000000 1.00000000 1.00000000</DIFFUSE>
			<AMBIENT>1.00000000 1.00000000 1.00000000</AMBIENT>
			<SPECULAR>1.00000000 1.00000000 1.00000000</SPECULAR>
			<DIFFUSEMAP>Elevator/elevator.tga</DIFFUSEMAP>
		</MATERIAL>
		<MATERIAL name="Elevator_ElevatorTexture">
			<DIFFUSE>1.00000000 1.00000000 1.00000000</DIFFUSE>
			<AMBIENT>1.00000000 1.00000000 1.00000000</AMBIENT>
			<SPECULAR>1.00000000 1.00000000 1.00000000</SPECULAR>
			<DIFFUSEMAP>Elevator/ElevatorTexture.tga</DIFFUSEMAP>
		</MATERIAL>
		<MATERIAL name="Keyboards_Keyboard">
			<DIFFUSE>1.00000000 1.00000000 1.00000000</DIFFUSE>
			<AMBIENT>1.00000000 1.00000000 1.00000000</AMBIENT>
			<SPECULAR>1.00000000 1.00000000 1.00000000</SPECULAR>
			<DIFFUSEMAP>Keyboards/Keyboard.tga</DIFFUSEMAP>
		</MATERIAL>
		<MATERIAL name="Two_Two">
			<DIFFUSE>1.00000000 1.00000000 1.00000000</DIFFUSE>
			<AMBIENT>1.00000000 1.00000000 1.00000000</AMBIENT>
			<SPECULAR>1.00000000 1.00000000 1.00000000</SPECULAR>
			<DIFFUSEMAP>Two/Two.tga</DIFFUSEMAP>
		</MATERIAL>
		<MATERIAL name="Glass_Glass4">
			<DIFFUSE>1.00000000 1.00000000 1.00000000</DIFFUSE>
			<AMBIENT>1.00000000 1.00000000 1.00000000</AMBIENT>
			<SPECULAR>1.00000000 1.00000000 1.00000000</SPECULAR>
			<DIFFUSEMAP>Glass/Glass4.tga</DIFFUSEMAP>
			<ADDITIVE/>
		</MATERIAL>
		<MATERIAL name="LOGO's_Grey">
			<DIFFUSE>1.00000000 1.00000000 1.00000000</DIFFUSE>
			<AMBIENT>1.00000000 1.00000000 1.00000000</AMBIENT>
			<SPECULAR>1.00000000 1.00000000 1.00000000</SPECULAR>
			<DIFFUSEMAP>LOGO's/Grey.tga</DIFFUSEMAP>
		</MATERIAL>
		<MATERIAL name="LOGO's_Black">
			<DIFFUSE>1.00000000 1.00000000 1.00000000</DIFFUSE>
			<AMBIENT>1.00000000 1.00000000 1.00000000</AMBIENT>
			<SPECULAR>1.00000000 1.00000000 1.00000000</SPECULAR>
			<DIFFUSEMAP>LOGO's/Black.tga</DIFFUSEMAP>
		</MATERIAL>
		<MATERIAL name="photorealistic_metal_metal101">
			<DIFFUSE>1.00000000 1.00000000 1.00000000</DIFFUSE>
			<AMBIENT>1.00000000 1.00000000 1.00000000</AMBIENT>
			<SPECULAR>1.00000000 1.00000000 1.00000000</SPECULAR>
			<DIFFUSEMAP>photorealistic_metal/metal101.tga</DIFFUSEMAP>
		</MATERIAL>
		<MATERIAL name="Misc_WindowsOther0031_S">
			<DIFFUSE>1.00000000 1.00000000 1.00000000</DIFFUSE>
			<AMBIENT>1.00000000 1.00000000 1.00000000</AMBIENT>
			<SPECULAR>1.00000000 1.00000000 1.00000000</SPECULAR>
			<DIFFUSEMAP>Misc/WindowsOther0031_S.tga</DIFFUSEMAP>
		</MATERIAL>
		<MATERIAL name="fake_FakeMatrix">
			<DIFFUSE>1.00000000 1.00000000 1.00000000</DIFFUSE>
			<AMBIENT>1.00000000 1.00000000 1.00000000</AMBIENT>
			<SPECULAR>1.00000000 1.00000000 1.00000000</SPECULAR>
			<DIFFUSEMAP>fake/FakeMatrix.tga</DIFFUSEMAP>
		</MATERIAL>
		<MATERIAL name="LOGO's_MadeBy">
			<DIFFUSE>1.00000000 1.00000000 1.00000000</DIFFUSE>
			<AMBIENT>1.00000000 1.00000000 1.00000000</AMBIENT>
			<SPECULAR>1.00000000 1.00000000 1.00000000</SPECULAR>
			<DIFFUSEMAP>LOGO's/MadeBy.tga</DIFFUSEMAP>
		</MATERIAL>
		<MATERIAL name="LOGO's_GameNao">
			<DIFFUSE>1.00000000 1.00000000 1.00000000</DIFFUSE>
			<AMBIENT>1.00000000 1.00000000 1.00000000</AMBIENT>
			<SPECULAR>1.00000000 1.00000000 1.00000000</SPECULAR>
			<DIFFUSEMAP>LOGO's/GameNao.tga</DIFFUSEMAP>
		</MATERIAL>
		<MATERIAL name="LOGO's_white">
			<DIFFUSE>1.00000000 1.00000000 1.00000000</DIFFUSE>
			<AMBIENT>1.00000000 1.00000000 1.00000000</AMBIENT>
			<SPECULAR>1.00000000 1.00000000 1.00000000</SPECULAR>
			<DIFFUSEMAP>LOGO's/white.tga</DIFFUSEMAP>
		</MATERIAL>
	</MATERIALLIST>
	<DUMMYLIST>
		<DUMMY name="spawn_team1_101">
			<POSITION>-3019.21000000 -222.57200000 48.00000000</POSITION>
			<DIRECTION>0.99984709 0.01748731 0.00000000</DIRECTION>
		</DUMMY>
		<DUMMY name="spawn_solo_101">
			<POSITION>2416.00000000 48.00000000 48.00000000</POSITION>
			<DIRECTION>-0.99930621 -0.03724369 0.00000000</DIRECTION>
		</DUMMY>
		<DUMMY name="spawn_team2_101">
			<POSITION>1968.00000000 424.00000000 1968.00000000</POSITION>
			<DIRECTION>0.69849023 0.71561959 0.00000000</DIRECTION>
		</DUMMY>
		<DUMMY name="spawn_team2_102">
			<POSITION>1968.00000000 304.00000000 1968.00000000</POSITION>
			<DIRECTION>0.63917059 0.76906499 0.00000000</DIRECTION>
		</DUMMY>
		<DUMMY name="spawn_team2_103">
			<POSITION>1960.00000000 168.00000000 1968.00000000</POSITION>
			<DIRECTION>0.84660214 0.53222629 0.00000000</DIRECTION>
		</DUMMY>
		<DUMMY name="spawn_team2_104">
			<POSITION>1960.00000000 32.00000000 1968.00000000</POSITION>
			<DIRECTION>0.99956348 -0.02954412 0.00000000</DIRECTION>
		</DUMMY>
		<DUMMY name="spawn_team2_105">
			<POSITION>1840.00000000 424.00000000 1968.00000000</POSITION>
			<DIRECTION>0.67254766 0.74005382 0.00000000</DIRECTION>
		</DUMMY>
		<DUMMY name="spawn_team2_106">
			<POSITION>1840.00000000 304.00000000 1968.00000000</POSITION>
			<DIRECTION>0.86889946 0.49498862 0.00000000</DIRECTION>
		</DUMMY>
		<DUMMY name="spawn_team2_107">
			<POSITION>1832.00000000 168.00000000 1968.00000000</POSITION>
			<DIRECTION>0.92587718 0.37782463 0.00000000</DIRECTION>
		</DUMMY>
		<DUMMY name="spawn_team2_108">
			<POSITION>1832.00000000 32.00000000 1968.00000000</POSITION>
			<DIRECTION>0.99877525 0.04947733 0.00000000</DIRECTION>
		</DUMMY>
		<DUMMY name="spawn_team1_102">
			<POSITION>-2859.23000000 -225.37100000 48.00000000</POSITION>
			<DIRECTION>0.99984709 0.01748731 0.00000000</DIRECTION>
		</DUMMY>
		<DUMMY name="spawn_team1_103">
			<POSITION>-3016.97000000 -94.59200000 48.00000000</POSITION>
			<DIRECTION>0.99984709 0.01748731 0.00000000</DIRECTION>
		</DUMMY>
		<DUMMY name="spawn_team1_104">
			<POSITION>-2856.99000000 -97.39100000 48.00000000</POSITION>
			<DIRECTION>0.99984709 0.01748731 0.00000000</DIRECTION>
		</DUMMY>
		<DUMMY name="spawn_team1_105">
			<POSITION>-3015.01000000 17.39080000 48.00000000</POSITION>
			<DIRECTION>0.99984709 0.01748731 0.00000000</DIRECTION>
		</DUMMY>
		<DUMMY name="spawn_team1_106">
			<POSITION>-2855.03000000 14.59200000 48.00000000</POSITION>
			<DIRECTION>0.99984709 0.01748731 0.00000000</DIRECTION>
		</DUMMY>
		<DUMMY name="spawn_team1_107">
			<POSITION>-3012.77000000 145.37100000 48.00000000</POSITION>
			<DIRECTION>0.99984709 0.01748731 0.00000000</DIRECTION>
		</DUMMY>
		<DUMMY name="spawn_team1_108">
			<POSITION>-2852.79000000 142.57200000 48.00000000</POSITION>
			<DIRECTION>0.99984709 0.01748731 0.00000000</DIRECTION>
		</DUMMY>
		<DUMMY name="spawn_solo_102">
			<POSITION>-1848.00000000 -1016.00000000 48.00000000</POSITION>
			<DIRECTION>0.99347468 0.11405289 0.00000000</DIRECTION>
		</DUMMY>
		<DUMMY name="spawn_solo_103">
			<POSITION>-1400.00000000 936.00000000 48.00000000</POSITION>
			<DIRECTION>0.99347468 0.11405289 0.00000000</DIRECTION>
		</DUMMY>
		<DUMMY name="spawn_solo_104">
			<POSITION>-1400.00000000 -1016.00000000 48.00000000</POSITION>
			<DIRECTION>0.99347468 0.11405289 0.00000000</DIRECTION>
		</DUMMY>
		<DUMMY name="spawn_solo_105">
			<POSITION>-384.00000000 944.00000000 48.00000000</POSITION>
			<DIRECTION>-0.11723061 0.99310472 0.00000000</DIRECTION>
		</DUMMY>
		<DUMMY name="spawn_solo_106">
			<POSITION>-384.00000000 -1008.00000000 48.00000000</POSITION>
			<DIRECTION>-0.09976433 -0.99501109 0.00000000</DIRECTION>
		</DUMMY>
		<DUMMY name="spawn_solo_107">
			<POSITION>64.00000000 944.00000000 48.00000000</POSITION>
			<DIRECTION>-0.11830172 0.99297770 0.00000000</DIRECTION>
		</DUMMY>
		<DUMMY name="spawn_solo_108">
			<POSITION>64.00000000 -1008.00000000 48.00000000</POSITION>
			<DIRECTION>-0.02406228 -0.99971046 0.00000000</DIRECTION>
		</DUMMY>
		<DUMMY name="spawn_solo_109">
			<POSITION>872.00000000 944.00000000 48.00000000</POSITION>
			<DIRECTION>-0.06504262 0.99788249 0.00000000</DIRECTION>
		</DUMMY>
		<DUMMY name="spawn_solo_110">
			<POSITION>872.00000000 -1008.00000000 48.00000000</POSITION>
			<DIRECTION>0.13148304 -0.99131842 0.00000000</DIRECTION>
		</DUMMY>
		<DUMMY name="spawn_solo_111">
			<POSITION>1320.00000000 944.00000000 48.00000000</POSITION>
			<DIRECTION>-0.81448225 0.58018847 0.00000000</DIRECTION>
		</DUMMY>
		<DUMMY name="spawn_solo_112">
			<POSITION>1320.00000000 -1008.00000000 48.00000000</POSITION>
			<DIRECTION>-0.92119152 -0.38910948 0.00000000</DIRECTION>
		</DUMMY>
	</DUMMYLIST>
</XML>
