<?xml version="1.0" encoding="UTF-8" ?>
<XML>
	<MATERIALLIST>
		<MATERIAL name="Psi_stoneBrick">
			<DIFFUSE>1.00000000 1.00000000 1.00000000</DIFFUSE>

			<AMBIENT>1.00000000 1.00000000 1.00000000</AMBIENT>

			<SPECULAR>1.00000000 1.00000000 1.00000000</SPECULAR>

			<DIFFUSEMAP>Psi/stoneBrick.jpg</DIFFUSEMAP>
		</MATERIAL>

		<MATERIAL name="Psi_gzd_map_BA_wall06">
			<DIFFUSE>1.00000000 1.00000000 1.00000000</DIFFUSE>

			<AMBIENT>1.00000000 1.00000000 1.00000000</AMBIENT>

			<SPECULAR>1.00000000 1.00000000 1.00000000</SPECULAR>

			<DIFFUSEMAP>Psi/gzd_map_BA_wall06.jpg</DIFFUSEMAP>
		</MATERIAL>

		<MATERIAL name="folder_concrete_concrete013">
			<DIFFUSE>1.00000000 1.00000000 1.00000000</DIFFUSE>

			<AMBIENT>1.00000000 1.00000000 1.00000000</AMBIENT>

			<SPECULAR>1.00000000 1.00000000 1.00000000</SPECULAR>

			<DIFFUSEMAP>folder_concrete/concrete013.tga</DIFFUSEMAP>
		</MATERIAL>

		<MATERIAL name="Future_base_flat_dark">
			<DIFFUSE>1.00000000 1.00000000 1.00000000</DIFFUSE>

			<AMBIENT>1.00000000 1.00000000 1.00000000</AMBIENT>

			<SPECULAR>1.00000000 1.00000000 1.00000000</SPECULAR>

			<DIFFUSEMAP>Future/base_flat_dark.jpg</DIFFUSEMAP>
		</MATERIAL>

		<MATERIAL name="Future_t-flroddtiledrty">
			<DIFFUSE>1.00000000 1.00000000 1.00000000</DIFFUSE>

			<AMBIENT>1.00000000 1.00000000 1.00000000</AMBIENT>

			<SPECULAR>1.00000000 1.00000000 1.00000000</SPECULAR>

			<DIFFUSEMAP>Future/t-flroddtiledrty.jpg</DIFFUSEMAP>
		</MATERIAL>

		<MATERIAL name="Misc_shield">
			<DIFFUSE>1.00000000 1.00000000 1.00000000</DIFFUSE>

			<AMBIENT>1.00000000 1.00000000 1.00000000</AMBIENT>

			<SPECULAR>1.00000000 1.00000000 1.00000000</SPECULAR>

			<DIFFUSEMAP>Misc/shield.png</DIFFUSEMAP>

			<USEOPACITY/>
		</MATERIAL>

		<MATERIAL name="Psi_WhiteMarble">
			<DIFFUSE>1.00000000 1.00000000 1.00000000</DIFFUSE>

			<AMBIENT>1.00000000 1.00000000 1.00000000</AMBIENT>

			<SPECULAR>1.00000000 1.00000000 1.00000000</SPECULAR>

			<DIFFUSEMAP>Psi/WhiteMarble.jpg</DIFFUSEMAP>
		</MATERIAL>

		<MATERIAL name="Psi_gzd_map_BA_wall07">
			<DIFFUSE>1.00000000 1.00000000 1.00000000</DIFFUSE>

			<AMBIENT>1.00000000 1.00000000 1.00000000</AMBIENT>

			<SPECULAR>1.00000000 1.00000000 1.00000000</SPECULAR>

			<DIFFUSEMAP>Psi/gzd_map_BA_wall07.jpg</DIFFUSEMAP>
		</MATERIAL>

		<MATERIAL name="Psi_asph01">
			<DIFFUSE>1.00000000 1.00000000 1.00000000</DIFFUSE>

			<AMBIENT>1.00000000 1.00000000 1.00000000</AMBIENT>

			<SPECULAR>1.00000000 1.00000000 1.00000000</SPECULAR>

			<DIFFUSEMAP>Psi/asph01.jpg</DIFFUSEMAP>
		</MATERIAL>

		<MATERIAL name="Psi_gzd_map_Sta_floor001">
			<DIFFUSE>1.00000000 1.00000000 1.00000000</DIFFUSE>

			<AMBIENT>1.00000000 1.00000000 1.00000000</AMBIENT>

			<SPECULAR>1.00000000 1.00000000 1.00000000</SPECULAR>

			<DIFFUSEMAP>Psi/gzd_map_Sta_floor001.jpg</DIFFUSEMAP>
		</MATERIAL>
	</MATERIALLIST>

	<OBJECTLIST>
		<OBJECT name="Halloween Town_obj_sky_night2.elu"/>
	</OBJECTLIST>

	<DUMMYLIST>
		<DUMMY name="spawn_team1_101">
			<POSITION>8640.00000000 608.00000000 5152.00000000</POSITION>

			<DIRECTION>-0.00000000 -1.00000000 0.00000000</DIRECTION>
		</DUMMY>

		<DUMMY name="spawn_team1_102">
			<POSITION>8320.00000000 608.00000000 5152.00000000</POSITION>

			<DIRECTION>-0.00000000 -1.00000000 0.00000000</DIRECTION>
		</DUMMY>

		<DUMMY name="spawn_team1_103">
			<POSITION>8480.00000000 608.00000000 5152.00000000</POSITION>

			<DIRECTION>-0.00000000 -1.00000000 0.00000000</DIRECTION>
		</DUMMY>

		<DUMMY name="spawn_team1_104">
			<POSITION>8640.00000000 608.00000000 4800.00000000</POSITION>

			<DIRECTION>-0.00000000 -1.00000000 0.00000000</DIRECTION>
		</DUMMY>

		<DUMMY name="spawn_team1_105">
			<POSITION>8320.00000000 608.00000000 4800.00000000</POSITION>

			<DIRECTION>-0.00000000 -1.00000000 0.00000000</DIRECTION>
		</DUMMY>

		<DUMMY name="spawn_team1_106">
			<POSITION>8480.00000000 608.00000000 4800.00000000</POSITION>

			<DIRECTION>-0.00000000 -1.00000000 0.00000000</DIRECTION>
		</DUMMY>

		<DUMMY name="spawn_team1_107">
			<POSITION>8640.00000000 608.00000000 4976.00000000</POSITION>

			<DIRECTION>-0.00000000 -1.00000000 0.00000000</DIRECTION>
		</DUMMY>

		<DUMMY name="spawn_team1_108">
			<POSITION>8320.00000000 608.00000000 4976.00000000</POSITION>

			<DIRECTION>-0.00000000 -1.00000000 0.00000000</DIRECTION>
		</DUMMY>

		<DUMMY name="spawn_team1_109">
			<POSITION>8480.00000000 608.00000000 4976.00000000</POSITION>

			<DIRECTION>-0.00000000 -1.00000000 0.00000000</DIRECTION>
		</DUMMY>

		<DUMMY name="spawn_team1_110">
			<POSITION>8320.00000000 2464.00000000 5152.00000000</POSITION>

			<DIRECTION>0.00000000 1.00000000 0.00000000</DIRECTION>
		</DUMMY>

		<DUMMY name="spawn_team1_111">
			<POSITION>8640.00000000 2464.00000000 5152.00000000</POSITION>

			<DIRECTION>0.00000000 1.00000000 0.00000000</DIRECTION>
		</DUMMY>

		<DUMMY name="spawn_team1_112">
			<POSITION>8480.00000000 2464.00000000 5152.00000000</POSITION>

			<DIRECTION>0.00000000 1.00000000 0.00000000</DIRECTION>
		</DUMMY>

		<DUMMY name="spawn_team1_113">
			<POSITION>8320.00000000 2464.00000000 4800.00000000</POSITION>

			<DIRECTION>0.00000000 1.00000000 0.00000000</DIRECTION>
		</DUMMY>

		<DUMMY name="spawn_team1_114">
			<POSITION>8640.00000000 2464.00000000 4800.00000000</POSITION>

			<DIRECTION>0.00000000 1.00000000 0.00000000</DIRECTION>
		</DUMMY>

		<DUMMY name="spawn_team1_115">
			<POSITION>8480.00000000 2464.00000000 4800.00000000</POSITION>

			<DIRECTION>0.00000000 1.00000000 0.00000000</DIRECTION>
		</DUMMY>

		<DUMMY name="spawn_team1_116">
			<POSITION>8320.00000000 2464.00000000 4976.00000000</POSITION>

			<DIRECTION>0.00000000 1.00000000 0.00000000</DIRECTION>
		</DUMMY>

		<DUMMY name="spawn_team1_117">
			<POSITION>8640.00000000 2464.00000000 4976.00000000</POSITION>

			<DIRECTION>0.00000000 1.00000000 0.00000000</DIRECTION>
		</DUMMY>

		<DUMMY name="spawn_team1_118">
			<POSITION>8480.00000000 2464.00000000 4976.00000000</POSITION>

			<DIRECTION>0.00000000 1.00000000 0.00000000</DIRECTION>
		</DUMMY>

		<DUMMY name="spawn_team2_101">
			<POSITION>224.00000000 288.00000000 5016.00000000</POSITION>

			<DIRECTION>1.00000000 -0.00000000 0.00000000</DIRECTION>
		</DUMMY>

		<DUMMY name="spawn_team2_102">
			<POSITION>224.00000000 288.00000000 4136.00000000</POSITION>

			<DIRECTION>1.00000000 -0.00000000 0.00000000</DIRECTION>
		</DUMMY>

		<DUMMY name="spawn_team2_103">
			<POSITION>224.00000000 288.00000000 4312.00000000</POSITION>

			<DIRECTION>1.00000000 -0.00000000 0.00000000</DIRECTION>
		</DUMMY>

		<DUMMY name="spawn_team2_104">
			<POSITION>224.00000000 288.00000000 4488.00000000</POSITION>

			<DIRECTION>1.00000000 -0.00000000 0.00000000</DIRECTION>
		</DUMMY>

		<DUMMY name="spawn_team2_105">
			<POSITION>224.00000000 288.00000000 4664.00000000</POSITION>

			<DIRECTION>1.00000000 -0.00000000 0.00000000</DIRECTION>
		</DUMMY>

		<DUMMY name="spawn_team2_106">
			<POSITION>224.00000000 288.00000000 4840.00000000</POSITION>

			<DIRECTION>1.00000000 -0.00000000 0.00000000</DIRECTION>
		</DUMMY>

		<DUMMY name="spawn_team2_107">
			<POSITION>224.00000000 2848.00000000 5016.00000000</POSITION>

			<DIRECTION>1.00000000 -0.00000000 0.00000000</DIRECTION>
		</DUMMY>

		<DUMMY name="spawn_team2_108">
			<POSITION>224.00000000 2848.00000000 4136.00000000</POSITION>

			<DIRECTION>1.00000000 -0.00000000 0.00000000</DIRECTION>
		</DUMMY>

		<DUMMY name="spawn_team2_109">
			<POSITION>224.00000000 2848.00000000 4312.00000000</POSITION>

			<DIRECTION>1.00000000 -0.00000000 0.00000000</DIRECTION>
		</DUMMY>

		<DUMMY name="spawn_team2_110">
			<POSITION>224.00000000 2848.00000000 4488.00000000</POSITION>

			<DIRECTION>1.00000000 -0.00000000 0.00000000</DIRECTION>
		</DUMMY>

		<DUMMY name="spawn_team2_111">
			<POSITION>224.00000000 2848.00000000 4664.00000000</POSITION>

			<DIRECTION>1.00000000 -0.00000000 0.00000000</DIRECTION>
		</DUMMY>

		<DUMMY name="spawn_team2_112">
			<POSITION>224.00000000 2848.00000000 4840.00000000</POSITION>

			<DIRECTION>1.00000000 -0.00000000 0.00000000</DIRECTION>
		</DUMMY>

		<DUMMY name="spawn_team2_113">
			<POSITION>224.00000000 2336.00000000 5016.00000000</POSITION>

			<DIRECTION>1.00000000 -0.00000000 0.00000000</DIRECTION>
		</DUMMY>

		<DUMMY name="spawn_team2_114">
			<POSITION>224.00000000 2336.00000000 4136.00000000</POSITION>

			<DIRECTION>1.00000000 -0.00000000 0.00000000</DIRECTION>
		</DUMMY>

		<DUMMY name="spawn_team2_115">
			<POSITION>224.00000000 2336.00000000 4312.00000000</POSITION>

			<DIRECTION>1.00000000 -0.00000000 0.00000000</DIRECTION>
		</DUMMY>

		<DUMMY name="spawn_team2_116">
			<POSITION>224.00000000 2336.00000000 4488.00000000</POSITION>

			<DIRECTION>1.00000000 -0.00000000 0.00000000</DIRECTION>
		</DUMMY>

		<DUMMY name="spawn_team2_117">
			<POSITION>224.00000000 2336.00000000 4664.00000000</POSITION>

			<DIRECTION>1.00000000 -0.00000000 0.00000000</DIRECTION>
		</DUMMY>

		<DUMMY name="spawn_team2_118">
			<POSITION>224.00000000 2336.00000000 4840.00000000</POSITION>

			<DIRECTION>1.00000000 -0.00000000 0.00000000</DIRECTION>
		</DUMMY>

		<DUMMY name="spawn_team2_119">
			<POSITION>224.00000000 1824.00000000 5016.00000000</POSITION>

			<DIRECTION>1.00000000 -0.00000000 0.00000000</DIRECTION>
		</DUMMY>

		<DUMMY name="spawn_team2_120">
			<POSITION>224.00000000 1824.00000000 4136.00000000</POSITION>

			<DIRECTION>1.00000000 -0.00000000 0.00000000</DIRECTION>
		</DUMMY>

		<DUMMY name="spawn_team2_121">
			<POSITION>224.00000000 1824.00000000 4312.00000000</POSITION>

			<DIRECTION>1.00000000 -0.00000000 0.00000000</DIRECTION>
		</DUMMY>

		<DUMMY name="spawn_team2_122">
			<POSITION>224.00000000 1824.00000000 4488.00000000</POSITION>

			<DIRECTION>1.00000000 -0.00000000 0.00000000</DIRECTION>
		</DUMMY>

		<DUMMY name="spawn_team2_123">
			<POSITION>224.00000000 1824.00000000 4664.00000000</POSITION>

			<DIRECTION>1.00000000 -0.00000000 0.00000000</DIRECTION>
		</DUMMY>

		<DUMMY name="spawn_team2_124">
			<POSITION>224.00000000 1824.00000000 4840.00000000</POSITION>

			<DIRECTION>1.00000000 -0.00000000 0.00000000</DIRECTION>
		</DUMMY>

		<DUMMY name="spawn_team2_125">
			<POSITION>224.00000000 1312.00000000 5016.00000000</POSITION>

			<DIRECTION>1.00000000 -0.00000000 0.00000000</DIRECTION>
		</DUMMY>

		<DUMMY name="spawn_team2_126">
			<POSITION>224.00000000 1312.00000000 4136.00000000</POSITION>

			<DIRECTION>1.00000000 -0.00000000 0.00000000</DIRECTION>
		</DUMMY>

		<DUMMY name="spawn_team2_127">
			<POSITION>224.00000000 1312.00000000 4312.00000000</POSITION>

			<DIRECTION>1.00000000 -0.00000000 0.00000000</DIRECTION>
		</DUMMY>

		<DUMMY name="spawn_team2_128">
			<POSITION>224.00000000 1312.00000000 4488.00000000</POSITION>

			<DIRECTION>1.00000000 -0.00000000 0.00000000</DIRECTION>
		</DUMMY>

		<DUMMY name="spawn_team2_129">
			<POSITION>224.00000000 1312.00000000 4664.00000000</POSITION>

			<DIRECTION>1.00000000 -0.00000000 0.00000000</DIRECTION>
		</DUMMY>

		<DUMMY name="spawn_team2_130">
			<POSITION>224.00000000 1312.00000000 4840.00000000</POSITION>

			<DIRECTION>1.00000000 -0.00000000 0.00000000</DIRECTION>
		</DUMMY>

		<DUMMY name="spawn_team2_131">
			<POSITION>224.00000000 800.00000000 5016.00000000</POSITION>

			<DIRECTION>1.00000000 -0.00000000 0.00000000</DIRECTION>
		</DUMMY>

		<DUMMY name="spawn_team2_132">
			<POSITION>224.00000000 800.00000000 4136.00000000</POSITION>

			<DIRECTION>1.00000000 -0.00000000 0.00000000</DIRECTION>
		</DUMMY>

		<DUMMY name="spawn_team2_133">
			<POSITION>224.00000000 800.00000000 4312.00000000</POSITION>

			<DIRECTION>1.00000000 -0.00000000 0.00000000</DIRECTION>
		</DUMMY>

		<DUMMY name="spawn_team2_134">
			<POSITION>224.00000000 800.00000000 4488.00000000</POSITION>

			<DIRECTION>1.00000000 -0.00000000 0.00000000</DIRECTION>
		</DUMMY>

		<DUMMY name="spawn_team2_135">
			<POSITION>224.00000000 800.00000000 4664.00000000</POSITION>

			<DIRECTION>1.00000000 -0.00000000 0.00000000</DIRECTION>
		</DUMMY>

		<DUMMY name="spawn_team2_136">
			<POSITION>224.00000000 800.00000000 4840.00000000</POSITION>

			<DIRECTION>1.00000000 -0.00000000 0.00000000</DIRECTION>
		</DUMMY>

		<DUMMY name="spawn_solo_101">
			<POSITION>4672.00000000 1792.00000000 5120.00000000</POSITION>

			<DIRECTION>-1.00000000 0.00000000 0.00000000</DIRECTION>
		</DUMMY>

		<DUMMY name="spawn_solo_102">
			<POSITION>4672.00000000 512.00000000 5120.00000000</POSITION>

			<DIRECTION>-1.00000000 0.00000000 0.00000000</DIRECTION>
		</DUMMY>

		<DUMMY name="spawn_solo_103">
			<POSITION>4672.00000000 768.00000000 5120.00000000</POSITION>

			<DIRECTION>-1.00000000 0.00000000 0.00000000</DIRECTION>
		</DUMMY>

		<DUMMY name="spawn_solo_104">
			<POSITION>4672.00000000 1024.00000000 5120.00000000</POSITION>

			<DIRECTION>-1.00000000 0.00000000 0.00000000</DIRECTION>
		</DUMMY>

		<DUMMY name="spawn_solo_105">
			<POSITION>4672.00000000 1280.00000000 5120.00000000</POSITION>

			<DIRECTION>-1.00000000 0.00000000 0.00000000</DIRECTION>
		</DUMMY>

		<DUMMY name="spawn_solo_106">
			<POSITION>4672.00000000 1536.00000000 5120.00000000</POSITION>

			<DIRECTION>-1.00000000 0.00000000 0.00000000</DIRECTION>
		</DUMMY>

		<DUMMY name="spawn_solo_107">
			<POSITION>4672.00000000 2048.00000000 5120.00000000</POSITION>

			<DIRECTION>-1.00000000 0.00000000 0.00000000</DIRECTION>
		</DUMMY>

		<DUMMY name="spawn_solo_108">
			<POSITION>4672.00000000 2304.00000000 5120.00000000</POSITION>

			<DIRECTION>-1.00000000 0.00000000 0.00000000</DIRECTION>
		</DUMMY>

		<DUMMY name="spawn_solo_109">
			<POSITION>4672.00000000 2560.00000000 5120.00000000</POSITION>

			<DIRECTION>-1.00000000 0.00000000 0.00000000</DIRECTION>
		</DUMMY>

		<DUMMY name="spawn_solo_110">
			<POSITION>4672.00000000 2816.00000000 5120.00000000</POSITION>

			<DIRECTION>-1.00000000 0.00000000 0.00000000</DIRECTION>
		</DUMMY>

		<DUMMY name="spawn_solo_111">
			<POSITION>4672.00000000 256.00000000 5120.00000000</POSITION>

			<DIRECTION>-1.00000000 0.00000000 0.00000000</DIRECTION>
		</DUMMY>

		<DUMMY name="spawn_solo_112">
			<POSITION>448.00000000 1280.00000000 5120.00000000</POSITION>

			<DIRECTION>1.00000000 -0.00000000 0.00000000</DIRECTION>
		</DUMMY>

		<DUMMY name="spawn_solo_113">
			<POSITION>448.00000000 2560.00000000 5120.00000000</POSITION>

			<DIRECTION>1.00000000 -0.00000000 0.00000000</DIRECTION>
		</DUMMY>

		<DUMMY name="spawn_solo_114">
			<POSITION>448.00000000 2304.00000000 5120.00000000</POSITION>

			<DIRECTION>1.00000000 -0.00000000 0.00000000</DIRECTION>
		</DUMMY>

		<DUMMY name="spawn_solo_115">
			<POSITION>448.00000000 2048.00000000 5120.00000000</POSITION>

			<DIRECTION>1.00000000 -0.00000000 0.00000000</DIRECTION>
		</DUMMY>

		<DUMMY name="spawn_solo_116">
			<POSITION>448.00000000 1792.00000000 5120.00000000</POSITION>

			<DIRECTION>1.00000000 -0.00000000 0.00000000</DIRECTION>
		</DUMMY>

		<DUMMY name="spawn_solo_117">
			<POSITION>448.00000000 1536.00000000 5120.00000000</POSITION>

			<DIRECTION>1.00000000 -0.00000000 0.00000000</DIRECTION>
		</DUMMY>

		<DUMMY name="spawn_solo_118">
			<POSITION>448.00000000 1024.00000000 5120.00000000</POSITION>

			<DIRECTION>1.00000000 -0.00000000 0.00000000</DIRECTION>
		</DUMMY>

		<DUMMY name="spawn_solo_119">
			<POSITION>448.00000000 768.00000000 5120.00000000</POSITION>

			<DIRECTION>1.00000000 -0.00000000 0.00000000</DIRECTION>
		</DUMMY>

		<DUMMY name="spawn_solo_120">
			<POSITION>448.00000000 512.00000000 5120.00000000</POSITION>

			<DIRECTION>1.00000000 -0.00000000 0.00000000</DIRECTION>
		</DUMMY>

		<DUMMY name="spawn_solo_121">
			<POSITION>448.00000000 256.00000000 5120.00000000</POSITION>

			<DIRECTION>1.00000000 -0.00000000 0.00000000</DIRECTION>
		</DUMMY>

		<DUMMY name="spawn_solo_122">
			<POSITION>448.00000000 2816.00000000 5120.00000000</POSITION>

			<DIRECTION>1.00000000 -0.00000000 0.00000000</DIRECTION>
		</DUMMY>

		<DUMMY name="obj_sky_night2">
			<POSITION>0.0000000 0.0000000 0.0000000</POSITION>

			<DIRECTION>0.0000000 0.0000000 0.0000000</DIRECTION>
		</DUMMY>
	</DUMMYLIST>
</XML>