<?xml version="1.0" encoding="UTF-8"?>
<XML>
	<MATERIALLIST>
		<MATERIAL name="Castle_gzd_map_Castle_wall02.bmp_mt_con">
			<DIFFUSE>1.00000000 1.00000000 1.00000000</DIFFUSE>
			<AMBIENT>1.00000000 1.00000000 1.00000000</AMBIENT>
			<SPECULAR>1.00000000 1.00000000 1.00000000</SPECULAR>
			<DIFFUSEMAP>Castle/gzd_map_Castle_wall02.bmp</DIFFUSEMAP>
		</MATERIAL>
		<MATERIAL name="Dungeon_gzd_map_DG_wall04.bmp_mt_con">
			<DIFFUSE>1.00000000 1.00000000 1.00000000</DIFFUSE>
			<AMBIENT>1.00000000 1.00000000 1.00000000</AMBIENT>
			<SPECULAR>1.00000000 1.00000000 1.00000000</SPECULAR>
			<DIFFUSEMAP>Dungeon/gzd_map_DG_wall04.bmp</DIFFUSEMAP>
		</MATERIAL>
		<MATERIAL name="fakes_duster4Grish_mt_con">
			<DIFFUSE>1.00000000 1.00000000 1.00000000</DIFFUSE>
			<AMBIENT>1.00000000 1.00000000 1.00000000</AMBIENT>
			<SPECULAR>1.00000000 1.00000000 1.00000000</SPECULAR>
			<DIFFUSEMAP>fakes/duster4Grish.PNG</DIFFUSEMAP>
		</MATERIAL>
		<MATERIAL name="Battle_Arena_gzd_map_BA_wall04.bmp_mt_con">
			<DIFFUSE>1.00000000 1.00000000 1.00000000</DIFFUSE>
			<AMBIENT>1.00000000 1.00000000 1.00000000</AMBIENT>
			<SPECULAR>1.00000000 1.00000000 1.00000000</SPECULAR>
			<DIFFUSEMAP>Battle_Arena/gzd_map_BA_wall04.bmp</DIFFUSEMAP>
		</MATERIAL>
		<MATERIAL name="Dungeon_gzd_map_DG_wall05.bmp_mt_con">
			<DIFFUSE>1.00000000 1.00000000 1.00000000</DIFFUSE>
			<AMBIENT>1.00000000 1.00000000 1.00000000</AMBIENT>
			<SPECULAR>1.00000000 1.00000000 1.00000000</SPECULAR>
			<DIFFUSEMAP>Dungeon/gzd_map_DG_wall05.bmp</DIFFUSEMAP>
		</MATERIAL>
		<MATERIAL name="prison_gzd_map_Prison_d-pipe001.bmp_mt_con">
			<DIFFUSE>1.00000000 1.00000000 1.00000000</DIFFUSE>
			<AMBIENT>1.00000000 1.00000000 1.00000000</AMBIENT>
			<SPECULAR>1.00000000 1.00000000 1.00000000</SPECULAR>
			<DIFFUSEMAP>prison/gzd_map_Prison_d-pipe001.bmp</DIFFUSEMAP>
		</MATERIAL>
		<MATERIAL name="texturasdepablo_secret3">
			<DIFFUSE>1.00000000 1.00000000 1.00000000</DIFFUSE>
			<AMBIENT>1.00000000 1.00000000 1.00000000</AMBIENT>
			<SPECULAR>1.00000000 1.00000000 1.00000000</SPECULAR>
			<DIFFUSEMAP>texturasdepablo/secret3.png</DIFFUSEMAP>
		</MATERIAL>
		<MATERIAL name="texturasdepablo_secret4">
			<DIFFUSE>1.00000000 1.00000000 1.00000000</DIFFUSE>
			<AMBIENT>1.00000000 1.00000000 1.00000000</AMBIENT>
			<SPECULAR>1.00000000 1.00000000 1.00000000</SPECULAR>
			<DIFFUSEMAP>texturasdepablo/secret4.png</DIFFUSEMAP>
		</MATERIAL>
		<MATERIAL name="texturasdepablo_secret5">
			<DIFFUSE>1.00000000 1.00000000 1.00000000</DIFFUSE>
			<AMBIENT>1.00000000 1.00000000 1.00000000</AMBIENT>
			<SPECULAR>1.00000000 1.00000000 1.00000000</SPECULAR>
			<DIFFUSEMAP>texturasdepablo/secret5.png</DIFFUSEMAP>
		</MATERIAL>
		<MATERIAL name="texturasdepablo_secret7">
			<DIFFUSE>1.00000000 1.00000000 1.00000000</DIFFUSE>
			<AMBIENT>1.00000000 1.00000000 1.00000000</AMBIENT>
			<SPECULAR>1.00000000 1.00000000 1.00000000</SPECULAR>
			<DIFFUSEMAP>texturasdepablo/secret7.png</DIFFUSEMAP>
		</MATERIAL>
		<MATERIAL name="Castle_gzd_map_Castle_floor01.bmp_mt_con">
			<DIFFUSE>1.00000000 1.00000000 1.00000000</DIFFUSE>
			<AMBIENT>1.00000000 1.00000000 1.00000000</AMBIENT>
			<SPECULAR>1.00000000 1.00000000 1.00000000</SPECULAR>
			<DIFFUSEMAP>Castle/gzd_map_Castle_floor01.bmp</DIFFUSEMAP>
		</MATERIAL>
		<MATERIAL name="texturasdepablo_previewgtov4">
			<DIFFUSE>1.00000000 1.00000000 1.00000000</DIFFUSE>
			<AMBIENT>1.00000000 1.00000000 1.00000000</AMBIENT>
			<SPECULAR>1.00000000 1.00000000 1.00000000</SPECULAR>
			<DIFFUSEMAP>texturasdepablo/previewgtov4.png</DIFFUSEMAP>
		</MATERIAL>
		<MATERIAL name="texturasdepablo_secret2l">
			<DIFFUSE>1.00000000 1.00000000 1.00000000</DIFFUSE>
			<AMBIENT>1.00000000 1.00000000 1.00000000</AMBIENT>
			<SPECULAR>1.00000000 1.00000000 1.00000000</SPECULAR>
			<DIFFUSEMAP>texturasdepablo/secret2l.png</DIFFUSEMAP>
		</MATERIAL>
		<MATERIAL name="texturasdepablo_betterdashers">
			<DIFFUSE>1.00000000 1.00000000 1.00000000</DIFFUSE>
			<AMBIENT>1.00000000 1.00000000 1.00000000</AMBIENT>
			<SPECULAR>1.00000000 1.00000000 1.00000000</SPECULAR>
			<DIFFUSEMAP>texturasdepablo/betterdashers.png</DIFFUSEMAP>
		</MATERIAL>
		<MATERIAL name="Personas_AXGKMZ">
			<DIFFUSE>1.00000000 1.00000000 1.00000000</DIFFUSE>
			<AMBIENT>1.00000000 1.00000000 1.00000000</AMBIENT>
			<SPECULAR>1.00000000 1.00000000 1.00000000</SPECULAR>
			<DIFFUSEMAP>Personas/AXGKMZ</DIFFUSEMAP>
		</MATERIAL>
		<MATERIAL name="texturasdepablo_mensaje1">
			<DIFFUSE>1.00000000 1.00000000 1.00000000</DIFFUSE>
			<AMBIENT>1.00000000 1.00000000 1.00000000</AMBIENT>
			<SPECULAR>1.00000000 1.00000000 1.00000000</SPECULAR>
			<DIFFUSEMAP>texturasdepablo/mensaje1.png</DIFFUSEMAP>
		</MATERIAL>
		<MATERIAL name="texturasdepablo_secret6">
			<DIFFUSE>1.00000000 1.00000000 1.00000000</DIFFUSE>
			<AMBIENT>1.00000000 1.00000000 1.00000000</AMBIENT>
			<SPECULAR>1.00000000 1.00000000 1.00000000</SPECULAR>
			<DIFFUSEMAP>texturasdepablo/secret6.png</DIFFUSEMAP>
		</MATERIAL>
		<MATERIAL name="Castle_gzd_map_Castle_wall04.bmp_mt_con">
			<DIFFUSE>1.00000000 1.00000000 1.00000000</DIFFUSE>
			<AMBIENT>1.00000000 1.00000000 1.00000000</AMBIENT>
			<SPECULAR>1.00000000 1.00000000 1.00000000</SPECULAR>
			<DIFFUSEMAP>Castle/gzd_map_Castle_wall04.bmp</DIFFUSEMAP>
		</MATERIAL>
		<MATERIAL name="texturasdepablo_MOD">
			<DIFFUSE>1.00000000 1.00000000 1.00000000</DIFFUSE>
			<AMBIENT>1.00000000 1.00000000 1.00000000</AMBIENT>
			<SPECULAR>1.00000000 1.00000000 1.00000000</SPECULAR>
			<DIFFUSEMAP>texturasdepablo/MOD.jpg</DIFFUSEMAP>
		</MATERIAL>
		<MATERIAL name="Dungeon_gzd_map_DG_wall07.bmp_mt_con">
			<DIFFUSE>1.00000000 1.00000000 1.00000000</DIFFUSE>
			<AMBIENT>1.00000000 1.00000000 1.00000000</AMBIENT>
			<SPECULAR>1.00000000 1.00000000 1.00000000</SPECULAR>
			<DIFFUSEMAP>Dungeon/gzd_map_DG_wall07.bmp</DIFFUSEMAP>
		</MATERIAL>
		<MATERIAL name="texturasdepablo_mensajes">
			<DIFFUSE>1.00000000 1.00000000 1.00000000</DIFFUSE>
			<AMBIENT>1.00000000 1.00000000 1.00000000</AMBIENT>
			<SPECULAR>1.00000000 1.00000000 1.00000000</SPECULAR>
			<DIFFUSEMAP>texturasdepablo/mensajes.png</DIFFUSEMAP>
		</MATERIAL>
	</MATERIALLIST>
	<DUMMYLIST>
		<DUMMY name="spawn_team1_101">
			<POSITION>320.00000000 64.00000000 -192.00000000</POSITION>
			<DIRECTION>0.00000000 1.00000000 0.00000000</DIRECTION>
		</DUMMY>
		<DUMMY name="spawn_team1_102">
			<POSITION>320.00000000 192.00000000 -192.00000000</POSITION>
			<DIRECTION>0.00000000 1.00000000 0.00000000</DIRECTION>
		</DUMMY>
		<DUMMY name="spawn_solo_101">
			<POSITION>320.00000000 320.00000000 -192.00000000</POSITION>
			<DIRECTION>0.00000000 1.00000000 0.00000000</DIRECTION>
		</DUMMY>
		<DUMMY name="spawn_team1_103">
			<POSITION>320.00000000 -320.00000000 -192.00000000</POSITION>
			<DIRECTION>0.00000000 1.00000000 0.00000000</DIRECTION>
		</DUMMY>
		<DUMMY name="spawn_solo_102">
			<POSITION>320.00000000 -512.00000000 -192.00000000</POSITION>
			<DIRECTION>0.00000000 1.00000000 0.00000000</DIRECTION>
		</DUMMY>
		<DUMMY name="spawn_solo_103">
			<POSITION>0.00000000 320.00000000 -192.00000000</POSITION>
			<DIRECTION>0.00000000 1.00000000 0.00000000</DIRECTION>
		</DUMMY>
		<DUMMY name="spawn_solo_104">
			<POSITION>-320.00000000 320.00000000 -192.00000000</POSITION>
			<DIRECTION>0.00000000 1.00000000 0.00000000</DIRECTION>
		</DUMMY>
		<DUMMY name="spawn_solo_105">
			<POSITION>-320.00000000 -512.00000000 -192.00000000</POSITION>
			<DIRECTION>0.00000000 1.00000000 0.00000000</DIRECTION>
		</DUMMY>
		<DUMMY name="spawn_solo_106">
			<POSITION>0.00000000 -512.00000000 -192.00000000</POSITION>
			<DIRECTION>0.00000000 1.00000000 0.00000000</DIRECTION>
		</DUMMY>
		<DUMMY name="spawn_team2_101">
			<POSITION>-320.00000000 64.00000000 -192.00000000</POSITION>
			<DIRECTION>0.00000000 1.00000000 0.00000000</DIRECTION>
		</DUMMY>
		<DUMMY name="spawn_team2_102">
			<POSITION>-320.00000000 -192.00000000 -192.00000000</POSITION>
			<DIRECTION>0.00000000 1.00000000 0.00000000</DIRECTION>
		</DUMMY>
		<DUMMY name="spawn_team2_103">
			<POSITION>-320.00000000 192.00000000 -192.00000000</POSITION>
			<DIRECTION>0.00000000 1.00000000 0.00000000</DIRECTION>
		</DUMMY>
		<DUMMY name="spawn_team1_104">
			<POSITION>320.00000000 -192.00000000 -192.00000000</POSITION>
			<DIRECTION>0.00000000 1.00000000 0.00000000</DIRECTION>
		</DUMMY>
		<DUMMY name="spawn_team2_104">
			<POSITION>-320.00000000 -64.00000000 -192.00000000</POSITION>
			<DIRECTION>0.00000000 1.00000000 0.00000000</DIRECTION>
		</DUMMY>
		<DUMMY name="spawn_team1_105">
			<POSITION>320.00000000 -64.00000000 -192.00000000</POSITION>
			<DIRECTION>0.00000000 1.00000000 0.00000000</DIRECTION>
		</DUMMY>
		<DUMMY name="spawn_team2_105">
			<POSITION>-320.00000000 -320.00000000 -192.00000000</POSITION>
			<DIRECTION>0.00000000 1.00000000 0.00000000</DIRECTION>
		</DUMMY>
<DUMMY name="ef_lighteningball">
         <POSITION>-896.2 -429.5 -252.00000000</POSITION>
         <DIRECTION>-1.00000000 0.00000000 0.00000000</DIRECTION>
      </DUMMY>
	</DUMMYLIST>
<OBJECTLIST>
         <OBJECT name="ef_lighteningball.elu">
         </OBJECT>
      </OBJECTLIST>
<FOG min="0" max="30000">
		<R>133</R>
		<G>140</G>
		<B>148</B>
	</FOG>
</XML>
