<?xml version="1.0" encoding="euc-kr"?>
<XML>
	<GAMETYPE id="solo">
		<SPAWN item="bullet02" timesec="1">
			<POSITION>-2000.0019531 -1354.8735352 701.7874756</POSITION>
		</SPAWN>
		<SPAWN item="ap03" timesec="1">
			<POSITION>423.3981934 5.4371643 800.0000000</POSITION>
		</SPAWN>
		<SPAWN item="hp03" timesec="1">
			<POSITION>-2000.0000000 -300.0000305 5.0000000</POSITION>
		</SPAWN>
		<SPAWN item="bullet02" timesec="1">
			<POSITION>-816.2229004 -299.9999695 -360.5130615</POSITION>
		</SPAWN>
		<SPAWN item="ap03" timesec="1">
			<POSITION>-2000.0000000 1141.1621094 546.9030762</POSITION>
		</SPAWN>
		<SPAWN item="hp03" timesec="1">
			<POSITION>-2650.8830566 1392.7982178 1812.7218018</POSITION>
		</SPAWN>
</GAMETYPE><GAMETYPE id="team">
		<SPAWN item="bullet02" timesec="1">
			<POSITION>-816.2229004 -300.0000000 -360.5130615</POSITION>
		</SPAWN>
		<SPAWN item="ap03" timesec="1">
			<POSITION>-2000.0000000 1141.1621094 546.9030762</POSITION>
		</SPAWN>
		<SPAWN item="hp03" timesec="1">
			<POSITION>-2000.0000000 -300.0000000 5.0000000</POSITION>
		</SPAWN>
</GAMETYPE>
</XML>
