<?xml version="1.0"?>
<XML>
	<MATERIALLIST>
		<MATERIAL name="gzd_map_Mansion_ornament01_mt_con">
			<DIFFUSE>0.5882353 0.5882353 0.5882353</DIFFUSE>
			<AMBIENT>0.5882353 0.5882353 0.5882353</AMBIENT>
			<SPECULAR>0.9000000 0.9000000 0.9000000</SPECULAR>
			<DIFFUSEMAP>../mansion/gzd_map_Mansion_ornament01.bmp</DIFFUSEMAP>
		</MATERIAL>
		<MATERIAL name="gzd_map_Mansion_post01_mt_con">
			<DIFFUSE>0.5882353 0.5882353 0.5882353</DIFFUSE>
			<AMBIENT>0.5882353 0.5882353 0.5882353</AMBIENT>
			<SPECULAR>0.9000000 0.9000000 0.9000000</SPECULAR>
			<DIFFUSEMAP>../mansion/gzd_map_Mansion_post01.bmp</DIFFUSEMAP>
		</MATERIAL>
		<MATERIAL name="gzd_map_Mansion_post02_mt_con">
			<DIFFUSE>0.5880000 0.5880000 0.5880000</DIFFUSE>
			<AMBIENT>0.5880000 0.5880000 0.5880000</AMBIENT>
			<SPECULAR>0.9000000 0.9000000 0.9000000</SPECULAR>
			<DIFFUSEMAP>../mansion/gzd_map_Mansion_post02.bmp</DIFFUSEMAP>
		</MATERIAL>
		<MATERIAL name="gzd_map_Mansion_wall08_mt_con">
			<DIFFUSE>0.5882353 0.5882353 0.5882353</DIFFUSE>
			<AMBIENT>0.5882353 0.5882353 0.5882353</AMBIENT>
			<SPECULAR>0.9000000 0.9000000 0.9000000</SPECULAR>
			<DIFFUSEMAP>../mansion/gzd_map_Mansion_wall08.bmp</DIFFUSEMAP>
		</MATERIAL>
		<MATERIAL name="gzd_map_Mansion_door02_mt_con">
			<DIFFUSE>0.5882353 0.5882353 0.5882353</DIFFUSE>
			<AMBIENT>0.5882353 0.5882353 0.5882353</AMBIENT>
			<SPECULAR>0.9000000 0.9000000 0.9000000</SPECULAR>
			<DIFFUSEMAP>../mansion/gzd_map_Mansion_door02.bmp</DIFFUSEMAP>
		</MATERIAL>
		<MATERIAL name="gzd_map_Mansion_wall02_mt_con">
			<DIFFUSE>0.5882353 0.5882353 0.5882353</DIFFUSE>
			<AMBIENT>0.5882353 0.5882353 0.5882353</AMBIENT>
			<SPECULAR>0.9000000 0.9000000 0.9000000</SPECULAR>
			<DIFFUSEMAP>../mansion/gzd_map_Mansion_wall02.bmp</DIFFUSEMAP>
		</MATERIAL>
		<MATERIAL name="gzd_map_Mansion_floor01_mt_con">
			<DIFFUSE>0.5882353 0.5882353 0.5882353</DIFFUSE>
			<AMBIENT>0.5882353 0.5882353 0.5882353</AMBIENT>
			<SPECULAR>0.9000000 0.9000000 0.9000000</SPECULAR>
			<DIFFUSEMAP>../mansion/gzd_map_Mansion_floor01.bmp</DIFFUSEMAP>
		</MATERIAL>
		<MATERIAL name="gzd_map_Mansion_floor05_mt_con">
			<DIFFUSE>0.5882353 0.5882353 0.5882353</DIFFUSE>
			<AMBIENT>0.5882353 0.5882353 0.5882353</AMBIENT>
			<SPECULAR>0.9000000 0.9000000 0.9000000</SPECULAR>
			<DIFFUSEMAP>../mansion/gzd_map_Mansion_floor05.bmp</DIFFUSEMAP>
		</MATERIAL>
		<MATERIAL name="gzd_map_Mansion_light01_2s_mt_met">
			<DIFFUSE>0.5882353 0.5882353 0.5882353</DIFFUSE>
			<AMBIENT>0.5882353 0.5882353 0.5882353</AMBIENT>
			<SPECULAR>0.9000000 0.9000000 0.9000000</SPECULAR>
			<DIFFUSEMAP>../mansion/gzd_map_Mansion_light01.bmp</DIFFUSEMAP>
			<TWOSIDED/>
		</MATERIAL>
		<MATERIAL name="at_gzd_map_Mansion_chain01_2s_mt_met">
			<DIFFUSE>0.5880000 0.5880000 0.5880000</DIFFUSE>
			<AMBIENT>0.5880000 0.5880000 0.5880000</AMBIENT>
			<SPECULAR>0.9000000 0.9000000 0.9000000</SPECULAR>
			<DIFFUSEMAP>../mansion/gzd_map_Mansion_chain01.tga</DIFFUSEMAP>
			<TWOSIDED/>
			<USEOPACITY/>
			<USEALPHATEST/>
		</MATERIAL>
		<MATERIAL name="txa 30 2000 fire_a00_2s">
			<DIFFUSE>0.5880000 0.5880000 0.5880000</DIFFUSE>
			<AMBIENT>0.5880000 0.5880000 0.5880000</AMBIENT>
			<SPECULAR>0.9000000 0.9000000 0.9000000</SPECULAR>
			<DIFFUSEMAP>../mansion/txa 30 2000 fire_a00.bmp</DIFFUSEMAP>
			<ADDITIVE/>
			<TWOSIDED/>
		</MATERIAL>
		<MATERIAL name="gzd_map_Mansion_floor03_mt_con">
			<DIFFUSE>0.5882353 0.5882353 0.5882353</DIFFUSE>
			<AMBIENT>0.5882353 0.5882353 0.5882353</AMBIENT>
			<SPECULAR>0.9000000 0.9000000 0.9000000</SPECULAR>
			<DIFFUSEMAP>../mansion/gzd_map_Mansion_floor03.bmp</DIFFUSEMAP>
		</MATERIAL>
		<MATERIAL name="gzd_map_Mansion_carpet00_mt_drt">
			<DIFFUSE>1.0000000 0.9137256 0.9137256</DIFFUSE>
			<AMBIENT>1.0000000 0.9137256 0.9137256</AMBIENT>
			<SPECULAR>0.9000000 0.9000000 0.9000000</SPECULAR>
			<DIFFUSEMAP>../mansion/gzd_map_Mansion_carpet00.bmp</DIFFUSEMAP>
		</MATERIAL>
	</MATERIALLIST>
	<LIGHTLIST>
		<LIGHT name="Omni_light_a 01">
			<POSITION>1000.0000000 -1600.0000000 552.9307251</POSITION>
			<COLOR>1.0000000 0.5098040 0.3568628</COLOR>
			<INTENSITY>1.2000000</INTENSITY>
			<ATTENUATIONSTART>380.0000000</ATTENUATIONSTART>
			<ATTENUATIONEND>750.0000000</ATTENUATIONEND>
			<CASTSHADOW/>
		</LIGHT>
		<LIGHT name="Omni_main_b 01">
			<POSITION>-2500.0000000 2500.0000000 3000.0000000</POSITION>
			<COLOR>1.0000000 1.0000000 1.0000000</COLOR>
			<INTENSITY>0.1000000</INTENSITY>
			<ATTENUATIONSTART>6500.0000000</ATTENUATIONSTART>
			<ATTENUATIONEND>6500.0000000</ATTENUATIONEND>
		</LIGHT>
		<LIGHT name="Omni_main_b 02">
			<POSITION>-2500.0000000 -2500.0000000 3000.0000000</POSITION>
			<COLOR>1.0000000 1.0000000 1.0000000</COLOR>
			<INTENSITY>0.1000000</INTENSITY>
			<ATTENUATIONSTART>6500.0000000</ATTENUATIONSTART>
			<ATTENUATIONEND>6500.0000000</ATTENUATIONEND>
		</LIGHT>
		<LIGHT name="Omni_main_b 03">
			<POSITION>2500.0000000 -2500.0000000 3000.0000000</POSITION>
			<COLOR>1.0000000 1.0000000 1.0000000</COLOR>
			<INTENSITY>0.1000000</INTENSITY>
			<ATTENUATIONSTART>6500.0000000</ATTENUATIONSTART>
			<ATTENUATIONEND>6500.0000000</ATTENUATIONEND>
		</LIGHT>
		<LIGHT name="Omni_main_b 04">
			<POSITION>2500.0000000 2500.0000000 3000.0000000</POSITION>
			<COLOR>1.0000000 1.0000000 1.0000000</COLOR>
			<INTENSITY>0.1000000</INTENSITY>
			<ATTENUATIONSTART>6500.0000000</ATTENUATIONSTART>
			<ATTENUATIONEND>6500.0000000</ATTENUATIONEND>
		</LIGHT>
		<LIGHT name="Omni_main_c 01">
			<POSITION>-2500.0000000 2500.0000000 -2000.0000000</POSITION>
			<COLOR>1.0000000 1.0000000 1.0000000</COLOR>
			<INTENSITY>0.0700000</INTENSITY>
			<ATTENUATIONSTART>6500.0000000</ATTENUATIONSTART>
			<ATTENUATIONEND>6500.0000000</ATTENUATIONEND>
		</LIGHT>
		<LIGHT name="Omni_main_c 02">
			<POSITION>-2500.0000000 -2500.0000000 -2000.0000000</POSITION>
			<COLOR>1.0000000 1.0000000 1.0000000</COLOR>
			<INTENSITY>0.0700000</INTENSITY>
			<ATTENUATIONSTART>6500.0000000</ATTENUATIONSTART>
			<ATTENUATIONEND>6500.0000000</ATTENUATIONEND>
		</LIGHT>
		<LIGHT name="Omni_main_c 03">
			<POSITION>2500.0000000 -2500.0000000 -2000.0000000</POSITION>
			<COLOR>1.0000000 1.0000000 1.0000000</COLOR>
			<INTENSITY>0.0700000</INTENSITY>
			<ATTENUATIONSTART>6500.0000000</ATTENUATIONSTART>
			<ATTENUATIONEND>6500.0000000</ATTENUATIONEND>
		</LIGHT>
		<LIGHT name="Omni_main_c 04">
			<POSITION>2500.0000000 2500.0000000 -2000.0000000</POSITION>
			<COLOR>1.0000000 1.0000000 1.0000000</COLOR>
			<INTENSITY>0.0700000</INTENSITY>
			<ATTENUATIONSTART>6500.0000000</ATTENUATIONSTART>
			<ATTENUATIONEND>6500.0000000</ATTENUATIONEND>
		</LIGHT>
		<LIGHT name="Omni_light_a 02">
			<POSITION>1000.0000000 -800.0000000 552.9307251</POSITION>
			<COLOR>1.0000000 0.5098040 0.3568628</COLOR>
			<INTENSITY>1.2000000</INTENSITY>
			<ATTENUATIONSTART>380.0000000</ATTENUATIONSTART>
			<ATTENUATIONEND>750.0000000</ATTENUATIONEND>
			<CASTSHADOW/>
		</LIGHT>
		<LIGHT name="Omni_light_a 03">
			<POSITION>1000.0000000 0.0000161 552.9307251</POSITION>
			<COLOR>1.0000000 0.5098040 0.3568628</COLOR>
			<INTENSITY>1.2000000</INTENSITY>
			<ATTENUATIONSTART>380.0000000</ATTENUATIONSTART>
			<ATTENUATIONEND>750.0000000</ATTENUATIONEND>
			<CASTSHADOW/>
		</LIGHT>
		<LIGHT name="Omni_light_a 04">
			<POSITION>1000.0000000 800.0000000 552.9307251</POSITION>
			<COLOR>1.0000000 0.5098040 0.3568628</COLOR>
			<INTENSITY>1.2000000</INTENSITY>
			<ATTENUATIONSTART>380.0000000</ATTENUATIONSTART>
			<ATTENUATIONEND>750.0000000</ATTENUATIONEND>
			<CASTSHADOW/>
		</LIGHT>
		<LIGHT name="Omni_light_a 05">
			<POSITION>1000.0000000 1600.0000000 552.9307251</POSITION>
			<COLOR>1.0000000 0.5098040 0.3568628</COLOR>
			<INTENSITY>1.2000000</INTENSITY>
			<ATTENUATIONSTART>380.0000000</ATTENUATIONSTART>
			<ATTENUATIONEND>750.0000000</ATTENUATIONEND>
			<CASTSHADOW/>
		</LIGHT>
		<LIGHT name="Omni_light_a 06">
			<POSITION>0.0000000 -800.0000000 552.9307251</POSITION>
			<COLOR>1.0000000 0.5098040 0.3568628</COLOR>
			<INTENSITY>1.2000000</INTENSITY>
			<ATTENUATIONSTART>380.0000000</ATTENUATIONSTART>
			<ATTENUATIONEND>750.0000000</ATTENUATIONEND>
			<CASTSHADOW/>
		</LIGHT>
		<LIGHT name="Omni_light_a 07">
			<POSITION>0.0000000 0.0000161 552.9307251</POSITION>
			<COLOR>1.0000000 0.5098040 0.3568628</COLOR>
			<INTENSITY>1.2000000</INTENSITY>
			<ATTENUATIONSTART>380.0000000</ATTENUATIONSTART>
			<ATTENUATIONEND>750.0000000</ATTENUATIONEND>
			<CASTSHADOW/>
		</LIGHT>
		<LIGHT name="Omni_light_a 08">
			<POSITION>0.0000000 800.0000000 552.9307251</POSITION>
			<COLOR>1.0000000 0.5098040 0.3568628</COLOR>
			<INTENSITY>1.2000000</INTENSITY>
			<ATTENUATIONSTART>380.0000000</ATTENUATIONSTART>
			<ATTENUATIONEND>750.0000000</ATTENUATIONEND>
			<CASTSHADOW/>
		</LIGHT>
		<LIGHT name="Omni_light_a 09">
			<POSITION>0.0000000 1600.0000000 552.9307251</POSITION>
			<COLOR>1.0000000 0.5098040 0.3568628</COLOR>
			<INTENSITY>1.2000000</INTENSITY>
			<ATTENUATIONSTART>380.0000000</ATTENUATIONSTART>
			<ATTENUATIONEND>750.0000000</ATTENUATIONEND>
			<CASTSHADOW/>
		</LIGHT>
		<LIGHT name="Omni_light_a 10">
			<POSITION>0.0000000 -1600.0000000 552.9307251</POSITION>
			<COLOR>1.0000000 0.5098040 0.3568628</COLOR>
			<INTENSITY>1.2000000</INTENSITY>
			<ATTENUATIONSTART>380.0000000</ATTENUATIONSTART>
			<ATTENUATIONEND>750.0000000</ATTENUATIONEND>
			<CASTSHADOW/>
		</LIGHT>
		<LIGHT name="Omni_light_a 11">
			<POSITION>-1000.0000000 -800.0000000 552.9307251</POSITION>
			<COLOR>1.0000000 0.5098040 0.3568628</COLOR>
			<INTENSITY>1.2000000</INTENSITY>
			<ATTENUATIONSTART>380.0000000</ATTENUATIONSTART>
			<ATTENUATIONEND>750.0000000</ATTENUATIONEND>
			<CASTSHADOW/>
		</LIGHT>
		<LIGHT name="Omni_light_a 12">
			<POSITION>-1000.0000000 0.0000161 552.9307251</POSITION>
			<COLOR>1.0000000 0.5098040 0.3568628</COLOR>
			<INTENSITY>1.2000000</INTENSITY>
			<ATTENUATIONSTART>380.0000000</ATTENUATIONSTART>
			<ATTENUATIONEND>750.0000000</ATTENUATIONEND>
			<CASTSHADOW/>
		</LIGHT>
		<LIGHT name="Omni_light_a 13">
			<POSITION>-1000.0000000 800.0000000 552.9307251</POSITION>
			<COLOR>1.0000000 0.5098040 0.3568628</COLOR>
			<INTENSITY>1.2000000</INTENSITY>
			<ATTENUATIONSTART>380.0000000</ATTENUATIONSTART>
			<ATTENUATIONEND>750.0000000</ATTENUATIONEND>
			<CASTSHADOW/>
		</LIGHT>
		<LIGHT name="Omni_light_a 14">
			<POSITION>-1000.0000000 1600.0000000 552.9307251</POSITION>
			<COLOR>1.0000000 0.5098040 0.3568628</COLOR>
			<INTENSITY>1.2000000</INTENSITY>
			<ATTENUATIONSTART>380.0000000</ATTENUATIONSTART>
			<ATTENUATIONEND>750.0000000</ATTENUATIONEND>
			<CASTSHADOW/>
		</LIGHT>
		<LIGHT name="Omni_light_a 15">
			<POSITION>-1000.0000000 -1600.0000000 552.9307251</POSITION>
			<COLOR>1.0000000 0.5098040 0.3568628</COLOR>
			<INTENSITY>1.2000000</INTENSITY>
			<ATTENUATIONSTART>380.0000000</ATTENUATIONSTART>
			<ATTENUATIONEND>750.0000000</ATTENUATIONEND>
			<CASTSHADOW/>
		</LIGHT>
		<LIGHT name="Omni_light_b 01">
			<POSITION>1000.0000000 -1600.0000000 1313.0454102</POSITION>
			<COLOR>1.0000000 0.5098040 0.3568628</COLOR>
			<INTENSITY>0.6000000</INTENSITY>
			<ATTENUATIONSTART>200.0000000</ATTENUATIONSTART>
			<ATTENUATIONEND>474.6000061</ATTENUATIONEND>
		</LIGHT>
		<LIGHT name="Omni_light_b 02">
			<POSITION>1000.0000000 -800.0000000 1313.0454102</POSITION>
			<COLOR>1.0000000 0.5098040 0.3568628</COLOR>
			<INTENSITY>0.6000000</INTENSITY>
			<ATTENUATIONSTART>200.0000000</ATTENUATIONSTART>
			<ATTENUATIONEND>474.6000061</ATTENUATIONEND>
		</LIGHT>
		<LIGHT name="Omni_light_b 03">
			<POSITION>1000.0000000 -0.0000016 1313.0454102</POSITION>
			<COLOR>1.0000000 0.5098040 0.3568628</COLOR>
			<INTENSITY>0.6000000</INTENSITY>
			<ATTENUATIONSTART>200.0000000</ATTENUATIONSTART>
			<ATTENUATIONEND>474.6000061</ATTENUATIONEND>
		</LIGHT>
		<LIGHT name="Omni_light_b 04">
			<POSITION>1000.0000000 800.0000000 1313.0454102</POSITION>
			<COLOR>1.0000000 0.5098040 0.3568628</COLOR>
			<INTENSITY>0.6000000</INTENSITY>
			<ATTENUATIONSTART>200.0000000</ATTENUATIONSTART>
			<ATTENUATIONEND>474.6000061</ATTENUATIONEND>
		</LIGHT>
		<LIGHT name="Omni_light_b 05">
			<POSITION>1000.0000000 1600.0000000 1313.0454102</POSITION>
			<COLOR>1.0000000 0.5098040 0.3568628</COLOR>
			<INTENSITY>0.6000000</INTENSITY>
			<ATTENUATIONSTART>200.0000000</ATTENUATIONSTART>
			<ATTENUATIONEND>474.6000061</ATTENUATIONEND>
		</LIGHT>
		<LIGHT name="Omni_light_b 06">
			<POSITION>0.0000000 -800.0000000 1461.0019531</POSITION>
			<COLOR>1.0000000 0.5098040 0.3568628</COLOR>
			<INTENSITY>0.6000000</INTENSITY>
			<ATTENUATIONSTART>200.0000000</ATTENUATIONSTART>
			<ATTENUATIONEND>474.6000061</ATTENUATIONEND>
		</LIGHT>
		<LIGHT name="Omni_light_b 07">
			<POSITION>0.0000000 -0.0000081 1461.0019531</POSITION>
			<COLOR>1.0000000 0.5098040 0.3568628</COLOR>
			<INTENSITY>0.6000000</INTENSITY>
			<ATTENUATIONSTART>200.0000000</ATTENUATIONSTART>
			<ATTENUATIONEND>474.6000061</ATTENUATIONEND>
		</LIGHT>
		<LIGHT name="Omni_light_b 08">
			<POSITION>0.0000000 800.0000000 1461.0019531</POSITION>
			<COLOR>1.0000000 0.5098040 0.3568628</COLOR>
			<INTENSITY>0.6000000</INTENSITY>
			<ATTENUATIONSTART>200.0000000</ATTENUATIONSTART>
			<ATTENUATIONEND>474.6000061</ATTENUATIONEND>
		</LIGHT>
		<LIGHT name="Omni_light_b 09">
			<POSITION>0.0000000 1600.0000000 1461.0019531</POSITION>
			<COLOR>1.0000000 0.5098040 0.3568628</COLOR>
			<INTENSITY>0.6000000</INTENSITY>
			<ATTENUATIONSTART>200.0000000</ATTENUATIONSTART>
			<ATTENUATIONEND>474.6000061</ATTENUATIONEND>
		</LIGHT>
		<LIGHT name="Omni_light_b 10">
			<POSITION>0.0000000 -1600.0000000 1461.0019531</POSITION>
			<COLOR>1.0000000 0.5098040 0.3568628</COLOR>
			<INTENSITY>0.6000000</INTENSITY>
			<ATTENUATIONSTART>200.0000000</ATTENUATIONSTART>
			<ATTENUATIONEND>474.6000061</ATTENUATIONEND>
		</LIGHT>
		<LIGHT name="Omni_light_b 11">
			<POSITION>-1000.0000000 -800.0000000 1313.0454102</POSITION>
			<COLOR>1.0000000 0.5098040 0.3568628</COLOR>
			<INTENSITY>0.6000000</INTENSITY>
			<ATTENUATIONSTART>200.0000000</ATTENUATIONSTART>
			<ATTENUATIONEND>474.6000061</ATTENUATIONEND>
		</LIGHT>
		<LIGHT name="Omni_light_b 12">
			<POSITION>-1000.0000000 -0.0000016 1313.0454102</POSITION>
			<COLOR>1.0000000 0.5098040 0.3568628</COLOR>
			<INTENSITY>0.6000000</INTENSITY>
			<ATTENUATIONSTART>200.0000000</ATTENUATIONSTART>
			<ATTENUATIONEND>474.6000061</ATTENUATIONEND>
		</LIGHT>
		<LIGHT name="Omni_light_b 13">
			<POSITION>-1000.0000000 800.0000000 1313.0454102</POSITION>
			<COLOR>1.0000000 0.5098040 0.3568628</COLOR>
			<INTENSITY>0.6000000</INTENSITY>
			<ATTENUATIONSTART>200.0000000</ATTENUATIONSTART>
			<ATTENUATIONEND>474.6000061</ATTENUATIONEND>
		</LIGHT>
		<LIGHT name="Omni_light_b 14">
			<POSITION>-1000.0000000 1600.0000000 1313.0454102</POSITION>
			<COLOR>1.0000000 0.5098040 0.3568628</COLOR>
			<INTENSITY>0.6000000</INTENSITY>
			<ATTENUATIONSTART>200.0000000</ATTENUATIONSTART>
			<ATTENUATIONEND>474.6000061</ATTENUATIONEND>
		</LIGHT>
		<LIGHT name="Omni_light_b 15">
			<POSITION>-1000.0000000 -1600.0000000 1313.0454102</POSITION>
			<COLOR>1.0000000 0.5098040 0.3568628</COLOR>
			<INTENSITY>0.6000000</INTENSITY>
			<ATTENUATIONSTART>200.0000000</ATTENUATIONSTART>
			<ATTENUATIONEND>474.6000061</ATTENUATIONEND>
		</LIGHT>
		<LIGHT name="obj_Omni_light_a 01">
			<POSITION>1000.0000000 -1600.0000000 535.4033203</POSITION>
			<COLOR>1.0000000 0.5098040 0.3568628</COLOR>
			<INTENSITY>1.2000000</INTENSITY>
			<ATTENUATIONSTART>380.0000000</ATTENUATIONSTART>
			<ATTENUATIONEND>750.0000000</ATTENUATIONEND>
		</LIGHT>
		<LIGHT name="obj_Omni_light_a 02">
			<POSITION>1000.0000000 -800.0000000 535.4033203</POSITION>
			<COLOR>1.0000000 0.5098040 0.3568628</COLOR>
			<INTENSITY>1.2000000</INTENSITY>
			<ATTENUATIONSTART>380.0000000</ATTENUATIONSTART>
			<ATTENUATIONEND>750.0000000</ATTENUATIONEND>
		</LIGHT>
		<LIGHT name="obj_Omni_light_a 03">
			<POSITION>1000.0000000 0.0000000 535.4033203</POSITION>
			<COLOR>1.0000000 0.5098040 0.3568628</COLOR>
			<INTENSITY>1.2000000</INTENSITY>
			<ATTENUATIONSTART>380.0000000</ATTENUATIONSTART>
			<ATTENUATIONEND>750.0000000</ATTENUATIONEND>
		</LIGHT>
		<LIGHT name="obj_Omni_light_a 04">
			<POSITION>1000.0000000 800.0000000 535.4033203</POSITION>
			<COLOR>1.0000000 0.5098040 0.3568628</COLOR>
			<INTENSITY>1.2000000</INTENSITY>
			<ATTENUATIONSTART>380.0000000</ATTENUATIONSTART>
			<ATTENUATIONEND>750.0000000</ATTENUATIONEND>
		</LIGHT>
		<LIGHT name="obj_Omni_light_a 05">
			<POSITION>1000.0000000 1600.0000000 535.4033203</POSITION>
			<COLOR>1.0000000 0.5098040 0.3568628</COLOR>
			<INTENSITY>1.2000000</INTENSITY>
			<ATTENUATIONSTART>380.0000000</ATTENUATIONSTART>
			<ATTENUATIONEND>750.0000000</ATTENUATIONEND>
		</LIGHT>
		<LIGHT name="obj_Omni_light_a 06">
			<POSITION>0.0000000 -800.0000000 535.4033203</POSITION>
			<COLOR>1.0000000 0.5098040 0.3568628</COLOR>
			<INTENSITY>1.2000000</INTENSITY>
			<ATTENUATIONSTART>380.0000000</ATTENUATIONSTART>
			<ATTENUATIONEND>750.0000000</ATTENUATIONEND>
		</LIGHT>
		<LIGHT name="obj_Omni_light_a 07">
			<POSITION>0.0000000 0.0000000 535.4033203</POSITION>
			<COLOR>1.0000000 0.5098040 0.3568628</COLOR>
			<INTENSITY>1.2000000</INTENSITY>
			<ATTENUATIONSTART>380.0000000</ATTENUATIONSTART>
			<ATTENUATIONEND>750.0000000</ATTENUATIONEND>
		</LIGHT>
		<LIGHT name="obj_Omni_light_a 08">
			<POSITION>0.0000000 800.0000000 535.4033203</POSITION>
			<COLOR>1.0000000 0.5098040 0.3568628</COLOR>
			<INTENSITY>1.2000000</INTENSITY>
			<ATTENUATIONSTART>380.0000000</ATTENUATIONSTART>
			<ATTENUATIONEND>750.0000000</ATTENUATIONEND>
		</LIGHT>
		<LIGHT name="obj_Omni_light_a 09">
			<POSITION>0.0000000 1600.0000000 535.4033203</POSITION>
			<COLOR>1.0000000 0.5098040 0.3568628</COLOR>
			<INTENSITY>1.2000000</INTENSITY>
			<ATTENUATIONSTART>380.0000000</ATTENUATIONSTART>
			<ATTENUATIONEND>750.0000000</ATTENUATIONEND>
		</LIGHT>
		<LIGHT name="obj_Omni_light_a 10">
			<POSITION>0.0000000 -1600.0000000 535.4033203</POSITION>
			<COLOR>1.0000000 0.5098040 0.3568628</COLOR>
			<INTENSITY>1.2000000</INTENSITY>
			<ATTENUATIONSTART>380.0000000</ATTENUATIONSTART>
			<ATTENUATIONEND>750.0000000</ATTENUATIONEND>
		</LIGHT>
		<LIGHT name="obj_Omni_light_a 11">
			<POSITION>-1000.0000000 -800.0000000 535.4033203</POSITION>
			<COLOR>1.0000000 0.5098040 0.3568628</COLOR>
			<INTENSITY>1.2000000</INTENSITY>
			<ATTENUATIONSTART>380.0000000</ATTENUATIONSTART>
			<ATTENUATIONEND>750.0000000</ATTENUATIONEND>
		</LIGHT>
		<LIGHT name="obj_Omni_light_a 12">
			<POSITION>-1000.0000000 0.0000000 535.4033203</POSITION>
			<COLOR>1.0000000 0.5098040 0.3568628</COLOR>
			<INTENSITY>1.2000000</INTENSITY>
			<ATTENUATIONSTART>380.0000000</ATTENUATIONSTART>
			<ATTENUATIONEND>750.0000000</ATTENUATIONEND>
		</LIGHT>
		<LIGHT name="obj_Omni_light_a 13">
			<POSITION>-1000.0000000 800.0000000 535.4033203</POSITION>
			<COLOR>1.0000000 0.5098040 0.3568628</COLOR>
			<INTENSITY>1.2000000</INTENSITY>
			<ATTENUATIONSTART>380.0000000</ATTENUATIONSTART>
			<ATTENUATIONEND>750.0000000</ATTENUATIONEND>
		</LIGHT>
		<LIGHT name="obj_Omni_light_a 14">
			<POSITION>-1000.0000000 1600.0000000 535.4033203</POSITION>
			<COLOR>1.0000000 0.5098040 0.3568628</COLOR>
			<INTENSITY>1.2000000</INTENSITY>
			<ATTENUATIONSTART>380.0000000</ATTENUATIONSTART>
			<ATTENUATIONEND>750.0000000</ATTENUATIONEND>
		</LIGHT>
		<LIGHT name="obj_Omni_light_a 15">
			<POSITION>-1000.0000000 -1600.0000000 535.4033203</POSITION>
			<COLOR>1.0000000 0.5098040 0.3568628</COLOR>
			<INTENSITY>1.2000000</INTENSITY>
			<ATTENUATIONSTART>380.0000000</ATTENUATIONSTART>
			<ATTENUATIONEND>750.0000000</ATTENUATIONEND>
		</LIGHT>
	</LIGHTLIST>
	<OBJECTLIST>
		<OBJECT name="Hall_obj_txa_fire_a.elu">
		</OBJECT>
	</OBJECTLIST>
	<DUMMYLIST>
		<DUMMY name="spawn_solo_101">
			<POSITION>-1000.0000000 -1875.4597168 55.0000000</POSITION>
			<DIRECTION>0.0000000 0.9999999 0.0000000</DIRECTION>
		</DUMMY>
		<DUMMY name="wait_pos_01">
			<POSITION>0.0000000 -1892.1743164 199.8931274</POSITION>
			<DIRECTION>0.0000000 0.9999999 0.0000000</DIRECTION>
		</DUMMY>
		<DUMMY name="spawn_solo_102">
			<POSITION>1000.0000000 1875.4599609 55.0000000</POSITION>
			<DIRECTION>0.0000001 -0.9999999 0.0000000</DIRECTION>
		</DUMMY>
	</DUMMYLIST>
	<OCCLUSIONLIST>
	</OCCLUSIONLIST>
	<FOG min="50" max="450">
		<R>0</R>
		<G>0</G>
		<B>0</B>
	</FOG>
	<AMBIENTSOUNDLIST>
	</AMBIENTSOUNDLIST>
	<GLOBAL>
		<fog_enable>TRUE</fog_enable>
		<fog_min>100</fog_min>
		<fog_max>1500</fog_max>
		<fog_color>000,000,000</fog_color>
	        <far_z>7000</far_z>
	</GLOBAL>
</XML>
