<?xml version="1.0"?>
<XML>
	<MATERIALLIST>
		<MATERIAL name="gzd_map_garden_wall02_mt_con">
			<DIFFUSE>0.5882353 0.5882353 0.5882353</DIFFUSE>
			<AMBIENT>0.5882353 0.5882353 0.5882353</AMBIENT>
			<SPECULAR>0.9000000 0.9000000 0.9000000</SPECULAR>
			<DIFFUSEMAP>../garden/gzd_map_Garden_wall02.bmp</DIFFUSEMAP>
		</MATERIAL>
		<MATERIAL name="gzd_map_garden_wall03_mt_con">
			<DIFFUSE>0.5882353 0.5882353 0.5882353</DIFFUSE>
			<AMBIENT>0.5882353 0.5882353 0.5882353</AMBIENT>
			<SPECULAR>0.9000000 0.9000000 0.9000000</SPECULAR>
			<DIFFUSEMAP>../garden/gzd_map_Garden_wall03.bmp</DIFFUSEMAP>
		</MATERIAL>
		<MATERIAL name="gzd_map_garden_wall03_mt_wat">
			<DIFFUSE>0.5882353 0.5882353 0.5882353</DIFFUSE>
			<AMBIENT>0.5882353 0.5882353 0.5882353</AMBIENT>
			<SPECULAR>0.9000000 0.9000000 0.9000000</SPECULAR>
			<DIFFUSEMAP>../garden/gzd_map_Garden_wall03.bmp</DIFFUSEMAP>
		</MATERIAL>
		<MATERIAL name="black02">
			<DIFFUSE>0.5882353 0.5882353 0.5882353</DIFFUSE>
			<AMBIENT>0.5882353 0.5882353 0.5882353</AMBIENT>
			<SPECULAR>0.9000000 0.9000000 0.9000000</SPECULAR>
			<DIFFUSEMAP>../battle arena/black.tga</DIFFUSEMAP>
		</MATERIAL>
		<MATERIAL name="black01">
			<DIFFUSE>0.5882353 0.5882353 0.5882353</DIFFUSE>
			<AMBIENT>0.5882353 0.5882353 0.5882353</AMBIENT>
			<SPECULAR>0.9000000 0.9000000 0.9000000</SPECULAR>
			<DIFFUSEMAP>../battle arena/black.tga</DIFFUSEMAP>
			<USEOPACITY/>
		</MATERIAL>
		<MATERIAL name="gzd_map_dg_wall02_mt_drt">
			<DIFFUSE>0.5882353 0.5882353 0.5882353</DIFFUSE>
			<AMBIENT>0.5882353 0.5882353 0.5882353</AMBIENT>
			<SPECULAR>0.9000000 0.9000000 0.9000000</SPECULAR>
			<DIFFUSEMAP>../dungeon/gzd_map_DG_wall02.bmp</DIFFUSEMAP>
		</MATERIAL>
		<MATERIAL name="gzd_map_island_bluff01_mt_con">
			<DIFFUSE>0.5882353 0.5882353 0.5882353</DIFFUSE>
			<AMBIENT>0.5882353 0.5882353 0.5882353</AMBIENT>
			<SPECULAR>0.9000000 0.9000000 0.9000000</SPECULAR>
			<DIFFUSEMAP>../island/gzd_map_island_bluff01.bmp</DIFFUSEMAP>
		</MATERIAL>
		<MATERIAL name="gzd_map_island_bluff03_mt_pnt">
			<DIFFUSE>0.5882353 0.5882353 0.5882353</DIFFUSE>
			<AMBIENT>0.5882353 0.5882353 0.5882353</AMBIENT>
			<SPECULAR>0.9000000 0.9000000 0.9000000</SPECULAR>
			<DIFFUSEMAP>../island/gzd_map_island_bluff03.bmp</DIFFUSEMAP>
		</MATERIAL>
		<MATERIAL name="gzd_map_island_temple_floor01_mt_drt">
			<DIFFUSE>0.5880000 0.5880000 0.5880000</DIFFUSE>
			<AMBIENT>0.5880000 0.5880000 0.5880000</AMBIENT>
			<SPECULAR>0.9000000 0.9000000 0.9000000</SPECULAR>
			<DIFFUSEMAP>../island/gzd_map_island_sand02.bmp</DIFFUSEMAP>
		</MATERIAL>
		<MATERIAL name="gzd_map_it_floor02_mt_drt">
			<DIFFUSE>0.5882353 0.5882353 0.5882353</DIFFUSE>
			<AMBIENT>0.5882353 0.5882353 0.5882353</AMBIENT>
			<SPECULAR>0.9000000 0.9000000 0.9000000</SPECULAR>
			<DIFFUSEMAP>gzd_map_it_floor02.dds</DIFFUSEMAP>
		</MATERIAL>
		<MATERIAL name="gzd_map_it_floor03_mt_drt">
			<DIFFUSE>0.5882353 0.5882353 0.5882353</DIFFUSE>
			<AMBIENT>0.5882353 0.5882353 0.5882353</AMBIENT>
			<SPECULAR>0.9000000 0.9000000 0.9000000</SPECULAR>
			<DIFFUSEMAP>gzd_map_it_floor03.dds</DIFFUSEMAP>
		</MATERIAL>
		<MATERIAL name="gzd_map_it_floor04_mt_drt">
			<DIFFUSE>0.5882353 0.5882353 0.5882353</DIFFUSE>
			<AMBIENT>0.5882353 0.5882353 0.5882353</AMBIENT>
			<SPECULAR>0.9000000 0.9000000 0.9000000</SPECULAR>
			<DIFFUSEMAP>gzd_map_it_floor04.dds</DIFFUSEMAP>
		</MATERIAL>
		<MATERIAL name="gzd_map_island_sand_mt_snd">
			<DIFFUSE>0.5882353 0.5882353 0.5882353</DIFFUSE>
			<AMBIENT>0.5882353 0.5882353 0.5882353</AMBIENT>
			<SPECULAR>0.9000000 0.9000000 0.9000000</SPECULAR>
			<DIFFUSEMAP>../island/gzd_map_island_sand01.bmp</DIFFUSEMAP>
		</MATERIAL>
		<MATERIAL name="gzd_map_island_sand_mt_wat">
			<DIFFUSE>0.5882353 0.5882353 0.5882353</DIFFUSE>
			<AMBIENT>0.5882353 0.5882353 0.5882353</AMBIENT>
			<SPECULAR>0.9000000 0.9000000 0.9000000</SPECULAR>
			<DIFFUSEMAP>../island/gzd_map_island_sand01.bmp</DIFFUSEMAP>
		</MATERIAL>
		<MATERIAL name="gzd_map_island_boat02_mt_wod">
			<DIFFUSE>0.5880000 0.5880000 0.5880000</DIFFUSE>
			<AMBIENT>0.5880000 0.5880000 0.5880000</AMBIENT>
			<SPECULAR>0.9000000 0.9000000 0.9000000</SPECULAR>
			<DIFFUSEMAP>../island/gzd_map_island_boat02.bmp</DIFFUSEMAP>
		</MATERIAL>
		<MATERIAL name="gzd_map_island_boat03_mt_wod">
			<DIFFUSE>0.5880000 0.5880000 0.5880000</DIFFUSE>
			<AMBIENT>0.5880000 0.5880000 0.5880000</AMBIENT>
			<SPECULAR>0.9000000 0.9000000 0.9000000</SPECULAR>
			<DIFFUSEMAP>../island/gzd_map_island_boat03.bmp</DIFFUSEMAP>
		</MATERIAL>
		<MATERIAL name="gzd_map_island_boat04_mt_wod">
			<DIFFUSE>0.5880000 0.5880000 0.5880000</DIFFUSE>
			<AMBIENT>0.5880000 0.5880000 0.5880000</AMBIENT>
			<SPECULAR>0.9000000 0.9000000 0.9000000</SPECULAR>
			<DIFFUSEMAP>../island/gzd_map_island_boat04.bmp</DIFFUSEMAP>
		</MATERIAL>
		<MATERIAL name="gzd_map_island_boat05_mt_wod">
			<DIFFUSE>0.5880000 0.5880000 0.5880000</DIFFUSE>
			<AMBIENT>0.5880000 0.5880000 0.5880000</AMBIENT>
			<SPECULAR>0.9000000 0.9000000 0.9000000</SPECULAR>
			<DIFFUSEMAP>../island/gzd_map_island_boat05.bmp</DIFFUSEMAP>
		</MATERIAL>
		<MATERIAL name="gzd_map_BA_door_b01_mt_wod">
			<DIFFUSE>0.5880000 0.5880000 0.5880000</DIFFUSE>
			<AMBIENT>0.5880000 0.5880000 0.5880000</AMBIENT>
			<SPECULAR>0.9000000 0.9000000 0.9000000</SPECULAR>
			<DIFFUSEMAP>../battle arena/gzd_map_BA_door_b01.bmp</DIFFUSEMAP>
		</MATERIAL>
		<MATERIAL name="gzd_map_town_mask01_mt_clo">
			<DIFFUSE>0.5880000 0.5880000 0.5880000</DIFFUSE>
			<AMBIENT>0.5880000 0.5880000 0.5880000</AMBIENT>
			<SPECULAR>0.9000000 0.9000000 0.9000000</SPECULAR>
			<DIFFUSEMAP>../town/gzd_map_town_mask01.tga</DIFFUSEMAP>
			<TWOSIDED/>
		</MATERIAL>
		<MATERIAL name="gzd_map_island_mask01">
			<DIFFUSE>0.5882353 0.5882353 0.5882353</DIFFUSE>
			<AMBIENT>0.5882353 0.5882353 0.5882353</AMBIENT>
			<SPECULAR>0.9000000 0.9000000 0.9000000</SPECULAR>
			<DIFFUSEMAP>../island/gzd_map_island_mask01.tga</DIFFUSEMAP>
			<TWOSIDED/>
			<USEOPACITY/>
		</MATERIAL>
		<MATERIAL name="14 - Default">
			<DIFFUSE>0.5882353 0.5882353 0.5882353</DIFFUSE>
			<AMBIENT>0.5882353 0.5882353 0.5882353</AMBIENT>
			<SPECULAR>0.9000000 0.9000000 0.9000000</SPECULAR>
			<DIFFUSEMAP>../prison/gzd_map_Prison_water001.bmp</DIFFUSEMAP>
			<ADDITIVE/>
			<TWOSIDED/>
		</MATERIAL>
		<MATERIAL name="gzd_map_it_wall02_mt_con">
			<DIFFUSE>0.5882353 0.5882353 0.5882353</DIFFUSE>
			<AMBIENT>0.5882353 0.5882353 0.5882353</AMBIENT>
			<SPECULAR>0.9000000 0.9000000 0.9000000</SPECULAR>
			<DIFFUSEMAP>gzd_map_it_wall02.dds</DIFFUSEMAP>
		</MATERIAL>
		<MATERIAL name="gzd_map_it_floor05_mt_con">
			<DIFFUSE>0.5882353 0.5882353 0.5882353</DIFFUSE>
			<AMBIENT>0.5882353 0.5882353 0.5882353</AMBIENT>
			<SPECULAR>0.9000000 0.9000000 0.9000000</SPECULAR>
			<DIFFUSEMAP>gzd_map_it_floor05.dds</DIFFUSEMAP>
		</MATERIAL>
		<MATERIAL name="gzd_map_it_wall01_mt_con">
			<DIFFUSE>0.5882353 0.5882353 0.5882353</DIFFUSE>
			<AMBIENT>0.5882353 0.5882353 0.5882353</AMBIENT>
			<SPECULAR>0.9000000 0.9000000 0.9000000</SPECULAR>
			<DIFFUSEMAP>gzd_map_it_wall01.dds</DIFFUSEMAP>
		</MATERIAL>
		<MATERIAL name="gzd_map_dg_floor01_mt_drt">
			<DIFFUSE>0.5882353 0.5882353 0.5882353</DIFFUSE>
			<AMBIENT>0.5882353 0.5882353 0.5882353</AMBIENT>
			<SPECULAR>0.9000000 0.9000000 0.9000000</SPECULAR>
			<DIFFUSEMAP>../dungeon/gzd_map_DG_floor01.bmp</DIFFUSEMAP>
		</MATERIAL>
		<MATERIAL name="gzd_map_island_boat01_mt_wod">
			<DIFFUSE>0.5880000 0.5880000 0.5880000</DIFFUSE>
			<AMBIENT>0.5880000 0.5880000 0.5880000</AMBIENT>
			<SPECULAR>0.9000000 0.9000000 0.9000000</SPECULAR>
			<DIFFUSEMAP>../island/gzd_map_island_boat01.bmp</DIFFUSEMAP>
		</MATERIAL>
		<MATERIAL name="gzd_map_it_wall03_mt_con">
			<DIFFUSE>0.5882353 0.5882353 0.5882353</DIFFUSE>
			<AMBIENT>0.5882353 0.5882353 0.5882353</AMBIENT>
			<SPECULAR>0.9000000 0.9000000 0.9000000</SPECULAR>
			<DIFFUSEMAP>gzd_map_it_wall03.dds</DIFFUSEMAP>
		</MATERIAL>
		<MATERIAL name="gzd_map_it_statue_mt_con">
			<DIFFUSE>0.5882353 0.5882353 0.5882353</DIFFUSE>
			<AMBIENT>0.5882353 0.5882353 0.5882353</AMBIENT>
			<SPECULAR>0.9000000 0.9000000 0.9000000</SPECULAR>
			<DIFFUSEMAP>gzd_map_it_statue.dds</DIFFUSEMAP>
		</MATERIAL>
		<MATERIAL name="gzd_map_it_statue_sword_mt_con">
			<DIFFUSE>0.5882353 0.5882353 0.5882353</DIFFUSE>
			<AMBIENT>0.5882353 0.5882353 0.5882353</AMBIENT>
			<SPECULAR>0.9000000 0.9000000 0.9000000</SPECULAR>
			<DIFFUSEMAP>gzd_map_it_statue_sword.dds</DIFFUSEMAP>
		</MATERIAL>
		<MATERIAL name="Material #0">
			<DIFFUSE>0.5880000 0.5880000 0.5880000</DIFFUSE>
			<AMBIENT>0.5880000 0.5880000 0.5880000</AMBIENT>
			<SPECULAR>0.9000000 0.9000000 0.9000000</SPECULAR>
			<DIFFUSEMAP>../island/gzd_map_island_statue01.bmp</DIFFUSEMAP>
			<TWOSIDED/>
		</MATERIAL>
		<MATERIAL name="gzd_map_prison_grating_mt_met">
			<DIFFUSE>0.5880000 0.5880000 0.5880000</DIFFUSE>
			<AMBIENT>0.5880000 0.5880000 0.5880000</AMBIENT>
			<SPECULAR>0.9000000 0.9000000 0.9000000</SPECULAR>
			<DIFFUSEMAP>../prison/gzd_map_Prison_grating002.bmp</DIFFUSEMAP>
		</MATERIAL>
		<MATERIAL name="gzd_map_island_tree01_mt_wod">
			<DIFFUSE>0.5880000 0.5880000 0.5880000</DIFFUSE>
			<AMBIENT>0.5880000 0.5880000 0.5880000</AMBIENT>
			<SPECULAR>0.9000000 0.9000000 0.9000000</SPECULAR>
			<DIFFUSEMAP>../island/gzd_map_island_tree01.bmp</DIFFUSEMAP>
		</MATERIAL>
		<MATERIAL name="txa 30 2000 fire_a00">
			<DIFFUSE>0.5880000 0.5880000 0.5880000</DIFFUSE>
			<AMBIENT>0.5880000 0.5880000 0.5880000</AMBIENT>
			<SPECULAR>0.9000000 0.9000000 0.9000000</SPECULAR>
			<DIFFUSEMAP>../mansion/txa 30 2000 fire_a00.bmp</DIFFUSEMAP>
			<ADDITIVE/>
			<TWOSIDED/>
		</MATERIAL>
		<MATERIAL name="gzd_map_Sta_win001">
			<DIFFUSE>0.5880000 0.5880000 0.5880000</DIFFUSE>
			<AMBIENT>0.5880000 0.5880000 0.5880000</AMBIENT>
			<SPECULAR>0.9000000 0.9000000 0.9000000</SPECULAR>
			<DIFFUSEMAP>../station/gzd_map_Sta_win001.bmp</DIFFUSEMAP>
			<TWOSIDED/>
		</MATERIAL>
		<MATERIAL name="00">
			<DIFFUSE>0.5880000 0.5880000 0.5880000</DIFFUSE>
			<AMBIENT>0.5880000 0.5880000 0.5880000</AMBIENT>
			<SPECULAR>0.9000000 0.9000000 0.9000000</SPECULAR>
			<DIFFUSEMAP>../dungeon/gzd_map_DG_wood01.bmp</DIFFUSEMAP>
		</MATERIAL>
		<MATERIAL name="gzd_map_town_roof17">
			<DIFFUSE>0.5880000 0.5880000 0.5880000</DIFFUSE>
			<AMBIENT>0.5880000 0.5880000 0.5880000</AMBIENT>
			<SPECULAR>0.9000000 0.9000000 0.9000000</SPECULAR>
			<DIFFUSEMAP>../town/gzd_map_town_roof17.bmp</DIFFUSEMAP>
		</MATERIAL>
		<MATERIAL name="gzd_map_canal_town_water">
			<DIFFUSE>0.5880000 0.5880000 0.5880000</DIFFUSE>
			<AMBIENT>0.5880000 0.5880000 0.5880000</AMBIENT>
			<SPECULAR>0.9000000 0.9000000 0.9000000</SPECULAR>
			<DIFFUSEMAP>../canal_town/gzd_map_canal_town_water</DIFFUSEMAP>
			<ADDITIVE/>
		</MATERIAL>
		<MATERIAL name="01">
			<DIFFUSE>0.5880000 0.5880000 0.5880000</DIFFUSE>
			<AMBIENT>0.5880000 0.5880000 0.5880000</AMBIENT>
			<SPECULAR>0.9000000 0.9000000 0.9000000</SPECULAR>
			<DIFFUSEMAP>../high_haven/gzd_map_Haven_foliage01.tga</DIFFUSEMAP>
			<TWOSIDED/>
			<USEOPACITY/>
			<USEALPHATEST/>
		</MATERIAL>
		<MATERIAL name="Material #122">
			<DIFFUSE>0.5880000 0.5880000 0.5880000</DIFFUSE>
			<AMBIENT>0.5880000 0.5880000 0.5880000</AMBIENT>
			<SPECULAR>0.9000000 0.9000000 0.9000000</SPECULAR>
			<DIFFUSEMAP>../high_haven/gzd_map_Haven_foliage02.tga</DIFFUSEMAP>
			<TWOSIDED/>
			<USEOPACITY/>
			<USEALPHATEST/>
		</MATERIAL>
	</MATERIALLIST>
	<LIGHTLIST>
		<LIGHT name="Omni01_globalillu00">
			<POSITION>10000.0000000 10000.0000000 10000.0000000</POSITION>
			<COLOR>0.8627452 0.9098040 1.0000000</COLOR>
			<INTENSITY>0.0400000</INTENSITY>
			<ATTENUATIONSTART>30000.0000000</ATTENUATIONSTART>
			<ATTENUATIONEND>30000.0000000</ATTENUATIONEND>
		</LIGHT>
		<LIGHT name="Omni01_globalillu01">
			<POSITION>-10000.0000000 10000.0000000 10000.0000000</POSITION>
			<COLOR>0.7568628 0.8431373 1.0000000</COLOR>
			<INTENSITY>0.0400000</INTENSITY>
			<ATTENUATIONSTART>30000.0000000</ATTENUATIONSTART>
			<ATTENUATIONEND>30000.0000000</ATTENUATIONEND>
		</LIGHT>
		<LIGHT name="Omni01_globalillu02">
			<POSITION>-10000.0000000 -10000.0000000 10000.0000000</POSITION>
			<COLOR>0.8627452 0.9098040 1.0000000</COLOR>
			<INTENSITY>0.0400000</INTENSITY>
			<ATTENUATIONSTART>30000.0000000</ATTENUATIONSTART>
			<ATTENUATIONEND>30000.0000000</ATTENUATIONEND>
		</LIGHT>
		<LIGHT name="Omni01_globalillu03">
			<POSITION>10000.0000000 -10000.0000000 10000.0000000</POSITION>
			<COLOR>0.8627452 0.9098040 1.0000000</COLOR>
			<INTENSITY>0.0400000</INTENSITY>
			<ATTENUATIONSTART>30000.0000000</ATTENUATIONSTART>
			<ATTENUATIONEND>30000.0000000</ATTENUATIONEND>
		</LIGHT>
		<LIGHT name="Omni01_globalillu04">
			<POSITION>-10000.0000000 -10000.0000000 -10000.0000000</POSITION>
			<COLOR>0.8627452 0.9098040 1.0000000</COLOR>
			<INTENSITY>0.0400000</INTENSITY>
			<ATTENUATIONSTART>30000.0000000</ATTENUATIONSTART>
			<ATTENUATIONEND>30000.0000000</ATTENUATIONEND>
		</LIGHT>
		<LIGHT name="Omni01_globalillu05">
			<POSITION>10000.0000000 -10000.0000000 -10000.0000000</POSITION>
			<COLOR>0.8627452 0.9098040 1.0000000</COLOR>
			<INTENSITY>0.0400000</INTENSITY>
			<ATTENUATIONSTART>30000.0000000</ATTENUATIONSTART>
			<ATTENUATIONEND>30000.0000000</ATTENUATIONEND>
		</LIGHT>
		<LIGHT name="Omni01_globalillu06">
			<POSITION>-10000.0000000 10000.0000000 -10000.0000000</POSITION>
			<COLOR>0.8627452 0.9098040 1.0000000</COLOR>
			<INTENSITY>0.0400000</INTENSITY>
			<ATTENUATIONSTART>30000.0000000</ATTENUATIONSTART>
			<ATTENUATIONEND>30000.0000000</ATTENUATIONEND>
		</LIGHT>
		<LIGHT name="Omni01_globalillu07">
			<POSITION>10000.0000000 10000.0000000 -10000.0000000</POSITION>
			<COLOR>0.8627452 0.9098040 1.0000000</COLOR>
			<INTENSITY>0.0400000</INTENSITY>
			<ATTENUATIONSTART>30000.0000000</ATTENUATIONSTART>
			<ATTENUATIONEND>30000.0000000</ATTENUATIONEND>
		</LIGHT>
		<LIGHT name="Omni_Sun01">
			<POSITION>7500.0000000 1500.0000000 15000.0000000</POSITION>
			<COLOR>1.0000000 1.0000000 0.8784314</COLOR>
			<INTENSITY>1.0000000</INTENSITY>
			<ATTENUATIONSTART>40000.0000000</ATTENUATIONSTART>
			<ATTENUATIONEND>50000.0000000</ATTENUATIONEND>
			<CASTSHADOW/>
		</LIGHT>
		<LIGHT name="Omni_Fire00">
			<POSITION>400.0000000 1200.0000000 640.0000000</POSITION>
			<COLOR>1.0000000 0.4705883 0.1960784</COLOR>
			<INTENSITY>1.0000000</INTENSITY>
			<ATTENUATIONSTART>350.0000000</ATTENUATIONSTART>
			<ATTENUATIONEND>450.0000000</ATTENUATIONEND>
		</LIGHT>
		<LIGHT name="Omni_Fire01">
			<POSITION>400.0000000 2000.0000000 640.0000000</POSITION>
			<COLOR>1.0000000 0.4705883 0.1960784</COLOR>
			<INTENSITY>1.0000000</INTENSITY>
			<ATTENUATIONSTART>350.0000000</ATTENUATIONSTART>
			<ATTENUATIONEND>450.0000000</ATTENUATIONEND>
		</LIGHT>
		<LIGHT name="Omni_Fire02">
			<POSITION>-600.0000000 2000.0000000 640.0000000</POSITION>
			<COLOR>1.0000000 0.4705883 0.1960784</COLOR>
			<INTENSITY>1.0000000</INTENSITY>
			<ATTENUATIONSTART>350.0000000</ATTENUATIONSTART>
			<ATTENUATIONEND>450.0000000</ATTENUATIONEND>
		</LIGHT>
		<LIGHT name="Omni_Fire03">
			<POSITION>-600.0000000 1200.0000000 640.0000000</POSITION>
			<COLOR>1.0000000 0.4705883 0.1960784</COLOR>
			<INTENSITY>1.0000000</INTENSITY>
			<ATTENUATIONSTART>350.0000000</ATTENUATIONSTART>
			<ATTENUATIONEND>450.0000000</ATTENUATIONEND>
		</LIGHT>
		<LIGHT name="Omni_Fire04">
			<POSITION>-10.0000000 6450.0000000 -190.0000000</POSITION>
			<COLOR>1.0000000 0.4705883 0.1960784</COLOR>
			<INTENSITY>1.0000000</INTENSITY>
			<ATTENUATIONSTART>350.0000000</ATTENUATIONSTART>
			<ATTENUATIONEND>450.0000000</ATTENUATIONEND>
		</LIGHT>
		<LIGHT name="Omni_Fire05">
			<POSITION>-690.0000000 6450.0000000 -190.0000000</POSITION>
			<COLOR>1.0000000 0.4705883 0.1960784</COLOR>
			<INTENSITY>1.0000000</INTENSITY>
			<ATTENUATIONSTART>350.0000000</ATTENUATIONSTART>
			<ATTENUATIONEND>450.0000000</ATTENUATIONEND>
		</LIGHT>
		<LIGHT name="Omni_Torch00">
			<POSITION>-1140.0000000 1740.0000000 700.0000000</POSITION>
			<COLOR>1.0000000 0.4705883 0.1960784</COLOR>
			<INTENSITY>0.7000000</INTENSITY>
			<ATTENUATIONSTART>350.0000000</ATTENUATIONSTART>
			<ATTENUATIONEND>450.0000000</ATTENUATIONEND>
		</LIGHT>
		<LIGHT name="Omni_Torch01">
			<POSITION>-1360.0000000 2540.0000000 700.0000000</POSITION>
			<COLOR>1.0000000 0.4705883 0.1960784</COLOR>
			<INTENSITY>0.7000000</INTENSITY>
			<ATTENUATIONSTART>350.0000000</ATTENUATIONSTART>
			<ATTENUATIONEND>450.0000000</ATTENUATIONEND>
		</LIGHT>
		<LIGHT name="Omni_Torch02">
			<POSITION>-240.0000000 2750.0000000 470.0000000</POSITION>
			<COLOR>1.0000000 0.4705883 0.1960784</COLOR>
			<INTENSITY>0.7000000</INTENSITY>
			<ATTENUATIONSTART>350.0000000</ATTENUATIONSTART>
			<ATTENUATIONEND>450.0000000</ATTENUATIONEND>
		</LIGHT>
		<LIGHT name="Omni_Torch03">
			<POSITION>-220.0000000 3340.0000000 470.0000000</POSITION>
			<COLOR>1.0000000 0.4705883 0.1960784</COLOR>
			<INTENSITY>0.7000000</INTENSITY>
			<ATTENUATIONSTART>350.0000000</ATTENUATIONSTART>
			<ATTENUATIONEND>450.0000000</ATTENUATIONEND>
		</LIGHT>
		<LIGHT name="Omni_Torch04">
			<POSITION>-480.0000000 3340.0000000 470.0000000</POSITION>
			<COLOR>1.0000000 0.4705883 0.1960784</COLOR>
			<INTENSITY>0.7000000</INTENSITY>
			<ATTENUATIONSTART>350.0000000</ATTENUATIONSTART>
			<ATTENUATIONEND>450.0000000</ATTENUATIONEND>
		</LIGHT>
		<LIGHT name="Omni_Torch05">
			<POSITION>660.0000000 3575.0000000 190.0000000</POSITION>
			<COLOR>1.0000000 0.4705883 0.1960784</COLOR>
			<INTENSITY>0.7000000</INTENSITY>
			<ATTENUATIONSTART>350.0000000</ATTENUATIONSTART>
			<ATTENUATIONEND>450.0000000</ATTENUATIONEND>
		</LIGHT>
		<LIGHT name="Omni_Torch06">
			<POSITION>-1360.0000000 3575.0000000 190.0000000</POSITION>
			<COLOR>1.0000000 0.4705883 0.1960784</COLOR>
			<INTENSITY>0.7000000</INTENSITY>
			<ATTENUATIONSTART>350.0000000</ATTENUATIONSTART>
			<ATTENUATIONEND>450.0000000</ATTENUATIONEND>
		</LIGHT>
		<LIGHT name="Omni_Torch07">
			<POSITION>-360.0000000 4240.0000000 -270.0000000</POSITION>
			<COLOR>1.0000000 0.4705883 0.1960784</COLOR>
			<INTENSITY>0.7000000</INTENSITY>
			<ATTENUATIONSTART>350.0000000</ATTENUATIONSTART>
			<ATTENUATIONEND>450.0000000</ATTENUATIONEND>
		</LIGHT>
		<LIGHT name="Omni_Torch08">
			<POSITION>660.0000000 4775.0000000 -270.0000000</POSITION>
			<COLOR>1.0000000 0.4705883 0.1960784</COLOR>
			<INTENSITY>0.7000000</INTENSITY>
			<ATTENUATIONSTART>350.0000000</ATTENUATIONSTART>
			<ATTENUATIONEND>450.0000000</ATTENUATIONEND>
		</LIGHT>
		<LIGHT name="Omni_Torch09">
			<POSITION>1650.0000000 4540.0000000 -270.0000000</POSITION>
			<COLOR>1.0000000 0.4705883 0.1960784</COLOR>
			<INTENSITY>0.7000000</INTENSITY>
			<ATTENUATIONSTART>350.0000000</ATTENUATIONSTART>
			<ATTENUATIONEND>450.0000000</ATTENUATIONEND>
		</LIGHT>
		<LIGHT name="Omni_Torch10">
			<POSITION>-1360.0000000 4505.0000000 -270.0000000</POSITION>
			<COLOR>1.0000000 0.4705883 0.1960784</COLOR>
			<INTENSITY>0.7000000</INTENSITY>
			<ATTENUATIONSTART>350.0000000</ATTENUATIONSTART>
			<ATTENUATIONEND>450.0000000</ATTENUATIONEND>
		</LIGHT>
		<LIGHT name="Omni_Torch11">
			<POSITION>-2350.0000000 4760.0000000 -270.0000000</POSITION>
			<COLOR>1.0000000 0.4705883 0.1960784</COLOR>
			<INTENSITY>0.7000000</INTENSITY>
			<ATTENUATIONSTART>350.0000000</ATTENUATIONSTART>
			<ATTENUATIONEND>450.0000000</ATTENUATIONEND>
		</LIGHT>
		<LIGHT name="Omni_Torch12">
			<POSITION>-2100.0000000 3790.0000000 -270.0000000</POSITION>
			<COLOR>1.0000000 0.4705883 0.1960784</COLOR>
			<INTENSITY>0.7000000</INTENSITY>
			<ATTENUATIONSTART>350.0000000</ATTENUATIONSTART>
			<ATTENUATIONEND>450.0000000</ATTENUATIONEND>
		</LIGHT>
		<LIGHT name="Omni_Torch13">
			<POSITION>-2100.0000000 3410.0000000 -270.0000000</POSITION>
			<COLOR>1.0000000 0.4705883 0.1960784</COLOR>
			<INTENSITY>0.7000000</INTENSITY>
			<ATTENUATIONSTART>350.0000000</ATTENUATIONSTART>
			<ATTENUATIONEND>450.0000000</ATTENUATIONEND>
		</LIGHT>
		<LIGHT name="Omni_Light00">
			<POSITION>-3270.0000000 3450.0000000 0.0000000</POSITION>
			<COLOR>1.0000000 1.0000000 1.0000000</COLOR>
			<INTENSITY>0.8000000</INTENSITY>
			<ATTENUATIONSTART>250.0000000</ATTENUATIONSTART>
			<ATTENUATIONEND>350.0000000</ATTENUATIONEND>
		</LIGHT>
		<LIGHT name="Omni_Light01">
			<POSITION>-3270.0000000 3350.0000000 0.0000000</POSITION>
			<COLOR>1.0000000 1.0000000 1.0000000</COLOR>
			<INTENSITY>0.8000000</INTENSITY>
			<ATTENUATIONSTART>250.0000000</ATTENUATIONSTART>
			<ATTENUATIONEND>350.0000000</ATTENUATIONEND>
		</LIGHT>
		<LIGHT name="Omni_Light02">
			<POSITION>-3270.0000000 1450.0000000 0.0000000</POSITION>
			<COLOR>1.0000000 1.0000000 1.0000000</COLOR>
			<INTENSITY>0.9000000</INTENSITY>
			<ATTENUATIONSTART>250.0000000</ATTENUATIONSTART>
			<ATTENUATIONEND>350.0000000</ATTENUATIONEND>
		</LIGHT>
		<LIGHT name="Omni_Light03">
			<POSITION>-1830.0000000 1280.0000000 -120.0000000</POSITION>
			<COLOR>1.0000000 1.0000000 1.0000000</COLOR>
			<INTENSITY>0.9000000</INTENSITY>
			<ATTENUATIONSTART>100.0000000</ATTENUATIONSTART>
			<ATTENUATIONEND>200.0000000</ATTENUATIONEND>
		</LIGHT>
		<LIGHT name="Omni_Light04">
			<POSITION>-1780.0000000 50.0000000 40.0000000</POSITION>
			<COLOR>1.0000000 1.0000000 1.0000000</COLOR>
			<INTENSITY>0.9000000</INTENSITY>
			<ATTENUATIONSTART>100.0000000</ATTENUATIONSTART>
			<ATTENUATIONEND>200.0000000</ATTENUATIONEND>
		</LIGHT>
		<LIGHT name="Omni_Light05">
			<POSITION>50.0000000 0.0000000 440.0000000</POSITION>
			<COLOR>1.0000000 1.0000000 1.0000000</COLOR>
			<INTENSITY>0.9000000</INTENSITY>
			<ATTENUATIONSTART>100.0000000</ATTENUATIONSTART>
			<ATTENUATIONEND>200.0000000</ATTENUATIONEND>
		</LIGHT>
		<LIGHT name="Omni_Light06">
			<POSITION>350.0000000 -1700.0000000 960.0000000</POSITION>
			<COLOR>1.0000000 1.0000000 1.0000000</COLOR>
			<INTENSITY>0.8000000</INTENSITY>
			<ATTENUATIONSTART>250.0000000</ATTENUATIONSTART>
			<ATTENUATIONEND>350.0000000</ATTENUATIONEND>
		</LIGHT>
		<LIGHT name="Omni_Light07">
			<POSITION>250.0000000 -1700.0000000 960.0000000</POSITION>
			<COLOR>1.0000000 1.0000000 1.0000000</COLOR>
			<INTENSITY>0.8000000</INTENSITY>
			<ATTENUATIONSTART>250.0000000</ATTENUATIONSTART>
			<ATTENUATIONEND>350.0000000</ATTENUATIONEND>
		</LIGHT>
		<LIGHT name="Omni_Light08">
			<POSITION>-3270.0000000 3650.0000000 -450.0000000</POSITION>
			<COLOR>1.0000000 1.0000000 1.0000000</COLOR>
			<INTENSITY>0.6500000</INTENSITY>
			<ATTENUATIONSTART>300.0000000</ATTENUATIONSTART>
			<ATTENUATIONEND>500.0000000</ATTENUATIONEND>
		</LIGHT>
		<LIGHT name="Omni_Light09">
			<POSITION>-3270.0000000 3150.0000000 -450.0000000</POSITION>
			<COLOR>1.0000000 1.0000000 1.0000000</COLOR>
			<INTENSITY>0.6500000</INTENSITY>
			<ATTENUATIONSTART>300.0000000</ATTENUATIONSTART>
			<ATTENUATIONEND>500.0000000</ATTENUATIONEND>
		</LIGHT>
		<LIGHT name="Omni_Light10">
			<POSITION>-3270.0000000 1450.0000000 -450.0000000</POSITION>
			<COLOR>1.0000000 1.0000000 1.0000000</COLOR>
			<INTENSITY>0.9000000</INTENSITY>
			<ATTENUATIONSTART>300.0000000</ATTENUATIONSTART>
			<ATTENUATIONEND>500.0000000</ATTENUATIONEND>
		</LIGHT>
		<LIGHT name="Omni_Light11">
			<POSITION>-1830.0000000 1280.0000000 -500.0000000</POSITION>
			<COLOR>1.0000000 1.0000000 1.0000000</COLOR>
			<INTENSITY>1.0000000</INTENSITY>
			<ATTENUATIONSTART>250.0000000</ATTENUATIONSTART>
			<ATTENUATIONEND>350.0000000</ATTENUATIONEND>
		</LIGHT>
		<LIGHT name="Omni_Light12">
			<POSITION>-1780.0000000 50.0000000 -340.0000000</POSITION>
			<COLOR>1.0000000 1.0000000 1.0000000</COLOR>
			<INTENSITY>1.0000000</INTENSITY>
			<ATTENUATIONSTART>250.0000000</ATTENUATIONSTART>
			<ATTENUATIONEND>350.0000000</ATTENUATIONEND>
		</LIGHT>
		<LIGHT name="Omni_Light13">
			<POSITION>50.0000000 0.0000000 60.0000000</POSITION>
			<COLOR>1.0000000 1.0000000 1.0000000</COLOR>
			<INTENSITY>1.0000000</INTENSITY>
			<ATTENUATIONSTART>250.0000000</ATTENUATIONSTART>
			<ATTENUATIONEND>350.0000000</ATTENUATIONEND>
		</LIGHT>
		<LIGHT name="Omni_Light14">
			<POSITION>350.0000000 -1700.0000000 560.0000000</POSITION>
			<COLOR>1.0000000 1.0000000 1.0000000</COLOR>
			<INTENSITY>0.7500000</INTENSITY>
			<ATTENUATIONSTART>300.0000000</ATTENUATIONSTART>
			<ATTENUATIONEND>400.0000000</ATTENUATIONEND>
		</LIGHT>
		<LIGHT name="Omni_Light15">
			<POSITION>250.0000000 -1700.0000000 560.0000000</POSITION>
			<COLOR>1.0000000 1.0000000 1.0000000</COLOR>
			<INTENSITY>0.7500000</INTENSITY>
			<ATTENUATIONSTART>300.0000000</ATTENUATIONSTART>
			<ATTENUATIONEND>400.0000000</ATTENUATIONEND>
		</LIGHT>
		<LIGHT name="Obj_Omni_Fire06">
			<POSITION>400.0000000 1200.0000000 640.0000000</POSITION>
			<COLOR>1.0000000 0.5098040 0.1568628</COLOR>
			<INTENSITY>1.0000000</INTENSITY>
			<ATTENUATIONSTART>0.0000000</ATTENUATIONSTART>
			<ATTENUATIONEND>400.0000000</ATTENUATIONEND>
			<CASTSHADOW/>
		</LIGHT>
		<LIGHT name="Obj_Omni_Fire07">
			<POSITION>400.0000000 2000.0000000 640.0000000</POSITION>
			<COLOR>1.0000000 0.5098040 0.1568628</COLOR>
			<INTENSITY>1.0000000</INTENSITY>
			<ATTENUATIONSTART>0.0000000</ATTENUATIONSTART>
			<ATTENUATIONEND>400.0000000</ATTENUATIONEND>
			<CASTSHADOW/>
		</LIGHT>
		<LIGHT name="Obj_Omni_Fire08">
			<POSITION>-600.0000000 2000.0000000 640.0000000</POSITION>
			<COLOR>1.0000000 0.5098040 0.1568628</COLOR>
			<INTENSITY>1.0000000</INTENSITY>
			<ATTENUATIONSTART>0.0000000</ATTENUATIONSTART>
			<ATTENUATIONEND>400.0000000</ATTENUATIONEND>
			<CASTSHADOW/>
		</LIGHT>
		<LIGHT name="Obj_Omni_Fire09">
			<POSITION>-600.0000000 1200.0000000 640.0000000</POSITION>
			<COLOR>1.0000000 0.5098040 0.1568628</COLOR>
			<INTENSITY>1.0000000</INTENSITY>
			<ATTENUATIONSTART>0.0000000</ATTENUATIONSTART>
			<ATTENUATIONEND>400.0000000</ATTENUATIONEND>
			<CASTSHADOW/>
		</LIGHT>
		<LIGHT name="Obj_Omni_Fire10">
			<POSITION>-10.0000000 6450.0000000 -190.0000000</POSITION>
			<COLOR>1.0000000 0.5098040 0.1568628</COLOR>
			<INTENSITY>1.0000000</INTENSITY>
			<ATTENUATIONSTART>0.0000000</ATTENUATIONSTART>
			<ATTENUATIONEND>400.0000000</ATTENUATIONEND>
			<CASTSHADOW/>
		</LIGHT>
		<LIGHT name="Obj_Omni_Fire11">
			<POSITION>-690.0000000 6450.0000000 -190.0000000</POSITION>
			<COLOR>1.0000000 0.5098040 0.1568628</COLOR>
			<INTENSITY>1.0000000</INTENSITY>
			<ATTENUATIONSTART>0.0000000</ATTENUATIONSTART>
			<ATTENUATIONEND>400.0000000</ATTENUATIONEND>
			<CASTSHADOW/>
		</LIGHT>
		<LIGHT name="Obj_Omni_Torch14">
			<POSITION>-1140.0000000 1740.0000000 700.0000000</POSITION>
			<COLOR>1.0000000 0.5098040 0.1568628</COLOR>
			<INTENSITY>0.7000000</INTENSITY>
			<ATTENUATIONSTART>0.0000000</ATTENUATIONSTART>
			<ATTENUATIONEND>350.0000000</ATTENUATIONEND>
			<CASTSHADOW/>
		</LIGHT>
		<LIGHT name="Obj_Omni_Torch15">
			<POSITION>-1360.0000000 2540.0000000 700.0000000</POSITION>
			<COLOR>1.0000000 0.5098040 0.1568628</COLOR>
			<INTENSITY>0.7000000</INTENSITY>
			<ATTENUATIONSTART>0.0000000</ATTENUATIONSTART>
			<ATTENUATIONEND>350.0000000</ATTENUATIONEND>
			<CASTSHADOW/>
		</LIGHT>
		<LIGHT name="Obj_Omni_Torch16">
			<POSITION>-240.0000000 2750.0000000 470.0000000</POSITION>
			<COLOR>1.0000000 0.5098040 0.1568628</COLOR>
			<INTENSITY>0.7000000</INTENSITY>
			<ATTENUATIONSTART>0.0000000</ATTENUATIONSTART>
			<ATTENUATIONEND>350.0000000</ATTENUATIONEND>
			<CASTSHADOW/>
		</LIGHT>
		<LIGHT name="Obj_Omni_Torch17">
			<POSITION>-220.0000000 3340.0000000 470.0000000</POSITION>
			<COLOR>1.0000000 0.5098040 0.1568628</COLOR>
			<INTENSITY>0.7000000</INTENSITY>
			<ATTENUATIONSTART>0.0000000</ATTENUATIONSTART>
			<ATTENUATIONEND>350.0000000</ATTENUATIONEND>
			<CASTSHADOW/>
		</LIGHT>
		<LIGHT name="Obj_Omni_Torch18">
			<POSITION>-480.0000000 3340.0000000 470.0000000</POSITION>
			<COLOR>1.0000000 0.5098040 0.1568628</COLOR>
			<INTENSITY>0.7000000</INTENSITY>
			<ATTENUATIONSTART>0.0000000</ATTENUATIONSTART>
			<ATTENUATIONEND>350.0000000</ATTENUATIONEND>
			<CASTSHADOW/>
		</LIGHT>
		<LIGHT name="Obj_Omni_Torch19">
			<POSITION>660.0000000 3575.0000000 190.0000000</POSITION>
			<COLOR>1.0000000 0.5098040 0.1568628</COLOR>
			<INTENSITY>0.7000000</INTENSITY>
			<ATTENUATIONSTART>0.0000000</ATTENUATIONSTART>
			<ATTENUATIONEND>350.0000000</ATTENUATIONEND>
			<CASTSHADOW/>
		</LIGHT>
		<LIGHT name="Obj_Omni_Torch20">
			<POSITION>-1360.0000000 3575.0000000 190.0000000</POSITION>
			<COLOR>1.0000000 0.5098040 0.1568628</COLOR>
			<INTENSITY>0.7000000</INTENSITY>
			<ATTENUATIONSTART>0.0000000</ATTENUATIONSTART>
			<ATTENUATIONEND>350.0000000</ATTENUATIONEND>
			<CASTSHADOW/>
		</LIGHT>
		<LIGHT name="Obj_Omni_Torch21">
			<POSITION>-360.0000000 4240.0000000 -270.0000000</POSITION>
			<COLOR>1.0000000 0.5098040 0.1568628</COLOR>
			<INTENSITY>0.7000000</INTENSITY>
			<ATTENUATIONSTART>0.0000000</ATTENUATIONSTART>
			<ATTENUATIONEND>350.0000000</ATTENUATIONEND>
			<CASTSHADOW/>
		</LIGHT>
		<LIGHT name="Obj_Omni_Torch22">
			<POSITION>660.0000000 4775.0000000 -270.0000000</POSITION>
			<COLOR>1.0000000 0.5098040 0.1568628</COLOR>
			<INTENSITY>0.7000000</INTENSITY>
			<ATTENUATIONSTART>0.0000000</ATTENUATIONSTART>
			<ATTENUATIONEND>350.0000000</ATTENUATIONEND>
			<CASTSHADOW/>
		</LIGHT>
		<LIGHT name="Obj_Omni_Torch23">
			<POSITION>1650.0000000 4540.0000000 -270.0000000</POSITION>
			<COLOR>1.0000000 0.5098040 0.1568628</COLOR>
			<INTENSITY>0.7000000</INTENSITY>
			<ATTENUATIONSTART>0.0000000</ATTENUATIONSTART>
			<ATTENUATIONEND>350.0000000</ATTENUATIONEND>
			<CASTSHADOW/>
		</LIGHT>
		<LIGHT name="Obj_Omni_Torch24">
			<POSITION>-1360.0000000 4505.0000000 -270.0000000</POSITION>
			<COLOR>1.0000000 0.5098040 0.1568628</COLOR>
			<INTENSITY>0.7000000</INTENSITY>
			<ATTENUATIONSTART>0.0000000</ATTENUATIONSTART>
			<ATTENUATIONEND>350.0000000</ATTENUATIONEND>
			<CASTSHADOW/>
		</LIGHT>
		<LIGHT name="Obj_Omni_Torch25">
			<POSITION>-2350.0000000 4760.0000000 -270.0000000</POSITION>
			<COLOR>1.0000000 0.5098040 0.1568628</COLOR>
			<INTENSITY>0.7000000</INTENSITY>
			<ATTENUATIONSTART>0.0000000</ATTENUATIONSTART>
			<ATTENUATIONEND>350.0000000</ATTENUATIONEND>
			<CASTSHADOW/>
		</LIGHT>
		<LIGHT name="Obj_Omni_Torch26">
			<POSITION>-2100.0000000 3790.0000000 -270.0000000</POSITION>
			<COLOR>1.0000000 0.5098040 0.1568628</COLOR>
			<INTENSITY>0.7000000</INTENSITY>
			<ATTENUATIONSTART>0.0000000</ATTENUATIONSTART>
			<ATTENUATIONEND>350.0000000</ATTENUATIONEND>
			<CASTSHADOW/>
		</LIGHT>
		<LIGHT name="Obj_Omni_Torch27">
			<POSITION>-2100.0000000 3410.0000000 -270.0000000</POSITION>
			<COLOR>1.0000000 0.5098040 0.1568628</COLOR>
			<INTENSITY>0.7000000</INTENSITY>
			<ATTENUATIONSTART>0.0000000</ATTENUATIONSTART>
			<ATTENUATIONEND>350.0000000</ATTENUATIONEND>
			<CASTSHADOW/>
		</LIGHT>
		<LIGHT name="Obj_Omni_Light16">
			<POSITION>-3270.0000000 3450.0000000 0.0000000</POSITION>
			<COLOR>1.0000000 1.0000000 1.0000000</COLOR>
			<INTENSITY>0.8000000</INTENSITY>
			<ATTENUATIONSTART>0.0000000</ATTENUATIONSTART>
			<ATTENUATIONEND>600.0000000</ATTENUATIONEND>
			<CASTSHADOW/>
		</LIGHT>
		<LIGHT name="Obj_Omni_Light17">
			<POSITION>-3270.0000000 3350.0000000 0.0000000</POSITION>
			<COLOR>1.0000000 1.0000000 1.0000000</COLOR>
			<INTENSITY>0.8000000</INTENSITY>
			<ATTENUATIONSTART>0.0000000</ATTENUATIONSTART>
			<ATTENUATIONEND>600.0000000</ATTENUATIONEND>
			<CASTSHADOW/>
		</LIGHT>
		<LIGHT name="Obj_Omni_Light18">
			<POSITION>-3270.0000000 1450.0000000 0.0000000</POSITION>
			<COLOR>1.0000000 1.0000000 1.0000000</COLOR>
			<INTENSITY>0.8000000</INTENSITY>
			<ATTENUATIONSTART>0.0000000</ATTENUATIONSTART>
			<ATTENUATIONEND>600.0000000</ATTENUATIONEND>
			<CASTSHADOW/>
		</LIGHT>
		<LIGHT name="Obj_Omni_Light19">
			<POSITION>-1830.0000000 1280.0000000 -120.0000000</POSITION>
			<COLOR>1.0000000 1.0000000 1.0000000</COLOR>
			<INTENSITY>0.9000000</INTENSITY>
			<ATTENUATIONSTART>0.0000000</ATTENUATIONSTART>
			<ATTENUATIONEND>400.0000000</ATTENUATIONEND>
			<CASTSHADOW/>
		</LIGHT>
		<LIGHT name="Obj_Omni_Light20">
			<POSITION>-1780.0000000 50.0000000 40.0000000</POSITION>
			<COLOR>1.0000000 1.0000000 1.0000000</COLOR>
			<INTENSITY>0.9000000</INTENSITY>
			<ATTENUATIONSTART>0.0000000</ATTENUATIONSTART>
			<ATTENUATIONEND>400.0000000</ATTENUATIONEND>
			<CASTSHADOW/>
		</LIGHT>
		<LIGHT name="Obj_Omni_Light21">
			<POSITION>50.0000000 0.0000000 440.0000000</POSITION>
			<COLOR>1.0000000 1.0000000 1.0000000</COLOR>
			<INTENSITY>0.9000000</INTENSITY>
			<ATTENUATIONSTART>0.0000000</ATTENUATIONSTART>
			<ATTENUATIONEND>400.0000000</ATTENUATIONEND>
			<CASTSHADOW/>
		</LIGHT>
		<LIGHT name="Obj_Omni_Light22">
			<POSITION>250.0000000 -1700.0000000 960.0000000</POSITION>
			<COLOR>1.0000000 1.0000000 1.0000000</COLOR>
			<INTENSITY>0.8000000</INTENSITY>
			<ATTENUATIONSTART>0.0000000</ATTENUATIONSTART>
			<ATTENUATIONEND>550.0000000</ATTENUATIONEND>
			<CASTSHADOW/>
		</LIGHT>
		<LIGHT name="Obj_Omni_Light23">
			<POSITION>350.0000000 -1700.0000000 960.0000000</POSITION>
			<COLOR>1.0000000 1.0000000 1.0000000</COLOR>
			<INTENSITY>0.8000000</INTENSITY>
			<ATTENUATIONSTART>0.0000000</ATTENUATIONSTART>
			<ATTENUATIONEND>550.0000000</ATTENUATIONEND>
			<CASTSHADOW/>
		</LIGHT>
		<LIGHT name="Omni01_globalillu_sun00">
			<POSITION>12000.0000000 1600.0000000 4000.0000000</POSITION>
			<COLOR>0.8627452 0.9098040 1.0000000</COLOR>
			<INTENSITY>0.4000000</INTENSITY>
			<ATTENUATIONSTART>7500.0000000</ATTENUATIONSTART>
			<ATTENUATIONEND>10000.0000000</ATTENUATIONEND>
		</LIGHT>
		<LIGHT name="Omni01_globalillu_sun01">
			<POSITION>1000.0000000 -9400.0000000 4000.0000000</POSITION>
			<COLOR>0.8627452 0.9098040 1.0000000</COLOR>
			<INTENSITY>0.4000000</INTENSITY>
			<ATTENUATIONSTART>7500.0000000</ATTENUATIONSTART>
			<ATTENUATIONEND>10000.0000000</ATTENUATIONEND>
		</LIGHT>
		<LIGHT name="Omni01_globalillu_sun02">
			<POSITION>1000.0000000 11600.0000000 4000.0000000</POSITION>
			<COLOR>0.8627452 0.9098040 1.0000000</COLOR>
			<INTENSITY>0.4000000</INTENSITY>
			<ATTENUATIONSTART>7500.0000000</ATTENUATIONSTART>
			<ATTENUATIONEND>10000.0000000</ATTENUATIONEND>
		</LIGHT>
		<LIGHT name="Obj_Omni_torchic">
			<POSITION>7600.0000000 1540.0000000 13700.0000000</POSITION>
			<COLOR>1.0000000 1.0000000 1.0000000</COLOR>
			<INTENSITY>2.4000001</INTENSITY>
			<ATTENUATIONSTART>20000.0000000</ATTENUATIONSTART>
			<ATTENUATIONEND>20000.0000000</ATTENUATIONEND>
			<CASTSHADOW/>
		</LIGHT>
		<LIGHT name="Omni01_globalillu_sun11">
			<POSITION>2200.0000000 2200.0000000 800.0000000</POSITION>
			<COLOR>0.8627452 0.9098040 1.0000000</COLOR>
			<INTENSITY>0.6000000</INTENSITY>
			<ATTENUATIONSTART>0.0000000</ATTENUATIONSTART>
			<ATTENUATIONEND>450.0000000</ATTENUATIONEND>
		</LIGHT>
		<LIGHT name="Omni01_globalillu_sun12">
			<POSITION>1600.0000000 2200.0000000 800.0000000</POSITION>
			<COLOR>0.8627452 0.9098040 1.0000000</COLOR>
			<INTENSITY>0.6000000</INTENSITY>
			<ATTENUATIONSTART>0.0000000</ATTENUATIONSTART>
			<ATTENUATIONEND>450.0000000</ATTENUATIONEND>
		</LIGHT>
		<LIGHT name="Omni01_globalillu_sun13">
			<POSITION>1600.0000000 1600.0000000 800.0000000</POSITION>
			<COLOR>0.8627452 0.9098040 1.0000000</COLOR>
			<INTENSITY>0.6000000</INTENSITY>
			<ATTENUATIONSTART>0.0000000</ATTENUATIONSTART>
			<ATTENUATIONEND>500.0000000</ATTENUATIONEND>
		</LIGHT>
		<LIGHT name="Omni01_globalillu_sun14">
			<POSITION>1600.0000000 1000.0000000 800.0000000</POSITION>
			<COLOR>0.8627452 0.9098040 1.0000000</COLOR>
			<INTENSITY>0.6000000</INTENSITY>
			<ATTENUATIONSTART>0.0000000</ATTENUATIONSTART>
			<ATTENUATIONEND>450.0000000</ATTENUATIONEND>
		</LIGHT>
		<LIGHT name="Omni01_globalillu_sun15">
			<POSITION>2200.0000000 1000.0000000 800.0000000</POSITION>
			<COLOR>0.8627452 0.9098040 1.0000000</COLOR>
			<INTENSITY>0.6000000</INTENSITY>
			<ATTENUATIONSTART>0.0000000</ATTENUATIONSTART>
			<ATTENUATIONEND>450.0000000</ATTENUATIONEND>
		</LIGHT>
		<LIGHT name="Omni01_globalillu_sun16">
			<POSITION>2200.0000000 1600.0000000 800.0000000</POSITION>
			<COLOR>0.8627452 0.9098040 1.0000000</COLOR>
			<INTENSITY>0.6000000</INTENSITY>
			<ATTENUATIONSTART>0.0000000</ATTENUATIONSTART>
			<ATTENUATIONEND>500.0000000</ATTENUATIONEND>
		</LIGHT>
		<LIGHT name="Omni01_globalillu_sun17">
			<POSITION>1900.0000000 1300.0000000 800.0000000</POSITION>
			<COLOR>0.8627452 0.9098040 1.0000000</COLOR>
			<INTENSITY>0.6000000</INTENSITY>
			<ATTENUATIONSTART>0.0000000</ATTENUATIONSTART>
			<ATTENUATIONEND>500.0000000</ATTENUATIONEND>
		</LIGHT>
		<LIGHT name="Omni01_globalillu_sun18">
			<POSITION>1900.0000000 1900.0000000 800.0000000</POSITION>
			<COLOR>0.8627452 0.9098040 1.0000000</COLOR>
			<INTENSITY>0.6000000</INTENSITY>
			<ATTENUATIONSTART>0.0000000</ATTENUATIONSTART>
			<ATTENUATIONEND>500.0000000</ATTENUATIONEND>
		</LIGHT>
		<LIGHT name="Omni01_globalillu_sun19">
			<POSITION>1300.0000000 1900.0000000 800.0000000</POSITION>
			<COLOR>0.8627452 0.9098040 1.0000000</COLOR>
			<INTENSITY>0.6000000</INTENSITY>
			<ATTENUATIONSTART>0.0000000</ATTENUATIONSTART>
			<ATTENUATIONEND>350.0000000</ATTENUATIONEND>
		</LIGHT>
		<LIGHT name="Omni01_globalillu_sun20">
			<POSITION>1300.0000000 1300.0000000 800.0000000</POSITION>
			<COLOR>0.8627452 0.9098040 1.0000000</COLOR>
			<INTENSITY>0.6000000</INTENSITY>
			<ATTENUATIONSTART>0.0000000</ATTENUATIONSTART>
			<ATTENUATIONEND>350.0000000</ATTENUATIONEND>
		</LIGHT>
		<LIGHT name="Omni01_globalillu_sun21">
			<POSITION>2500.0000000 1300.0000000 800.0000000</POSITION>
			<COLOR>0.8627452 0.9098040 1.0000000</COLOR>
			<INTENSITY>0.6000000</INTENSITY>
			<ATTENUATIONSTART>0.0000000</ATTENUATIONSTART>
			<ATTENUATIONEND>450.0000000</ATTENUATIONEND>
		</LIGHT>
		<LIGHT name="Omni01_globalillu_sun22">
			<POSITION>2500.0000000 1900.0000000 800.0000000</POSITION>
			<COLOR>0.8627452 0.9098040 1.0000000</COLOR>
			<INTENSITY>0.4000000</INTENSITY>
			<ATTENUATIONSTART>0.0000000</ATTENUATIONSTART>
			<ATTENUATIONEND>450.0000000</ATTENUATIONEND>
		</LIGHT>
		<LIGHT name="Omni01_globalillu_sun23">
			<POSITION>1300.0000000 1600.0000000 670.0000000</POSITION>
			<COLOR>0.8627452 0.9098040 1.0000000</COLOR>
			<INTENSITY>0.6000000</INTENSITY>
			<ATTENUATIONSTART>0.0000000</ATTENUATIONSTART>
			<ATTENUATIONEND>500.0000000</ATTENUATIONEND>
		</LIGHT>
		<LIGHT name="Omni01_globalillu_sun24">
			<POSITION>600.0000000 1800.0000000 570.0000000</POSITION>
			<COLOR>0.8627452 0.9098040 1.0000000</COLOR>
			<INTENSITY>0.5000000</INTENSITY>
			<ATTENUATIONSTART>0.0000000</ATTENUATIONSTART>
			<ATTENUATIONEND>250.0000000</ATTENUATIONEND>
		</LIGHT>
		<LIGHT name="Omni01_globalillu_sun43">
			<POSITION>2500.0000000 1600.0000000 1600.0000000</POSITION>
			<COLOR>0.8627452 0.9098040 1.0000000</COLOR>
			<INTENSITY>0.4000000</INTENSITY>
			<ATTENUATIONSTART>0.0000000</ATTENUATIONSTART>
			<ATTENUATIONEND>2000.0000000</ATTENUATIONEND>
		</LIGHT>
		<LIGHT name="Omni01_globalillu_sun45">
			<POSITION>600.0000000 1400.0000000 570.0000000</POSITION>
			<COLOR>0.8627452 0.9098040 1.0000000</COLOR>
			<INTENSITY>0.5000000</INTENSITY>
			<ATTENUATIONSTART>0.0000000</ATTENUATIONSTART>
			<ATTENUATIONEND>250.0000000</ATTENUATIONEND>
		</LIGHT>
		<LIGHT name="Omni01_globalillu_sun46">
			<POSITION>700.0000000 1600.0000000 620.0000000</POSITION>
			<COLOR>0.8627452 0.9098040 1.0000000</COLOR>
			<INTENSITY>0.5000000</INTENSITY>
			<ATTENUATIONSTART>0.0000000</ATTENUATIONSTART>
			<ATTENUATIONEND>300.0000000</ATTENUATIONEND>
		</LIGHT>
		<LIGHT name="Omni01_globalillu_sun47">
			<POSITION>1700.0000000 1600.0000000 1600.0000000</POSITION>
			<COLOR>0.8627452 0.9098040 1.0000000</COLOR>
			<INTENSITY>0.4000000</INTENSITY>
			<ATTENUATIONSTART>0.0000000</ATTENUATIONSTART>
			<ATTENUATIONEND>1250.0000000</ATTENUATIONEND>
		</LIGHT>
		<LIGHT name="Omni01_globalillu_sun48">
			<POSITION>500.0000000 1600.0000000 570.0000000</POSITION>
			<COLOR>0.8627452 0.9098040 1.0000000</COLOR>
			<INTENSITY>0.5000000</INTENSITY>
			<ATTENUATIONSTART>0.0000000</ATTENUATIONSTART>
			<ATTENUATIONEND>250.0000000</ATTENUATIONEND>
		</LIGHT>
		<LIGHT name="Omni01_globalillu_sun49">
			<POSITION>9000.0000000 8600.0000000 4000.0000000</POSITION>
			<COLOR>0.8627452 0.9098040 1.0000000</COLOR>
			<INTENSITY>0.4000000</INTENSITY>
			<ATTENUATIONSTART>7500.0000000</ATTENUATIONSTART>
			<ATTENUATIONEND>10000.0000000</ATTENUATIONEND>
		</LIGHT>
		<LIGHT name="Omni01_globalillu_sun50">
			<POSITION>9000.0000000 -5400.0000000 4000.0000000</POSITION>
			<COLOR>0.8627452 0.9098040 1.0000000</COLOR>
			<INTENSITY>0.4000000</INTENSITY>
			<ATTENUATIONSTART>7500.0000000</ATTENUATIONSTART>
			<ATTENUATIONEND>10000.0000000</ATTENUATIONEND>
		</LIGHT>
	</LIGHTLIST>
	<OBJECTLIST>
		<OBJECT name="Island_Temple_obj_sail.elu">
		</OBJECT>
		<OBJECT name="Island_Temple_obj_color01.elu">
		</OBJECT>
		<OBJECT name="Island_Temple_obj_color02.elu">
		</OBJECT>
		<OBJECT name="Island_Temple_obj_sea_01.elu">
		</OBJECT>
		<OBJECT name="Island_Temple_obj_palm_leafs.elu">
		</OBJECT>
		<OBJECT name="Island_Temple_obj_foliage.elu">
		</OBJECT>
		<OBJECT name="Island_Temple_obj_sky.elu">
		</OBJECT>
		<OBJECT name="Island_Temple_obj_fire01.elu">
		</OBJECT>
		<OBJECT name="Island_Temple_obj_water_01.elu">
		</OBJECT>
		<OBJECT name="Island_Temple_obj_fire02.elu">
		</OBJECT>
		<OBJECT name="Island_Temple_obj_water_02.elu">
		</OBJECT>
	</OBJECTLIST>
	<DUMMYLIST>
		<DUMMY name="spawn_solo_101">
			<POSITION>2600.0000000 1600.0000000 440.0000000</POSITION>
			<DIRECTION>1.0000000 -0.0000001 0.0000000</DIRECTION>
		</DUMMY>
		<DUMMY name="spawn_solo_102">
			<POSITION>-100.0000000 2150.0000000 440.0000000</POSITION>
			<DIRECTION>0.0000002 -1.0000000 0.0000000</DIRECTION>
		</DUMMY>
		<DUMMY name="spawn_solo_103">
			<POSITION>-100.0000000 0.0000000 10.0000000</POSITION>
			<DIRECTION>-0.0000002 -1.0000000 0.0000000</DIRECTION>
		</DUMMY>
		<DUMMY name="spawn_solo_104">
			<POSITION>-1800.0000000 100.0000000 -390.0000000</POSITION>
			<DIRECTION>1.0000000 -0.0000001 0.0000000</DIRECTION>
		</DUMMY>
		<DUMMY name="spawn_solo_105">
			<POSITION>-1800.0000000 1200.0000000 -550.0000000</POSITION>
			<DIRECTION>-1.0000000 -0.0000001 0.0000000</DIRECTION>
		</DUMMY>
		<DUMMY name="spawn_solo_106">
			<POSITION>-1800.0000000 2400.0000000 440.0000000</POSITION>
			<DIRECTION>1.0000000 -0.0000001 0.0000000</DIRECTION>
		</DUMMY>
		<DUMMY name="spawn_solo_107">
			<POSITION>-3000.0000000 600.0000000 -540.0000000</POSITION>
			<DIRECTION>0.0000000 1.0000000 0.0000000</DIRECTION>
		</DUMMY>
		<DUMMY name="spawn_solo_108">
			<POSITION>-3600.0000000 3500.0000000 -540.0000000</POSITION>
			<DIRECTION>1.0000000 0.0000001 0.0000000</DIRECTION>
		</DUMMY>
		<DUMMY name="spawn_solo_109">
			<POSITION>-2300.0000000 3200.0000000 -540.0000000</POSITION>
			<DIRECTION>0.0000000 1.0000000 0.0000000</DIRECTION>
		</DUMMY>
		<DUMMY name="spawn_solo_110">
			<POSITION>-1900.0000000 4000.0000000 -540.0000000</POSITION>
			<DIRECTION>0.0000000 1.0000000 0.0000000</DIRECTION>
		</DUMMY>
		<DUMMY name="spawn_solo_111">
			<POSITION>-400.0000000 4400.0000000 -540.0000000</POSITION>
			<DIRECTION>0.0000000 1.0000000 0.0000000</DIRECTION>
		</DUMMY>
		<DUMMY name="spawn_solo_112">
			<POSITION>350.0000000 5600.0000000 -540.0000000</POSITION>
			<DIRECTION>-0.0000002 -1.0000000 0.0000000</DIRECTION>
		</DUMMY>
		<DUMMY name="spawn_solo_113">
			<POSITION>-1050.0000000 5600.0000000 -540.0000000</POSITION>
			<DIRECTION>-0.0000002 -1.0000000 0.0000000</DIRECTION>
		</DUMMY>
		<DUMMY name="spawn_solo_114">
			<POSITION>1400.0000000 4900.0000000 -540.0000000</POSITION>
			<DIRECTION>-0.0000002 -1.0000000 0.0000000</DIRECTION>
		</DUMMY>
		<DUMMY name="spawn_solo_115">
			<POSITION>5300.0000000 2700.0000000 440.0000000</POSITION>
			<DIRECTION>1.0000000 -0.0000001 0.0000000</DIRECTION>
		</DUMMY>
		<DUMMY name="spawn_solo_116">
			<POSITION>5900.0000000 -800.0000000 440.0000000</POSITION>
			<DIRECTION>-0.0000002 -1.0000000 0.0000000</DIRECTION>
		</DUMMY>
		<DUMMY name="spawn_solo_117">
			<POSITION>1900.0000000 -1700.0000000 400.0000000</POSITION>
			<DIRECTION>1.0000000 -0.0000001 0.0000000</DIRECTION>
		</DUMMY>
		<DUMMY name="spawn_solo_118">
			<POSITION>-1300.0000000 -1800.0000000 400.0000000</POSITION>
			<DIRECTION>1.0000000 -0.0000001 0.0000000</DIRECTION>
		</DUMMY>
		<DUMMY name="spawn_solo_119">
			<POSITION>5800.0000000 -2100.0000000 440.0000000</POSITION>
			<DIRECTION>0.0000000 1.0000000 0.0000000</DIRECTION>
		</DUMMY>
		<DUMMY name="spawn_solo_120">
			<POSITION>6100.0000000 1600.0000000 800.0000000</POSITION>
			<DIRECTION>-1.0000000 -0.0000001 0.0000000</DIRECTION>
		</DUMMY>
		<DUMMY name="spawn_solo_121">
			<POSITION>7700.0000000 1500.0000000 800.0000000</POSITION>
			<DIRECTION>-1.0000000 -0.0000001 0.0000000</DIRECTION>
		</DUMMY>
		<DUMMY name="spawn_solo_122">
			<POSITION>5800.0000000 4000.0000000 440.0000000</POSITION>
			<DIRECTION>1.0000000 -0.0000001 0.0000000</DIRECTION>
		</DUMMY>
		<DUMMY name="spawn_solo_123">
			<POSITION>10300.0000000 3100.0000000 440.0000000</POSITION>
			<DIRECTION>-1.0000000 -0.0000001 0.0000000</DIRECTION>
		</DUMMY>
		<DUMMY name="spawn_solo_124">
			<POSITION>-100.0000000 1000.0000000 440.0000000</POSITION>
			<DIRECTION>-0.0000000 1.0000000 0.0000000</DIRECTION>
		</DUMMY>
		<DUMMY name="spawn_team1_101">
			<POSITION>-1050.0000000 5400.0000000 -540.0000000</POSITION>
			<DIRECTION>-0.0000002 -1.0000000 0.0000000</DIRECTION>
		</DUMMY>
		<DUMMY name="spawn_team1_102">
			<POSITION>-850.0000000 5400.0000000 -540.0000000</POSITION>
			<DIRECTION>-0.0000002 -1.0000000 0.0000000</DIRECTION>
		</DUMMY>
		<DUMMY name="spawn_team1_103">
			<POSITION>-650.0000000 5400.0000000 -540.0000000</POSITION>
			<DIRECTION>-0.0000002 -1.0000000 0.0000000</DIRECTION>
		</DUMMY>
		<DUMMY name="spawn_team1_104">
			<POSITION>-450.0000000 5400.0000000 -540.0000000</POSITION>
			<DIRECTION>-0.0000002 -1.0000000 0.0000000</DIRECTION>
		</DUMMY>
		<DUMMY name="spawn_team1_105">
			<POSITION>-250.0000000 5400.0000000 -540.0000000</POSITION>
			<DIRECTION>-0.0000002 -1.0000000 0.0000000</DIRECTION>
		</DUMMY>
		<DUMMY name="spawn_team1_106">
			<POSITION>-50.0000000 5400.0000000 -540.0000000</POSITION>
			<DIRECTION>-0.0000002 -1.0000000 0.0000000</DIRECTION>
		</DUMMY>
		<DUMMY name="spawn_team1_107">
			<POSITION>150.0000000 5400.0000000 -540.0000000</POSITION>
			<DIRECTION>-0.0000002 -1.0000000 0.0000000</DIRECTION>
		</DUMMY>
		<DUMMY name="spawn_team1_108">
			<POSITION>350.0000000 5400.0000000 -540.0000000</POSITION>
			<DIRECTION>-0.0000002 -1.0000000 0.0000000</DIRECTION>
		</DUMMY>
		<DUMMY name="spawn_team1_109">
			<POSITION>-1050.0000000 5600.0000000 -540.0000000</POSITION>
			<DIRECTION>-0.0000002 -1.0000000 0.0000000</DIRECTION>
		</DUMMY>
		<DUMMY name="spawn_team1_110">
			<POSITION>-850.0000000 5600.0000000 -540.0000000</POSITION>
			<DIRECTION>-0.0000002 -1.0000000 0.0000000</DIRECTION>
		</DUMMY>
		<DUMMY name="spawn_team1_111">
			<POSITION>-650.0000000 5600.0000000 -540.0000000</POSITION>
			<DIRECTION>-0.0000002 -1.0000000 0.0000000</DIRECTION>
		</DUMMY>
		<DUMMY name="spawn_team1_112">
			<POSITION>-450.0000000 5600.0000000 -540.0000000</POSITION>
			<DIRECTION>-0.0000002 -1.0000000 0.0000000</DIRECTION>
		</DUMMY>
		<DUMMY name="spawn_team1_113">
			<POSITION>-250.0000000 5600.0000000 -540.0000000</POSITION>
			<DIRECTION>-0.0000002 -1.0000000 0.0000000</DIRECTION>
		</DUMMY>
		<DUMMY name="spawn_team1_114">
			<POSITION>-50.0000000 5600.0000000 -540.0000000</POSITION>
			<DIRECTION>-0.0000002 -1.0000000 0.0000000</DIRECTION>
		</DUMMY>
		<DUMMY name="spawn_team1_115">
			<POSITION>150.0000000 5600.0000000 -540.0000000</POSITION>
			<DIRECTION>-0.0000002 -1.0000000 0.0000000</DIRECTION>
		</DUMMY>
		<DUMMY name="spawn_team1_116">
			<POSITION>350.0000000 5600.0000000 -540.0000000</POSITION>
			<DIRECTION>-0.0000002 -1.0000000 0.0000000</DIRECTION>
		</DUMMY>
		<DUMMY name="spawn_team2_101">
			<POSITION>5800.0000000 -2400.0000000 440.0000000</POSITION>
			<DIRECTION>0.0000000 1.0000000 0.0000000</DIRECTION>
		</DUMMY>
		<DUMMY name="spawn_team2_102">
			<POSITION>5800.0000000 -2200.0000000 440.0000000</POSITION>
			<DIRECTION>0.0000000 1.0000000 0.0000000</DIRECTION>
		</DUMMY>
		<DUMMY name="spawn_team2_103">
			<POSITION>5800.0000000 -2000.0000000 440.0000000</POSITION>
			<DIRECTION>0.0000000 1.0000000 0.0000000</DIRECTION>
		</DUMMY>
		<DUMMY name="spawn_team2_104">
			<POSITION>5800.0000000 -1800.0000000 440.0000000</POSITION>
			<DIRECTION>0.0000000 1.0000000 0.0000000</DIRECTION>
		</DUMMY>
		<DUMMY name="spawn_team2_105">
			<POSITION>5800.0000000 -1600.0000000 440.0000000</POSITION>
			<DIRECTION>0.0000000 1.0000000 0.0000000</DIRECTION>
		</DUMMY>
		<DUMMY name="spawn_team2_106">
			<POSITION>5800.0000000 -1400.0000000 440.0000000</POSITION>
			<DIRECTION>0.0000000 1.0000000 0.0000000</DIRECTION>
		</DUMMY>
		<DUMMY name="spawn_team2_107">
			<POSITION>5800.0000000 -1200.0000000 440.0000000</POSITION>
			<DIRECTION>0.0000000 1.0000000 0.0000000</DIRECTION>
		</DUMMY>
		<DUMMY name="spawn_team2_108">
			<POSITION>5800.0000000 -1000.0000000 440.0000000</POSITION>
			<DIRECTION>0.0000000 1.0000000 0.0000000</DIRECTION>
		</DUMMY>
		<DUMMY name="spawn_team2_109">
			<POSITION>6000.0000000 -2200.0000000 440.0000000</POSITION>
			<DIRECTION>0.0000000 1.0000000 0.0000000</DIRECTION>
		</DUMMY>
		<DUMMY name="spawn_team2_110">
			<POSITION>6000.0000000 -2000.0000000 440.0000000</POSITION>
			<DIRECTION>0.0000000 1.0000000 0.0000000</DIRECTION>
		</DUMMY>
		<DUMMY name="spawn_team2_111">
			<POSITION>6000.0000000 -1800.0000000 440.0000000</POSITION>
			<DIRECTION>0.0000000 1.0000000 0.0000000</DIRECTION>
		</DUMMY>
		<DUMMY name="spawn_team2_112">
			<POSITION>6000.0000000 -1600.0000000 440.0000000</POSITION>
			<DIRECTION>0.0000000 1.0000000 0.0000000</DIRECTION>
		</DUMMY>
		<DUMMY name="spawn_team2_113">
			<POSITION>6000.0000000 -1400.0000000 440.0000000</POSITION>
			<DIRECTION>0.0000000 1.0000000 0.0000000</DIRECTION>
		</DUMMY>
		<DUMMY name="spawn_team2_114">
			<POSITION>6000.0000000 -1200.0000000 440.0000000</POSITION>
			<DIRECTION>0.0000000 1.0000000 0.0000000</DIRECTION>
		</DUMMY>
		<DUMMY name="spawn_team2_115">
			<POSITION>6000.0000000 -1000.0000000 440.0000000</POSITION>
			<DIRECTION>0.0000000 1.0000000 0.0000000</DIRECTION>
		</DUMMY>
		<DUMMY name="spawn_team2_116">
			<POSITION>6000.0000000 -2400.0000000 440.0000000</POSITION>
			<DIRECTION>0.0000000 1.0000000 0.0000000</DIRECTION>
		</DUMMY>
		<DUMMY name="spawn_item_solo_hp03_01">
			<POSITION>-100.0000000 1600.0000000 510.0000000</POSITION>
			<DIRECTION>1.0000000 -0.0000001 0.0000000</DIRECTION>
		</DUMMY>
		<DUMMY name="spawn_item_solo_bullet02">
			<POSITION>10600.0000000 3100.0000000 440.0000000</POSITION>
			<DIRECTION>-1.0000000 -0.0000001 0.0000000</DIRECTION>
		</DUMMY>
		<DUMMY name="spawn_item_solo_ap02_01">
			<POSITION>1400.0000000 4700.0000000 -540.0000000</POSITION>
			<DIRECTION>-0.0000002 -1.0000000 0.0000000</DIRECTION>
		</DUMMY>
		<DUMMY name="spawn_item_solo_bullet01">
			<POSITION>-3300.0000000 2000.0000000 -540.0000000</POSITION>
			<DIRECTION>0.0000000 1.0000000 0.0000000</DIRECTION>
		</DUMMY>
		<DUMMY name="spawn_item_solo_ap02_02">
			<POSITION>0.0000000 -1800.0000000 400.0000000</POSITION>
			<DIRECTION>1.0000000 -0.0000001 0.0000000</DIRECTION>
		</DUMMY>
		<DUMMY name="spawn_item_solo_hp03_02">
			<POSITION>5700.0000000 -400.0000000 510.0000000</POSITION>
			<DIRECTION>1.0000000 -0.0000001 0.0000000</DIRECTION>
		</DUMMY>
		<DUMMY name="spawn_item_team_bullet02_05">
			<POSITION>-100.0000000 1600.0000000 510.0000000</POSITION>
			<DIRECTION>1.0000000 -0.0000001 0.0000000</DIRECTION>
		</DUMMY>
		<DUMMY name="spawn_item_team_bullet02_06">
			<POSITION>-2800.0000000 3700.0000000 -540.0000000</POSITION>
			<DIRECTION>0.0000000 1.0000000 0.0000000</DIRECTION>
		</DUMMY>
		<DUMMY name="spawn_item_team_bullet02_07">
			<POSITION>1400.0000000 -1700.0000000 400.0000000</POSITION>
			<DIRECTION>1.0000000 -0.0000001 0.0000000</DIRECTION>
		</DUMMY>
		<DUMMY name="spawn_item_team_bullet01_01">
			<POSITION>6800.0000000 1600.0000000 800.0000000</POSITION>
			<DIRECTION>-1.0000000 -0.0000001 0.0000000</DIRECTION>
		</DUMMY>
		<DUMMY name="snd_amb_b1_fire 01">
			<POSITION>-1120.0000000 1740.0000000 700.0000000</POSITION>
			<DIRECTION>-0.0000002 -1.0000000 0.0000000</DIRECTION>
		</DUMMY>
		<DUMMY name="snd_amb_b1_fire 02">
			<POSITION>-1380.0000000 2540.0000000 700.0000000</POSITION>
			<DIRECTION>-0.0000002 -1.0000000 0.0000000</DIRECTION>
		</DUMMY>
		<DUMMY name="snd_amb_b1_fire 03">
			<POSITION>-1380.0000000 3575.0000000 190.0000000</POSITION>
			<DIRECTION>-0.0000002 -1.0000000 0.0000000</DIRECTION>
		</DUMMY>
		<DUMMY name="snd_amb_b1_fire 04">
			<POSITION>-220.0000000 2750.0000000 470.0000000</POSITION>
			<DIRECTION>-0.0000002 -1.0000000 0.0000000</DIRECTION>
		</DUMMY>
		<DUMMY name="snd_amb_b1_fire 05">
			<POSITION>-220.0000000 3320.0000000 470.0000000</POSITION>
			<DIRECTION>-0.0000002 -1.0000000 0.0000000</DIRECTION>
		</DUMMY>
		<DUMMY name="snd_amb_b1_fire 06">
			<POSITION>-480.0000000 3320.0000000 470.0000000</POSITION>
			<DIRECTION>-0.0000002 -1.0000000 0.0000000</DIRECTION>
		</DUMMY>
		<DUMMY name="snd_amb_b1_fire 07">
			<POSITION>680.0000000 3575.0000000 190.0000000</POSITION>
			<DIRECTION>-0.0000002 -1.0000000 0.0000000</DIRECTION>
		</DUMMY>
		<DUMMY name="snd_amb_b1_fire 08">
			<POSITION>-360.0000000 4220.0000000 -270.0000000</POSITION>
			<DIRECTION>-0.0000002 -1.0000000 0.0000000</DIRECTION>
		</DUMMY>
		<DUMMY name="snd_amb_b1_fire 09">
			<POSITION>680.0000000 4775.0000000 -270.0000000</POSITION>
			<DIRECTION>-0.0000002 -1.0000000 0.0000000</DIRECTION>
		</DUMMY>
		<DUMMY name="snd_amb_b1_fire 10">
			<POSITION>-1380.0000000 4505.0000000 -270.0000000</POSITION>
			<DIRECTION>-0.0000002 -1.0000000 0.0000000</DIRECTION>
		</DUMMY>
		<DUMMY name="snd_amb_b1_fire 11">
			<POSITION>-2350.0000000 4780.0000000 -270.0000000</POSITION>
			<DIRECTION>-0.0000002 -1.0000000 0.0000000</DIRECTION>
		</DUMMY>
		<DUMMY name="snd_amb_b1_fire 12">
			<POSITION>-2100.0000000 3770.0000000 -270.0000000</POSITION>
			<DIRECTION>-0.0000002 -1.0000000 0.0000000</DIRECTION>
		</DUMMY>
		<DUMMY name="snd_amb_b1_fire 13">
			<POSITION>-2100.0000000 3430.0000000 -270.0000000</POSITION>
			<DIRECTION>-0.0000002 -1.0000000 0.0000000</DIRECTION>
		</DUMMY>
		<DUMMY name="snd_amb_b1_fire 14">
			<POSITION>-690.0000000 6450.0000000 -160.0000000</POSITION>
			<DIRECTION>-0.0000002 -1.0000000 0.0000000</DIRECTION>
		</DUMMY>
		<DUMMY name="snd_amb_b1_fire 15">
			<POSITION>-10.0000000 6450.0000000 -160.0000000</POSITION>
			<DIRECTION>-0.0000002 -1.0000000 0.0000000</DIRECTION>
		</DUMMY>
		<DUMMY name="snd_amb_b1_fire 16">
			<POSITION>-600.0000000 2000.0000000 670.0000000</POSITION>
			<DIRECTION>-0.0000002 -1.0000000 0.0000000</DIRECTION>
		</DUMMY>
		<DUMMY name="snd_amb_b1_fire 17">
			<POSITION>-600.0000000 1200.0000000 670.0000000</POSITION>
			<DIRECTION>-0.0000002 -1.0000000 0.0000000</DIRECTION>
		</DUMMY>
		<DUMMY name="snd_amb_b1_fire 18">
			<POSITION>400.0000000 2000.0000000 670.0000000</POSITION>
			<DIRECTION>-0.0000002 -1.0000000 0.0000000</DIRECTION>
		</DUMMY>
		<DUMMY name="snd_amb_b1_fire 19">
			<POSITION>400.0000000 1200.0000000 670.0000000</POSITION>
			<DIRECTION>-0.0000002 -1.0000000 0.0000000</DIRECTION>
		</DUMMY>
		<DUMMY name="snd_amb_b1_fire 20">
			<POSITION>1650.0000000 4520.0000000 -270.0000000</POSITION>
			<DIRECTION>-0.0000002 -1.0000000 0.0000000</DIRECTION>
		</DUMMY>
		<DUMMY name="snd_amb_a1_wind 01">
			<POSITION>-350.0000000 5000.0000000 0.0000000</POSITION>
			<DIRECTION>-0.0000002 -1.0000000 0.0000000</DIRECTION>
		</DUMMY>
		<DUMMY name="obj_sail">
			<POSITION>0.0000000 0.0000000 0.0000000</POSITION>
			<DIRECTION>0.0000000 0.0000000 0.0000000</DIRECTION>
		</DUMMY>
		<DUMMY name="obj_color01">
			<POSITION>0.0000000 0.0000000 0.0000000</POSITION>
			<DIRECTION>0.0000000 0.0000000 0.0000000</DIRECTION>
		</DUMMY>
		<DUMMY name="obj_color02">
			<POSITION>0.0000000 0.0000000 0.0000000</POSITION>
			<DIRECTION>0.0000000 0.0000000 0.0000000</DIRECTION>
		</DUMMY>
		<DUMMY name="obj_sea_01">
			<POSITION>0.0000000 0.0000000 0.0000000</POSITION>
			<DIRECTION>0.0000000 0.0000000 0.0000000</DIRECTION>
		</DUMMY>
		<DUMMY name="obj_palm_leafs">
			<POSITION>0.0000000 0.0000000 0.0000000</POSITION>
			<DIRECTION>0.0000000 0.0000000 0.0000000</DIRECTION>
		</DUMMY>
		<DUMMY name="obj_foliage">
			<POSITION>0.0000000 0.0000000 0.0000000</POSITION>
			<DIRECTION>0.0000000 0.0000000 0.0000000</DIRECTION>
		</DUMMY>
		<DUMMY name="obj_sky">
			<POSITION>0.0000000 0.0000000 0.0000000</POSITION>
			<DIRECTION>0.0000000 0.0000000 0.0000000</DIRECTION>
		</DUMMY>
		<DUMMY name="obj_fire01">
			<POSITION>0.0000000 0.0000000 0.0000000</POSITION>
			<DIRECTION>0.0000000 0.0000000 0.0000000</DIRECTION>
		</DUMMY>
		<DUMMY name="obj_water_01">
			<POSITION>0.0000000 0.0000000 0.0000000</POSITION>
			<DIRECTION>0.0000000 0.0000000 0.0000000</DIRECTION>
		</DUMMY>
		<DUMMY name="obj_fire02">
			<POSITION>0.0000000 0.0000000 0.0000000</POSITION>
			<DIRECTION>0.0000000 0.0000000 0.0000000</DIRECTION>
		</DUMMY>
		<DUMMY name="obj_water_02">
			<POSITION>0.0000000 0.0000000 0.0000000</POSITION>
			<DIRECTION>0.0000000 0.0000000 0.0000000</DIRECTION>
		</DUMMY>
	</DUMMYLIST>
	<OCCLUSIONLIST>
		<OCCLUSION name="wall_00">
			<POSITION>-5100.0000000 7000.0000000 1400.0000000</POSITION>
			<POSITION>-5000.0000000 -4500.0000000 1400.0000000</POSITION>
			<POSITION>4000.0000000 -4500.0000000 1400.0000000</POSITION>
			<POSITION>4000.0000000 7000.0000000 1400.0000000</POSITION>
		</OCCLUSION>
		<OCCLUSION name="wall_02">
			<POSITION>800.0000000 2500.0000000 1500.0000000</POSITION>
			<POSITION>-1050.0000000 2500.0000000 1500.0000000</POSITION>
			<POSITION>-1050.0000000 2500.0000000 -599.9998169</POSITION>
			<POSITION>800.0000000 2500.0000000 -599.9998169</POSITION>
		</OCCLUSION>
		<OCCLUSION name="wall_03">
			<POSITION>700.0000000 600.0000000 1500.0000000</POSITION>
			<POSITION>700.0000000 -1000.0000000 1500.0000000</POSITION>
			<POSITION>700.0000000 -1000.0000000 -599.9998169</POSITION>
			<POSITION>700.0000000 600.0000000 -599.9999390</POSITION>
		</OCCLUSION>
		<OCCLUSION name="wall_04">
			<POSITION>-1050.0000000 600.0000000 1500.0000000</POSITION>
			<POSITION>700.0000000 600.0000000 1500.0000000</POSITION>
			<POSITION>700.0000000 600.0000000 -599.9998169</POSITION>
			<POSITION>-1050.0000000 600.0000000 -599.9998169</POSITION>
		</OCCLUSION>
		<OCCLUSION name="wall_06">
			<POSITION>800.0000000 4400.0000000 1500.0000000</POSITION>
			<POSITION>800.0000000 2500.0000000 1500.0000000</POSITION>
			<POSITION>800.0000000 2500.0000000 -599.9998169</POSITION>
			<POSITION>800.0000000 4400.0000000 -599.9999390</POSITION>
		</OCCLUSION>
		<OCCLUSION name="wall_07">
			<POSITION>2400.0000000 4400.0000000 1500.0000000</POSITION>
			<POSITION>800.0000000 4400.0000000 1500.0000000</POSITION>
			<POSITION>800.0000000 4400.0000000 -599.9999390</POSITION>
			<POSITION>2400.0000000 4400.0000000 -599.9998169</POSITION>
		</OCCLUSION>
		<OCCLUSION name="wall_08">
			<POSITION>2400.0000000 4400.0000000 1500.0000000</POSITION>
			<POSITION>2400.0000000 5500.0000000 1500.0000000</POSITION>
			<POSITION>2400.0000000 5500.0000000 -599.9999390</POSITION>
			<POSITION>2400.0000000 4400.0000000 -599.9998169</POSITION>
		</OCCLUSION>
		<OCCLUSION name="wall_09">
			<POSITION>2400.0000000 5500.0000000 1500.0000000</POSITION>
			<POSITION>800.0000000 5500.0000000 1500.0000000</POSITION>
			<POSITION>800.0000000 5500.0000000 -599.9998169</POSITION>
			<POSITION>2400.0000000 5500.0000000 -599.9998169</POSITION>
		</OCCLUSION>
		<OCCLUSION name="wall_10">
			<POSITION>800.0000000 5500.0000000 1500.0000000</POSITION>
			<POSITION>800.0000000 6900.0000000 1500.0000000</POSITION>
			<POSITION>800.0000000 6900.0000000 -599.9999390</POSITION>
			<POSITION>800.0000000 5500.0000000 -599.9998169</POSITION>
		</OCCLUSION>
		<OCCLUSION name="wall_11">
			<POSITION>4800.0000000 -900.0000000 1500.0000000</POSITION>
			<POSITION>700.0000000 -1000.0000000 1500.0000000</POSITION>
			<POSITION>700.0000000 -1000.0000000 -599.9998169</POSITION>
			<POSITION>4800.0000000 -900.0000000 -599.9998169</POSITION>
		</OCCLUSION>
		<OCCLUSION name="wall_12">
			<POSITION>-800.0000000 -1000.0000000 1500.0000000</POSITION>
			<POSITION>-3900.0000000 -900.0000000 1500.0000000</POSITION>
			<POSITION>-3900.0000000 -900.0000000 -599.9998169</POSITION>
			<POSITION>-800.0000000 -1000.0000000 -599.9998169</POSITION>
		</OCCLUSION>
	</OCCLUSIONLIST>
	<AMBIENTSOUNDLIST>
		<AMBIENTSOUND ObjName="snd_amb_b1_fire 01" type="b1" filename="amb_firesource">
			<CENTER>-1120.0000000 1740.0000000 700.0000000</CENTER>
			<RADIUS>850</RADIUS>
		</AMBIENTSOUND>
		<AMBIENTSOUND ObjName="snd_amb_b1_fire 02" type="b1" filename="amb_firesource">
			<CENTER>-1380.0000000 2540.0000000 700.0000000</CENTER>
			<RADIUS>850</RADIUS>
		</AMBIENTSOUND>
		<AMBIENTSOUND ObjName="snd_amb_b1_fire 03" type="b1" filename="amb_firesource">
			<CENTER>-1380.0000000 3575.0000000 190.0000000</CENTER>
			<RADIUS>850</RADIUS>
		</AMBIENTSOUND>
		<AMBIENTSOUND ObjName="snd_amb_b1_fire 04" type="b1" filename="amb_firesource">
			<CENTER>-220.0000000 2750.0000000 470.0000000</CENTER>
			<RADIUS>850</RADIUS>
		</AMBIENTSOUND>
		<AMBIENTSOUND ObjName="snd_amb_b1_fire 05" type="b1" filename="amb_firesource">
			<CENTER>-220.0000000 3320.0000000 470.0000000</CENTER>
			<RADIUS>850</RADIUS>
		</AMBIENTSOUND>
		<AMBIENTSOUND ObjName="snd_amb_b1_fire 06" type="b1" filename="amb_firesource">
			<CENTER>-480.0000000 3320.0000000 470.0000000</CENTER>
			<RADIUS>850</RADIUS>
		</AMBIENTSOUND>
		<AMBIENTSOUND ObjName="snd_amb_b1_fire 07" type="b1" filename="amb_firesource">
			<CENTER>680.0000000 3575.0000000 190.0000000</CENTER>
			<RADIUS>850</RADIUS>
		</AMBIENTSOUND>
		<AMBIENTSOUND ObjName="snd_amb_b1_fire 08" type="b1" filename="amb_firesource">
			<CENTER>-360.0000000 4220.0000000 -270.0000000</CENTER>
			<RADIUS>850</RADIUS>
		</AMBIENTSOUND>
		<AMBIENTSOUND ObjName="snd_amb_b1_fire 09" type="b1" filename="amb_firesource">
			<CENTER>680.0000000 4775.0000000 -270.0000000</CENTER>
			<RADIUS>850</RADIUS>
		</AMBIENTSOUND>
		<AMBIENTSOUND ObjName="snd_amb_b1_fire 10" type="b1" filename="amb_firesource">
			<CENTER>-1380.0000000 4505.0000000 -270.0000000</CENTER>
			<RADIUS>850</RADIUS>
		</AMBIENTSOUND>
		<AMBIENTSOUND ObjName="snd_amb_b1_fire 11" type="b1" filename="amb_firesource">
			<CENTER>-2350.0000000 4780.0000000 -270.0000000</CENTER>
			<RADIUS>850</RADIUS>
		</AMBIENTSOUND>
		<AMBIENTSOUND ObjName="snd_amb_b1_fire 12" type="b1" filename="amb_firesource">
			<CENTER>-2100.0000000 3770.0000000 -270.0000000</CENTER>
			<RADIUS>850</RADIUS>
		</AMBIENTSOUND>
		<AMBIENTSOUND ObjName="snd_amb_b1_fire 13" type="b1" filename="amb_firesource">
			<CENTER>-2100.0000000 3430.0000000 -270.0000000</CENTER>
			<RADIUS>850</RADIUS>
		</AMBIENTSOUND>
		<AMBIENTSOUND ObjName="snd_amb_b1_fire 14" type="b1" filename="amb_firesource">
			<CENTER>-690.0000000 6450.0000000 -160.0000000</CENTER>
			<RADIUS>1250</RADIUS>
		</AMBIENTSOUND>
		<AMBIENTSOUND ObjName="snd_amb_b1_fire 15" type="b1" filename="amb_firesource">
			<CENTER>-10.0000000 6450.0000000 -160.0000000</CENTER>
			<RADIUS>1250</RADIUS>
		</AMBIENTSOUND>
		<AMBIENTSOUND ObjName="snd_amb_b1_fire 16" type="b1" filename="amb_firesource">
			<CENTER>-600.0000000 2000.0000000 670.0000000</CENTER>
			<RADIUS>1250</RADIUS>
		</AMBIENTSOUND>
		<AMBIENTSOUND ObjName="snd_amb_b1_fire 17" type="b1" filename="amb_firesource">
			<CENTER>-600.0000000 1200.0000000 670.0000000</CENTER>
			<RADIUS>1250</RADIUS>
		</AMBIENTSOUND>
		<AMBIENTSOUND ObjName="snd_amb_b1_fire 18" type="b1" filename="amb_firesource">
			<CENTER>400.0000000 2000.0000000 670.0000000</CENTER>
			<RADIUS>1250</RADIUS>
		</AMBIENTSOUND>
		<AMBIENTSOUND ObjName="snd_amb_b1_fire 19" type="b1" filename="amb_firesource">
			<CENTER>400.0000000 1200.0000000 670.0000000</CENTER>
			<RADIUS>1250</RADIUS>
		</AMBIENTSOUND>
		<AMBIENTSOUND ObjName="snd_amb_b1_fire 20" type="b1" filename="amb_firesource">
			<CENTER>1650.0000000 4520.0000000 -270.0000000</CENTER>
			<RADIUS>850</RADIUS>
		</AMBIENTSOUND>
		<AMBIENTSOUND ObjName="snd_amb_b1_shore_01" type="b1" filename="amb_shore_2d">
			<CENTER>9600.0000000 1000.0000000 1000.0000000</CENTER>
			<RADIUS>6000</RADIUS>
		</AMBIENTSOUND>
		<AMBIENTSOUND ObjName="snd_amb_a1_wind 01" type="a1" filename="amb_wind_hole_2d">
			<CENTER>-350.0000000 5000.0000000 500.0000000</CENTER>
			<RADIUS>2500</RADIUS>
		</AMBIENTSOUND>
		<AMBIENTSOUND ObjName="snd_amb_a1_wind 02" type="a1" filename="amb_wind_hole_2d">
			<CENTER>-3550.0000000 2000.0000000 0.0000000</CENTER>
			<RADIUS>2500</RADIUS>
		</AMBIENTSOUND>
		<AMBIENTSOUND ObjName="snd_amb_a1_wind 05" type="a1" filename="amb_wind_hole_2d">
			<CENTER>-100.0000000 1600.0000000 300.0000000</CENTER>
			<RADIUS>1100</RADIUS>
		</AMBIENTSOUND>
		<AMBIENTSOUND ObjName="snd_amb_a1_wind 03" type="a1" filename="amb_wind_hole_2d">
			<CENTER>-650.0000000 -1700.0000000 300.0000000</CENTER>
			<RADIUS>2500</RADIUS>
		</AMBIENTSOUND>
		<AMBIENTSOUND ObjName="snd_amb_a1_wind 04" type="a1" filename="amb_wind_hole_2d">
			<CENTER>3350.0000000 -1600.0000000 300.0000000</CENTER>
			<RADIUS>1700</RADIUS>
		</AMBIENTSOUND>
	</AMBIENTSOUNDLIST>
</XML>
