<?xml version="1.0"?>
<XML>
	<GAMETYPE id="solo">
		<SPAWN item="hp03" timesec="2000">
			<POSITION>-100.0000000 1600.0000000 510.0000000</POSITION>
		</SPAWN>
		<SPAWN item="bullet02" timesec="1500">
			<POSITION>10600.0000000 3100.0000000 440.0000000</POSITION>
		</SPAWN>
		<SPAWN item="ap02" timesec="1500">
			<POSITION>1400.0000000 4700.0000000 -540.0000000</POSITION>
		</SPAWN>
		<SPAWN item="bullet01" timesec="1000">
			<POSITION>-3300.0000000 2000.0000000 -540.0000000</POSITION>
		</SPAWN>
		<SPAWN item="ap02" timesec="1500">
			<POSITION>0.0000000 -1800.0000000 400.0000000</POSITION>
		</SPAWN>
		<SPAWN item="hp03" timesec="2000">
			<POSITION>5700.0000000 -400.0000000 510.0000000</POSITION>
		</SPAWN>
</GAMETYPE><GAMETYPE id="team">
		<SPAWN item="bullet01" timesec="1000">
			<POSITION>-100.0000000 1600.0000000 510.0000000</POSITION>
		</SPAWN>
		<SPAWN item="bullet02" timesec="1500">
			<POSITION>-2800.0000000 3700.0000000 -540.0000000</POSITION>
		</SPAWN>
		<SPAWN item="bullet02" timesec="1500">
			<POSITION>1400.0000000 -1700.0000000 400.0000000</POSITION>
		</SPAWN>
		<SPAWN item="bullet01" timesec="1000">
			<POSITION>6800.0000000 1600.0000000 800.0000000</POSITION>
		</SPAWN>
</GAMETYPE>
</XML>
