<?xml version="1.0" encoding="UTF-8"?>
<XML>
	<MATERIALLIST>
		<MATERIAL name="GunzBmpTextures_Floor021">
			<DIFFUSE>1.00000000 1.00000000 1.00000000</DIFFUSE>
			<AMBIENT>1.00000000 1.00000000 1.00000000</AMBIENT>
			<SPECULAR>1.00000000 1.00000000 1.00000000</SPECULAR>
			<DIFFUSEMAP>GunzBmpTextures/Floor021.bmp</DIFFUSEMAP>
		</MATERIAL>
		<MATERIAL name="GunzBmpTextures_OldWoodenFloor">
			<DIFFUSE>1.00000000 1.00000000 1.00000000</DIFFUSE>
			<AMBIENT>1.00000000 1.00000000 1.00000000</AMBIENT>
			<SPECULAR>1.00000000 1.00000000 1.00000000</SPECULAR>
			<DIFFUSEMAP>GunzBmpTextures/OldWoodenFloor.bmp</DIFFUSEMAP>
		</MATERIAL>
		<MATERIAL name="GunzBmpTextures_Wall010">
			<DIFFUSE>1.00000000 1.00000000 1.00000000</DIFFUSE>
			<AMBIENT>1.00000000 1.00000000 1.00000000</AMBIENT>
			<SPECULAR>1.00000000 1.00000000 1.00000000</SPECULAR>
			<DIFFUSEMAP>GunzBmpTextures/Wall010.bmp</DIFFUSEMAP>
		</MATERIAL>
		<MATERIAL name="GunzBmpTextures_Wall011">
			<DIFFUSE>1.00000000 1.00000000 1.00000000</DIFFUSE>
			<AMBIENT>1.00000000 1.00000000 1.00000000</AMBIENT>
			<SPECULAR>1.00000000 1.00000000 1.00000000</SPECULAR>
			<DIFFUSEMAP>GunzBmpTextures/Wall011.bmp</DIFFUSEMAP>
		</MATERIAL>
		<MATERIAL name="GunzBmpTextures_Floor012">
			<DIFFUSE>1.00000000 1.00000000 1.00000000</DIFFUSE>
			<AMBIENT>1.00000000 1.00000000 1.00000000</AMBIENT>
			<SPECULAR>1.00000000 1.00000000 1.00000000</SPECULAR>
			<DIFFUSEMAP>GunzBmpTextures/Floor012.bmp</DIFFUSEMAP>
		</MATERIAL>
		<MATERIAL name="GunzBmpTextures_Floor014">
			<DIFFUSE>1.00000000 1.00000000 1.00000000</DIFFUSE>
			<AMBIENT>1.00000000 1.00000000 1.00000000</AMBIENT>
			<SPECULAR>1.00000000 1.00000000 1.00000000</SPECULAR>
			<DIFFUSEMAP>GunzBmpTextures/Floor014.bmp</DIFFUSEMAP>
		</MATERIAL>
		<MATERIAL name="GunzBmpTextures_Floor038">
			<DIFFUSE>1.00000000 1.00000000 1.00000000</DIFFUSE>
			<AMBIENT>1.00000000 1.00000000 1.00000000</AMBIENT>
			<SPECULAR>1.00000000 1.00000000 1.00000000</SPECULAR>
			<DIFFUSEMAP>GunzBmpTextures/Floor038.bmp</DIFFUSEMAP>
		</MATERIAL>
		<MATERIAL name="GunzBmpTextures_Wall039">
			<DIFFUSE>1.00000000 1.00000000 1.00000000</DIFFUSE>
			<AMBIENT>1.00000000 1.00000000 1.00000000</AMBIENT>
			<SPECULAR>1.00000000 1.00000000 1.00000000</SPECULAR>
			<DIFFUSEMAP>GunzBmpTextures/Wall039.bmp</DIFFUSEMAP>
		</MATERIAL>
		<MATERIAL name="GunzBmpTextures_Wall010">
			<DIFFUSE>1.00000000 1.00000000 1.00000000</DIFFUSE>
			<AMBIENT>1.00000000 1.00000000 1.00000000</AMBIENT>
			<SPECULAR>1.00000000 1.00000000 1.00000000</SPECULAR>
			<DIFFUSEMAP>GunzBmpTextures/Wall010.bmp</DIFFUSEMAP>
		</MATERIAL>
		<MATERIAL name="GunzBmpTextures_Wall009">
			<DIFFUSE>1.00000000 1.00000000 1.00000000</DIFFUSE>
			<AMBIENT>1.00000000 1.00000000 1.00000000</AMBIENT>
			<SPECULAR>1.00000000 1.00000000 1.00000000</SPECULAR>
			<DIFFUSEMAP>GunzBmpTextures/Wall009.bmp</DIFFUSEMAP>
		</MATERIAL>
		<MATERIAL name="GunzBmpTextures_Floor026">
			<DIFFUSE>1.00000000 1.00000000 1.00000000</DIFFUSE>
			<AMBIENT>1.00000000 1.00000000 1.00000000</AMBIENT>
			<SPECULAR>1.00000000 1.00000000 1.00000000</SPECULAR>
			<DIFFUSEMAP>GunzBmpTextures/Floor026.bmp</DIFFUSEMAP>
		</MATERIAL>
		<MATERIAL name="GunzBmpTextures_Floor047">
			<DIFFUSE>1.00000000 1.00000000 1.00000000</DIFFUSE>
			<AMBIENT>1.00000000 1.00000000 1.00000000</AMBIENT>
			<SPECULAR>1.00000000 1.00000000 1.00000000</SPECULAR>
			<DIFFUSEMAP>GunzBmpTextures/Floor047.bmp</DIFFUSEMAP>
		</MATERIAL>
		<MATERIAL name="GunzBmpTextures_Wall041">
			<DIFFUSE>1.00000000 1.00000000 1.00000000</DIFFUSE>
			<AMBIENT>1.00000000 1.00000000 1.00000000</AMBIENT>
			<SPECULAR>1.00000000 1.00000000 1.00000000</SPECULAR>
			<DIFFUSEMAP>GunzBmpTextures/Wall041.bmp</DIFFUSEMAP>
		</MATERIAL>
		<MATERIAL name="GunzBmpTextures_Wall037">
			<DIFFUSE>1.00000000 1.00000000 1.00000000</DIFFUSE>
			<AMBIENT>1.00000000 1.00000000 1.00000000</AMBIENT>
			<SPECULAR>1.00000000 1.00000000 1.00000000</SPECULAR>
			<DIFFUSEMAP>GunzBmpTextures/Wall037.bmp</DIFFUSEMAP>
		</MATERIAL>
		<MATERIAL name="GunzBmpTextures_Box003">
			<DIFFUSE>1.00000000 1.00000000 1.00000000</DIFFUSE>
			<AMBIENT>1.00000000 1.00000000 1.00000000</AMBIENT>
			<SPECULAR>1.00000000 1.00000000 1.00000000</SPECULAR>
			<DIFFUSEMAP>GunzBmpTextures/Box003.bmp</DIFFUSEMAP>
		</MATERIAL>
		<MATERIAL name="GunzBmpTextures_realsteel2">
			<DIFFUSE>1.00000000 1.00000000 1.00000000</DIFFUSE>
			<AMBIENT>1.00000000 1.00000000 1.00000000</AMBIENT>
			<SPECULAR>1.00000000 1.00000000 1.00000000</SPECULAR>
			<DIFFUSEMAP>GunzBmpTextures/realsteel2.bmp</DIFFUSEMAP>
		</MATERIAL>
		<MATERIAL name="GunzBmpTextures_FlagofUtrecht">
			<DIFFUSE>1.00000000 1.00000000 1.00000000</DIFFUSE>
			<AMBIENT>1.00000000 1.00000000 1.00000000</AMBIENT>
			<SPECULAR>1.00000000 1.00000000 1.00000000</SPECULAR>
			<DIFFUSEMAP>GunzBmpTextures/FlagofUtrecht.bmp</DIFFUSEMAP>
		</MATERIAL>
		<MATERIAL name="shader1_additivematerial">
			<DIFFUSE>1.00000000 1.00000000 1.00000000</DIFFUSE>
			<AMBIENT>1.00000000 1.00000000 1.00000000</AMBIENT>
			<SPECULAR>1.00000000 1.00000000 1.00000000</SPECULAR>
			<DIFFUSEMAP>shader1/texture.tga</DIFFUSEMAP>
			<ADDITIVE/>
		</MATERIAL>
		<MATERIAL name="GunzBmpTextures_Floor044">
			<DIFFUSE>1.00000000 1.00000000 1.00000000</DIFFUSE>
			<AMBIENT>1.00000000 1.00000000 1.00000000</AMBIENT>
			<SPECULAR>1.00000000 1.00000000 1.00000000</SPECULAR>
			<DIFFUSEMAP>GunzBmpTextures/Floor044.bmp</DIFFUSEMAP>
		</MATERIAL>
	</MATERIALLIST>
	<DUMMYLIST>
		<DUMMY name="spawn_solo_101">
			<POSITION>0.00000000 -1576.00000000 1184.00000000</POSITION>
			<DIRECTION>-0.00501606 -0.99998742 0.00000000</DIRECTION>
		</DUMMY>
		<DUMMY name="spawn_solo_102">
			<POSITION>0.00000000 2040.00000000 1184.00000000</POSITION>
			<DIRECTION>0.00449770 -0.99998989 0.00000000</DIRECTION>
		</DUMMY>
	</DUMMYLIST>
</XML>
