<?xml version="1.0"?>
<XML>
	<GAMETYPE id="solo">
		<SPAWN item="hp03" timesec="45000">
			<POSITION>617.7861328 -70.7930908 5416.2509766</POSITION>
		</SPAWN>
		<SPAWN item="hp02" timesec="30000">
			<POSITION>-703.1133423 -104.1102295 104.2878723</POSITION>
		</SPAWN>
</GAMETYPE><GAMETYPE id="team">
<SPAWN item="hp03" timesec="45000">
			<POSITION>617.7861328 -70.7930908 5416.2509766</POSITION>
		</SPAWN>
		<SPAWN item="hp02" timesec="30000">
			<POSITION>-703.1133423 -104.1102295 104.2878723</POSITION>
		</SPAWN>
</GAMETYPE>
</XML>
