<?xml version="1.0" encoding="UTF-8"?>
<XML>
	<MATERIALLIST>
		<MATERIAL name="TheOffice_miniman_donkey1">
			<DIFFUSE>1.00000000 1.00000000 1.00000000</DIFFUSE>
			<AMBIENT>1.00000000 1.00000000 1.00000000</AMBIENT>
			<SPECULAR>1.00000000 1.00000000 1.00000000</SPECULAR>
			<DIFFUSEMAP>TheOffice_miniman/donkey1.jpg</DIFFUSEMAP>
		</MATERIAL>
		<MATERIAL name="TheOffice_miniman_marmor">
			<DIFFUSE>1.00000000 1.00000000 1.00000000</DIFFUSE>
			<AMBIENT>1.00000000 1.00000000 1.00000000</AMBIENT>
			<SPECULAR>1.00000000 1.00000000 1.00000000</SPECULAR>
			<DIFFUSEMAP>TheOffice_miniman/marmor.jpg</DIFFUSEMAP>
		</MATERIAL>
		<MATERIAL name="TheOffice_miniman_vrc">
			<DIFFUSE>1.00000000 1.00000000 1.00000000</DIFFUSE>
			<AMBIENT>1.00000000 1.00000000 1.00000000</AMBIENT>
			<SPECULAR>1.00000000 1.00000000 1.00000000</SPECULAR>
			<DIFFUSEMAP>TheOffice_miniman/vrc.jpg</DIFFUSEMAP>
		</MATERIAL>
		<MATERIAL name="TheOffice_miniman_games">
			<DIFFUSE>1.00000000 1.00000000 1.00000000</DIFFUSE>
			<AMBIENT>1.00000000 1.00000000 1.00000000</AMBIENT>
			<SPECULAR>1.00000000 1.00000000 1.00000000</SPECULAR>
			<DIFFUSEMAP>TheOffice_miniman/games.jpg</DIFFUSEMAP>
		</MATERIAL>
		<MATERIAL name="TheOffice_miniman_rubick">
			<DIFFUSE>1.00000000 1.00000000 1.00000000</DIFFUSE>
			<AMBIENT>1.00000000 1.00000000 1.00000000</AMBIENT>
			<SPECULAR>1.00000000 1.00000000 1.00000000</SPECULAR>
			<DIFFUSEMAP>TheOffice_miniman/rubick.jpg</DIFFUSEMAP>
		</MATERIAL>
		<MATERIAL name="TheOffice_miniman_scotch2">
			<DIFFUSE>1.00000000 1.00000000 1.00000000</DIFFUSE>
			<AMBIENT>1.00000000 1.00000000 1.00000000</AMBIENT>
			<SPECULAR>1.00000000 1.00000000 1.00000000</SPECULAR>
			<DIFFUSEMAP>TheOffice_miniman/scotch2.jpg</DIFFUSEMAP>
		</MATERIAL>
		<MATERIAL name="TheOffice_miniman_apple3">
			<DIFFUSE>1.00000000 1.00000000 1.00000000</DIFFUSE>
			<AMBIENT>1.00000000 1.00000000 1.00000000</AMBIENT>
			<SPECULAR>1.00000000 1.00000000 1.00000000</SPECULAR>
			<DIFFUSEMAP>TheOffice_miniman/apple3.jpg</DIFFUSEMAP>
		</MATERIAL>
		<MATERIAL name="TheOffice_miniman_apple1">
			<DIFFUSE>1.00000000 1.00000000 1.00000000</DIFFUSE>
			<AMBIENT>1.00000000 1.00000000 1.00000000</AMBIENT>
			<SPECULAR>1.00000000 1.00000000 1.00000000</SPECULAR>
			<DIFFUSEMAP>TheOffice_miniman/apple1.jpg</DIFFUSEMAP>
		</MATERIAL>
		<MATERIAL name="TheOffice_miniman_apple4">
			<DIFFUSE>1.00000000 1.00000000 1.00000000</DIFFUSE>
			<AMBIENT>1.00000000 1.00000000 1.00000000</AMBIENT>
			<SPECULAR>1.00000000 1.00000000 1.00000000</SPECULAR>
			<DIFFUSEMAP>TheOffice_miniman/apple4.jpg</DIFFUSEMAP>
		</MATERIAL>
		<MATERIAL name="TheOffice_miniman_apple6">
			<DIFFUSE>1.00000000 1.00000000 1.00000000</DIFFUSE>
			<AMBIENT>1.00000000 1.00000000 1.00000000</AMBIENT>
			<SPECULAR>1.00000000 1.00000000 1.00000000</SPECULAR>
			<DIFFUSEMAP>TheOffice_miniman/apple6.jpg</DIFFUSEMAP>
		</MATERIAL>
		<MATERIAL name="TheOffice_miniman_apple2">
			<DIFFUSE>1.00000000 1.00000000 1.00000000</DIFFUSE>
			<AMBIENT>1.00000000 1.00000000 1.00000000</AMBIENT>
			<SPECULAR>1.00000000 1.00000000 1.00000000</SPECULAR>
			<DIFFUSEMAP>TheOffice_miniman/apple2.jpg</DIFFUSEMAP>
		</MATERIAL>
		<MATERIAL name="TheOffice_miniman_apple5">
			<DIFFUSE>1.00000000 1.00000000 1.00000000</DIFFUSE>
			<AMBIENT>1.00000000 1.00000000 1.00000000</AMBIENT>
			<SPECULAR>1.00000000 1.00000000 1.00000000</SPECULAR>
			<DIFFUSEMAP>TheOffice_miniman/apple5.jpg</DIFFUSEMAP>
		</MATERIAL>
		<MATERIAL name="TheOffice_miniman_telside">
			<DIFFUSE>1.00000000 1.00000000 1.00000000</DIFFUSE>
			<AMBIENT>1.00000000 1.00000000 1.00000000</AMBIENT>
			<SPECULAR>1.00000000 1.00000000 1.00000000</SPECULAR>
			<DIFFUSEMAP>TheOffice_miniman/telside.jpg</DIFFUSEMAP>
		</MATERIAL>
		<MATERIAL name="TheOffice_miniman_tel">
			<DIFFUSE>1.00000000 1.00000000 1.00000000</DIFFUSE>
			<AMBIENT>1.00000000 1.00000000 1.00000000</AMBIENT>
			<SPECULAR>1.00000000 1.00000000 1.00000000</SPECULAR>
			<DIFFUSEMAP>TheOffice_miniman/tel.jpg</DIFFUSEMAP>
		</MATERIAL>
		<MATERIAL name="TheOffice_ho_plastic_medbeige">
			<DIFFUSE>1.00000000 1.00000000 1.00000000</DIFFUSE>
			<AMBIENT>1.00000000 1.00000000 1.00000000</AMBIENT>
			<SPECULAR>1.00000000 1.00000000 1.00000000</SPECULAR>
			<DIFFUSEMAP>TheOffice_ho/plastic_medbeige.tga</DIFFUSEMAP>
		</MATERIAL>
		<MATERIAL name="TheOffice_ho_plstc_compbeige_flat">
			<DIFFUSE>1.00000000 1.00000000 1.00000000</DIFFUSE>
			<AMBIENT>1.00000000 1.00000000 1.00000000</AMBIENT>
			<SPECULAR>1.00000000 1.00000000 1.00000000</SPECULAR>
			<DIFFUSEMAP>TheOffice_ho/plstc_compbeige_flat.tga</DIFFUSEMAP>
		</MATERIAL>
		<MATERIAL name="TheOffice_ho_plstc_beige_flat">
			<DIFFUSE>1.00000000 1.00000000 1.00000000</DIFFUSE>
			<AMBIENT>1.00000000 1.00000000 1.00000000</AMBIENT>
			<SPECULAR>1.00000000 1.00000000 1.00000000</SPECULAR>
			<DIFFUSEMAP>TheOffice_ho/plstc_beige_flat.tga</DIFFUSEMAP>
		</MATERIAL>
		<MATERIAL name="TheOffice_miniman_plastikbeige">
			<DIFFUSE>1.00000000 1.00000000 1.00000000</DIFFUSE>
			<AMBIENT>1.00000000 1.00000000 1.00000000</AMBIENT>
			<SPECULAR>1.00000000 1.00000000 1.00000000</SPECULAR>
			<DIFFUSEMAP>TheOffice_miniman/plastikbeige.jpg</DIFFUSEMAP>
		</MATERIAL>
		<MATERIAL name="TheOffice_ho_desktop_nick">
			<DIFFUSE>1.00000000 1.00000000 1.00000000</DIFFUSE>
			<AMBIENT>1.00000000 1.00000000 1.00000000</AMBIENT>
			<SPECULAR>1.00000000 1.00000000 1.00000000</SPECULAR>
			<DIFFUSEMAP>TheOffice_ho/desktop_nick.jpg</DIFFUSEMAP>
		</MATERIAL>
		<MATERIAL name="TheOffice_miniman_ivar2">
			<DIFFUSE>1.00000000 1.00000000 1.00000000</DIFFUSE>
			<AMBIENT>1.00000000 1.00000000 1.00000000</AMBIENT>
			<SPECULAR>1.00000000 1.00000000 1.00000000</SPECULAR>
			<DIFFUSEMAP>TheOffice_miniman/ivar2.jpg</DIFFUSEMAP>
		</MATERIAL>
		<MATERIAL name="TheOffice_miniman_holz3">
			<DIFFUSE>1.00000000 1.00000000 1.00000000</DIFFUSE>
			<AMBIENT>1.00000000 1.00000000 1.00000000</AMBIENT>
			<SPECULAR>1.00000000 1.00000000 1.00000000</SPECULAR>
			<DIFFUSEMAP>TheOffice_miniman/holz3.jpg</DIFFUSEMAP>
		</MATERIAL>
		<MATERIAL name="TheOffice_miniman_wolken2">
			<DIFFUSE>1.00000000 1.00000000 1.00000000</DIFFUSE>
			<AMBIENT>1.00000000 1.00000000 1.00000000</AMBIENT>
			<SPECULAR>1.00000000 1.00000000 1.00000000</SPECULAR>
			<DIFFUSEMAP>TheOffice_miniman/wolken2.jpg</DIFFUSEMAP>
		</MATERIAL>
		<MATERIAL name="TheOffice_miniman_imac1">
			<DIFFUSE>1.00000000 1.00000000 1.00000000</DIFFUSE>
			<AMBIENT>1.00000000 1.00000000 1.00000000</AMBIENT>
			<SPECULAR>1.00000000 1.00000000 1.00000000</SPECULAR>
			<DIFFUSEMAP>TheOffice_miniman/imac1.jpg</DIFFUSEMAP>
		</MATERIAL>
		<MATERIAL name="TheOffice_miniman_sky1">
			<DIFFUSE>1.00000000 1.00000000 1.00000000</DIFFUSE>
			<AMBIENT>1.00000000 1.00000000 1.00000000</AMBIENT>
			<SPECULAR>1.00000000 1.00000000 1.00000000</SPECULAR>
			<DIFFUSEMAP>TheOffice_miniman/sky1.jpg</DIFFUSEMAP>
		</MATERIAL>
		<MATERIAL name="TheOffice_miniman_raufaser">
			<DIFFUSE>1.00000000 1.00000000 1.00000000</DIFFUSE>
			<AMBIENT>1.00000000 1.00000000 1.00000000</AMBIENT>
			<SPECULAR>1.00000000 1.00000000 1.00000000</SPECULAR>
			<DIFFUSEMAP>TheOffice_miniman/raufaser.jpg</DIFFUSEMAP>
		</MATERIAL>
		<MATERIAL name="TheOffice_miniman_ivar1s">
			<DIFFUSE>1.00000000 1.00000000 1.00000000</DIFFUSE>
			<AMBIENT>1.00000000 1.00000000 1.00000000</AMBIENT>
			<SPECULAR>1.00000000 1.00000000 1.00000000</SPECULAR>
			<DIFFUSEMAP>TheOffice_miniman/ivar1s.jpg</DIFFUSEMAP>
		</MATERIAL>
		<MATERIAL name="TheOffice_miniman_ivar2s">
			<DIFFUSE>1.00000000 1.00000000 1.00000000</DIFFUSE>
			<AMBIENT>1.00000000 1.00000000 1.00000000</AMBIENT>
			<SPECULAR>1.00000000 1.00000000 1.00000000</SPECULAR>
			<DIFFUSEMAP>TheOffice_miniman/ivar2s.jpg</DIFFUSEMAP>
		</MATERIAL>
		<MATERIAL name="TheOffice_miniman_holz1">
			<DIFFUSE>1.00000000 1.00000000 1.00000000</DIFFUSE>
			<AMBIENT>1.00000000 1.00000000 1.00000000</AMBIENT>
			<SPECULAR>1.00000000 1.00000000 1.00000000</SPECULAR>
			<DIFFUSEMAP>TheOffice_miniman/holz1.jpg</DIFFUSEMAP>
		</MATERIAL>
		<MATERIAL name="TheOffice_miniman_pinwand">
			<DIFFUSE>1.00000000 1.00000000 1.00000000</DIFFUSE>
			<AMBIENT>1.00000000 1.00000000 1.00000000</AMBIENT>
			<SPECULAR>1.00000000 1.00000000 1.00000000</SPECULAR>
			<DIFFUSEMAP>TheOffice_miniman/pinwand.jpg</DIFFUSEMAP>
		</MATERIAL>
		<MATERIAL name="TheOffice_miniman_radio">
			<DIFFUSE>1.00000000 1.00000000 1.00000000</DIFFUSE>
			<AMBIENT>1.00000000 1.00000000 1.00000000</AMBIENT>
			<SPECULAR>1.00000000 1.00000000 1.00000000</SPECULAR>
			<DIFFUSEMAP>TheOffice_miniman/radio.jpg</DIFFUSEMAP>
		</MATERIAL>
		<MATERIAL name="TheOffice_miniman_bkfallout">
			<DIFFUSE>1.00000000 1.00000000 1.00000000</DIFFUSE>
			<AMBIENT>1.00000000 1.00000000 1.00000000</AMBIENT>
			<SPECULAR>1.00000000 1.00000000 1.00000000</SPECULAR>
			<DIFFUSEMAP>TheOffice_miniman/bkfallout.jpg</DIFFUSEMAP>
		</MATERIAL>
		<MATERIAL name="TheOffice_miniman_cdside">
			<DIFFUSE>1.00000000 1.00000000 1.00000000</DIFFUSE>
			<AMBIENT>1.00000000 1.00000000 1.00000000</AMBIENT>
			<SPECULAR>1.00000000 1.00000000 1.00000000</SPECULAR>
			<DIFFUSEMAP>TheOffice_miniman/cdside.jpg</DIFFUSEMAP>
		</MATERIAL>
		<MATERIAL name="TheOffice_miniman_bkside">
			<DIFFUSE>1.00000000 1.00000000 1.00000000</DIFFUSE>
			<AMBIENT>1.00000000 1.00000000 1.00000000</AMBIENT>
			<SPECULAR>1.00000000 1.00000000 1.00000000</SPECULAR>
			<DIFFUSEMAP>TheOffice_miniman/bkside.jpg</DIFFUSEMAP>
		</MATERIAL>
		<MATERIAL name="TheOffice_miniman_bktypo">
			<DIFFUSE>1.00000000 1.00000000 1.00000000</DIFFUSE>
			<AMBIENT>1.00000000 1.00000000 1.00000000</AMBIENT>
			<SPECULAR>1.00000000 1.00000000 1.00000000</SPECULAR>
			<DIFFUSEMAP>TheOffice_miniman/bktypo.jpg</DIFFUSEMAP>
		</MATERIAL>
		<MATERIAL name="TheOffice_miniman_print_dmw_side">
			<DIFFUSE>1.00000000 1.00000000 1.00000000</DIFFUSE>
			<AMBIENT>1.00000000 1.00000000 1.00000000</AMBIENT>
			<SPECULAR>1.00000000 1.00000000 1.00000000</SPECULAR>
			<DIFFUSEMAP>TheOffice_miniman/print_dmw_side.tga</DIFFUSEMAP>
		</MATERIAL>
		<MATERIAL name="TheOffice_miniman_bkspeed">
			<DIFFUSE>1.00000000 1.00000000 1.00000000</DIFFUSE>
			<AMBIENT>1.00000000 1.00000000 1.00000000</AMBIENT>
			<SPECULAR>1.00000000 1.00000000 1.00000000</SPECULAR>
			<DIFFUSEMAP>TheOffice_miniman/bkspeed.jpg</DIFFUSEMAP>
		</MATERIAL>
		<MATERIAL name="TheOffice_miniman_bkside2">
			<DIFFUSE>1.00000000 1.00000000 1.00000000</DIFFUSE>
			<AMBIENT>1.00000000 1.00000000 1.00000000</AMBIENT>
			<SPECULAR>1.00000000 1.00000000 1.00000000</SPECULAR>
			<DIFFUSEMAP>TheOffice_miniman/bkside2.jpg</DIFFUSEMAP>
		</MATERIAL>
		<MATERIAL name="TheOffice_miniman_cds">
			<DIFFUSE>1.00000000 1.00000000 1.00000000</DIFFUSE>
			<AMBIENT>1.00000000 1.00000000 1.00000000</AMBIENT>
			<SPECULAR>1.00000000 1.00000000 1.00000000</SPECULAR>
			<DIFFUSEMAP>TheOffice_miniman/cds.jpg</DIFFUSEMAP>
		</MATERIAL>
		<MATERIAL name="TheOffice_miniman_rippen">
			<DIFFUSE>1.00000000 1.00000000 1.00000000</DIFFUSE>
			<AMBIENT>1.00000000 1.00000000 1.00000000</AMBIENT>
			<SPECULAR>1.00000000 1.00000000 1.00000000</SPECULAR>
			<DIFFUSEMAP>TheOffice_miniman/rippen.jpg</DIFFUSEMAP>
		</MATERIAL>
		<MATERIAL name="TheOffice_miniman_bkcarson">
			<DIFFUSE>1.00000000 1.00000000 1.00000000</DIFFUSE>
			<AMBIENT>1.00000000 1.00000000 1.00000000</AMBIENT>
			<SPECULAR>1.00000000 1.00000000 1.00000000</SPECULAR>
			<DIFFUSEMAP>TheOffice_miniman/bkcarson.jpg</DIFFUSEMAP>
		</MATERIAL>
		<MATERIAL name="TheOffice_ho_plstc_beige_bmpy">
			<DIFFUSE>1.00000000 1.00000000 1.00000000</DIFFUSE>
			<AMBIENT>1.00000000 1.00000000 1.00000000</AMBIENT>
			<SPECULAR>1.00000000 1.00000000 1.00000000</SPECULAR>
			<DIFFUSEMAP>TheOffice_ho/plstc_beige_bmpy.tga</DIFFUSEMAP>
		</MATERIAL>
		<MATERIAL name="TheOffice_miniman_tv2">
			<DIFFUSE>1.00000000 1.00000000 1.00000000</DIFFUSE>
			<AMBIENT>1.00000000 1.00000000 1.00000000</AMBIENT>
			<SPECULAR>1.00000000 1.00000000 1.00000000</SPECULAR>
			<DIFFUSEMAP>TheOffice_miniman/tv2.jpg</DIFFUSEMAP>
		</MATERIAL>
		<MATERIAL name="TheOffice_miniman_bkbikini">
			<DIFFUSE>1.00000000 1.00000000 1.00000000</DIFFUSE>
			<AMBIENT>1.00000000 1.00000000 1.00000000</AMBIENT>
			<SPECULAR>1.00000000 1.00000000 1.00000000</SPECULAR>
			<DIFFUSEMAP>TheOffice_miniman/bkbikini.jpg</DIFFUSEMAP>
		</MATERIAL>
		<MATERIAL name="TheOffice_ho_print_dmw_side">
			<DIFFUSE>1.00000000 1.00000000 1.00000000</DIFFUSE>
			<AMBIENT>1.00000000 1.00000000 1.00000000</AMBIENT>
			<SPECULAR>1.00000000 1.00000000 1.00000000</SPECULAR>
			<DIFFUSEMAP>TheOffice_ho/print_dmw_side.tga</DIFFUSEMAP>
		</MATERIAL>
		<MATERIAL name="TheOffice_miniman_clouds1">
			<DIFFUSE>1.00000000 1.00000000 1.00000000</DIFFUSE>
			<AMBIENT>1.00000000 1.00000000 1.00000000</AMBIENT>
			<SPECULAR>1.00000000 1.00000000 1.00000000</SPECULAR>
			<DIFFUSEMAP>TheOffice_miniman/clouds1.jpg</DIFFUSEMAP>
		</MATERIAL>
		<MATERIAL name="TheOffice_miniman_marmor">
			<DIFFUSE>1.00000000 1.00000000 1.00000000</DIFFUSE>
			<AMBIENT>1.00000000 1.00000000 1.00000000</AMBIENT>
			<SPECULAR>1.00000000 1.00000000 1.00000000</SPECULAR>
			<DIFFUSEMAP>TheOffice_miniman/marmor.jpg</DIFFUSEMAP>
		</MATERIAL>
		<MATERIAL name="TheOffice_miniman_uhr">
			<DIFFUSE>1.00000000 1.00000000 1.00000000</DIFFUSE>
			<AMBIENT>1.00000000 1.00000000 1.00000000</AMBIENT>
			<SPECULAR>1.00000000 1.00000000 1.00000000</SPECULAR>
			<DIFFUSEMAP>TheOffice_miniman/uhr.jpg</DIFFUSEMAP>
		</MATERIAL>
		<MATERIAL name="TheOffice_miniman_paper_box_brown1">
			<DIFFUSE>1.00000000 1.00000000 1.00000000</DIFFUSE>
			<AMBIENT>1.00000000 1.00000000 1.00000000</AMBIENT>
			<SPECULAR>1.00000000 1.00000000 1.00000000</SPECULAR>
			<DIFFUSEMAP>TheOffice_miniman/paper_box_brown1.tga</DIFFUSEMAP>
		</MATERIAL>
		<MATERIAL name="TheOffice_miniman_g3blue">
			<DIFFUSE>1.00000000 1.00000000 1.00000000</DIFFUSE>
			<AMBIENT>1.00000000 1.00000000 1.00000000</AMBIENT>
			<SPECULAR>1.00000000 1.00000000 1.00000000</SPECULAR>
			<DIFFUSEMAP>TheOffice_miniman/g3blue.tga</DIFFUSEMAP>
		</MATERIAL>
		<MATERIAL name="TheOffice_miniman_g3vorne">
			<DIFFUSE>1.00000000 1.00000000 1.00000000</DIFFUSE>
			<AMBIENT>1.00000000 1.00000000 1.00000000</AMBIENT>
			<SPECULAR>1.00000000 1.00000000 1.00000000</SPECULAR>
			<DIFFUSEMAP>TheOffice_miniman/g3vorne.tga</DIFFUSEMAP>
		</MATERIAL>
		<MATERIAL name="TheOffice_miniman_g3">
			<DIFFUSE>1.00000000 1.00000000 1.00000000</DIFFUSE>
			<AMBIENT>1.00000000 1.00000000 1.00000000</AMBIENT>
			<SPECULAR>1.00000000 1.00000000 1.00000000</SPECULAR>
			<DIFFUSEMAP>TheOffice_miniman/g3.tga</DIFFUSEMAP>
		</MATERIAL>
		<MATERIAL name="TheOffice_miniman_boxholz">
			<DIFFUSE>1.00000000 1.00000000 1.00000000</DIFFUSE>
			<AMBIENT>1.00000000 1.00000000 1.00000000</AMBIENT>
			<SPECULAR>1.00000000 1.00000000 1.00000000</SPECULAR>
			<DIFFUSEMAP>TheOffice_miniman/boxholz.jpg</DIFFUSEMAP>
		</MATERIAL>
		<MATERIAL name="TheOffice_miniman_disk2">
			<DIFFUSE>1.00000000 1.00000000 1.00000000</DIFFUSE>
			<AMBIENT>1.00000000 1.00000000 1.00000000</AMBIENT>
			<SPECULAR>1.00000000 1.00000000 1.00000000</SPECULAR>
			<DIFFUSEMAP>TheOffice_miniman/disk2.jpg</DIFFUSEMAP>
		</MATERIAL>
		<MATERIAL name="TheOffice_miniman_lampje">
			<DIFFUSE>1.00000000 1.00000000 1.00000000</DIFFUSE>
			<AMBIENT>1.00000000 1.00000000 1.00000000</AMBIENT>
			<SPECULAR>1.00000000 1.00000000 1.00000000</SPECULAR>
			<DIFFUSEMAP>TheOffice_miniman/lampje.tga</DIFFUSEMAP>
		</MATERIAL>
		<MATERIAL name="TheOffice_miniman_kinderschoko">
			<DIFFUSE>1.00000000 1.00000000 1.00000000</DIFFUSE>
			<AMBIENT>1.00000000 1.00000000 1.00000000</AMBIENT>
			<SPECULAR>1.00000000 1.00000000 1.00000000</SPECULAR>
			<DIFFUSEMAP>TheOffice_miniman/kinderschoko.jpg</DIFFUSEMAP>
		</MATERIAL>
		<MATERIAL name="TheOffice_miniman_paper_cardboard_taped1">
			<DIFFUSE>1.00000000 1.00000000 1.00000000</DIFFUSE>
			<AMBIENT>1.00000000 1.00000000 1.00000000</AMBIENT>
			<SPECULAR>1.00000000 1.00000000 1.00000000</SPECULAR>
			<DIFFUSEMAP>TheOffice_miniman/paper_cardboard_taped1.tga</DIFFUSEMAP>
		</MATERIAL>
		<MATERIAL name="TheOffice_miniman_rubick">
			<DIFFUSE>1.00000000 1.00000000 1.00000000</DIFFUSE>
			<AMBIENT>1.00000000 1.00000000 1.00000000</AMBIENT>
			<SPECULAR>1.00000000 1.00000000 1.00000000</SPECULAR>
			<DIFFUSEMAP>TheOffice_miniman/rubick.jpg</DIFFUSEMAP>
		</MATERIAL>
		<MATERIAL name="TheOffice_miniman_ivar1">
			<DIFFUSE>1.00000000 1.00000000 1.00000000</DIFFUSE>
			<AMBIENT>1.00000000 1.00000000 1.00000000</AMBIENT>
			<SPECULAR>1.00000000 1.00000000 1.00000000</SPECULAR>
			<DIFFUSEMAP>TheOffice_miniman/ivar1.jpg</DIFFUSEMAP>
		</MATERIAL>
		<MATERIAL name="TheOffice_miniman_boxholz2">
			<DIFFUSE>1.00000000 1.00000000 1.00000000</DIFFUSE>
			<AMBIENT>1.00000000 1.00000000 1.00000000</AMBIENT>
			<SPECULAR>1.00000000 1.00000000 1.00000000</SPECULAR>
			<DIFFUSEMAP>TheOffice_miniman/boxholz2.jpg</DIFFUSEMAP>
		</MATERIAL>
		<MATERIAL name="TheOffice_miniman_boxspeaker">
			<DIFFUSE>1.00000000 1.00000000 1.00000000</DIFFUSE>
			<AMBIENT>1.00000000 1.00000000 1.00000000</AMBIENT>
			<SPECULAR>1.00000000 1.00000000 1.00000000</SPECULAR>
			<DIFFUSEMAP>TheOffice_miniman/boxspeaker.jpg</DIFFUSEMAP>
		</MATERIAL>
		<MATERIAL name="TheOffice_miniman_scotch1">
			<DIFFUSE>1.00000000 1.00000000 1.00000000</DIFFUSE>
			<AMBIENT>1.00000000 1.00000000 1.00000000</AMBIENT>
			<SPECULAR>1.00000000 1.00000000 1.00000000</SPECULAR>
			<DIFFUSEMAP>TheOffice_miniman/scotch1.jpg</DIFFUSEMAP>
		</MATERIAL>
		<MATERIAL name="TheOffice_miniman_videoc1">
			<DIFFUSE>1.00000000 1.00000000 1.00000000</DIFFUSE>
			<AMBIENT>1.00000000 1.00000000 1.00000000</AMBIENT>
			<SPECULAR>1.00000000 1.00000000 1.00000000</SPECULAR>
			<DIFFUSEMAP>TheOffice_miniman/videoc1.jpg</DIFFUSEMAP>
		</MATERIAL>
		<MATERIAL name="TheOffice_miniman_videoc3">
			<DIFFUSE>1.00000000 1.00000000 1.00000000</DIFFUSE>
			<AMBIENT>1.00000000 1.00000000 1.00000000</AMBIENT>
			<SPECULAR>1.00000000 1.00000000 1.00000000</SPECULAR>
			<DIFFUSEMAP>TheOffice_miniman/videoc3.jpg</DIFFUSEMAP>
		</MATERIAL>
		<MATERIAL name="TheOffice_miniman_videoc2">
			<DIFFUSE>1.00000000 1.00000000 1.00000000</DIFFUSE>
			<AMBIENT>1.00000000 1.00000000 1.00000000</AMBIENT>
			<SPECULAR>1.00000000 1.00000000 1.00000000</SPECULAR>
			<DIFFUSEMAP>TheOffice_miniman/videoc2.jpg</DIFFUSEMAP>
		</MATERIAL>
		<MATERIAL name="TheOffice_miniman_videoc4">
			<DIFFUSE>1.00000000 1.00000000 1.00000000</DIFFUSE>
			<AMBIENT>1.00000000 1.00000000 1.00000000</AMBIENT>
			<SPECULAR>1.00000000 1.00000000 1.00000000</SPECULAR>
			<DIFFUSEMAP>TheOffice_miniman/videoc4.jpg</DIFFUSEMAP>
		</MATERIAL>
		<MATERIAL name="TheOffice_miniman_screen_line">
			<DIFFUSE>1.00000000 1.00000000 1.00000000</DIFFUSE>
			<AMBIENT>1.00000000 1.00000000 1.00000000</AMBIENT>
			<SPECULAR>1.00000000 1.00000000 1.00000000</SPECULAR>
			<DIFFUSEMAP>TheOffice_miniman/screen_line.tga</DIFFUSEMAP>
		</MATERIAL>
		<MATERIAL name="TheOffice_miniman_scotch3">
			<DIFFUSE>1.00000000 1.00000000 1.00000000</DIFFUSE>
			<AMBIENT>1.00000000 1.00000000 1.00000000</AMBIENT>
			<SPECULAR>1.00000000 1.00000000 1.00000000</SPECULAR>
			<DIFFUSEMAP>TheOffice_miniman/scotch3.jpg</DIFFUSEMAP>
		</MATERIAL>
		<MATERIAL name="TheOffice_ho_quakecdtray">
			<DIFFUSE>1.00000000 1.00000000 1.00000000</DIFFUSE>
			<AMBIENT>1.00000000 1.00000000 1.00000000</AMBIENT>
			<SPECULAR>1.00000000 1.00000000 1.00000000</SPECULAR>
			<DIFFUSEMAP>TheOffice_ho/quakecdtray.tga</DIFFUSEMAP>
		</MATERIAL>
		<MATERIAL name="TheOffice_miniman_donkey2">
			<DIFFUSE>1.00000000 1.00000000 1.00000000</DIFFUSE>
			<AMBIENT>1.00000000 1.00000000 1.00000000</AMBIENT>
			<SPECULAR>1.00000000 1.00000000 1.00000000</SPECULAR>
			<DIFFUSEMAP>TheOffice_miniman/donkey2.jpg</DIFFUSEMAP>
		</MATERIAL>
		<MATERIAL name="TheOffice_miniman_cd1">
			<DIFFUSE>1.00000000 1.00000000 1.00000000</DIFFUSE>
			<AMBIENT>1.00000000 1.00000000 1.00000000</AMBIENT>
			<SPECULAR>1.00000000 1.00000000 1.00000000</SPECULAR>
			<DIFFUSEMAP>TheOffice_miniman/cd1.jpg</DIFFUSEMAP>
		</MATERIAL>
		<MATERIAL name="TheOffice_miniman_cd2">
			<DIFFUSE>1.00000000 1.00000000 1.00000000</DIFFUSE>
			<AMBIENT>1.00000000 1.00000000 1.00000000</AMBIENT>
			<SPECULAR>1.00000000 1.00000000 1.00000000</SPECULAR>
			<DIFFUSEMAP>TheOffice_miniman/cd2.jpg</DIFFUSEMAP>
		</MATERIAL>
		<MATERIAL name="TheOffice_miniman_raufaser">
			<DIFFUSE>1.00000000 1.00000000 1.00000000</DIFFUSE>
			<AMBIENT>1.00000000 1.00000000 1.00000000</AMBIENT>
			<SPECULAR>1.00000000 1.00000000 1.00000000</SPECULAR>
			<DIFFUSEMAP>TheOffice_miniman/raufaser.jpg</DIFFUSEMAP>
		</MATERIAL>
		<MATERIAL name="TheOffice_miniman_scotch3">
			<DIFFUSE>1.00000000 1.00000000 1.00000000</DIFFUSE>
			<AMBIENT>1.00000000 1.00000000 1.00000000</AMBIENT>
			<SPECULAR>1.00000000 1.00000000 1.00000000</SPECULAR>
			<DIFFUSEMAP>TheOffice_miniman/scotch3.jpg</DIFFUSEMAP>
		</MATERIAL>
		<MATERIAL name="TheOffice_ho_ruler">
			<DIFFUSE>1.00000000 1.00000000 1.00000000</DIFFUSE>
			<AMBIENT>1.00000000 1.00000000 1.00000000</AMBIENT>
			<SPECULAR>1.00000000 1.00000000 1.00000000</SPECULAR>
			<DIFFUSEMAP>TheOffice_ho/ruler.tga</DIFFUSEMAP>
		</MATERIAL>
		<MATERIAL name="TheOffice_miniman_black">
			<DIFFUSE>1.00000000 1.00000000 1.00000000</DIFFUSE>
			<AMBIENT>1.00000000 1.00000000 1.00000000</AMBIENT>
			<SPECULAR>1.00000000 1.00000000 1.00000000</SPECULAR>
			<DIFFUSEMAP>TheOffice_miniman/black.jpg</DIFFUSEMAP>
		</MATERIAL>
		<MATERIAL name="TheOffice_miniman_boxholz2">
			<DIFFUSE>1.00000000 1.00000000 1.00000000</DIFFUSE>
			<AMBIENT>1.00000000 1.00000000 1.00000000</AMBIENT>
			<SPECULAR>1.00000000 1.00000000 1.00000000</SPECULAR>
			<DIFFUSEMAP>TheOffice_miniman/boxholz2.jpg</DIFFUSEMAP>
		</MATERIAL>
		<MATERIAL name="TheOffice_miniman_ivar1s">
			<DIFFUSE>1.00000000 1.00000000 1.00000000</DIFFUSE>
			<AMBIENT>1.00000000 1.00000000 1.00000000</AMBIENT>
			<SPECULAR>1.00000000 1.00000000 1.00000000</SPECULAR>
			<DIFFUSEMAP>TheOffice_miniman/ivar1s.jpg</DIFFUSEMAP>
		</MATERIAL>
		<MATERIAL name="TheOffice_miniman_sky1">
			<DIFFUSE>1.00000000 1.00000000 1.00000000</DIFFUSE>
			<AMBIENT>1.00000000 1.00000000 1.00000000</AMBIENT>
			<SPECULAR>1.00000000 1.00000000 1.00000000</SPECULAR>
			<DIFFUSEMAP>TheOffice_miniman/sky1.jpg</DIFFUSEMAP>
		</MATERIAL>
		<MATERIAL name="TheOffice_miniman_screen">
			<DIFFUSE>1.00000000 1.00000000 1.00000000</DIFFUSE>
			<AMBIENT>1.00000000 1.00000000 1.00000000</AMBIENT>
			<SPECULAR>1.00000000 1.00000000 1.00000000</SPECULAR>
			<DIFFUSEMAP>TheOffice_miniman/screen.tga</DIFFUSEMAP>
		</MATERIAL>
		<MATERIAL name="TheOffice_miniman_ivar1">
			<DIFFUSE>1.00000000 1.00000000 1.00000000</DIFFUSE>
			<AMBIENT>1.00000000 1.00000000 1.00000000</AMBIENT>
			<SPECULAR>1.00000000 1.00000000 1.00000000</SPECULAR>
			<DIFFUSEMAP>TheOffice_miniman/ivar1.jpg</DIFFUSEMAP>
		</MATERIAL>
		<MATERIAL name="TheOffice_miniman_ivar2">
			<DIFFUSE>1.00000000 1.00000000 1.00000000</DIFFUSE>
			<AMBIENT>1.00000000 1.00000000 1.00000000</AMBIENT>
			<SPECULAR>1.00000000 1.00000000 1.00000000</SPECULAR>
			<DIFFUSEMAP>TheOffice_miniman/ivar2.jpg</DIFFUSEMAP>
		</MATERIAL>
		<MATERIAL name="TheOffice_ho_plstc_eoutlet">
			<DIFFUSE>1.00000000 1.00000000 1.00000000</DIFFUSE>
			<AMBIENT>1.00000000 1.00000000 1.00000000</AMBIENT>
			<SPECULAR>1.00000000 1.00000000 1.00000000</SPECULAR>
			<DIFFUSEMAP>TheOffice_ho/plstc_eoutlet.tga</DIFFUSEMAP>
		</MATERIAL>
		<MATERIAL name="TheOffice_miniman_holz_hell">
			<DIFFUSE>1.00000000 1.00000000 1.00000000</DIFFUSE>
			<AMBIENT>1.00000000 1.00000000 1.00000000</AMBIENT>
			<SPECULAR>1.00000000 1.00000000 1.00000000</SPECULAR>
			<DIFFUSEMAP>TheOffice_miniman/holz_hell.jpg</DIFFUSEMAP>
		</MATERIAL>
		<MATERIAL name="TheOffice_ho_plastic_medbeige">
			<DIFFUSE>1.00000000 1.00000000 1.00000000</DIFFUSE>
			<AMBIENT>1.00000000 1.00000000 1.00000000</AMBIENT>
			<SPECULAR>1.00000000 1.00000000 1.00000000</SPECULAR>
			<DIFFUSEMAP>TheOffice_ho/plastic_medbeige.tga</DIFFUSEMAP>
		</MATERIAL>
		<MATERIAL name="TheOffice_ho_plstc_beige_bmpy">
			<DIFFUSE>1.00000000 1.00000000 1.00000000</DIFFUSE>
			<AMBIENT>1.00000000 1.00000000 1.00000000</AMBIENT>
			<SPECULAR>1.00000000 1.00000000 1.00000000</SPECULAR>
			<DIFFUSEMAP>TheOffice_ho/plstc_beige_bmpy.tga</DIFFUSEMAP>
		</MATERIAL>
		<MATERIAL name="TheOffice_miniman_bkblah">
			<DIFFUSE>1.00000000 1.00000000 1.00000000</DIFFUSE>
			<AMBIENT>1.00000000 1.00000000 1.00000000</AMBIENT>
			<SPECULAR>1.00000000 1.00000000 1.00000000</SPECULAR>
			<DIFFUSEMAP>TheOffice_miniman/bkblah.jpg</DIFFUSEMAP>
		</MATERIAL>
		<MATERIAL name="TheOffice_ho_print_airspace">
			<DIFFUSE>1.00000000 1.00000000 1.00000000</DIFFUSE>
			<AMBIENT>1.00000000 1.00000000 1.00000000</AMBIENT>
			<SPECULAR>1.00000000 1.00000000 1.00000000</SPECULAR>
			<DIFFUSEMAP>TheOffice_ho/print_airspace.tga</DIFFUSEMAP>
		</MATERIAL>
		<MATERIAL name="TheOffice_miniman_boxholz">
			<DIFFUSE>1.00000000 1.00000000 1.00000000</DIFFUSE>
			<AMBIENT>1.00000000 1.00000000 1.00000000</AMBIENT>
			<SPECULAR>1.00000000 1.00000000 1.00000000</SPECULAR>
			<DIFFUSEMAP>TheOffice_miniman/boxholz.jpg</DIFFUSEMAP>
		</MATERIAL>
		<MATERIAL name="TheOffice_miniman_stoff">
			<DIFFUSE>1.00000000 1.00000000 1.00000000</DIFFUSE>
			<AMBIENT>1.00000000 1.00000000 1.00000000</AMBIENT>
			<SPECULAR>1.00000000 1.00000000 1.00000000</SPECULAR>
			<DIFFUSEMAP>TheOffice_miniman/stoff.jpg</DIFFUSEMAP>
		</MATERIAL>
		<MATERIAL name="common_2903_mt_fsh">
			<DIFFUSE>1.00000000 1.00000000 1.00000000</DIFFUSE>
			<AMBIENT>1.00000000 1.00000000 1.00000000</AMBIENT>
			<SPECULAR>1.00000000 1.00000000 1.00000000</SPECULAR>
			<DIFFUSEMAP>common/2903_mt_fsh.tga</DIFFUSEMAP>
		</MATERIAL>
		<MATERIAL name="TheOffice_miniman_bkblah">
			<DIFFUSE>1.00000000 1.00000000 1.00000000</DIFFUSE>
			<AMBIENT>1.00000000 1.00000000 1.00000000</AMBIENT>
			<SPECULAR>1.00000000 1.00000000 1.00000000</SPECULAR>
			<DIFFUSEMAP>TheOffice_miniman/bkblah.jpg</DIFFUSEMAP>
		</MATERIAL>
		<MATERIAL name="TheOffice_miniman_cd3">
			<DIFFUSE>1.00000000 1.00000000 1.00000000</DIFFUSE>
			<AMBIENT>1.00000000 1.00000000 1.00000000</AMBIENT>
			<SPECULAR>1.00000000 1.00000000 1.00000000</SPECULAR>
			<DIFFUSEMAP>TheOffice_miniman/cd3.jpg</DIFFUSEMAP>
		</MATERIAL>
		<MATERIAL name="TheOffice_miniman_bkspeed">
			<DIFFUSE>1.00000000 1.00000000 1.00000000</DIFFUSE>
			<AMBIENT>1.00000000 1.00000000 1.00000000</AMBIENT>
			<SPECULAR>1.00000000 1.00000000 1.00000000</SPECULAR>
			<DIFFUSEMAP>TheOffice_miniman/bkspeed.jpg</DIFFUSEMAP>
		</MATERIAL>
		<MATERIAL name="TheOffice_miniman_dunklesplastik">
			<DIFFUSE>1.00000000 1.00000000 1.00000000</DIFFUSE>
			<AMBIENT>1.00000000 1.00000000 1.00000000</AMBIENT>
			<SPECULAR>1.00000000 1.00000000 1.00000000</SPECULAR>
			<DIFFUSEMAP>TheOffice_miniman/dunklesplastik.jpg</DIFFUSEMAP>
		</MATERIAL>
		<MATERIAL name="TheOffice_miniman_fallout">
			<DIFFUSE>1.00000000 1.00000000 1.00000000</DIFFUSE>
			<AMBIENT>1.00000000 1.00000000 1.00000000</AMBIENT>
			<SPECULAR>1.00000000 1.00000000 1.00000000</SPECULAR>
			<DIFFUSEMAP>TheOffice_miniman/fallout.jpg</DIFFUSEMAP>
		</MATERIAL>
		<MATERIAL name="TheOffice_ho_print_cd_maxell">
			<DIFFUSE>1.00000000 1.00000000 1.00000000</DIFFUSE>
			<AMBIENT>1.00000000 1.00000000 1.00000000</AMBIENT>
			<SPECULAR>1.00000000 1.00000000 1.00000000</SPECULAR>
			<DIFFUSEMAP>TheOffice_ho/print_cd_maxell.tga</DIFFUSEMAP>
		</MATERIAL>
		<MATERIAL name="TheOffice_miniman_holz3">
			<DIFFUSE>1.00000000 1.00000000 1.00000000</DIFFUSE>
			<AMBIENT>1.00000000 1.00000000 1.00000000</AMBIENT>
			<SPECULAR>1.00000000 1.00000000 1.00000000</SPECULAR>
			<DIFFUSEMAP>TheOffice_miniman/holz3.jpg</DIFFUSEMAP>
		</MATERIAL>
		<MATERIAL name="TheOffice_miniman_holz2">
			<DIFFUSE>1.00000000 1.00000000 1.00000000</DIFFUSE>
			<AMBIENT>1.00000000 1.00000000 1.00000000</AMBIENT>
			<SPECULAR>1.00000000 1.00000000 1.00000000</SPECULAR>
			<DIFFUSEMAP>TheOffice_miniman/holz2.jpg</DIFFUSEMAP>
		</MATERIAL>
		<MATERIAL name="TheOffice_miniman_teppich">
			<DIFFUSE>1.00000000 1.00000000 1.00000000</DIFFUSE>
			<AMBIENT>1.00000000 1.00000000 1.00000000</AMBIENT>
			<SPECULAR>1.00000000 1.00000000 1.00000000</SPECULAR>
			<DIFFUSEMAP>TheOffice_miniman/teppich.jpg</DIFFUSEMAP>
		</MATERIAL>
		<MATERIAL name="TheOffice_miniman_holz_hell">
			<DIFFUSE>1.00000000 1.00000000 1.00000000</DIFFUSE>
			<AMBIENT>1.00000000 1.00000000 1.00000000</AMBIENT>
			<SPECULAR>1.00000000 1.00000000 1.00000000</SPECULAR>
			<DIFFUSEMAP>TheOffice_miniman/holz_hell.jpg</DIFFUSEMAP>
		</MATERIAL>
		<MATERIAL name="TheOffice_miniman_print_box_dmw1">
			<DIFFUSE>1.00000000 1.00000000 1.00000000</DIFFUSE>
			<AMBIENT>1.00000000 1.00000000 1.00000000</AMBIENT>
			<SPECULAR>1.00000000 1.00000000 1.00000000</SPECULAR>
			<DIFFUSEMAP>TheOffice_miniman/print_box_dmw1.tga</DIFFUSEMAP>
		</MATERIAL>
		<MATERIAL name="TheOffice_ho_ho_dirt1">
			<DIFFUSE>1.00000000 1.00000000 1.00000000</DIFFUSE>
			<AMBIENT>1.00000000 1.00000000 1.00000000</AMBIENT>
			<SPECULAR>1.00000000 1.00000000 1.00000000</SPECULAR>
			<DIFFUSEMAP>TheOffice_ho/ho_dirt1.tga</DIFFUSEMAP>
		</MATERIAL>
		<MATERIAL name="TheOffice_miniman_key1">
			<DIFFUSE>1.00000000 1.00000000 1.00000000</DIFFUSE>
			<AMBIENT>1.00000000 1.00000000 1.00000000</AMBIENT>
			<SPECULAR>1.00000000 1.00000000 1.00000000</SPECULAR>
			<DIFFUSEMAP>TheOffice_miniman/key1.jpg</DIFFUSEMAP>
		</MATERIAL>
	</MATERIALLIST>
	<DUMMYLIST>
		<DUMMY name="spawn_solo_101">
			<POSITION>1056.00000000 -3307.20000000 -36.80000000</POSITION>
			<DIRECTION>-1.00000000 0.00000000 0.00000000</DIRECTION>
		</DUMMY>
		<DUMMY name="spawn_solo_102">
			<POSITION>-1355.80000000 -3353.70000000 980.00000000</POSITION>
			<DIRECTION>-0.00000000 -1.00000000 0.00000000</DIRECTION>
		</DUMMY>
		<DUMMY name="spawn_solo_103">
			<POSITION>-4896.00000000 2421.60000000 1674.40000000</POSITION>
			<DIRECTION>0.00000000 1.00000000 0.00000000</DIRECTION>
		</DUMMY>
		<DUMMY name="spawn_solo_104">
			<POSITION>-5094.40000000 2074.40000000 -12.00000000</POSITION>
			<DIRECTION>1.00000000 -0.00000000 0.00000000</DIRECTION>
		</DUMMY>
		<DUMMY name="spawn_solo_105">
			<POSITION>2444.80000000 2644.80000000 -904.80000000</POSITION>
			<DIRECTION>-0.70710678 0.70710678 0.00000000</DIRECTION>
		</DUMMY>
		<DUMMY name="spawn_solo_106">
			<POSITION>-5144.00000000 -1298.40000000 -607.20000000</POSITION>
			<DIRECTION>1.00000000 -0.00000000 0.00000000</DIRECTION>
		</DUMMY>
		<DUMMY name="spawn_solo_107">
			<POSITION>262.40000000 2669.60000000 -880.00000000</POSITION>
			<DIRECTION>0.00000000 1.00000000 0.00000000</DIRECTION>
		</DUMMY>
		<DUMMY name="spawn_solo_108">
			<POSITION>-4722.40000000 -876.80000000 384.80000000</POSITION>
			<DIRECTION>1.00000000 -0.00000000 0.00000000</DIRECTION>
		</DUMMY>
		<DUMMY name="spawn_solo_109">
			<POSITION>-4796.80000000 -1348.00000000 -1624.00000000</POSITION>
			<DIRECTION>1.00000000 -0.00000000 0.00000000</DIRECTION>
		</DUMMY>
		<DUMMY name="spawn_solo_110">
			<POSITION>-3333.60000000 1950.40000000 -880.00000000</POSITION>
			<DIRECTION>1.00000000 -0.00000000 0.00000000</DIRECTION>
		</DUMMY>
		<DUMMY name="spawn_solo_111">
			<POSITION>-4896.00000000 2421.60000000 781.60000000</POSITION>
			<DIRECTION>0.00000000 1.00000000 0.00000000</DIRECTION>
		</DUMMY>
		<DUMMY name="spawn_solo_112">
			<POSITION>-3544.40000000 -2411.30000000 3007.40000000</POSITION>
			<DIRECTION>-0.00000000 -1.00000000 0.00000000</DIRECTION>
		</DUMMY>
		<DUMMY name="spawn_solo_113">
			<POSITION>-5328.00000000 -3416.00000000 -2056.00000000</POSITION>
			<DIRECTION>-1.00000000 0.00000000 0.00000000</DIRECTION>
		</DUMMY>
		<DUMMY name="spawn_team1_101">
			<POSITION>-1280.00000000 -3360.00000000 976.00000000</POSITION>
			<DIRECTION>-1.00000000 0.00000000 0.00000000</DIRECTION>
		</DUMMY>
		<DUMMY name="spawn_team1_102">
			<POSITION>-1200.00000000 -3360.00000000 976.00000000</POSITION>
			<DIRECTION>-1.00000000 0.00000000 0.00000000</DIRECTION>
		</DUMMY>
		<DUMMY name="spawn_team1_103">
			<POSITION>-1112.00000000 -3368.00000000 976.00000000</POSITION>
			<DIRECTION>-1.00000000 0.00000000 0.00000000</DIRECTION>
		</DUMMY>
		<DUMMY name="spawn_team1_104">
			<POSITION>-1120.00000000 -3448.00000000 976.00000000</POSITION>
			<DIRECTION>-1.00000000 0.00000000 0.00000000</DIRECTION>
		</DUMMY>
		<DUMMY name="spawn_team1_105">
			<POSITION>-1224.00000000 -3448.00000000 976.00000000</POSITION>
			<DIRECTION>-1.00000000 0.00000000 0.00000000</DIRECTION>
		</DUMMY>
		<DUMMY name="spawn_team1_106">
			<POSITION>-1376.00000000 -3448.00000000 976.00000000</POSITION>
			<DIRECTION>-1.00000000 0.00000000 0.00000000</DIRECTION>
		</DUMMY>
		<DUMMY name="spawn_team1_107">
			<POSITION>-1288.00000000 -3504.00000000 976.00000000</POSITION>
			<DIRECTION>-1.00000000 0.00000000 0.00000000</DIRECTION>
		</DUMMY>
		<DUMMY name="spawn_team2_101">
			<POSITION>2568.00000000 2640.00000000 -904.00000000</POSITION>
			<DIRECTION>-1.00000000 0.00000000 0.00000000</DIRECTION>
		</DUMMY>
		<DUMMY name="spawn_team2_102">
			<POSITION>2688.00000000 2640.00000000 -904.00000000</POSITION>
			<DIRECTION>-1.00000000 0.00000000 0.00000000</DIRECTION>
		</DUMMY>
		<DUMMY name="spawn_team2_103">
			<POSITION>2800.00000000 2632.00000000 -904.00000000</POSITION>
			<DIRECTION>-1.00000000 0.00000000 0.00000000</DIRECTION>
		</DUMMY>
		<DUMMY name="spawn_team2_104">
			<POSITION>2888.00000000 2632.00000000 -904.00000000</POSITION>
			<DIRECTION>-1.00000000 0.00000000 0.00000000</DIRECTION>
		</DUMMY>
		<DUMMY name="spawn_team2_105">
			<POSITION>2992.00000000 2632.00000000 -904.00000000</POSITION>
			<DIRECTION>-1.00000000 0.00000000 0.00000000</DIRECTION>
		</DUMMY>
		<DUMMY name="spawn_team2_106">
			<POSITION>3120.00000000 2632.00000000 -904.00000000</POSITION>
			<DIRECTION>-1.00000000 0.00000000 0.00000000</DIRECTION>
		</DUMMY>
		<DUMMY name="spawn_team2_107">
			<POSITION>3112.00000000 2560.00000000 -904.00000000</POSITION>
			<DIRECTION>-1.00000000 0.00000000 0.00000000</DIRECTION>
		</DUMMY>
		<DUMMY name="spawn_team2_108">
			<POSITION>2960.00000000 2544.00000000 -904.00000000</POSITION>
			<DIRECTION>-1.00000000 0.00000000 0.00000000</DIRECTION>
		</DUMMY>
	</DUMMYLIST>
</XML>
