<?xml version="1.0"?>
<XML>
	<GAMETYPE id="solo">
		<SPAWN item="bullet02" timesec="0">
			<POSITION>1800.0000000 1800.0000000 -610.0000000</POSITION>
		</SPAWN>
		<SPAWN item="hp02" timesec="0">
			<POSITION>5000.0000000 1600.0000000 0.0000000</POSITION>
		</SPAWN>
		<SPAWN item="ap02" timesec="0">
			<POSITION>1600.0000000 5000.0000000 0.0000000</POSITION>
		</SPAWN>
		<SPAWN item="hp02" timesec="0">
			<POSITION>-2500.0000000 4000.0000000 0.0000000</POSITION>
		</SPAWN>
		<SPAWN item="ap02" timesec="0">
			<POSITION>4000.0000000 -2500.0000000 0.0000000</POSITION>
		</SPAWN>
</GAMETYPE><GAMETYPE id="team">
		<SPAWN item="ap02" timesec="0">
			<POSITION>1600.0000000 3000.0000000 0.0000000</POSITION>
		</SPAWN>
		<SPAWN item="hp02" timesec="0">
			<POSITION>3000.0000000 1600.0000000 0.0000000</POSITION>
		</SPAWN>
		<SPAWN item="bullet02" timesec="0">
			<POSITION>4000.0000000 4000.0000000 0.0000000</POSITION>
		</SPAWN>
		<SPAWN item="ap02" timesec="0">
			<POSITION>4000.0000000 -2500.0000000 0.0000000</POSITION>
		</SPAWN>
		<SPAWN item="hp02" timesec="0">
			<POSITION>-900.0000000 4000.0000000 0.0000000</POSITION>
		</SPAWN>
</GAMETYPE>
</XML>
