<?xml version="1.0" encoding="UTF-8"?>
<XML>
	<MATERIALLIST>
		<MATERIAL name="snow_sd_snow_var01_big">
			<DIFFUSE>1.00000000 1.00000000 1.00000000</DIFFUSE>
			<AMBIENT>1.00000000 1.00000000 1.00000000</AMBIENT>
			<SPECULAR>1.00000000 1.00000000 1.00000000</SPECULAR>
			<DIFFUSEMAP>snow_sd/snow_var01_big.tga</DIFFUSEMAP>
		</MATERIAL>
		<MATERIAL name="snow_sd_bigrock_rounded_faint">
			<DIFFUSE>1.00000000 1.00000000 1.00000000</DIFFUSE>
			<AMBIENT>1.00000000 1.00000000 1.00000000</AMBIENT>
			<SPECULAR>1.00000000 1.00000000 1.00000000</SPECULAR>
			<DIFFUSEMAP>snow_sd/bigrock_rounded_faint.tga</DIFFUSEMAP>
		</MATERIAL>
		<MATERIAL name="snow_sd_bigrock_rounded_faint">
			<DIFFUSE>1.00000000 1.00000000 1.00000000</DIFFUSE>
			<AMBIENT>1.00000000 1.00000000 1.00000000</AMBIENT>
			<SPECULAR>1.00000000 1.00000000 1.00000000</SPECULAR>
			<DIFFUSEMAP>snow_sd/bigrock_rounded_faint.tga</DIFFUSEMAP>
		</MATERIAL>
		<MATERIAL name="snow_sd_ametal_m04a_snow">
			<DIFFUSE>1.00000000 1.00000000 1.00000000</DIFFUSE>
			<AMBIENT>1.00000000 1.00000000 1.00000000</AMBIENT>
			<SPECULAR>1.00000000 1.00000000 1.00000000</SPECULAR>
			<DIFFUSEMAP>snow_sd/ametal_m04a_snow.tga</DIFFUSEMAP>
		</MATERIAL>
		<MATERIAL name="snow_sd_snow_noisy">
			<DIFFUSE>1.00000000 1.00000000 1.00000000</DIFFUSE>
			<AMBIENT>1.00000000 1.00000000 1.00000000</AMBIENT>
			<SPECULAR>1.00000000 1.00000000 1.00000000</SPECULAR>
			<DIFFUSEMAP>snow_sd/snow_noisy.tga</DIFFUSEMAP>
		</MATERIAL>
		<MATERIAL name="snow_sd_bunkerwall_lrg02">
			<DIFFUSE>1.00000000 1.00000000 1.00000000</DIFFUSE>
			<AMBIENT>1.00000000 1.00000000 1.00000000</AMBIENT>
			<SPECULAR>1.00000000 1.00000000 1.00000000</SPECULAR>
			<DIFFUSEMAP>snow_sd/bunkerwall_lrg02.tga</DIFFUSEMAP>
		</MATERIAL>
		<MATERIAL name="snow_s_window_c05a">
			<DIFFUSE>1.00000000 1.00000000 1.00000000</DIFFUSE>
			<AMBIENT>1.00000000 1.00000000 1.00000000</AMBIENT>
			<SPECULAR>1.00000000 1.00000000 1.00000000</SPECULAR>
			<DIFFUSEMAP>snow/s_window_c05a.jpg</DIFFUSEMAP>
		</MATERIAL>
		<MATERIAL name="metal_misc_ametal_m07a">
			<DIFFUSE>1.00000000 1.00000000 1.00000000</DIFFUSE>
			<AMBIENT>1.00000000 1.00000000 1.00000000</AMBIENT>
			<SPECULAR>1.00000000 1.00000000 1.00000000</SPECULAR>
			<DIFFUSEMAP>metal_misc/ametal_m07a.jpg</DIFFUSEMAP>
		</MATERIAL>
		<MATERIAL name="assault_atool_m02">
			<DIFFUSE>1.00000000 1.00000000 1.00000000</DIFFUSE>
			<AMBIENT>1.00000000 1.00000000 1.00000000</AMBIENT>
			<SPECULAR>1.00000000 1.00000000 1.00000000</SPECULAR>
			<DIFFUSEMAP>assault/atool_m02.jpg</DIFFUSEMAP>
		</MATERIAL>
		<MATERIAL name="e1u1_box1_3">
			<DIFFUSE>1.00000000 1.00000000 1.00000000</DIFFUSE>
			<AMBIENT>1.00000000 1.00000000 1.00000000</AMBIENT>
			<SPECULAR>1.00000000 1.00000000 1.00000000</SPECULAR>
			<DIFFUSEMAP>e1u1/box1_3.tga</DIFFUSEMAP>
		</MATERIAL>
		<MATERIAL name="e1u1_stairs1_1">
			<DIFFUSE>1.00000000 1.00000000 1.00000000</DIFFUSE>
			<AMBIENT>1.00000000 1.00000000 1.00000000</AMBIENT>
			<SPECULAR>1.00000000 1.00000000 1.00000000</SPECULAR>
			<DIFFUSEMAP>e1u1/stairs1_1.tga</DIFFUSEMAP>
		</MATERIAL>
		<MATERIAL name="e1u1_wmtal3_5">
			<DIFFUSE>1.00000000 1.00000000 1.00000000</DIFFUSE>
			<AMBIENT>1.00000000 1.00000000 1.00000000</AMBIENT>
			<SPECULAR>1.00000000 1.00000000 1.00000000</SPECULAR>
			<DIFFUSEMAP>e1u1/wmtal3_5.tga</DIFFUSEMAP>
		</MATERIAL>
		<MATERIAL name="e1u1_flat1_1">
			<DIFFUSE>1.00000000 1.00000000 1.00000000</DIFFUSE>
			<AMBIENT>1.00000000 1.00000000 1.00000000</AMBIENT>
			<SPECULAR>1.00000000 1.00000000 1.00000000</SPECULAR>
			<DIFFUSEMAP>e1u1/flat1_1.tga</DIFFUSEMAP>
		</MATERIAL>
		<MATERIAL name="egypt_floor_sd_wood_c13">
			<DIFFUSE>1.00000000 1.00000000 1.00000000</DIFFUSE>
			<AMBIENT>1.00000000 1.00000000 1.00000000</AMBIENT>
			<SPECULAR>1.00000000 1.00000000 1.00000000</SPECULAR>
			<DIFFUSEMAP>egypt_floor_sd/wood_c13.jpg</DIFFUSEMAP>
		</MATERIAL>
		<MATERIAL name="water_GradientT">
			<DIFFUSE>1.00000000 1.00000000 1.00000000</DIFFUSE>
			<AMBIENT>1.00000000 1.00000000 1.00000000</AMBIENT>
			<SPECULAR>1.00000000 1.00000000 1.00000000</SPECULAR>
			<DIFFUSEMAP>water/GradientT.tga</DIFFUSEMAP>
			<ADDITIVE/>
		</MATERIAL>
		<MATERIAL name="water_Gradient">
			<DIFFUSE>1.00000000 1.00000000 1.00000000</DIFFUSE>
			<AMBIENT>1.00000000 1.00000000 1.00000000</AMBIENT>
			<SPECULAR>1.00000000 1.00000000 1.00000000</SPECULAR>
			<DIFFUSEMAP>water/Gradient.tga</DIFFUSEMAP>
			<ADDITIVE/>
		</MATERIAL>
		<MATERIAL name="water_Gradient12">
			<DIFFUSE>1.00000000 1.00000000 1.00000000</DIFFUSE>
			<AMBIENT>1.00000000 1.00000000 1.00000000</AMBIENT>
			<SPECULAR>1.00000000 1.00000000 1.00000000</SPECULAR>
			<DIFFUSEMAP>water/Gradient12.tga</DIFFUSEMAP>
			<ADDITIVE/>
		</MATERIAL>
	</MATERIALLIST>
	<DUMMYLIST>
		<DUMMY name="spawn_solo_101">
			<POSITION>1744.06000000 -1092.76000000 -1159.36000000</POSITION>
			<DIRECTION>0.00000000 1.00000000 0.00000000</DIRECTION>
		</DUMMY>
		<DUMMY name="spawn_solo_102">
			<POSITION>1588.58000000 -281.56000000 -1159.36000000</POSITION>
			<DIRECTION>0.00000000 1.00000000 0.00000000</DIRECTION>
		</DUMMY>
		<DUMMY name="spawn_solo_103">
			<POSITION>-723.33600000 -2086.48000000 -1159.36000000</POSITION>
			<DIRECTION>0.00000000 1.00000000 0.00000000</DIRECTION>
		</DUMMY>
		<DUMMY name="spawn_solo_104">
			<POSITION>270.38400000 1658.56000000 -1159.36000000</POSITION>
			<DIRECTION>0.00000000 1.00000000 0.00000000</DIRECTION>
		</DUMMY>
		<DUMMY name="spawn_solo_105">
			<POSITION>1879.26000000 1678.84000000 -1159.36000000</POSITION>
			<DIRECTION>0.00000000 1.00000000 0.00000000</DIRECTION>
		</DUMMY>
		<DUMMY name="spawn_solo_106">
			<POSITION>-1629.18000000 -734.48000000 -1159.36000000</POSITION>
			<DIRECTION>0.00000000 1.00000000 0.00000000</DIRECTION>
		</DUMMY>
		<DUMMY name="spawn_solo_107">
			<POSITION>1203.26000000 -1816.08000000 -1159.36000000</POSITION>
			<DIRECTION>0.00000000 1.00000000 0.00000000</DIRECTION>
		</DUMMY>
		<DUMMY name="spawn_solo_108">
			<POSITION>-696.29600000 2199.36000000 -1159.36000000</POSITION>
			<DIRECTION>0.00000000 1.00000000 0.00000000</DIRECTION>
		</DUMMY>
		<DUMMY name="spawn_solo_109">
			<POSITION>47.30400000 36.16000000 -1159.36000000</POSITION>
			<DIRECTION>0.00000000 1.00000000 0.00000000</DIRECTION>
		</DUMMY>
		<DUMMY name="spawn_team1_101">
			<POSITION>-1618.33000000 2060.94000000 -1159.36000000</POSITION>
			<DIRECTION>0.70150655 0.71266301 0.00000000</DIRECTION>
		</DUMMY>
		<DUMMY name="spawn_solo_110">
			<POSITION>-1264.14000000 982.56000000 -1159.36000000</POSITION>
			<DIRECTION>0.00000000 1.00000000 0.00000000</DIRECTION>
		</DUMMY>
		<DUMMY name="spawn_team1_102">
			<POSITION>-1793.79000000 2239.18000000 -1159.36000000</POSITION>
			<DIRECTION>0.70150655 0.71266301 0.00000000</DIRECTION>
		</DUMMY>
		<DUMMY name="spawn_team1_103">
			<POSITION>-1414.19000000 1882.45000000 -1159.36000000</POSITION>
			<DIRECTION>0.70150655 0.71266301 0.00000000</DIRECTION>
		</DUMMY>
		<DUMMY name="spawn_team1_104">
			<POSITION>-1238.73000000 1704.19000000 -1159.36000000</POSITION>
			<DIRECTION>0.70150655 0.71266301 0.00000000</DIRECTION>
		</DUMMY>
		<DUMMY name="spawn_team1_105">
			<POSITION>-1155.10000000 2004.68000000 -1159.36000000</POSITION>
			<DIRECTION>0.70150655 0.71266301 0.00000000</DIRECTION>
		</DUMMY>
		<DUMMY name="spawn_team1_106">
			<POSITION>-1344.79000000 2197.40000000 -1159.36000000</POSITION>
			<DIRECTION>0.70150655 0.71266301 0.00000000</DIRECTION>
		</DUMMY>
		<DUMMY name="spawn_team1_107">
			<POSITION>-1520.25000000 2375.64000000 -1159.36000000</POSITION>
			<DIRECTION>0.70150655 0.71266301 0.00000000</DIRECTION>
		</DUMMY>
		<DUMMY name="spawn_team2_101">
			<POSITION>1839.28000000 -1954.87000000 -1159.36000000</POSITION>
			<DIRECTION>-0.60473396 -0.79642755 0.00000000</DIRECTION>
		</DUMMY>
		<DUMMY name="spawn_team2_102">
			<POSITION>1661.60000000 -2089.76000000 -1159.36000000</POSITION>
			<DIRECTION>-0.60473396 -0.79642755 0.00000000</DIRECTION>
		</DUMMY>
		<DUMMY name="spawn_team2_103">
			<POSITION>1496.21000000 -2240.83000000 -1159.36000000</POSITION>
			<DIRECTION>-0.60473396 -0.79642755 0.00000000</DIRECTION>
		</DUMMY>
		<DUMMY name="spawn_team2_104">
			<POSITION>1334.69000000 -2363.46000000 -1159.36000000</POSITION>
			<DIRECTION>-0.60473396 -0.79642755 0.00000000</DIRECTION>
		</DUMMY>
		<DUMMY name="spawn_team2_105">
			<POSITION>1605.08000000 -1903.52000000 -1159.36000000</POSITION>
			<DIRECTION>-0.60473396 -0.79642755 0.00000000</DIRECTION>
		</DUMMY>
		<DUMMY name="spawn_team2_106">
			<POSITION>1405.87000000 -2054.77000000 -1159.36000000</POSITION>
			<DIRECTION>-0.60473396 -0.79642755 0.00000000</DIRECTION>
		</DUMMY>
		<DUMMY name="spawn_team2_107">
			<POSITION>1244.36000000 -2177.42000000 -1159.36000000</POSITION>
			<DIRECTION>-0.60473396 -0.79642755 0.00000000</DIRECTION>
		</DUMMY>
	</DUMMYLIST>
</XML>
