<?xml version="1.0" encoding="UTF-8"?>
<XML>
	<GAMETYPE id="solo">
<SPAWN item="blueflag" timesec="5000">
<POSITION>-466 2459 336</POSITION>
</SPAWN>
<SPAWN item="redflag" timesec="5000">
<POSITION>127 -4963 -683</POSITION>
</SPAWN>
		<SPAWN item="hp02" timesec="120000">
			<POSITION>509 -4924 -683</POSITION>
		</SPAWN>
		<SPAWN item="hp02" timesec="120000">
			<POSITION>-860 2512 296</POSITION>
		</SPAWN>
		<SPAWN item="ap02" timesec="120000">
			<POSITION>2804 2474 -863</POSITION>
		</SPAWN>

		<SPAWN item="bullet02" timesec="160000">
			<POSITION>-1124 2671 01266</POSITION>
		</SPAWN>
		<SPAWN item="bullet02" timesec="160000">
			<POSITION>-590 4016 -315</POSITION>
		</SPAWN>
		<SPAWN item="ap02" timesec="160000">
			<POSITION>448 -4752 -1144</POSITION>
		</SPAWN>
	</GAMETYPE>

	<GAMETYPE id="team">
<SPAWN item="blueflag" timesec="5000">
<POSITION>-466 2459 336</POSITION>
</SPAWN>
<SPAWN item="redflag" timesec="5000">
<POSITION>127 -4963 -683</POSITION>
</SPAWN>
		<SPAWN item="hp02" timesec="120000">
			<POSITION>-1555 451 -1143</POSITION>
		</SPAWN>
		<SPAWN item="ap02" timesec="120000">
			<POSITION>2610 2126 -863</POSITION>
		</SPAWN>
		<SPAWN item="hp02" timesec="120000">
			<POSITION>-1156 2106 336</POSITION>
		</SPAWN>
		<SPAWN item="bullet02" timesec="160000">
			<POSITION>336 -1834 823</POSITION>
		</SPAWN>
	</GAMETYPE>
</XML>
