[
    {
        "active": true,
        "type": "internal",
        "phrase": "usercp_menu_txt_1",
        "link": "usercp\/myaccount",
        "icon": "account.png",
        "visibility": "user",
        "newtab": false,
        "order": 10
    },
    {
        "active": true,
        "type": "internal",
        "phrase": "usercp_menu_txt_12",
        "link": "active",
        "icon": "usercp_default.png",
        "visibility": "user",
        "newtab": false,
        "order": 20
    },
    {
        "active": true,
        "type": "internal",
        "phrase": "usercp_menu_txt_13",
        "link": "upload",
        "icon": "usercp_default.png",
        "visibility": "user",
        "newtab": false,
        "order": 30
    }
]