<?xml version="1.0"?>
<XML>
	<MATERIALLIST>
			<MATERIAL name="Default">
			<DIFFUSE>0.5882353 0.5882353 0.5882353</DIFFUSE>
			<AMBIENT>true</AMBIENT>
			<SPECULAR>true</SPECULAR>
			<DIFFUSEMAP></DIFFUSEMAP>
		</MATERIAL>
		<MATERIAL name="D-pipe003">
			<DIFFUSE>0.3450980 0.5529410 0.7764710</DIFFUSE>
			<AMBIENT>true</AMBIENT>
			<SPECULAR>true</SPECULAR>
			<DIFFUSEMAP>../prison II/gzd_map_Prison_d-pipe003.bmp.dds</DIFFUSEMAP>
		</MATERIAL>
		<MATERIAL name="Wall001">
			<DIFFUSE>0.5880000 0.5880000 0.5880000</DIFFUSE>
			<AMBIENT>true</AMBIENT>
			<SPECULAR>true</SPECULAR>
			<DIFFUSEMAP>../prison/gzd_map_Prison_wall001.bmp.dds</DIFFUSEMAP>
		</MATERIAL>
		<MATERIAL name="D-pipe001_1">
			<DIFFUSE>0.5880000 0.5880000 0.5880000</DIFFUSE>
			<AMBIENT>true</AMBIENT>
			<SPECULAR>true</SPECULAR>
			<DIFFUSEMAP>../prison II/gzd_map_Prison_d-pipe001_1.bmp.dds</DIFFUSEMAP>
		</MATERIAL>
		<MATERIAL name="Floor001">
			<DIFFUSE>0.5880000 0.5880000 0.5880000</DIFFUSE>
			<AMBIENT>true</AMBIENT>
			<SPECULAR>true</SPECULAR>
			<DIFFUSEMAP>../prison/gzd_map_Prison_floor001.bmp.dds</DIFFUSEMAP>
		</MATERIAL>
		<MATERIAL name="Deco003_1">
			<DIFFUSE>0.5882353 0.5882353 0.5882353</DIFFUSE>
			<AMBIENT>true</AMBIENT>
			<SPECULAR>true</SPECULAR>
			<DIFFUSEMAP>../prison II/gzd_map_Prison_deco003_1.bmp.dds</DIFFUSEMAP>
		</MATERIAL>
		<MATERIAL name="Deco001_1">
			<DIFFUSE>0.6400000 0.6400000 0.6400000</DIFFUSE>
			<AMBIENT>true</AMBIENT>
			<SPECULAR>true</SPECULAR>
			<DIFFUSEMAP>../prison II/gzd_map_Prison_deco001_1.bmp.dds</DIFFUSEMAP>
		</MATERIAL>
	</MATERIALLIST>
	<LIGHTLIST>
		<LIGHT name="Omni01">
			<POSITION>-1.1844646 1707.1187744 315.9140625</POSITION>
			<COLOR>0.9960785 1.0000000 0.8274511</COLOR>
			<INTENSITY>1.0000000</INTENSITY>
			<ATTENUATIONSTART>400.0000000</ATTENUATIONSTART>
			<ATTENUATIONEND>600.0000000</ATTENUATIONEND>
			<CASTSHADOW/>
		</LIGHT>
		<LIGHT name="Omni002">
			<POSITION>928.6307373 1707.1187744 315.9140625</POSITION>
			<COLOR>0.9960785 1.0000000 0.8274511</COLOR>
			<INTENSITY>1.0000000</INTENSITY>
			<ATTENUATIONSTART>300.0000000</ATTENUATIONSTART>
			<ATTENUATIONEND>600.0000000</ATTENUATIONEND>
			<CASTSHADOW/>
		</LIGHT>
		<LIGHT name="Omni003">
			<POSITION>-927.0754395 1707.1187744 315.9140625</POSITION>
			<COLOR>0.9960785 1.0000000 0.8274511</COLOR>
			<INTENSITY>1.0000000</INTENSITY>
			<ATTENUATIONSTART>300.0000000</ATTENUATIONSTART>
			<ATTENUATIONEND>600.0000000</ATTENUATIONEND>
			<CASTSHADOW/>
		</LIGHT>
		<LIGHT name="Omni004">
			<POSITION>-927.0754395 1019.7635498 315.9140625</POSITION>
			<COLOR>0.9960785 1.0000000 0.8274511</COLOR>
			<INTENSITY>1.0000000</INTENSITY>
			<ATTENUATIONSTART>300.0000000</ATTENUATIONSTART>
			<ATTENUATIONEND>600.0000000</ATTENUATIONEND>
			<CASTSHADOW/>
		</LIGHT>
		<LIGHT name="Omni005">
			<POSITION>928.6307373 1019.7635498 315.9140625</POSITION>
			<COLOR>0.9960785 1.0000000 0.8274511</COLOR>
			<INTENSITY>1.0000000</INTENSITY>
			<ATTENUATIONSTART>300.0000000</ATTENUATIONSTART>
			<ATTENUATIONEND>600.0000000</ATTENUATIONEND>
			<CASTSHADOW/>
		</LIGHT>
		<LIGHT name="Omni006">
			<POSITION>-927.0754395 331.7072449 315.9140625</POSITION>
			<COLOR>0.9960785 1.0000000 0.8274511</COLOR>
			<INTENSITY>1.0000000</INTENSITY>
			<ATTENUATIONSTART>300.0000000</ATTENUATIONSTART>
			<ATTENUATIONEND>600.0000000</ATTENUATIONEND>
			<CASTSHADOW/>
		</LIGHT>
		<LIGHT name="Omni007">
			<POSITION>928.6307373 331.7072449 315.9140625</POSITION>
			<COLOR>0.9960785 1.0000000 0.8274511</COLOR>
			<INTENSITY>1.0000000</INTENSITY>
			<ATTENUATIONSTART>300.0000000</ATTENUATIONSTART>
			<ATTENUATIONEND>600.0000000</ATTENUATIONEND>
			<CASTSHADOW/>
		</LIGHT>
		<LIGHT name="Omni008">
			<POSITION>-927.0754395 -355.6120911 315.9140625</POSITION>
			<COLOR>0.9960785 1.0000000 0.8274511</COLOR>
			<INTENSITY>1.0000000</INTENSITY>
			<ATTENUATIONSTART>300.0000000</ATTENUATIONSTART>
			<ATTENUATIONEND>600.0000000</ATTENUATIONEND>
			<CASTSHADOW/>
		</LIGHT>
		<LIGHT name="Omni009">
			<POSITION>928.6307373 -355.6120911 315.9140625</POSITION>
			<COLOR>0.9960785 1.0000000 0.8274511</COLOR>
			<INTENSITY>1.0000000</INTENSITY>
			<ATTENUATIONSTART>300.0000000</ATTENUATIONSTART>
			<ATTENUATIONEND>600.0000000</ATTENUATIONEND>
			<CASTSHADOW/>
		</LIGHT>
		<LIGHT name="Omni010">
			<POSITION>-927.0754395 -1042.3383789 315.9140625</POSITION>
			<COLOR>0.9960785 1.0000000 0.8274511</COLOR>
			<INTENSITY>1.0000000</INTENSITY>
			<ATTENUATIONSTART>300.0000000</ATTENUATIONSTART>
			<ATTENUATIONEND>600.0000000</ATTENUATIONEND>
			<CASTSHADOW/>
		</LIGHT>
		<LIGHT name="Omni011">
			<POSITION>928.6307373 -1042.3383789 315.9140625</POSITION>
			<COLOR>0.9960785 1.0000000 0.8274511</COLOR>
			<INTENSITY>1.0000000</INTENSITY>
			<ATTENUATIONSTART>300.0000000</ATTENUATIONSTART>
			<ATTENUATIONEND>600.0000000</ATTENUATIONEND>
			<CASTSHADOW/>
		</LIGHT>
		<LIGHT name="Omni012">
			<POSITION>-927.0754395 -1732.1044922 315.9140625</POSITION>
			<COLOR>0.9960785 1.0000000 0.8274511</COLOR>
			<INTENSITY>1.0000000</INTENSITY>
			<ATTENUATIONSTART>300.0000000</ATTENUATIONSTART>
			<ATTENUATIONEND>600.0000000</ATTENUATIONEND>
			<CASTSHADOW/>
		</LIGHT>
		<LIGHT name="Omni013">
			<POSITION>928.6307373 -1732.1044922 315.9140625</POSITION>
			<COLOR>0.9960785 1.0000000 0.8274511</COLOR>
			<INTENSITY>1.0000000</INTENSITY>
			<ATTENUATIONSTART>300.0000000</ATTENUATIONSTART>
			<ATTENUATIONEND>600.0000000</ATTENUATIONEND>
			<CASTSHADOW/>
		</LIGHT>
		<LIGHT name="Omni014">
			<POSITION>-1.1844646 -1731.9102783 315.9140625</POSITION>
			<COLOR>0.9960785 1.0000000 0.8274511</COLOR>
			<INTENSITY>1.0000000</INTENSITY>
			<ATTENUATIONSTART>400.0000000</ATTENUATIONSTART>
			<ATTENUATIONEND>600.0000000</ATTENUATIONEND>
			<CASTSHADOW/>
		</LIGHT>
		<LIGHT name="Omni015">
			<POSITION>-1.1844646 -1025.7934570 268.6685791</POSITION>
			<COLOR>1.0000000 1.0000000 0.8862746</COLOR>
			<INTENSITY>0.6000000</INTENSITY>
			<ATTENUATIONSTART>200.0000000</ATTENUATIONSTART>
			<ATTENUATIONEND>500.0000000</ATTENUATIONEND>
			<CASTSHADOW/>
		</LIGHT>
		<LIGHT name="Omni016">
			<POSITION>-1.1844646 -337.8217163 268.6685791</POSITION>
			<COLOR>1.0000000 1.0000000 0.8862746</COLOR>
			<INTENSITY>0.6000000</INTENSITY>
			<ATTENUATIONSTART>200.0000000</ATTENUATIONSTART>
			<ATTENUATIONEND>500.0000000</ATTENUATIONEND>
			<CASTSHADOW/>
		</LIGHT>
		<LIGHT name="Omni017">
			<POSITION>-1.1844646 349.3796692 268.6685791</POSITION>
			<COLOR>1.0000000 1.0000000 0.8862746</COLOR>
			<INTENSITY>0.6000000</INTENSITY>
			<ATTENUATIONSTART>200.0000000</ATTENUATIONSTART>
			<ATTENUATIONEND>500.0000000</ATTENUATIONEND>
			<CASTSHADOW/>
		</LIGHT>
		<LIGHT name="Omni018">
			<POSITION>-1.1844646 1038.3771973 268.6685791</POSITION>
			<COLOR>1.0000000 1.0000000 0.8862746</COLOR>
			<INTENSITY>0.6000000</INTENSITY>
			<ATTENUATIONSTART>200.0000000</ATTENUATIONSTART>
			<ATTENUATIONEND>500.0000000</ATTENUATIONEND>
			<CASTSHADOW/>
		</LIGHT>
		<LIGHT name="Omni019">
			<POSITION>404.5450745 -1731.9102783 165.2673340</POSITION>
			<COLOR>0.9960785 1.0000000 0.8274511</COLOR>
			<INTENSITY>0.2000000</INTENSITY>
			<ATTENUATIONSTART>200.0000000</ATTENUATIONSTART>
			<ATTENUATIONEND>500.0000000</ATTENUATIONEND>
		</LIGHT>
		<LIGHT name="Omni020">
			<POSITION>-425.0033264 -1731.9102783 165.2673340</POSITION>
			<COLOR>0.9960785 1.0000000 0.8274511</COLOR>
			<INTENSITY>0.2000000</INTENSITY>
			<ATTENUATIONSTART>200.0000000</ATTENUATIONSTART>
			<ATTENUATIONEND>500.0000000</ATTENUATIONEND>
		</LIGHT>
		<LIGHT name="Omni021">
			<POSITION>404.5450745 1713.2557373 165.2673340</POSITION>
			<COLOR>0.9960785 1.0000000 0.8274511</COLOR>
			<INTENSITY>0.2000000</INTENSITY>
			<ATTENUATIONSTART>200.0000000</ATTENUATIONSTART>
			<ATTENUATIONEND>500.0000000</ATTENUATIONEND>
		</LIGHT>
		<LIGHT name="Omni022">
			<POSITION>-425.0033264 1713.2557373 165.2673340</POSITION>
			<COLOR>0.9960785 1.0000000 0.8274511</COLOR>
			<INTENSITY>0.2000000</INTENSITY>
			<ATTENUATIONSTART>200.0000000</ATTENUATIONSTART>
			<ATTENUATIONEND>500.0000000</ATTENUATIONEND>
		</LIGHT>
	</LIGHTLIST>
	<OBJECTLIST>
	</OBJECTLIST>
	<DUMMYLIST>
		<DUMMY name="spawn_solo_101">
			<POSITION>9.1689301 1729.3830566 106.8548126</POSITION>
			<DIRECTION>-0.0000000 0.9999999 0.0000000</DIRECTION>
		</DUMMY>
		<DUMMY name="spawn_solo_102">
			<POSITION>9.1689301 -1748.1679688 106.8548126</POSITION>
			<DIRECTION>-0.0000000 0.9999999 0.0000000</DIRECTION>
		</DUMMY>
		<DUMMY name="spawn_team2_101">
			<POSITION>195.6691589 -1520.4863281 106.8548126</POSITION>
			<DIRECTION>-0.0000000 0.9999999 0.0000000</DIRECTION>
		</DUMMY>
		<DUMMY name="spawn_team2_102">
			<POSITION>-210.9085388 -1520.4863281 106.8548126</POSITION>
			<DIRECTION>-0.0000000 0.9999999 0.0000000</DIRECTION>
		</DUMMY>
		<DUMMY name="spawn_team2_103">
			<POSITION>-210.9085388 -1958.1787109 106.8548126</POSITION>
			<DIRECTION>-0.0000000 0.9999999 0.0000000</DIRECTION>
		</DUMMY>
		<DUMMY name="spawn_team2_104">
			<POSITION>195.6008606 -1958.1787109 106.8548126</POSITION>
			<DIRECTION>-0.0000000 0.9999999 0.0000000</DIRECTION>
		</DUMMY>
		<DUMMY name="spawn_team1_102">
			<POSITION>-210.9085388 1489.2978516 106.8548126</POSITION>
			<DIRECTION>-0.0000000 0.9999999 0.0000000</DIRECTION>
		</DUMMY>
		<DUMMY name="spawn_team1_103">
			<POSITION>-210.9085388 1926.9902344 106.8548126</POSITION>
			<DIRECTION>-0.0000000 0.9999999 0.0000000</DIRECTION>
		</DUMMY>
		<DUMMY name="spawn_team1_101">
			<POSITION>195.6008606 1489.2978516 106.8548126</POSITION>
			<DIRECTION>-0.0000000 0.9999999 0.0000000</DIRECTION>
		</DUMMY>
		<DUMMY name="spawn_team1_104">
			<POSITION>195.6691589 1926.9902344 106.8548126</POSITION>
			<DIRECTION>-0.0000000 0.9999999 0.0000000</DIRECTION>
		</DUMMY>
	</DUMMYLIST>
	<OCCLUSIONLIST>
	</OCCLUSIONLIST>
	<AMBIENTSOUNDLIST>
	</AMBIENTSOUNDLIST>
	<GLOBAL>
		<license>student</license>
	</GLOBAL>
</XML>
