<?xml version="1.0"?>
<XML>
	<GAMETYPE id="solo">
		<SPAWN item="bullet02" timesec="45000">
			<POSITION>-3369.9816895 107.6977539 300.0000000</POSITION>
		</SPAWN>
		<SPAWN item="ap03" timesec="45000">
			<POSITION>-3941.0378418 -1781.7968750 821.0701294</POSITION>
		</SPAWN>
		<SPAWN item="hp03" timesec="45000">
			<POSITION>3217.4130859 2769.1140137 -410.6282959</POSITION>
		</SPAWN>
		<SPAWN item="hp02" timesec="30000">
			<POSITION>-990.2953491 35.8316956 833.0192871</POSITION>
		</SPAWN>
		<SPAWN item="ap03" timesec="45000">
			<POSITION>4646.6494141 84.6007080 -410.6283569</POSITION>
		</SPAWN>
		<SPAWN item="hp03" timesec="45000">
			<POSITION>-2266.8906250 -4075.9592285 -410.6286621</POSITION>
		</SPAWN>
		<SPAWN item="hp02" timesec="30000">
			<POSITION>1932.0458984 -3046.4060059 -410.6286621</POSITION>
		</SPAWN>
		<SPAWN item="bullet02" timesec="45000">
			<POSITION>2135.0583496 -1580.5131836 -173.7171021</POSITION>
		</SPAWN>
		<SPAWN item="bullet02" timesec="45000">
			<POSITION>4896.4731445 2901.6054688 -410.6282959</POSITION>
		</SPAWN>
		<SPAWN item="bullet02" timesec="45000">
			<POSITION>-3870.2846680 -4615.1752930 -410.6282959</POSITION>
		</SPAWN>
</GAMETYPE><GAMETYPE id="team">
		<SPAWN item="bullet02" timesec="45000">
			<POSITION>-668.5640869 35.8902855 300.0000000</POSITION>
		</SPAWN>
		<SPAWN item="bullet02" timesec="45000">
			<POSITION>2135.9755859 -3046.4060059 -410.6286621</POSITION>
		</SPAWN>
</GAMETYPE>
</XML>
