<?xml version="1.0" encoding="UTF-8"?>
<XML>
	<MATERIALLIST>
		<MATERIAL name="common_AzulWall">
			<DIFFUSE>1.00000000 1.00000000 1.00000000</DIFFUSE>
			<AMBIENT>1.00000000 1.00000000 1.00000000</AMBIENT>
			<SPECULAR>1.00000000 1.00000000 1.00000000</SPECULAR>
			<DIFFUSEMAP>common/AzulWall.jpg</DIFFUSEMAP>
		</MATERIAL>
		<MATERIAL name="common_hullwall">
			<DIFFUSE>1.00000000 1.00000000 1.00000000</DIFFUSE>
			<AMBIENT>1.00000000 1.00000000 1.00000000</AMBIENT>
			<SPECULAR>1.00000000 1.00000000 1.00000000</SPECULAR>
			<DIFFUSEMAP>common/hullwall.jpg</DIFFUSEMAP>
		</MATERIAL>
		<MATERIAL name="common_tileablewall">
			<DIFFUSE>1.00000000 1.00000000 1.00000000</DIFFUSE>
			<AMBIENT>1.00000000 1.00000000 1.00000000</AMBIENT>
			<SPECULAR>1.00000000 1.00000000 1.00000000</SPECULAR>
			<DIFFUSEMAP>common/tileablewall.jpg</DIFFUSEMAP>
		</MATERIAL>
		<MATERIAL name="fetamale_infierno2">
			<DIFFUSE>1.00000000 1.00000000 1.00000000</DIFFUSE>
			<AMBIENT>1.00000000 1.00000000 1.00000000</AMBIENT>
			<SPECULAR>1.00000000 1.00000000 1.00000000</SPECULAR>
			<DIFFUSEMAP>fetamale/infierno2.jpg</DIFFUSEMAP>
		</MATERIAL>
		<MATERIAL name="fetamale_lava02">
			<DIFFUSE>1.00000000 1.00000000 1.00000000</DIFFUSE>
			<AMBIENT>1.00000000 1.00000000 1.00000000</AMBIENT>
			<SPECULAR>1.00000000 1.00000000 1.00000000</SPECULAR>
			<DIFFUSEMAP>fetamale/lava02.jpg</DIFFUSEMAP>
		</MATERIAL>
		<MATERIAL name="outros_Secret1">
			<DIFFUSE>1.00000000 1.00000000 1.00000000</DIFFUSE>
			<AMBIENT>1.00000000 1.00000000 1.00000000</AMBIENT>
			<SPECULAR>1.00000000 1.00000000 1.00000000</SPECULAR>
			<DIFFUSEMAP>outros/Secret1.jpg</DIFFUSEMAP>
		</MATERIAL>
	</MATERIALLIST>
	<DUMMYLIST>
		<DUMMY name="feta-animationv2">
			<POSITION>14408.90000000 -16976.70000000 6115.00000000</POSITION>
			<DIRECTION>-0.70866624 0.70554388 0.00000000</DIRECTION>
		</DUMMY>
		<DUMMY name="spawn_team1_101">
			<POSITION>19845.80000000 -11563.70000000 6115.00000000</POSITION>
			<DIRECTION>-0.70866624 0.70554388 0.00000000</DIRECTION>
		</DUMMY>
		<DUMMY name="spawn_team1_102">
			<POSITION>-9735.00000000 -15437.00000000 16.00000000</POSITION>
			<DIRECTION>-1.00000000 0.00000000 0.00000000</DIRECTION>
		</DUMMY>
		<DUMMY name="spawn_solo_101">
			<POSITION>-9952.50000000 -16630.30000000 16.00000000</POSITION>
			<DIRECTION>0.01123794 -0.99993685 0.00000000</DIRECTION>
		</DUMMY>
	</DUMMYLIST>
<OBJECTLIST>
         <OBJECT name="feta-animationv2.elu">
         </OBJECT>
      </OBJECTLIST>
<FOG min="0" max="30000">
		<R>15</R>
		<G>147</G>
		<B>155</B>
	</FOG>
</XML>
