<?xml version="1.0" encoding="UTF-8"?>
<XML>
	<MATERIALLIST>
		<MATERIAL name="mercy_floor_concrete_green3">
			<DIFFUSE>1.00000000 1.00000000 1.00000000</DIFFUSE>
			<AMBIENT>1.00000000 1.00000000 1.00000000</AMBIENT>
			<SPECULAR>1.00000000 1.00000000 1.00000000</SPECULAR>
			<DIFFUSEMAP>mercy/floor_concrete_green3.jpg</DIFFUSEMAP>
		</MATERIAL>
		<MATERIAL name="mercy_floor_concrete_white3">
			<DIFFUSE>1.00000000 1.00000000 1.00000000</DIFFUSE>
			<AMBIENT>1.00000000 1.00000000 1.00000000</AMBIENT>
			<SPECULAR>1.00000000 1.00000000 1.00000000</SPECULAR>
			<DIFFUSEMAP>mercy/floor_concrete_white3.jpg</DIFFUSEMAP>
		</MATERIAL>
		<MATERIAL name="mercy_decal_trin_green">
			<DIFFUSE>1.00000000 1.00000000 1.00000000</DIFFUSE>
			<AMBIENT>1.00000000 1.00000000 1.00000000</AMBIENT>
			<SPECULAR>1.00000000 1.00000000 1.00000000</SPECULAR>
			<DIFFUSEMAP>mercy/decal_trin_green.tga</DIFFUSEMAP>
			<USEOPACITY/> 
			<USEALPHATEST/> 
			<TWOSIDED/> 
			<ADDITIVE/>
		</MATERIAL>
		<MATERIAL name="mercy_wall_brick_white">
			<DIFFUSE>1.00000000 1.00000000 1.00000000</DIFFUSE>
			<AMBIENT>1.00000000 1.00000000 1.00000000</AMBIENT>
			<SPECULAR>1.00000000 1.00000000 1.00000000</SPECULAR>
			<DIFFUSEMAP>mercy/wall_brick_white.jpg</DIFFUSEMAP>
		</MATERIAL>
		<MATERIAL name="mercy_wall_brick_green">
			<DIFFUSE>1.00000000 1.00000000 1.00000000</DIFFUSE>
			<AMBIENT>1.00000000 1.00000000 1.00000000</AMBIENT>
			<SPECULAR>1.00000000 1.00000000 1.00000000</SPECULAR>
			<DIFFUSEMAP>mercy/wall_brick_green.jpg</DIFFUSEMAP>
		</MATERIAL>
		<MATERIAL name="mercy_wall_concrete_white">
			<DIFFUSE>1.00000000 1.00000000 1.00000000</DIFFUSE>
			<AMBIENT>1.00000000 1.00000000 1.00000000</AMBIENT>
			<SPECULAR>1.00000000 1.00000000 1.00000000</SPECULAR>
			<DIFFUSEMAP>mercy/wall_concrete_white.jpg</DIFFUSEMAP>
		</MATERIAL>
		<MATERIAL name="mercy_wall_concrete_green">
			<DIFFUSE>1.00000000 1.00000000 1.00000000</DIFFUSE>
			<AMBIENT>1.00000000 1.00000000 1.00000000</AMBIENT>
			<SPECULAR>1.00000000 1.00000000 1.00000000</SPECULAR>
			<DIFFUSEMAP>mercy/wall_concrete_green.jpg</DIFFUSEMAP>
		</MATERIAL>
		<MATERIAL name="mercy_banner_blueweap4">
			<DIFFUSE>1.00000000 1.00000000 1.00000000</DIFFUSE>
			<AMBIENT>1.00000000 1.00000000 1.00000000</AMBIENT>
			<SPECULAR>1.00000000 1.00000000 1.00000000</SPECULAR>
			<DIFFUSEMAP>mercy/banner_blueweap4.tga</DIFFUSEMAP>
		</MATERIAL>
		<MATERIAL name="mercy_banner_blueweap6">
			<DIFFUSE>1.00000000 1.00000000 1.00000000</DIFFUSE>
			<AMBIENT>1.00000000 1.00000000 1.00000000</AMBIENT>
			<SPECULAR>1.00000000 1.00000000 1.00000000</SPECULAR>
			<DIFFUSEMAP>mercy/banner_blueweap6.tga</DIFFUSEMAP>
		</MATERIAL>
		<MATERIAL name="mercy_banner_redweap4">
			<DIFFUSE>1.00000000 1.00000000 1.00000000</DIFFUSE>
			<AMBIENT>1.00000000 1.00000000 1.00000000</AMBIENT>
			<SPECULAR>1.00000000 1.00000000 1.00000000</SPECULAR>
			<DIFFUSEMAP>mercy/banner_redweap4.tga</DIFFUSEMAP>
		</MATERIAL>
		<MATERIAL name="mercy_banner_redweap5">
			<DIFFUSE>1.00000000 1.00000000 1.00000000</DIFFUSE>
			<AMBIENT>1.00000000 1.00000000 1.00000000</AMBIENT>
			<SPECULAR>1.00000000 1.00000000 1.00000000</SPECULAR>
			<DIFFUSEMAP>mercy/banner_redweap5.tga</DIFFUSEMAP>
		</MATERIAL>
		<MATERIAL name="mercy_banner_redweap6">
			<DIFFUSE>1.00000000 1.00000000 1.00000000</DIFFUSE>
			<AMBIENT>1.00000000 1.00000000 1.00000000</AMBIENT>
			<SPECULAR>1.00000000 1.00000000 1.00000000</SPECULAR>
			<DIFFUSEMAP>mercy/banner_redweap6.tga</DIFFUSEMAP>
		</MATERIAL>
		<MATERIAL name="mercy_banner_blueweap5">
			<DIFFUSE>1.00000000 1.00000000 1.00000000</DIFFUSE>
			<AMBIENT>1.00000000 1.00000000 1.00000000</AMBIENT>
			<SPECULAR>1.00000000 1.00000000 1.00000000</SPECULAR>
			<DIFFUSEMAP>mercy/banner_blueweap5.tga</DIFFUSEMAP>
		</MATERIAL>
		<MATERIAL name="mercy_decal_arrow_green">
			<DIFFUSE>1.00000000 1.00000000 1.00000000</DIFFUSE>
			<AMBIENT>1.00000000 1.00000000 1.00000000</AMBIENT>
			<SPECULAR>1.00000000 1.00000000 1.00000000</SPECULAR>
			<DIFFUSEMAP>mercy/decal_arrow_green.tga</DIFFUSEMAP>
			<USEOPACITY/> 
			<USEALPHATEST/> 
			<TWOSIDED/> 
			<ADDITIVE/>
		</MATERIAL>
		<MATERIAL name="Nick_Placas_NickMaper">
			<DIFFUSE>1.00000000 1.00000000 1.00000000</DIFFUSE>
			<AMBIENT>1.00000000 1.00000000 1.00000000</AMBIENT>
			<SPECULAR>1.00000000 1.00000000 1.00000000</SPECULAR>
			<DIFFUSEMAP>Nick_Placas/NickMaper.jpg</DIFFUSEMAP>
		</MATERIAL>
		<MATERIAL name="mercy_wall_concrete_green_dark">
			<DIFFUSE>1.00000000 1.00000000 1.00000000</DIFFUSE>
			<AMBIENT>1.00000000 1.00000000 1.00000000</AMBIENT>
			<SPECULAR>1.00000000 1.00000000 1.00000000</SPECULAR>
			<DIFFUSEMAP>mercy/wall_concrete_green_dark.jpg</DIFFUSEMAP>
		</MATERIAL>
		<MATERIAL name="mercy_wall_concrete_green_darken">
			<DIFFUSE>1.00000000 1.00000000 1.00000000</DIFFUSE>
			<AMBIENT>1.00000000 1.00000000 1.00000000</AMBIENT>
			<SPECULAR>1.00000000 1.00000000 1.00000000</SPECULAR>
			<DIFFUSEMAP>mercy/wall_concrete_green_darken.jpg</DIFFUSEMAP>
		</MATERIAL>
		<MATERIAL name="Shaders_PlasmaLight">
			<DIFFUSE>1.00000000 1.00000000 1.00000000</DIFFUSE>
			<AMBIENT>1.00000000 1.00000000 1.00000000</AMBIENT>
			<SPECULAR>1.00000000 1.00000000 1.00000000</SPECULAR>
			<DIFFUSEMAP>Shaders/PlasmaLight.tga</DIFFUSEMAP>
			<TWOSIDED/> 
			<ADDITIVE/>
		</MATERIAL>
	</MATERIALLIST>
	<DUMMYLIST>
		<DUMMY name="spawn_solo_101">
			<POSITION>-8.00000000 32.00000000 8.00000000</POSITION>
			<DIRECTION>-1.00000000 0.00000000 0.00000000</DIRECTION>
		</DUMMY>
		<DUMMY name="spawn_team1_101">
			<POSITION>2392.00000000 448.00000000 8.00000000</POSITION>
			<DIRECTION>-1.00000000 0.00000000 0.00000000</DIRECTION>
		</DUMMY>
		<DUMMY name="spawn_solo_102">
			<POSITION>2312.00000000 80.00000000 8.00000000</POSITION>
			<DIRECTION>-1.00000000 0.00000000 0.00000000</DIRECTION>
		</DUMMY>
		<DUMMY name="spawn_solo_103">
			<POSITION>-440.00000000 712.00000000 8.00000000</POSITION>
			<DIRECTION>-1.00000000 0.00000000 0.00000000</DIRECTION>
		</DUMMY>
		<DUMMY name="spawn_solo_104">
			<POSITION>656.00000000 -240.00000000 8.00000000</POSITION>
			<DIRECTION>-1.00000000 0.00000000 0.00000000</DIRECTION>
		</DUMMY>
		<DUMMY name="obj_sky_daylight">
			<POSITION>-4.1193156 0.0000000 4.2378502</POSITION>
			<DIRECTION>0.0000000 -1.8750000 0.0000000</DIRECTION>
		</DUMMY>
		<DUMMY name="sun_Dummy">
			<POSITION>2304.1613770 -4202.5058594 7428.8769531</POSITION>
			<DIRECTION>0.9999999 -0.0000001 0.0000000</DIRECTION>
		</DUMMY>
	</DUMMYLIST>
	<OBJECTLIST>
		<OBJECT name="Mercy_obj_sky_daylight.elu">
		</OBJECT>
	</OBJECTLIST>


			<FOG min="0" max="996500">
				      <R>181</R>
				      <G>245</G>
				      <B>244</B>
			</FOG>
</XML>
