<?xml version="1.0" encoding="UTF-8"?>
<XML>
	<MATERIALLIST>
		<MATERIAL name="Minecraft_HD_log_top">
			<DIFFUSE>1.00000000 1.00000000 1.00000000</DIFFUSE>
			<AMBIENT>1.00000000 1.00000000 1.00000000</AMBIENT>
			<SPECULAR>1.00000000 1.00000000 1.00000000</SPECULAR>
			<DIFFUSEMAP>Minecraft_HD/log_top.jpg</DIFFUSEMAP>
		</MATERIAL>
		<MATERIAL name="Minecraft_HD_log">
			<DIFFUSE>1.00000000 1.00000000 1.00000000</DIFFUSE>
			<AMBIENT>1.00000000 1.00000000 1.00000000</AMBIENT>
			<SPECULAR>1.00000000 1.00000000 1.00000000</SPECULAR>
			<DIFFUSEMAP>Minecraft_HD/log.jpg</DIFFUSEMAP>
		</MATERIAL>
		<MATERIAL name="Minecraft_HD_Glass">
			<DIFFUSE>1.00000000 1.00000000 1.00000000</DIFFUSE>
			<AMBIENT>1.00000000 1.00000000 1.00000000</AMBIENT>
			<SPECULAR>1.00000000 1.00000000 1.00000000</SPECULAR>
			<DIFFUSEMAP>Minecraft_HD/Glass.png</DIFFUSEMAP>
			<TWOSIDED/>
			<USEOPACITY/>
			<USEALPHATEST/>
		</MATERIAL>
		<MATERIAL name="Minecraft_HD_stone">
			<DIFFUSE>1.00000000 1.00000000 1.00000000</DIFFUSE>
			<AMBIENT>1.00000000 1.00000000 1.00000000</AMBIENT>
			<SPECULAR>1.00000000 1.00000000 1.00000000</SPECULAR>
			<DIFFUSEMAP>Minecraft_HD/stone.jpg</DIFFUSEMAP>
		</MATERIAL>
		<MATERIAL name="Minecraft_HD_stoneslab_top">
			<DIFFUSE>1.00000000 1.00000000 1.00000000</DIFFUSE>
			<AMBIENT>1.00000000 1.00000000 1.00000000</AMBIENT>
			<SPECULAR>1.00000000 1.00000000 1.00000000</SPECULAR>
			<DIFFUSEMAP>Minecraft_HD/stoneslab_top.jpg</DIFFUSEMAP>
		</MATERIAL>
		<MATERIAL name="Minecraft_HD_stoneslab">
			<DIFFUSE>1.00000000 1.00000000 1.00000000</DIFFUSE>
			<AMBIENT>1.00000000 1.00000000 1.00000000</AMBIENT>
			<SPECULAR>1.00000000 1.00000000 1.00000000</SPECULAR>
			<DIFFUSEMAP>Minecraft_HD/stoneslab.jpg</DIFFUSEMAP>
		</MATERIAL>
		<MATERIAL name="Minecraft_HD_torchefix">
			<DIFFUSE>1.00000000 1.00000000 1.00000000</DIFFUSE>
			<AMBIENT>1.00000000 1.00000000 1.00000000</AMBIENT>
			<SPECULAR>1.00000000 1.00000000 1.00000000</SPECULAR>
			<DIFFUSEMAP>Minecraft_HD/torchefix.png</DIFFUSEMAP>
		</MATERIAL>
		<MATERIAL name="Minecraft_HD_wood">
			<DIFFUSE>1.00000000 1.00000000 1.00000000</DIFFUSE>
			<AMBIENT>1.00000000 1.00000000 1.00000000</AMBIENT>
			<SPECULAR>1.00000000 1.00000000 1.00000000</SPECULAR>
			<DIFFUSEMAP>Minecraft_HD/wood.jpg</DIFFUSEMAP>
		</MATERIAL>
		<MATERIAL name="Minecraft_HD_brick">
			<DIFFUSE>1.00000000 1.00000000 1.00000000</DIFFUSE>
			<AMBIENT>1.00000000 1.00000000 1.00000000</AMBIENT>
			<SPECULAR>1.00000000 1.00000000 1.00000000</SPECULAR>
			<DIFFUSEMAP>Minecraft_HD/brick.jpg</DIFFUSEMAP>
		</MATERIAL>
		<MATERIAL name="Minecraft_HD_grass_top">
			<DIFFUSE>1.00000000 1.00000000 1.00000000</DIFFUSE>
			<AMBIENT>1.00000000 1.00000000 1.00000000</AMBIENT>
			<SPECULAR>1.00000000 1.00000000 1.00000000</SPECULAR>
			<DIFFUSEMAP>Minecraft_HD/grass_top.png</DIFFUSEMAP>
		</MATERIAL>
		<MATERIAL name="Minecraft_HD_grass">
			<DIFFUSE>1.00000000 1.00000000 1.00000000</DIFFUSE>
			<AMBIENT>1.00000000 1.00000000 1.00000000</AMBIENT>
			<SPECULAR>1.00000000 1.00000000 1.00000000</SPECULAR>
			<DIFFUSEMAP>Minecraft_HD/grass.jpg</DIFFUSEMAP>
		</MATERIAL>
		<MATERIAL name="Minecraft_HD_chest_top">
			<DIFFUSE>1.00000000 1.00000000 1.00000000</DIFFUSE>
			<AMBIENT>1.00000000 1.00000000 1.00000000</AMBIENT>
			<SPECULAR>1.00000000 1.00000000 1.00000000</SPECULAR>
			<DIFFUSEMAP>Minecraft_HD/chest_top.jpg</DIFFUSEMAP>
		</MATERIAL>
		<MATERIAL name="Minecraft_HD_chest_double1">
			<DIFFUSE>1.00000000 1.00000000 1.00000000</DIFFUSE>
			<AMBIENT>1.00000000 1.00000000 1.00000000</AMBIENT>
			<SPECULAR>1.00000000 1.00000000 1.00000000</SPECULAR>
			<DIFFUSEMAP>Minecraft_HD/chest_double1.jpg</DIFFUSEMAP>
		</MATERIAL>
		<MATERIAL name="Minecraft_HD_chest_double2">
			<DIFFUSE>1.00000000 1.00000000 1.00000000</DIFFUSE>
			<AMBIENT>1.00000000 1.00000000 1.00000000</AMBIENT>
			<SPECULAR>1.00000000 1.00000000 1.00000000</SPECULAR>
			<DIFFUSEMAP>Minecraft_HD/chest_double2.jpg</DIFFUSEMAP>
		</MATERIAL>
		<MATERIAL name="Minecraft_HD_chest_side">
			<DIFFUSE>1.00000000 1.00000000 1.00000000</DIFFUSE>
			<AMBIENT>1.00000000 1.00000000 1.00000000</AMBIENT>
			<SPECULAR>1.00000000 1.00000000 1.00000000</SPECULAR>
			<DIFFUSEMAP>Minecraft_HD/chest_side.jpg</DIFFUSEMAP>
		</MATERIAL>
		<MATERIAL name="Minecraft_HD_furnacetop">
			<DIFFUSE>1.00000000 1.00000000 1.00000000</DIFFUSE>
			<AMBIENT>1.00000000 1.00000000 1.00000000</AMBIENT>
			<SPECULAR>1.00000000 1.00000000 1.00000000</SPECULAR>
			<DIFFUSEMAP>Minecraft_HD/furnacetop.jpg</DIFFUSEMAP>
		</MATERIAL>
		<MATERIAL name="Minecraft_HD_dispenser">
			<DIFFUSE>1.00000000 1.00000000 1.00000000</DIFFUSE>
			<AMBIENT>1.00000000 1.00000000 1.00000000</AMBIENT>
			<SPECULAR>1.00000000 1.00000000 1.00000000</SPECULAR>
			<DIFFUSEMAP>Minecraft_HD/dispenser.jpg</DIFFUSEMAP>
		</MATERIAL>
		<MATERIAL name="Minecraft_HD_workb_2">
			<DIFFUSE>1.00000000 1.00000000 1.00000000</DIFFUSE>
			<AMBIENT>1.00000000 1.00000000 1.00000000</AMBIENT>
			<SPECULAR>1.00000000 1.00000000 1.00000000</SPECULAR>
			<DIFFUSEMAP>Minecraft_HD/workb_2.jpg</DIFFUSEMAP>
		</MATERIAL>
		<MATERIAL name="Minecraft_HD_furnace2">
			<DIFFUSE>1.00000000 1.00000000 1.00000000</DIFFUSE>
			<AMBIENT>1.00000000 1.00000000 1.00000000</AMBIENT>
			<SPECULAR>1.00000000 1.00000000 1.00000000</SPECULAR>
			<DIFFUSEMAP>Minecraft_HD/furnace2.jpg</DIFFUSEMAP>
		</MATERIAL>
		<MATERIAL name="Minecraft_HD_furnace1">
			<DIFFUSE>1.00000000 1.00000000 1.00000000</DIFFUSE>
			<AMBIENT>1.00000000 1.00000000 1.00000000</AMBIENT>
			<SPECULAR>1.00000000 1.00000000 1.00000000</SPECULAR>
			<DIFFUSEMAP>Minecraft_HD/furnace1.jpg</DIFFUSEMAP>
		</MATERIAL>
		<MATERIAL name="Minecraft_HD_furnace">
			<DIFFUSE>1.00000000 1.00000000 1.00000000</DIFFUSE>
			<AMBIENT>1.00000000 1.00000000 1.00000000</AMBIENT>
			<SPECULAR>1.00000000 1.00000000 1.00000000</SPECULAR>
			<DIFFUSEMAP>Minecraft_HD/furnace.jpg</DIFFUSEMAP>
		</MATERIAL>
		<MATERIAL name="Minecraft_HD_JukeboxTop">
			<DIFFUSE>1.00000000 1.00000000 1.00000000</DIFFUSE>
			<AMBIENT>1.00000000 1.00000000 1.00000000</AMBIENT>
			<SPECULAR>1.00000000 1.00000000 1.00000000</SPECULAR>
			<DIFFUSEMAP>Minecraft_HD/JukeboxTop.jpg</DIFFUSEMAP>
		</MATERIAL>
		<MATERIAL name="Minecraft_HD_Jukebox">
			<DIFFUSE>1.00000000 1.00000000 1.00000000</DIFFUSE>
			<AMBIENT>1.00000000 1.00000000 1.00000000</AMBIENT>
			<SPECULAR>1.00000000 1.00000000 1.00000000</SPECULAR>
			<DIFFUSEMAP>Minecraft_HD/Jukebox.jpg</DIFFUSEMAP>
		</MATERIAL>
		<MATERIAL name="Minecraft_HD_book">
			<DIFFUSE>1.00000000 1.00000000 1.00000000</DIFFUSE>
			<AMBIENT>1.00000000 1.00000000 1.00000000</AMBIENT>
			<SPECULAR>1.00000000 1.00000000 1.00000000</SPECULAR>
			<DIFFUSEMAP>Minecraft_HD/book.jpg</DIFFUSEMAP>
		</MATERIAL>
		<MATERIAL name="Minecraft_HD_Glowstone">
			<DIFFUSE>1.00000000 1.00000000 1.00000000</DIFFUSE>
			<AMBIENT>1.00000000 1.00000000 1.00000000</AMBIENT>
			<SPECULAR>1.00000000 1.00000000 1.00000000</SPECULAR>
			<DIFFUSEMAP>Minecraft_HD/Glowstone.png</DIFFUSEMAP>
		</MATERIAL>
		<MATERIAL name="Minecraft_HD_dirt">
			<DIFFUSE>1.00000000 1.00000000 1.00000000</DIFFUSE>
			<AMBIENT>1.00000000 1.00000000 1.00000000</AMBIENT>
			<SPECULAR>1.00000000 1.00000000 1.00000000</SPECULAR>
			<DIFFUSEMAP>Minecraft_HD/dirt.jpg</DIFFUSEMAP>
		</MATERIAL>
		<MATERIAL name="Minecraft_HD_chest_front">
			<DIFFUSE>1.00000000 1.00000000 1.00000000</DIFFUSE>
			<AMBIENT>1.00000000 1.00000000 1.00000000</AMBIENT>
			<SPECULAR>1.00000000 1.00000000 1.00000000</SPECULAR>
			<DIFFUSEMAP>Minecraft_HD/chest_front.jpg</DIFFUSEMAP>
		</MATERIAL>
		<MATERIAL name="Minecraft_HD_leaves">
			<DIFFUSE>1.00000000 1.00000000 1.00000000</DIFFUSE>
			<AMBIENT>1.00000000 1.00000000 1.00000000</AMBIENT>
			<SPECULAR>1.00000000 1.00000000 1.00000000</SPECULAR>
			<DIFFUSEMAP>Minecraft_HD/leaves.png</DIFFUSEMAP>
			<USEOPACITY/>
			<USEALPHATEST/>
		</MATERIAL>
		<MATERIAL name="Minecraft_HD_woodsign1">
			<DIFFUSE>1.00000000 1.00000000 1.00000000</DIFFUSE>
			<AMBIENT>1.00000000 1.00000000 1.00000000</AMBIENT>
			<SPECULAR>1.00000000 1.00000000 1.00000000</SPECULAR>
			<DIFFUSEMAP>Minecraft_HD/woodsign1.jpg</DIFFUSEMAP>
		</MATERIAL>
		<MATERIAL name="Minecraft_HD_cobble">
			<DIFFUSE>1.00000000 1.00000000 1.00000000</DIFFUSE>
			<AMBIENT>1.00000000 1.00000000 1.00000000</AMBIENT>
			<SPECULAR>1.00000000 1.00000000 1.00000000</SPECULAR>
			<DIFFUSEMAP>Minecraft_HD/cobble.jpg</DIFFUSEMAP>
		</MATERIAL>
		<MATERIAL name="Minecraft_HD_tnt_up">
			<DIFFUSE>1.00000000 1.00000000 1.00000000</DIFFUSE>
			<AMBIENT>1.00000000 1.00000000 1.00000000</AMBIENT>
			<SPECULAR>1.00000000 1.00000000 1.00000000</SPECULAR>
			<DIFFUSEMAP>Minecraft_HD/tnt_up.jpg</DIFFUSEMAP>
		</MATERIAL>
		<MATERIAL name="Minecraft_HD_tnt">
			<DIFFUSE>1.00000000 1.00000000 1.00000000</DIFFUSE>
			<AMBIENT>1.00000000 1.00000000 1.00000000</AMBIENT>
			<SPECULAR>1.00000000 1.00000000 1.00000000</SPECULAR>
			<DIFFUSEMAP>Minecraft_HD/tnt.jpg</DIFFUSEMAP>
		</MATERIAL>
		<MATERIAL name="Minecraft_HD_Obsidian">
			<DIFFUSE>1.00000000 1.00000000 1.00000000</DIFFUSE>
			<AMBIENT>1.00000000 1.00000000 1.00000000</AMBIENT>
			<SPECULAR>1.00000000 1.00000000 1.00000000</SPECULAR>
			<DIFFUSEMAP>Minecraft_HD/Obsidian.jpg</DIFFUSEMAP>
		</MATERIAL>
		<MATERIAL name="Minecraft_HD_Water">
			<DIFFUSE>1.00000000 1.00000000 1.00000000</DIFFUSE>
			<AMBIENT>1.00000000 1.00000000 1.00000000</AMBIENT>
			<SPECULAR>1.00000000 1.00000000 1.00000000</SPECULAR>
			<DIFFUSEMAP>Minecraft_HD/Water.png</DIFFUSEMAP>
		</MATERIAL>
		<MATERIAL name="Minecraft_HD_tnt_down">
			<DIFFUSE>1.00000000 1.00000000 1.00000000</DIFFUSE>
			<AMBIENT>1.00000000 1.00000000 1.00000000</AMBIENT>
			<SPECULAR>1.00000000 1.00000000 1.00000000</SPECULAR>
			<DIFFUSEMAP>Minecraft_HD/tnt_down.jpg</DIFFUSEMAP>
		</MATERIAL>
		<MATERIAL name="Minecraft_HD_reddust_1on">
			<DIFFUSE>1.00000000 1.00000000 1.00000000</DIFFUSE>
			<AMBIENT>1.00000000 1.00000000 1.00000000</AMBIENT>
			<SPECULAR>1.00000000 1.00000000 1.00000000</SPECULAR>
			<DIFFUSEMAP>Minecraft_HD/reddust_1on.png</DIFFUSEMAP>
		</MATERIAL>
		<MATERIAL name="Minecraft_HD_RedTorche">
			<DIFFUSE>1.00000000 1.00000000 1.00000000</DIFFUSE>
			<AMBIENT>1.00000000 1.00000000 1.00000000</AMBIENT>
			<SPECULAR>1.00000000 1.00000000 1.00000000</SPECULAR>
			<DIFFUSEMAP>Minecraft_HD/RedTorche.png</DIFFUSEMAP>
		</MATERIAL>
		<MATERIAL name="Minecraft_HD_sand">
			<DIFFUSE>1.00000000 1.00000000 1.00000000</DIFFUSE>
			<AMBIENT>1.00000000 1.00000000 1.00000000</AMBIENT>
			<SPECULAR>1.00000000 1.00000000 1.00000000</SPECULAR>
			<DIFFUSEMAP>Minecraft_HD/sand.jpg</DIFFUSEMAP>
		</MATERIAL>
		<MATERIAL name="Minecraft_HD_FarmLand2">
			<DIFFUSE>1.00000000 1.00000000 1.00000000</DIFFUSE>
			<AMBIENT>1.00000000 1.00000000 1.00000000</AMBIENT>
			<SPECULAR>1.00000000 1.00000000 1.00000000</SPECULAR>
			<DIFFUSEMAP>Minecraft_HD/FarmLand2.jpg</DIFFUSEMAP>
		</MATERIAL>
		<MATERIAL name="Minecraft_HD_FarmLand1">
			<DIFFUSE>1.00000000 1.00000000 1.00000000</DIFFUSE>
			<AMBIENT>1.00000000 1.00000000 1.00000000</AMBIENT>
			<SPECULAR>1.00000000 1.00000000 1.00000000</SPECULAR>
			<DIFFUSEMAP>Minecraft_HD/FarmLand1.jpg</DIFFUSEMAP>
		</MATERIAL>
		<MATERIAL name="Minecraft_HD_CakeIsALie">
			<DIFFUSE>1.00000000 1.00000000 1.00000000</DIFFUSE>
			<AMBIENT>1.00000000 1.00000000 1.00000000</AMBIENT>
			<SPECULAR>1.00000000 1.00000000 1.00000000</SPECULAR>
			<DIFFUSEMAP>Minecraft_HD/CakeIsALie.png</DIFFUSEMAP>
			<TWOSIDED/>
			<USEOPACITY/>
			<USEALPHATEST/>
		</MATERIAL>
		<MATERIAL name="Minecraft_HD_Cobweb">
			<DIFFUSE>1.00000000 1.00000000 1.00000000</DIFFUSE>
			<AMBIENT>1.00000000 1.00000000 1.00000000</AMBIENT>
			<SPECULAR>1.00000000 1.00000000 1.00000000</SPECULAR>
			<DIFFUSEMAP>Minecraft_HD/Cobweb.png</DIFFUSEMAP>
		</MATERIAL>
		<MATERIAL name="Minecraft_HD_Lava">
			<DIFFUSE>1.00000000 1.00000000 1.00000000</DIFFUSE>
			<AMBIENT>1.00000000 1.00000000 1.00000000</AMBIENT>
			<SPECULAR>1.00000000 1.00000000 1.00000000</SPECULAR>
			<DIFFUSEMAP>Minecraft_HD/Lava.png</DIFFUSEMAP>
		</MATERIAL>
	</MATERIALLIST>
	<DUMMYLIST>
		<DUMMY name="spawn_solo_101">
			<POSITION>5576.00000000 -344.00000000 464.00000000</POSITION>
			<DIRECTION>-1.00000000 0.00000000 0.00000000</DIRECTION>
		</DUMMY>
		<DUMMY name="spawn_solo_102">
			<POSITION>-264.00000000 -336.00000000 112.00000000</POSITION>
			<DIRECTION>1.00000000 -0.00000000 0.00000000</DIRECTION>
		</DUMMY>
	</DUMMYLIST>
	<FOG min="0" max="22500">
		<R>0</R>
		<G>187</G>
		<B>250</B>
	</FOG>
	<GLOBAL>
		<fog_enable>TRUE</fog_enable>
		<fog_min>0</fog_min>
		<fog_max>22500</fog_max>
		<fog_color>255,0,255</fog_color>
		<far_z>7500</far_z>
	</GLOBAL>
</XML>
