<?xml version="1.0"?>
<XML>
	<MATERIALLIST>
		<MATERIAL name="Material #13146">
			<DIFFUSE>0.5880000 0.5880000 0.5880000</DIFFUSE>
			<AMBIENT>true</AMBIENT>
			<SPECULAR>true</SPECULAR>
			<DIFFUSEMAP>bridge1.dds</DIFFUSEMAP>
		</MATERIAL>
		<MATERIAL name="Material #13183">
			<DIFFUSE>0.5880000 0.5880000 0.5880000</DIFFUSE>
			<AMBIENT>true</AMBIENT>
			<SPECULAR>true</SPECULAR>
			<DIFFUSEMAP>tomba_base.dds</DIFFUSEMAP>
		</MATERIAL>
		<MATERIAL name="Material #11828">
			<DIFFUSE>0.5880000 0.5880000 0.5880000</DIFFUSE>
			<AMBIENT>true</AMBIENT>
			<SPECULAR>true</SPECULAR>
			<DIFFUSEMAP>sky.png</DIFFUSEMAP>
			<ADDITIVE/>
			<TWOSIDED/>
		</MATERIAL>
		<MATERIAL name="Material #13400">
			<DIFFUSE>0.5880000 0.5880000 0.5880000</DIFFUSE>
			<AMBIENT>true</AMBIENT>
			<SPECULAR>true</SPECULAR>
			<DIFFUSEMAP>bridge3.dds</DIFFUSEMAP>
		</MATERIAL>
		<MATERIAL name="Material #13402">
			<DIFFUSE>0.5880000 0.5880000 0.5880000</DIFFUSE>
			<AMBIENT>true</AMBIENT>
			<SPECULAR>true</SPECULAR>
			<DIFFUSEMAP>birdge2.dds</DIFFUSEMAP>
		</MATERIAL>
		<MATERIAL name="Material #13221">
			<DIFFUSE>0.5880000 0.5880000 0.5880000</DIFFUSE>
			<AMBIENT>true</AMBIENT>
			<SPECULAR>true</SPECULAR>
			<DIFFUSEMAP>tumba1.dds</DIFFUSEMAP>
		</MATERIAL>
		<MATERIAL name="Material #13220">
			<DIFFUSE>0.5880000 0.5880000 0.5880000</DIFFUSE>
			<AMBIENT>true</AMBIENT>
			<SPECULAR>true</SPECULAR>
			<DIFFUSEMAP>tumba2.dds</DIFFUSEMAP>
		</MATERIAL>
		<MATERIAL name="Material #13404">
			<DIFFUSE>0.5880000 0.5880000 0.5880000</DIFFUSE>
			<AMBIENT>true</AMBIENT>
			<SPECULAR>true</SPECULAR>
			<DIFFUSEMAP>curtain.dds</DIFFUSEMAP>
		</MATERIAL>
		<MATERIAL name="Material #13424">
			<DIFFUSE>0.5880000 0.5880000 0.5880000</DIFFUSE>
			<AMBIENT>true</AMBIENT>
			<SPECULAR>true</SPECULAR>
			<DIFFUSEMAP>pillar2b.dds</DIFFUSEMAP>
		</MATERIAL>
		<MATERIAL name="Material #13327">
			<DIFFUSE>0.5880000 0.5880000 0.5880000</DIFFUSE>
			<AMBIENT>true</AMBIENT>
			<SPECULAR>true</SPECULAR>
			<DIFFUSEMAP>pillars.dds</DIFFUSEMAP>
		</MATERIAL>
		<MATERIAL name="Material #13492">
			<DIFFUSE>0.5880000 0.5880000 0.5880000</DIFFUSE>
			<AMBIENT>true</AMBIENT>
			<SPECULAR>true</SPECULAR>
			<DIFFUSEMAP>cyldown.dds</DIFFUSEMAP>
		</MATERIAL>
		<MATERIAL name="Material #13465">
			<DIFFUSE>0.5880000 0.5880000 0.5880000</DIFFUSE>
			<AMBIENT>true</AMBIENT>
			<SPECULAR>true</SPECULAR>
			<DIFFUSEMAP>castle_downbalcon.dds</DIFFUSEMAP>
		</MATERIAL>
		<MATERIAL name="Material #13467">
			<DIFFUSE>0.5880000 0.5880000 0.5880000</DIFFUSE>
			<AMBIENT>true</AMBIENT>
			<SPECULAR>true</SPECULAR>
			<DIFFUSEMAP>castle_tumba1.dds</DIFFUSEMAP>
		</MATERIAL>
		<MATERIAL name="Material #13493">
			<DIFFUSE>0.5880000 0.5880000 0.5880000</DIFFUSE>
			<AMBIENT>true</AMBIENT>
			<SPECULAR>true</SPECULAR>
			<DIFFUSEMAP>door.dds</DIFFUSEMAP>
		</MATERIAL>
		<MATERIAL name="Material #13571">
			<DIFFUSE>0.5880000 0.5880000 0.5880000</DIFFUSE>
			<AMBIENT>true</AMBIENT>
			<SPECULAR>true</SPECULAR>
			<DIFFUSEMAP>castle_top.dds</DIFFUSEMAP>
		</MATERIAL>
		<MATERIAL name="Material #13494">
			<DIFFUSE>0.5880000 0.5880000 0.5880000</DIFFUSE>
			<AMBIENT>true</AMBIENT>
			<SPECULAR>true</SPECULAR>
			<DIFFUSEMAP>castle_floor.dds</DIFFUSEMAP>
		</MATERIAL>
		<MATERIAL name="Material #13328">
			<DIFFUSE>0.5880000 0.5880000 0.5880000</DIFFUSE>
			<AMBIENT>true</AMBIENT>
			<SPECULAR>true</SPECULAR>
			<DIFFUSEMAP>pillarsb.dds</DIFFUSEMAP>
		</MATERIAL>
		<MATERIAL name="Material #13496">
			<DIFFUSE>0.5880000 0.5880000 0.5880000</DIFFUSE>
			<AMBIENT>true</AMBIENT>
			<SPECULAR>true</SPECULAR>
			<DIFFUSEMAP>castle_Down.dds</DIFFUSEMAP>
		</MATERIAL>
		<MATERIAL name="Material #13426">
			<DIFFUSE>0.5880000 0.5880000 0.5880000</DIFFUSE>
			<AMBIENT>true</AMBIENT>
			<SPECULAR>true</SPECULAR>
			<DIFFUSEMAP>bonesb.dds</DIFFUSEMAP>
		</MATERIAL>
		<MATERIAL name="Material #13123">
			<DIFFUSE>0.5880000 0.5880000 0.5880000</DIFFUSE>
			<AMBIENT>true</AMBIENT>
			<SPECULAR>true</SPECULAR>
			<DIFFUSEMAP>fountain_cylinder.dds</DIFFUSEMAP>
		</MATERIAL>
		<MATERIAL name="pass_fountain">
			<DIFFUSE>0.5880000 0.5880000 0.5880000</DIFFUSE>
			<AMBIENT>true</AMBIENT>
			<SPECULAR>true</SPECULAR>
			<DIFFUSEMAP>fountain_pool.dds</DIFFUSEMAP>
		</MATERIAL>
		<MATERIAL name="Material #13124">
			<DIFFUSE>0.5880000 0.5880000 0.5880000</DIFFUSE>
			<AMBIENT>true</AMBIENT>
			<SPECULAR>true</SPECULAR>
			<DIFFUSEMAP>fountain_floor.dds</DIFFUSEMAP>
		</MATERIAL>
		<MATERIAL name="Material #11823">
			<DIFFUSE>0.0549020 0.2666667 0.6588235</DIFFUSE>
			<AMBIENT>true</AMBIENT>
			<SPECULAR>true</SPECULAR>
			<DIFFUSEMAP>mountain.bmp</DIFFUSEMAP>
		</MATERIAL>
		<MATERIAL name="Material #13399">
			<DIFFUSE>0.5880000 0.5880000 0.5880000</DIFFUSE>
			<AMBIENT>true</AMBIENT>
			<SPECULAR>true</SPECULAR>
			<DIFFUSEMAP>woods.dds</DIFFUSEMAP>
		</MATERIAL>
		<MATERIAL name="Material #13126">
			<DIFFUSE>0.5880000 0.5880000 0.5880000</DIFFUSE>
			<AMBIENT>true</AMBIENT>
			<SPECULAR>true</SPECULAR>
			<DIFFUSEMAP>basea_mountaintop.dds</DIFFUSEMAP>
		</MATERIAL>
		<MATERIAL name="Material #13127">
			<DIFFUSE>0.5880000 0.5880000 0.5880000</DIFFUSE>
			<AMBIENT>true</AMBIENT>
			<SPECULAR>true</SPECULAR>
			<DIFFUSEMAP>basea_mountaindown.dds</DIFFUSEMAP>
		</MATERIAL>
		<MATERIAL name="Material #13350">
			<DIFFUSE>0.5880000 0.5880000 0.5880000</DIFFUSE>
			<AMBIENT>true</AMBIENT>
			<SPECULAR>true</SPECULAR>
			<DIFFUSEMAP>pillars_Down.dds</DIFFUSEMAP>
		</MATERIAL>
		<MATERIAL name="Material #13351">
			<DIFFUSE>0.5880000 0.5880000 0.5880000</DIFFUSE>
			<AMBIENT>true</AMBIENT>
			<SPECULAR>true</SPECULAR>
			<DIFFUSEMAP>pillar2_down.dds</DIFFUSEMAP>
		</MATERIAL>
		<MATERIAL name="Material #13468">
			<DIFFUSE>0.5880000 0.5880000 0.5880000</DIFFUSE>
			<AMBIENT>true</AMBIENT>
			<SPECULAR>true</SPECULAR>
			<DIFFUSEMAP>castle_tumba2.dds</DIFFUSEMAP>
		</MATERIAL>
	</MATERIALLIST>
	<LIGHTLIST>
	</LIGHTLIST>
	<OBJECTLIST>
		<OBJECT name="obj_sky.elu">
		</OBJECT>
	</OBJECTLIST>
	<DUMMYLIST>
		<DUMMY name="spawn_solo_102">
			<POSITION>-1440.5571289 1365.6135254 4131.4511719</POSITION>
			<DIRECTION>-1.0000000 0.0000002 0.0000000</DIRECTION>
		</DUMMY>
		<DUMMY name="obj_Sky">
			<POSITION>0.0000000 0.0000000 0.0000000</POSITION>
			<DIRECTION>0.0000000 0.0000000 0.0000000</DIRECTION>
		</DUMMY>
	</DUMMYLIST>
	<OCCLUSIONLIST>
	</OCCLUSIONLIST>
	<AMBIENTSOUNDLIST>
	</AMBIENTSOUNDLIST>
</XML>
