<?xml version="1.0"?>
<XML>
	<GAMETYPE id="solo">
		<SPAWN item="bullet02" timesec="30000">
			<POSITION>0.0000000 0.0000000 0.0000000</POSITION>
		</SPAWN>
		<SPAWN item="ap02" timesec="30000">
			<POSITION>-699.2265015 0.0000000 0.0000000</POSITION>
		</SPAWN>
		<SPAWN item="hp02" timesec="30000">
			<POSITION>699.2269897 0.0000000 0.0000000</POSITION>
		</SPAWN>
		<SPAWN item="ap03" timesec="45000">
			<POSITION>-519.0659790 -1173.5816650 160.1031494</POSITION>
		</SPAWN>
		<SPAWN item="hp03" timesec="45000">
			<POSITION>660.1632690 1365.8531494 35.3582230</POSITION>
		</SPAWN>
</GAMETYPE><GAMETYPE id="team">
		<SPAWN item="ap02" timesec="30000">
			<POSITION>-514.9329834 -1028.2950439 0.0000000</POSITION>
		</SPAWN>
		<SPAWN item="hp02" timesec="30000">
			<POSITION>514.9325562 1298.8714600 143.7520599</POSITION>
		</SPAWN>
</GAMETYPE>
</XML>
