<?xml version="1.0"?>
<XML>
	<MATERIALLIST>
		<MATERIAL name="04 - Default">
			<DIFFUSE>0.5882353 0.5882353 0.5882353</DIFFUSE>
			<AMBIENT>0.5882353 0.5882353 0.5882353</AMBIENT>
			<SPECULAR>0.9000000 0.9000000 0.9000000</SPECULAR>
			<DIFFUSEMAP>../battle arena/black.tga</DIFFUSEMAP>
			<ADDITIVE/>
		</MATERIAL>
		<MATERIAL name="vr_neutral">
			<DIFFUSE>0.5882353 0.5882353 0.5882353</DIFFUSE>
			<AMBIENT>0.5882353 0.5882353 0.5882353</AMBIENT>
			<SPECULAR>0.9000000 0.9000000 0.9000000</SPECULAR>
			<DIFFUSEMAP>gzd_maps_cw_vr_neutral.dds</DIFFUSEMAP>
		</MATERIAL>
		<MATERIAL name="vr_blue">
			<DIFFUSE>0.5882353 0.5882353 0.5882353</DIFFUSE>
			<AMBIENT>0.5882353 0.5882353 0.5882353</AMBIENT>
			<SPECULAR>0.9000000 0.9000000 0.9000000</SPECULAR>
			<DIFFUSEMAP>gzd_maps_cw_vr_blue.dds</DIFFUSEMAP>
		</MATERIAL>
		<MATERIAL name="vr_red">
			<DIFFUSE>0.5882353 0.5882353 0.5882353</DIFFUSE>
			<AMBIENT>0.5882353 0.5882353 0.5882353</AMBIENT>
			<SPECULAR>0.9000000 0.9000000 0.9000000</SPECULAR>
			<DIFFUSEMAP>gzd_maps_cw_vr_red.dds</DIFFUSEMAP>
		</MATERIAL>
	</MATERIALLIST>
	<LIGHTLIST>
		<LIGHT name="Global_Illu_00">
			<POSITION>-5000.0000000 5000.0000000 -5000.0000000</POSITION>
			<COLOR>1.0000000 1.0000000 1.0000000</COLOR>
			<INTENSITY>0.4000000</INTENSITY>
			<ATTENUATIONSTART>0.0000000</ATTENUATIONSTART>
			<ATTENUATIONEND>16000.0000000</ATTENUATIONEND>
		</LIGHT>
		<LIGHT name="Global_Illu_01">
			<POSITION>-5000.0000000 -5000.0000000 -5000.0000000</POSITION>
			<COLOR>1.0000000 1.0000000 1.0000000</COLOR>
			<INTENSITY>0.4000000</INTENSITY>
			<ATTENUATIONSTART>0.0000000</ATTENUATIONSTART>
			<ATTENUATIONEND>16000.0000000</ATTENUATIONEND>
		</LIGHT>
		<LIGHT name="Global_Illu_02">
			<POSITION>5000.0000000 5000.0000000 -5000.0000000</POSITION>
			<COLOR>1.0000000 1.0000000 1.0000000</COLOR>
			<INTENSITY>0.4000000</INTENSITY>
			<ATTENUATIONSTART>0.0000000</ATTENUATIONSTART>
			<ATTENUATIONEND>16000.0000000</ATTENUATIONEND>
		</LIGHT>
		<LIGHT name="Global_Illu_03">
			<POSITION>5000.0000000 -5000.0000000 -5000.0000000</POSITION>
			<COLOR>1.0000000 1.0000000 1.0000000</COLOR>
			<INTENSITY>0.4000000</INTENSITY>
			<ATTENUATIONSTART>0.0000000</ATTENUATIONSTART>
			<ATTENUATIONEND>16000.0000000</ATTENUATIONEND>
		</LIGHT>
		<LIGHT name="Global_Illu_04">
			<POSITION>5000.0000000 5000.0000000 5000.0000000</POSITION>
			<COLOR>1.0000000 1.0000000 1.0000000</COLOR>
			<INTENSITY>0.4000000</INTENSITY>
			<ATTENUATIONSTART>0.0000000</ATTENUATIONSTART>
			<ATTENUATIONEND>16000.0000000</ATTENUATIONEND>
		</LIGHT>
		<LIGHT name="Global_Illu_05">
			<POSITION>5000.0000000 -5000.0000000 5000.0000000</POSITION>
			<COLOR>1.0000000 1.0000000 1.0000000</COLOR>
			<INTENSITY>0.4000000</INTENSITY>
			<ATTENUATIONSTART>0.0000000</ATTENUATIONSTART>
			<ATTENUATIONEND>16000.0000000</ATTENUATIONEND>
		</LIGHT>
		<LIGHT name="Global_Illu_06">
			<POSITION>-5000.0000000 -5000.0000000 5000.0000000</POSITION>
			<COLOR>1.0000000 1.0000000 1.0000000</COLOR>
			<INTENSITY>0.4000000</INTENSITY>
			<ATTENUATIONSTART>0.0000000</ATTENUATIONSTART>
			<ATTENUATIONEND>16000.0000000</ATTENUATIONEND>
		</LIGHT>
		<LIGHT name="Global_Illu_07">
			<POSITION>-5000.0000000 5000.0000000 5000.0000000</POSITION>
			<COLOR>1.0000000 1.0000000 1.0000000</COLOR>
			<INTENSITY>0.4000000</INTENSITY>
			<ATTENUATIONSTART>0.0000000</ATTENUATIONSTART>
			<ATTENUATIONEND>16000.0000000</ATTENUATIONEND>
		</LIGHT>
		<LIGHT name="Omni01">
			<POSITION>-3000.0000000 -2000.0000000 9000.0000000</POSITION>
			<COLOR>1.0000000 1.0000000 1.0000000</COLOR>
			<INTENSITY>1.3500000</INTENSITY>
			<ATTENUATIONSTART>0.0000000</ATTENUATIONSTART>
			<ATTENUATIONEND>18000.0000000</ATTENUATIONEND>
			<CASTSHADOW/>
		</LIGHT>
	</LIGHTLIST>
	<OBJECTLIST>
	</OBJECTLIST>
	<DUMMYLIST>
		<DUMMY name="spawn_solo_101">
			<POSITION>40.0000000 510.0000000 -0.0000000</POSITION>
			<DIRECTION>0.0000000 1.0000000 0.0000000</DIRECTION>
		</DUMMY>
		<DUMMY name="spawn_team1_101">
			<POSITION>0.0000000 2900.0000000 0.0000000</POSITION>
			<DIRECTION>-0.0000002 -1.0000000 0.0000000</DIRECTION>
		</DUMMY>
		<DUMMY name="spawn_team1_102">
			<POSITION>150.0000000 2900.0000000 0.0000000</POSITION>
			<DIRECTION>-0.0000002 -1.0000000 0.0000000</DIRECTION>
		</DUMMY>
		<DUMMY name="spawn_team1_103">
			<POSITION>-150.0000000 2900.0000000 0.0000000</POSITION>
			<DIRECTION>-0.0000002 -1.0000000 0.0000000</DIRECTION>
		</DUMMY>
		<DUMMY name="spawn_team1_104">
			<POSITION>-300.0000000 2900.0000000 0.0000000</POSITION>
			<DIRECTION>-0.0000002 -1.0000000 0.0000000</DIRECTION>
		</DUMMY>
		<DUMMY name="spawn_team1_105">
			<POSITION>300.0000000 2900.0000000 0.0000000</POSITION>
			<DIRECTION>-0.0000002 -1.0000000 0.0000000</DIRECTION>
		</DUMMY>
		<DUMMY name="spawn_team1_106">
			<POSITION>450.0000000 2900.0000000 0.0000000</POSITION>
			<DIRECTION>-0.0000002 -1.0000000 0.0000000</DIRECTION>
		</DUMMY>
		<DUMMY name="spawn_team1_107">
			<POSITION>-450.0000000 2900.0000000 0.0000000</POSITION>
			<DIRECTION>-0.0000002 -1.0000000 0.0000000</DIRECTION>
		</DUMMY>
		<DUMMY name="spawn_team1_108">
			<POSITION>750.0000000 2900.0000000 0.0000000</POSITION>
			<DIRECTION>-0.0000002 -1.0000000 0.0000000</DIRECTION>
		</DUMMY>
		<DUMMY name="spawn_team1_109">
			<POSITION>600.0000000 2900.0000000 0.0000000</POSITION>
			<DIRECTION>-0.0000002 -1.0000000 0.0000000</DIRECTION>
		</DUMMY>
		<DUMMY name="spawn_team1_110">
			<POSITION>-750.0000000 2900.0000000 0.0000000</POSITION>
			<DIRECTION>-0.0000002 -1.0000000 0.0000000</DIRECTION>
		</DUMMY>
		<DUMMY name="spawn_team1_111">
			<POSITION>-600.0000000 2900.0000000 0.0000000</POSITION>
			<DIRECTION>-0.0000002 -1.0000000 0.0000000</DIRECTION>
		</DUMMY>
		<DUMMY name="spawn_team2_101">
			<POSITION>-100.0000000 -2900.0000000 0.0000000</POSITION>
			<DIRECTION>0.0000000 1.0000000 0.0000000</DIRECTION>
		</DUMMY>
		<DUMMY name="spawn_team2_102">
			<POSITION>50.0000000 -2900.0000000 0.0000000</POSITION>
			<DIRECTION>0.0000000 1.0000000 0.0000000</DIRECTION>
		</DUMMY>
		<DUMMY name="spawn_team2_103">
			<POSITION>-250.0000000 -2900.0000000 0.0000000</POSITION>
			<DIRECTION>0.0000000 1.0000000 0.0000000</DIRECTION>
		</DUMMY>
		<DUMMY name="spawn_team2_104">
			<POSITION>-400.0000000 -2900.0000000 0.0000000</POSITION>
			<DIRECTION>0.0000000 1.0000000 0.0000000</DIRECTION>
		</DUMMY>
		<DUMMY name="spawn_team2_105">
			<POSITION>200.0000000 -2900.0000000 0.0000000</POSITION>
			<DIRECTION>0.0000000 1.0000000 0.0000000</DIRECTION>
		</DUMMY>
		<DUMMY name="spawn_team2_106">
			<POSITION>350.0000000 -2900.0000000 0.0000000</POSITION>
			<DIRECTION>0.0000000 1.0000000 0.0000000</DIRECTION>
		</DUMMY>
		<DUMMY name="spawn_team2_107">
			<POSITION>-550.0000000 -2900.0000000 0.0000000</POSITION>
			<DIRECTION>0.0000000 1.0000000 0.0000000</DIRECTION>
		</DUMMY>
		<DUMMY name="spawn_team2_108">
			<POSITION>650.0000000 -2900.0000000 0.0000000</POSITION>
			<DIRECTION>0.0000000 1.0000000 0.0000000</DIRECTION>
		</DUMMY>
		<DUMMY name="spawn_team2_109">
			<POSITION>500.0000000 -2900.0000000 0.0000000</POSITION>
			<DIRECTION>0.0000000 1.0000000 0.0000000</DIRECTION>
		</DUMMY>
		<DUMMY name="spawn_team2_110">
			<POSITION>-850.0000000 -2900.0000000 0.0000000</POSITION>
			<DIRECTION>0.0000000 1.0000000 0.0000000</DIRECTION>
		</DUMMY>
		<DUMMY name="spawn_team2_111">
			<POSITION>-700.0000000 -2900.0000000 0.0000000</POSITION>
			<DIRECTION>0.0000000 1.0000000 0.0000000</DIRECTION>
		</DUMMY>
	</DUMMYLIST>
	<OCCLUSIONLIST>
	</OCCLUSIONLIST>
	<FOG min="6000" max="12000">
		<R>216</R>
		<G>248</G>
		<B>255</B>
	</FOG>
	<AMBIENTSOUNDLIST>
	</AMBIENTSOUNDLIST>
	<GLOBAL>
		<fog_enable>TRUE</fog_enable>
		<fog_max>12000</fog_max>
		<fog_min>6000</fog_min>
		<fog_color>216,248,255</fog_color>
		<far_z>12000</far_z>
	</GLOBAL>
</XML>
