<?xml version="1.0" encoding="UTF-8"?>
<XML>
	<GAMETYPE id="solo">
</GAMETYPE><GAMETYPE id="team">
		<SPAWN item="bullet02" timesec="45000">
			<POSITION>-1704.00000000 920.00000000 1176.00000000</POSITION>
		</SPAWN>
		<SPAWN item="bullet02" timesec="45000">
			<POSITION>584.00000000 -2528.00000000 1104.00000000</POSITION>
		</SPAWN>
		<SPAWN item="hp02" timesec="30000">
			<POSITION>-1440.00000000 -784.00000000 1992.00000000</POSITION>
		</SPAWN>
		<SPAWN item="hp03" timesec="45000">
			<POSITION>352.00000000 -776.00000000 2024.00000000</POSITION>
		</SPAWN>
</GAMETYPE>
</XML>