<?xml version="1.0" encoding="UTF-8"?>
<XML>
	<MATERIALLIST>
		<MATERIAL name="Floors_Floor001">
			<DIFFUSE>1.00000000 1.00000000 1.00000000</DIFFUSE>
			<AMBIENT>1.00000000 1.00000000 1.00000000</AMBIENT>
			<SPECULAR>1.00000000 1.00000000 1.00000000</SPECULAR>
			<DIFFUSEMAP>Floors/Floor001.tga</DIFFUSEMAP>
		</MATERIAL>
		<MATERIAL name="Walls_Wall014">
			<DIFFUSE>1.00000000 1.00000000 1.00000000</DIFFUSE>
			<AMBIENT>1.00000000 1.00000000 1.00000000</AMBIENT>
			<SPECULAR>1.00000000 1.00000000 1.00000000</SPECULAR>
			<DIFFUSEMAP>Walls/Wall014.tga</DIFFUSEMAP>
		</MATERIAL>
		<MATERIAL name="Sky_a4d0b4333e5ea4313c20c044fbfc4c19">
			<DIFFUSE>1.00000000 1.00000000 1.00000000</DIFFUSE>
			<AMBIENT>1.00000000 1.00000000 1.00000000</AMBIENT>
			<SPECULAR>1.00000000 1.00000000 1.00000000</SPECULAR>
			<DIFFUSEMAP>Sky/a4d0b4333e5ea4313c20c044fbfc4c19.jpg</DIFFUSEMAP>
		</MATERIAL>
		<MATERIAL name="Walls_Wall013">
			<DIFFUSE>1.00000000 1.00000000 1.00000000</DIFFUSE>
			<AMBIENT>1.00000000 1.00000000 1.00000000</AMBIENT>
			<SPECULAR>1.00000000 1.00000000 1.00000000</SPECULAR>
			<DIFFUSEMAP>Walls/Wall013.tga</DIFFUSEMAP>
		</MATERIAL>
		<MATERIAL name="Fakewall_Dungnham1">
			<DIFFUSE>1.00000000 1.00000000 1.00000000</DIFFUSE>
			<AMBIENT>1.00000000 1.00000000 1.00000000</AMBIENT>
			<SPECULAR>1.00000000 1.00000000 1.00000000</SPECULAR>
			<DIFFUSEMAP>Fakewall/Dungnham1.jpg</DIFFUSEMAP>
		</MATERIAL>
		<MATERIAL name="DungNham_dungnham">
			<DIFFUSE>1.00000000 1.00000000 1.00000000</DIFFUSE>
			<AMBIENT>1.00000000 1.00000000 1.00000000</AMBIENT>
			<SPECULAR>1.00000000 1.00000000 1.00000000</SPECULAR>
			<DIFFUSEMAP>DungNham/dungnham.jpg</DIFFUSEMAP>
		</MATERIAL>
		<MATERIAL name="DungNham_Dungnham1">
			<DIFFUSE>1.00000000 1.00000000 1.00000000</DIFFUSE>
			<AMBIENT>1.00000000 1.00000000 1.00000000</AMBIENT>
			<SPECULAR>1.00000000 1.00000000 1.00000000</SPECULAR>
			<DIFFUSEMAP>DungNham/Dungnham1.jpg</DIFFUSEMAP>
		</MATERIAL>
		<MATERIAL name="Sky_brick">
			<DIFFUSE>1.00000000 1.00000000 1.00000000</DIFFUSE>
			<AMBIENT>1.00000000 1.00000000 1.00000000</AMBIENT>
			<SPECULAR>1.00000000 1.00000000 1.00000000</SPECULAR>
			<DIFFUSEMAP>Sky/brick.jpg</DIFFUSEMAP>
		</MATERIAL>
		<MATERIAL name="additive_red">
			<DIFFUSE>1.00000000 1.00000000 1.00000000</DIFFUSE>
			<AMBIENT>1.00000000 1.00000000 1.00000000</AMBIENT>
			<SPECULAR>1.00000000 1.00000000 1.00000000</SPECULAR>
			<DIFFUSEMAP>additive/red.tga</DIFFUSEMAP>
			<ADDITIVE/>
		</MATERIAL>
		<MATERIAL name="Fakewall_Wall010">
			<DIFFUSE>1.00000000 1.00000000 1.00000000</DIFFUSE>
			<AMBIENT>1.00000000 1.00000000 1.00000000</AMBIENT>
			<SPECULAR>1.00000000 1.00000000 1.00000000</SPECULAR>
			<DIFFUSEMAP>Fakewall/Wall010.tga</DIFFUSEMAP>
		</MATERIAL>
		<MATERIAL name="Fakewall_fakewall">
			<DIFFUSE>1.00000000 1.00000000 1.00000000</DIFFUSE>
			<AMBIENT>1.00000000 1.00000000 1.00000000</AMBIENT>
			<SPECULAR>1.00000000 1.00000000 1.00000000</SPECULAR>
			<DIFFUSEMAP>Fakewall/fakewall.jpg</DIFFUSEMAP>
		</MATERIAL>
		<MATERIAL name="Floors_Fakewall">
			<DIFFUSE>1.00000000 1.00000000 1.00000000</DIFFUSE>
			<AMBIENT>1.00000000 1.00000000 1.00000000</AMBIENT>
			<SPECULAR>1.00000000 1.00000000 1.00000000</SPECULAR>
			<DIFFUSEMAP>Floors/Fakewall.jpg</DIFFUSEMAP>
		</MATERIAL>
		<MATERIAL name="shader1_ngu">
			<DIFFUSE>1.00000000 1.00000000 1.00000000</DIFFUSE>
			<AMBIENT>1.00000000 1.00000000 1.00000000</AMBIENT>
			<SPECULAR>1.00000000 1.00000000 1.00000000</SPECULAR>
			<DIFFUSEMAP>shader1/ngu.jpg</DIFFUSEMAP>
		</MATERIAL>
		<MATERIAL name="Walls_Wall010">
			<DIFFUSE>1.00000000 1.00000000 1.00000000</DIFFUSE>
			<AMBIENT>1.00000000 1.00000000 1.00000000</AMBIENT>
			<SPECULAR>1.00000000 1.00000000 1.00000000</SPECULAR>
			<DIFFUSEMAP>Walls/Wall010.tga</DIFFUSEMAP>
		</MATERIAL>
	</MATERIALLIST>
	<DUMMYLIST>
		<DUMMY name="spawn_solo_101">
			<POSITION>-312.00000000 24.00000000 448.00000000</POSITION>
			<DIRECTION>-1.00000000 0.00000000 0.00000000</DIRECTION>
		</DUMMY>
	</DUMMYLIST><FOG min="0" max="10000">
        <R>140</R>
        <G>180</G>
        <B>180</B>
        </FOG>
</XML>
