<?xml version="1.0" encoding="UTF-8"?>
<XML>
	<GAMETYPE id="solo">
		<SPAWN item="bullet02" timesec="45000">
			<POSITION>3072.00000000 3072.00000000 -1344.00000000</POSITION>
		</SPAWN>
		<SPAWN item="bullet02" timesec="45000">
			<POSITION>-3072.00000000 -3072.00000000 -1344.00000000</POSITION>
		</SPAWN>
		<SPAWN item="bullet02" timesec="45000">
			<POSITION>2688.00000000 -576.00000000 -1472.00000000</POSITION>
		</SPAWN>
		<SPAWN item="bullet02" timesec="45000">
			<POSITION>-2688.00000000 576.00000000 -1472.00000000</POSITION>
		</SPAWN>

		<SPAWN item="hp03" timesec="45000">
			<POSITION>0.00000000 3360.00000000 -1024.00000000</POSITION>
		</SPAWN>
		<SPAWN item="hp03" timesec="45000">
			<POSITION>0.00000000 -2560.00000000 256.00000000</POSITION>
		</SPAWN>
		<SPAWN item="ap03" timesec="45000">
			<POSITION>0.00000000 2656.00000000 992.00000000</POSITION>
		</SPAWN>
		<SPAWN item="ap03" timesec="45000">
			<POSITION>0.00000000 -3360.00000000 -1024.00000000</POSITION>
		</SPAWN>
	</GAMETYPE>

	<GAMETYPE id="team">
		<SPAWN item="bullet02" timesec="45000">
			<POSITION>0.00000000 3360.00000000 -1024.00000000</POSITION>
		</SPAWN>
		<SPAWN item="bullet02" timesec="45000">
			<POSITION>0.00000000 -2560.00000000 256.00000000</POSITION>
		</SPAWN>
		<SPAWN item="bullet02" timesec="45000">
			<POSITION>0.00000000 2656.00000000 992.00000000</POSITION>
		</SPAWN>
		<SPAWN item="bullet02" timesec="45000">
			<POSITION>0.00000000 -3360.00000000 -1024.00000000</POSITION>
		</SPAWN>
	</GAMETYPE>
</XML>

