<?xml version="1.0" encoding="UTF-8"?>
<XML>
	<MATERIALLIST>
		<MATERIAL name="mt_Moi_brick_brickfloor01_mt_con">
			<DIFFUSE>1.00000000 1.00000000 1.00000000</DIFFUSE>
			<AMBIENT>1.00000000 1.00000000 1.00000000</AMBIENT>
			<SPECULAR>1.00000000 1.00000000 1.00000000</SPECULAR>
			<DIFFUSEMAP>mt_Moi_brick/brickfloor01_mt_con.jpg</DIFFUSEMAP>
		</MATERIAL>
		<MATERIAL name="mt_Moi_brick_brick06_mt_con">
			<DIFFUSE>1.00000000 1.00000000 1.00000000</DIFFUSE>
			<AMBIENT>1.00000000 1.00000000 1.00000000</AMBIENT>
			<SPECULAR>1.00000000 1.00000000 1.00000000</SPECULAR>
			<DIFFUSEMAP>mt_Moi_brick/brick06_mt_con.jpg</DIFFUSEMAP>
		</MATERIAL>
		<MATERIAL name="mt_Moi_brick_brick05_mt_con">
			<DIFFUSE>1.00000000 1.00000000 1.00000000</DIFFUSE>
			<AMBIENT>1.00000000 1.00000000 1.00000000</AMBIENT>
			<SPECULAR>1.00000000 1.00000000 1.00000000</SPECULAR>
			<DIFFUSEMAP>mt_Moi_brick/brick05_mt_con.jpg</DIFFUSEMAP>
		</MATERIAL>
		<MATERIAL name="mt_Moi_brick_055_mt_con">
			<DIFFUSE>1.00000000 1.00000000 1.00000000</DIFFUSE>
			<AMBIENT>1.00000000 1.00000000 1.00000000</AMBIENT>
			<SPECULAR>1.00000000 1.00000000 1.00000000</SPECULAR>
			<DIFFUSEMAP>mt_Moi_brick/055_mt_con.jpg</DIFFUSEMAP>
		</MATERIAL>
		<MATERIAL name="mt_Moi_brick_F_brick_01_mt_con">
			<DIFFUSE>1.00000000 1.00000000 1.00000000</DIFFUSE>
			<AMBIENT>1.00000000 1.00000000 1.00000000</AMBIENT>
			<SPECULAR>1.00000000 1.00000000 1.00000000</SPECULAR>
			<DIFFUSEMAP>mt_Moi_brick/F_brick_01_mt_con.jpg</DIFFUSEMAP>
		</MATERIAL>
		<MATERIAL name="mt_Moi_rock_rock04_1_mt_con">
			<DIFFUSE>1.00000000 1.00000000 1.00000000</DIFFUSE>
			<AMBIENT>1.00000000 1.00000000 1.00000000</AMBIENT>
			<SPECULAR>1.00000000 1.00000000 1.00000000</SPECULAR>
			<DIFFUSEMAP>mt_Moi_rock/rock04_1_mt_con.jpg</DIFFUSEMAP>
		</MATERIAL>
		<MATERIAL name="mt_Moi_brick_055_S2_mt_con">
			<DIFFUSE>1.00000000 1.00000000 1.00000000</DIFFUSE>
			<AMBIENT>1.00000000 1.00000000 1.00000000</AMBIENT>
			<SPECULAR>1.00000000 1.00000000 1.00000000</SPECULAR>
			<DIFFUSEMAP>mt_Moi_brick/055_S2_mt_con.jpg</DIFFUSEMAP>
		</MATERIAL>
		<MATERIAL name="mt_Moi_brick_055_S1_mt_con">
			<DIFFUSE>1.00000000 1.00000000 1.00000000</DIFFUSE>
			<AMBIENT>1.00000000 1.00000000 1.00000000</AMBIENT>
			<SPECULAR>1.00000000 1.00000000 1.00000000</SPECULAR>
			<DIFFUSEMAP>mt_Moi_brick/055_S1_mt_con.jpg</DIFFUSEMAP>
		</MATERIAL>
		<MATERIAL name="mt_gz_wood_Castle_door01_mt_wod">
			<DIFFUSE>1.00000000 1.00000000 1.00000000</DIFFUSE>
			<AMBIENT>1.00000000 1.00000000 1.00000000</AMBIENT>
			<SPECULAR>1.00000000 1.00000000 1.00000000</SPECULAR>
			<DIFFUSEMAP>mt_gz_wood/Castle_door01_mt_wod.jpg</DIFFUSEMAP>
		</MATERIAL>
		<MATERIAL name="common_nc2">
			<DIFFUSE>1.00000000 1.00000000 1.00000000</DIFFUSE>
			<AMBIENT>1.00000000 1.00000000 1.00000000</AMBIENT>
			<SPECULAR>1.00000000 1.00000000 1.00000000</SPECULAR>
			<DIFFUSEMAP>common/nc2.jpg</DIFFUSEMAP>
		</MATERIAL>
		<MATERIAL name="mt_gz_stone_Citadel_floor00_00_mt_con">
			<DIFFUSE>1.00000000 1.00000000 1.00000000</DIFFUSE>
			<AMBIENT>1.00000000 1.00000000 1.00000000</AMBIENT>
			<SPECULAR>1.00000000 1.00000000 1.00000000</SPECULAR>
			<DIFFUSEMAP>mt_gz_stone/Citadel_floor00_00_mt_con.jpg</DIFFUSEMAP>
		</MATERIAL>
		<MATERIAL name="mt_gz_wood_island_boat01_mt_wod">
			<DIFFUSE>1.00000000 1.00000000 1.00000000</DIFFUSE>
			<AMBIENT>1.00000000 1.00000000 1.00000000</AMBIENT>
			<SPECULAR>1.00000000 1.00000000 1.00000000</SPECULAR>
			<DIFFUSEMAP>mt_gz_wood/island_boat01_mt_wod.jpg</DIFFUSEMAP>
		</MATERIAL>
		<MATERIAL name="mt_Moi_rock_rock10_1_mt_con">
			<DIFFUSE>1.00000000 1.00000000 1.00000000</DIFFUSE>
			<AMBIENT>1.00000000 1.00000000 1.00000000</AMBIENT>
			<SPECULAR>1.00000000 1.00000000 1.00000000</SPECULAR>
			<DIFFUSEMAP>mt_Moi_rock/rock10_1_mt_con.jpg</DIFFUSEMAP>
		</MATERIAL>
		<MATERIAL name="mt_Moi_grass_grass02_mt_pnt">
			<DIFFUSE>1.00000000 1.00000000 1.00000000</DIFFUSE>
			<AMBIENT>1.00000000 1.00000000 1.00000000</AMBIENT>
			<SPECULAR>1.00000000 1.00000000 1.00000000</SPECULAR>
			<DIFFUSEMAP>mt_Moi_grass/grass02_mt_pnt.jpg</DIFFUSEMAP>
		</MATERIAL>
		<MATERIAL name="NULL">
			<DIFFUSE>1.00000000 1.00000000 1.00000000</DIFFUSE>
			<AMBIENT>1.00000000 1.00000000 1.00000000</AMBIENT>
			<SPECULAR>1.00000000 1.00000000 1.00000000</SPECULAR>
			<DIFFUSEMAP>null</DIFFUSEMAP>
		</MATERIAL>
		<MATERIAL name="common_nc4">
			<DIFFUSE>1.00000000 1.00000000 1.00000000</DIFFUSE>
			<AMBIENT>1.00000000 1.00000000 1.00000000</AMBIENT>
			<SPECULAR>1.00000000 1.00000000 1.00000000</SPECULAR>
			<DIFFUSEMAP>common/nc4.jpg</DIFFUSEMAP>
		</MATERIAL>
		<MATERIAL name="common_nc3">
			<DIFFUSE>1.00000000 1.00000000 1.00000000</DIFFUSE>
			<AMBIENT>1.00000000 1.00000000 1.00000000</AMBIENT>
			<SPECULAR>1.00000000 1.00000000 1.00000000</SPECULAR>
			<DIFFUSEMAP>common/nc3.jpg</DIFFUSEMAP>
		</MATERIAL>
		<MATERIAL name="mt_Moi_stone_stone051_mt_con">
			<DIFFUSE>1.00000000 1.00000000 1.00000000</DIFFUSE>
			<AMBIENT>1.00000000 1.00000000 1.00000000</AMBIENT>
			<SPECULAR>1.00000000 1.00000000 1.00000000</SPECULAR>
			<DIFFUSEMAP>mt_Moi_stone/stone051_mt_con.jpg</DIFFUSEMAP>
		</MATERIAL>
		<MATERIAL name="mt_Moi_ground_earth03_1_mt_drt">
			<DIFFUSE>1.00000000 1.00000000 1.00000000</DIFFUSE>
			<AMBIENT>1.00000000 1.00000000 1.00000000</AMBIENT>
			<SPECULAR>1.00000000 1.00000000 1.00000000</SPECULAR>
			<DIFFUSEMAP>mt_Moi_ground/earth03_1_mt_drt.jpg</DIFFUSEMAP>
		</MATERIAL>
		<MATERIAL name="Moi_Bes_bes04">
			<DIFFUSE>1.00000000 1.00000000 1.00000000</DIFFUSE>
			<AMBIENT>1.00000000 1.00000000 1.00000000</AMBIENT>
			<SPECULAR>1.00000000 1.00000000 1.00000000</SPECULAR>
			<DIFFUSEMAP>Moi_Bes/bes04.jpg</DIFFUSEMAP>
		</MATERIAL>
		<MATERIAL name="mt_Moi_ground_lom1_mt_drt">
			<DIFFUSE>1.00000000 1.00000000 1.00000000</DIFFUSE>
			<AMBIENT>1.00000000 1.00000000 1.00000000</AMBIENT>
			<SPECULAR>1.00000000 1.00000000 1.00000000</SPECULAR>
			<DIFFUSEMAP>mt_Moi_ground/lom1_mt_drt.jpg</DIFFUSEMAP>
		</MATERIAL>
		<MATERIAL name="mt_gz_water_Citadel_hehua_mt_wat">
			<DIFFUSE>1.00000000 1.00000000 1.00000000</DIFFUSE>
			<AMBIENT>1.00000000 1.00000000 1.00000000</AMBIENT>
			<SPECULAR>1.00000000 1.00000000 1.00000000</SPECULAR>
			<DIFFUSEMAP>mt_gz_water/Citadel_hehua_mt_wat.jpg</DIFFUSEMAP>
		</MATERIAL>
	</MATERIALLIST>
// start
	<DUMMYLIST>
		<DUMMY name="spawn_solo_101">
			<POSITION>0.00000000 -3360.00000000 -1504.00000000</POSITION>
			<DIRECTION>0.00000000 1.00000000 0.00000000</DIRECTION>
		</DUMMY>
		<DUMMY name="spawn_solo_102">
			<POSITION>0.00000000 3360.00000000 -1504.00000000</POSITION>
			<DIRECTION>0.00000000 -1.00000000 0.00000000</DIRECTION>
		</DUMMY>

		<DUMMY name="spawn_solo_103">
			<POSITION>3328.00000000 -3072.00000000 -1504.00000000</POSITION>
			<DIRECTION>-1.00000000 0.00000000 0.00000000</DIRECTION>
		</DUMMY>
		<DUMMY name="spawn_solo_104">
			<POSITION>-3328.00000000 3072.00000000 -1504.00000000</POSITION>
			<DIRECTION>1.00000000 -0.00000000 0.00000000</DIRECTION>
		</DUMMY>
		<DUMMY name="spawn_solo_105">
			<POSITION>2944.00000000 576.00000000 -1536.00000000</POSITION>
			<DIRECTION>-1.00000000 0.00000000 0.00000000</DIRECTION>
		</DUMMY>
		<DUMMY name="spawn_solo_106">
			<POSITION>-2944.00000000 -576.00000000 -1536.00000000</POSITION>
			<DIRECTION>1.00000000 -0.00000000 0.00000000</DIRECTION>
		</DUMMY>
		<DUMMY name="spawn_solo_107">
			<POSITION>-544.00000000 2528.00000000 -736.00000000</POSITION>
			<DIRECTION>0.00000000 1.00000000 0.00000000</DIRECTION>
		</DUMMY>
		<DUMMY name="spawn_solo_108">
			<POSITION>544.00000000 -2528.00000000 -736.00000000</POSITION>
			<DIRECTION>-0.00000000 -1.00000000 0.00000000</DIRECTION>
		</DUMMY>
		<DUMMY name="spawn_solo_109">
			<POSITION>544.00000000 -3200.00000000 -416.00000000</POSITION>
			<DIRECTION>0.00000000 1.00000000 0.00000000</DIRECTION>
		</DUMMY>
		<DUMMY name="spawn_solo_110">
			<POSITION>-544.00000000 -3200.00000000 -416.00000000</POSITION>
			<DIRECTION>0.00000000 1.00000000 0.00000000</DIRECTION>
		</DUMMY>
		<DUMMY name="spawn_solo_111">
			<POSITION>-544.00000000 3200.00000000 -416.00000000</POSITION>
			<DIRECTION>-0.00000000 -1.00000000 0.00000000</DIRECTION>
		</DUMMY>
		<DUMMY name="spawn_solo_112">
			<POSITION>544.00000000 3200.00000000 -416.00000000</POSITION>
			<DIRECTION>-0.00000000 -1.00000000 0.00000000</DIRECTION>
		</DUMMY>
		<DUMMY name="spawn_solo_113">
			<POSITION>-1504.00000000 3008.00000000 -1440.00000000</POSITION>
			<DIRECTION>-0.00000000 -1.00000000 0.00000000</DIRECTION>
		</DUMMY>
		<DUMMY name="spawn_solo_114">
			<POSITION>1504.00000000 3008.00000000 -1440.00000000</POSITION>
			<DIRECTION>-0.00000000 -1.00000000 0.00000000</DIRECTION>
		</DUMMY>
		<DUMMY name="spawn_solo_115">
			<POSITION>960.00000000 -3008.00000000 -1440.00000000</POSITION>
			<DIRECTION>0.00000000 1.00000000 0.00000000</DIRECTION>
		</DUMMY>
		<DUMMY name="spawn_solo_116">
			<POSITION>-960.00000000 -3008.00000000 -1440.00000000</POSITION>
			<DIRECTION>0.00000000 1.00000000 0.00000000</DIRECTION>
		</DUMMY>

		<DUMMY name="spawn_team1_101">
			<POSITION>0.00000000 2944.00000000 -416.00000000</POSITION>
			<DIRECTION>-0.00000000 -1.00000000 0.00000000</DIRECTION>
		</DUMMY>
		<DUMMY name="spawn_team1_102">
			<POSITION>-128.00000000 2944.00000000 -416.00000000</POSITION>
			<DIRECTION>-0.00000000 -1.00000000 0.00000000</DIRECTION>
		</DUMMY>
		<DUMMY name="spawn_team1_103">
			<POSITION>128.00000000 2944.00000000 -416.00000000</POSITION>
			<DIRECTION>-0.00000000 -1.00000000 0.00000000</DIRECTION>
		</DUMMY>
		<DUMMY name="spawn_team1_104">
			<POSITION>-128.00000000 3072.00000000 -416.00000000</POSITION>
			<DIRECTION>-0.00000000 -1.00000000 0.00000000</DIRECTION>
		</DUMMY>
		<DUMMY name="spawn_team1_105">
			<POSITION>128.00000000 3072.00000000 -416.00000000</POSITION>
			<DIRECTION>-0.00000000 -1.00000000 0.00000000</DIRECTION>
		</DUMMY>
		<DUMMY name="spawn_team1_106">
			<POSITION>0.00000000 3200.00000000 -416.00000000</POSITION>
			<DIRECTION>-0.00000000 -1.00000000 0.00000000</DIRECTION>
		</DUMMY>
		<DUMMY name="spawn_team1_107">
			<POSITION>-128.00000000 3200.00000000 -416.00000000</POSITION>
			<DIRECTION>-0.00000000 -1.00000000 0.00000000</DIRECTION>
		</DUMMY>
		<DUMMY name="spawn_team1_108">
			<POSITION>128.00000000 3200.00000000 -416.00000000</POSITION>
			<DIRECTION>-0.00000000 -1.00000000 0.00000000</DIRECTION>
		</DUMMY>

		<DUMMY name="spawn_team2_101">
			<POSITION>0.00000000 -3200.00000000 -416.00000000</POSITION>
			<DIRECTION>0.00000000 1.00000000 0.00000000</DIRECTION>
		</DUMMY>
		<DUMMY name="spawn_team2_102">
			<POSITION>-128.00000000 -3200.00000000 -416.00000000</POSITION>
			<DIRECTION>0.00000000 1.00000000 0.00000000</DIRECTION>
		</DUMMY>
		<DUMMY name="spawn_team2_103">
			<POSITION>128.00000000 -3200.00000000 -416.00000000</POSITION>
			<DIRECTION>0.00000000 1.00000000 0.00000000</DIRECTION>
		</DUMMY>
		<DUMMY name="spawn_team2_104">
			<POSITION>-128.00000000 -3072.00000000 -416.00000000</POSITION>
			<DIRECTION>0.00000000 1.00000000 0.00000000</DIRECTION>
		</DUMMY>
		<DUMMY name="spawn_team2_105">
			<POSITION>128.00000000 -3072.00000000 -416.00000000</POSITION>
			<DIRECTION>0.00000000 1.00000000 0.00000000</DIRECTION>
		</DUMMY>
		<DUMMY name="spawn_team2_106">
			<POSITION>0.00000000 -2944.00000000 -416.00000000</POSITION>
			<DIRECTION>0.00000000 1.00000000 0.00000000</DIRECTION>
		</DUMMY>
		<DUMMY name="spawn_team2_107">
			<POSITION>-128.00000000 -2944.00000000 -416.00000000</POSITION>
			<DIRECTION>0.00000000 1.00000000 0.00000000</DIRECTION>
		</DUMMY>
		<DUMMY name="spawn_team2_108">
			<POSITION>128.00000000 -2944.00000000 -416.00000000</POSITION>
			<DIRECTION>0.00000000 1.00000000 0.00000000</DIRECTION>
		</DUMMY>


//HP AP AMMO
//DM
		<DUMMY name="spawn_item_solo_bullet02_01">
			<POSITION>3072.00000000 3072.00000000 -1344.00000000</POSITION>
			<DIRECTION>0.00000000 0.9999999 0.00000000</DIRECTION>
		</DUMMY>
		<DUMMY name="spawn_item_solo_bullet02_02">
			<POSITION>-3072.00000000 -3072.00000000 -1344.00000000</POSITION>
			<DIRECTION>0.00000000 0.9999999 0.00000000</DIRECTION>
		</DUMMY>
		<DUMMY name="spawn_item_solo_bullet02_03">
			<POSITION>2688.00000000 -576.00000000 -1472.00000000</POSITION>
			<DIRECTION>0.00000000 0.9999999 0.00000000</DIRECTION>
		</DUMMY>
		<DUMMY name="spawn_item_solo_bullet02_04">
			<POSITION>-2688.00000000 576.00000000 -1472.00000000</POSITION>
			<DIRECTION>0.00000000 0.9999999 0.00000000</DIRECTION>
		</DUMMY>

		<DUMMY name="spawn_item_solo_hp03_01">
			<POSITION>0.00000000 3360.00000000 -1024.00000000</POSITION>
			<DIRECTION>0.00000000 0.9999999 0.00000000</DIRECTION>
		</DUMMY>
		<DUMMY name="spawn_item_solo_hp03_2">
			<POSITION>0.00000000 -2560.00000000 256.00000000</POSITION>
			<DIRECTION>0.00000000 0.9999999 0.00000000</DIRECTION>
		</DUMMY>
		<DUMMY name="spawn_item_solo_ap03_01">
			<POSITION>0.00000000 2656.00000000 992.00000000</POSITION>
			<DIRECTION>0.00000000 1.00000000 0.00000000</DIRECTION>
		</DUMMY>
		<DUMMY name="spawn_item_solo_ap03_02">
			<POSITION>0.00000000 -3360.00000000 -1024.00000000</POSITION>
			<DIRECTION>0.00000000 0.9999999 0.00000000</DIRECTION>
		</DUMMY>

// TDM
		<DUMMY name="spawn_item_team_bullet02_01">
			<POSITION>0.00000000 3360.00000000 -1024.00000000</POSITION>
			<DIRECTION>0.00000000 0.9999999 0.00000000</DIRECTION>
		</DUMMY>
		<DUMMY name="spawn_item_team_bullet02_02">
			<POSITION>0.00000000 -2560.00000000 256.00000000</POSITION>
			<DIRECTION>0.00000000 0.9999999 0.00000000</DIRECTION>
		</DUMMY>
		<DUMMY name="spawn_item_team_bullet02_03">
			<POSITION>0.00000000 2656.00000000 992.00000000</POSITION>
			<DIRECTION>0.00000000 0.9999999 0.00000000</DIRECTION>
		</DUMMY>
		<DUMMY name="spawn_item_team_bullet02_04">
			<POSITION>0.00000000 -3360.00000000 -1024.00000000</POSITION>
			<DIRECTION>0.00000000 0.9999999 0.00000000</DIRECTION>
		</DUMMY>
// end 
	</DUMMYLIST>
// start
	
 	<FOG min="0" max="6000">
                  	<R>168</R>
                  	<G>189</G>
                  	<B>145</B>
	</FOG> 

	<AMBIENTSOUNDLIST>

	// WIND SOUNDS

		<AMBIENTSOUND ObjName="snd_amb_a1_wind 01" type="a1" filename="amb_wind_hole_2d">
			<CENTER>0.00000000 -3072.00000000 512.00000000</CENTER>
			<RADIUS>1000</RADIUS>
		</AMBIENTSOUND>
		<AMBIENTSOUND ObjName="snd_amb_a1_wind 02" type="a1" filename="amb_wind_hole_2d">
			<CENTER>512.00000000 2560.00000000 1536.00000000</CENTER>
			<RADIUS>1000</RADIUS>
		</AMBIENTSOUND>
		<AMBIENTSOUND ObjName="snd_amb_a1_wind 03" type="a1" filename="amb_wind_hole_2d">
			<CENTER>-512.00000000 2560.00000000 1536.00000000</CENTER>
			<RADIUS>1000</RADIUS>
		</AMBIENTSOUND>
		<AMBIENTSOUND ObjName="snd_amb_a1_wind 04" type="a1" filename="amb_wind_hole_2d">
			<CENTER>512.00000000 3584.00000000 1536.00000000</CENTER>
			<RADIUS>1000</RADIUS>
		</AMBIENTSOUND>
		<AMBIENTSOUND ObjName="snd_amb_a1_wind 05" type="a1" filename="amb_wind_hole_2d">
			<CENTER>-512.00000000 3584.00000000 1536.00000000</CENTER>
			<RADIUS>1000</RADIUS>
		</AMBIENTSOUND>


	// WOTER SOUNDS

		<AMBIENTSOUND ObjName="snd_amb_b1_dropwater 01" type="b1" filename="amb_dropwater">
			<CENTER>0.00000000 0.00000000 -1536.00000000</CENTER>
			<RADIUS>500</RADIUS>
		</AMBIENTSOUND>


	// GEYSER SOUNDS


		<AMBIENTSOUND ObjName="snd_amb_a1_geyser_2d 01" type="a1" filename="amb_geyser_2d">
			<CENTER>3072.00000000 3072.00000000 -1048.00000000</CENTER>
			<RADIUS>250</RADIUS>
		</AMBIENTSOUND>

		<AMBIENTSOUND ObjName="snd_amb_a1_geyser_2d 02" type="a1" filename="amb_geyser_2d">
			<CENTER>3072.00000000 -3072.00000000 -1172.00000000</CENTER>
			<RADIUS>250</RADIUS>
		</AMBIENTSOUND>

		<AMBIENTSOUND ObjName="snd_amb_a1_geyser_2d 03" type="a1" filename="amb_geyser_2d">
			<CENTER>-3072.00000000 3072.00000000 -1172.00000000</CENTER>
			<RADIUS>250</RADIUS>
		</AMBIENTSOUND>

		<AMBIENTSOUND ObjName="snd_amb_a1_geyser_2d 04" type="a1" filename="amb_geyser_2d">
			<CENTER>-3072.00000000 -3072.00000000 -1048.00000000</CENTER>
			<RADIUS>250</RADIUS>
		</AMBIENTSOUND>

	</AMBIENTSOUNDLIST>
// end 
</XML>