<?xml version="1.0" encoding="UTF-8"?>
<XML>
	<GAMETYPE id="solo">
		<SPAWN item="blueflag" timesec="45000">
			<POSITION>-3458 6154 -548</POSITION>
		</SPAWN>
		<SPAWN item="redflag" timesec="45000">
			<POSITION>-66 -5463 -68</POSITION>
		</SPAWN>
		<SPAWN item="hp02" timesec="20000">
			<POSITION>-1439 6799 -216</POSITION>
		</SPAWN>
		<SPAWN item="bullet02" timesec="30000">
			<POSITION>3110 7398 -216</POSITION>
		</SPAWN>
		<SPAWN item="ap02" timesec="30000">
			<POSITION>2604 -210 -144</POSITION>
		</SPAWN>
		<SPAWN item="ap02" timesec="30000">
			<POSITION>-1425 1822 -145</POSITION>
		</SPAWN>
	</GAMETYPE>
	<GAMETYPE id="team">
		<SPAWN item="blueflag" timesec="45000">
			<POSITION>-3458 6154 -548</POSITION>
		</SPAWN>
		<SPAWN item="redflag" timesec="45000">
			<POSITION>-66 -5463 -68</POSITION>
		</SPAWN>
		<SPAWN item="ap02" timesec="30000">
			<POSITION>-48 -1887 -218</POSITION>
		</SPAWN>
		<SPAWN item="bullet02" timesec="45000">
			<POSITION>2307 803 -177</POSITION>
		</SPAWN>
		<SPAWN item="hp02" timesec="60000">
			<POSITION>-4739 292 -227</POSITION>
		</SPAWN>
		<SPAWN item="ap02" timesec="30000">
			<POSITION>4400 7562 -227</POSITION>
		</SPAWN>
		<SPAWN item="hp02" timesec="60000">
			<POSITION>-4033 7967 -145</POSITION>
		</SPAWN>
		<SPAWN item="hp02" timesec="60000">
			<POSITION>4309 1995 -700</POSITION>
		</SPAWN>
	</GAMETYPE>
</XML>
