<?xml version="1.0" encoding="UTF-8"?>
<XML>
	<MATERIALLIST>
		<MATERIAL name="wall_Wall028_mt_con">
			<DIFFUSE>1.00000000 1.00000000 1.00000000</DIFFUSE>
			<AMBIENT>1.00000000 1.00000000 1.00000000</AMBIENT>
			<SPECULAR>1.00000000 1.00000000 1.00000000</SPECULAR>
			<DIFFUSEMAP>wall/Wall028.tga</DIFFUSEMAP>
		</MATERIAL>
		<MATERIAL name="box_Box002_mt_con">
			<DIFFUSE>1.00000000 1.00000000 1.00000000</DIFFUSE>
			<AMBIENT>1.00000000 1.00000000 1.00000000</AMBIENT>
			<SPECULAR>1.00000000 1.00000000 1.00000000</SPECULAR>
			<DIFFUSEMAP>box/Box002.tga</DIFFUSEMAP>
		</MATERIAL>
		<MATERIAL name="sword_BOXWARN_mt_con">
			<DIFFUSE>1.00000000 1.00000000 1.00000000</DIFFUSE>
			<AMBIENT>1.00000000 1.00000000 1.00000000</AMBIENT>
			<SPECULAR>1.00000000 1.00000000 1.00000000</SPECULAR>
			<DIFFUSEMAP>sword/BOXWARN.tga</DIFFUSEMAP>
		</MATERIAL>
		<MATERIAL name="door_Door001_mt_con">
			<DIFFUSE>1.00000000 1.00000000 1.00000000</DIFFUSE>
			<AMBIENT>1.00000000 1.00000000 1.00000000</AMBIENT>
			<SPECULAR>1.00000000 1.00000000 1.00000000</SPECULAR>
			<DIFFUSEMAP>door/Door001.tga</DIFFUSEMAP>
		</MATERIAL>
	</MATERIALLIST>
	<DUMMYLIST>
		<DUMMY name="spawn_solo_101">
			<POSITION>-1044.08000000 -1232.83000000 -48.00000000</POSITION>
			<DIRECTION>0.00316602 -0.99999499 0.00000000</DIRECTION>
		</DUMMY>
		<DUMMY name="wait_pos_01">
			<POSITION>-1044.08000000 -1232.83000000 -48.00000000</POSITION>
			<DIRECTION>0.00316602 -0.99999499 0.00000000</DIRECTION>
		</DUMMY>

		<DUMMY name="spawn_solo_102">
			<POSITION>-868.07900000 -1232.83000000 -48.00000000</POSITION>
			<DIRECTION>0.00316602 -0.99999499 0.00000000</DIRECTION>
		</DUMMY>
		<DUMMY name="spawn_solo_103">
			<POSITION>-1220.08000000 -1232.83000000 -48.00000000</POSITION>
			<DIRECTION>0.00316602 -0.99999499 0.00000000</DIRECTION>
		</DUMMY>
		<DUMMY name="spawn_solo_104">
			<POSITION>-1324.08000000 -1232.83000000 -48.00000000</POSITION>
			<DIRECTION>0.00316602 -0.99999499 0.00000000</DIRECTION>
		</DUMMY>
		<DUMMY name="link01">
			<POSITION>-1144.00000000 1640.00000000 -48.00000000</POSITION>
			<DIRECTION>-1.00000000 0.00000000 0.00000000</DIRECTION>
		</DUMMY>
		<DUMMY name="spawn_npc_melee_01">
			<POSITION>-1320.00000000 1392.00000000 -48.00000000</POSITION>
			<DIRECTION>-1.00000000 0.00000000 0.00000000</DIRECTION>
		</DUMMY>
		<DUMMY name="spawn_npc_melee_02">
			<POSITION>-864.00000000 1392.00000000 -48.00000000</POSITION>
			<DIRECTION>-1.00000000 0.00000000 0.00000000</DIRECTION>
		</DUMMY>
		<DUMMY name="spawn_npc_melee_03">
			<POSITION>-952.00000000 1392.00000000 -48.00000000</POSITION>
			<DIRECTION>-1.00000000 0.00000000 0.00000000</DIRECTION>
		</DUMMY>
		<DUMMY name="spawn_npc_range_01">
			<POSITION>-1048.00000000 1392.00000000 -48.00000000</POSITION>
			<DIRECTION>-1.00000000 0.00000000 0.00000000</DIRECTION>
		</DUMMY>
		<DUMMY name="spawn_npc_range_02">
			<POSITION>-1144.00000000 1392.00000000 -48.00000000</POSITION>
			<DIRECTION>-1.00000000 0.00000000 0.00000000</DIRECTION>
		</DUMMY>
		<DUMMY name="spawn_npc_range_03">
			<POSITION>-1232.00000000 1392.00000000 -48.00000000</POSITION>
			<DIRECTION>-1.00000000 0.00000000 0.00000000</DIRECTION>
		</DUMMY>
	</DUMMYLIST>
</XML>
