<?xml version="1.0" encoding="UTF-8"?>
<XML>
	<MATERIALLIST>
		<MATERIAL name="outros_Lava">
			<DIFFUSE>1.00000000 1.00000000 1.00000000</DIFFUSE>
			<AMBIENT>1.00000000 1.00000000 1.00000000</AMBIENT>
			<SPECULAR>1.00000000 1.00000000 1.00000000</SPECULAR>
			<DIFFUSEMAP>outros/Lava.png</DIFFUSEMAP>
		</MATERIAL>
		<MATERIAL name="common_AzulWall">
			<DIFFUSE>1.00000000 1.00000000 1.00000000</DIFFUSE>
			<AMBIENT>1.00000000 1.00000000 1.00000000</AMBIENT>
			<SPECULAR>1.00000000 1.00000000 1.00000000</SPECULAR>
			<DIFFUSEMAP>common/AzulWall.jpg</DIFFUSEMAP>
		</MATERIAL>
		<MATERIAL name="outros_Azul">
			<DIFFUSE>1.00000000 1.00000000 1.00000000</DIFFUSE>
			<AMBIENT>1.00000000 1.00000000 1.00000000</AMBIENT>
			<SPECULAR>1.00000000 1.00000000 1.00000000</SPECULAR>
			<DIFFUSEMAP>outros/Azul.jpg</DIFFUSEMAP>
		</MATERIAL>
		<MATERIAL name="nave_tileable">
			<DIFFUSE>1.00000000 1.00000000 1.00000000</DIFFUSE>
			<AMBIENT>1.00000000 1.00000000 1.00000000</AMBIENT>
			<SPECULAR>1.00000000 1.00000000 1.00000000</SPECULAR>
			<DIFFUSEMAP>nave/tileable.png</DIFFUSEMAP>
		</MATERIAL>
		<MATERIAL name="outros_blue">
			<DIFFUSE>1.00000000 1.00000000 1.00000000</DIFFUSE>
			<AMBIENT>1.00000000 1.00000000 1.00000000</AMBIENT>
			<SPECULAR>1.00000000 1.00000000 1.00000000</SPECULAR>
			<DIFFUSEMAP>outros/blue.tga</DIFFUSEMAP>
		</MATERIAL>
		<MATERIAL name="nave_hull">
			<DIFFUSE>1.00000000 1.00000000 1.00000000</DIFFUSE>
			<AMBIENT>1.00000000 1.00000000 1.00000000</AMBIENT>
			<SPECULAR>1.00000000 1.00000000 1.00000000</SPECULAR>
			<DIFFUSEMAP>nave/hull.png</DIFFUSEMAP>
		</MATERIAL>
		<MATERIAL name="common_tileablewall">
			<DIFFUSE>1.00000000 1.00000000 1.00000000</DIFFUSE>
			<AMBIENT>1.00000000 1.00000000 1.00000000</AMBIENT>
			<SPECULAR>1.00000000 1.00000000 1.00000000</SPECULAR>
			<DIFFUSEMAP>common/tileablewall.jpg</DIFFUSEMAP>
		</MATERIAL>
		<MATERIAL name="outros_Secret2">
			<DIFFUSE>1.00000000 1.00000000 1.00000000</DIFFUSE>
			<AMBIENT>1.00000000 1.00000000 1.00000000</AMBIENT>
			<SPECULAR>1.00000000 1.00000000 1.00000000</SPECULAR>
			<DIFFUSEMAP>outros/Secret2.jpg</DIFFUSEMAP>
		</MATERIAL>
		<MATERIAL name="common_hullwall">
			<DIFFUSE>1.00000000 1.00000000 1.00000000</DIFFUSE>
			<AMBIENT>1.00000000 1.00000000 1.00000000</AMBIENT>
			<SPECULAR>1.00000000 1.00000000 1.00000000</SPECULAR>
			<DIFFUSEMAP>common/hullwall.jpg</DIFFUSEMAP>
		</MATERIAL>
	</MATERIALLIST>
        <OBJECTLIST>
                 <OBJECT name="fetamaleanimation.elu">
                 </OBJECT>
      </OBJECTLIST>
	<DUMMYLIST>
		<DUMMY name="fetamaleanimation">
			<POSITION>152.00000000 -1266.00000000 0.00000000</POSITION>
			<DIRECTION>-1.00000000 0.00000000 0.00000000</DIRECTION>
		</DUMMY>
		<DUMMY name="spawn_solo_101">
			<POSITION>-65.50000000 -2459.25000000 0.00000000</POSITION>
			<DIRECTION>0.01123794 -0.99993685 0.00000000</DIRECTION>
		</DUMMY>
		<DUMMY name="spawn_team1_102">
			<POSITION>3768.00000000 -7488.00000000 7664.00000000</POSITION>
			<DIRECTION>-1.00000000 0.00000000 0.00000000</DIRECTION>
		</DUMMY>
		<DUMMY name="spawn_team2_101">
			<POSITION>-3904.00000000 -7488.00000000 7664.00000000</POSITION>
			<DIRECTION>-1.00000000 0.00000000 0.00000000</DIRECTION>
		</DUMMY>
	</DUMMYLIST>
<FOG min="0" max="10000">
		<R>175</R>
		<G>185</G>
		<B>205</B>
	</FOG>
</XML>
