<?xml version="1.0" encoding="UTF-8"?>
<XML>
	<MATERIALLIST>
		<MATERIAL name="Minecraft_HD_cobble">
			<DIFFUSE>1.00000000 1.00000000 1.00000000</DIFFUSE>
			<AMBIENT>1.00000000 1.00000000 1.00000000</AMBIENT>
			<SPECULAR>1.00000000 1.00000000 1.00000000</SPECULAR>
			<DIFFUSEMAP>Minecraft_HD/cobble.jpg</DIFFUSEMAP>
		</MATERIAL>
		<MATERIAL name="Minecraft_HD_2012-03-05_09.31.17">
			<DIFFUSE>1.00000000 1.00000000 1.00000000</DIFFUSE>
			<AMBIENT>1.00000000 1.00000000 1.00000000</AMBIENT>
			<SPECULAR>1.00000000 1.00000000 1.00000000</SPECULAR>
			<DIFFUSEMAP>Minecraft_HD/2012-03-05_09.31.17.png</DIFFUSEMAP>
		</MATERIAL>
		<MATERIAL name="Minecraft_HD_stonebrick_normal">
			<DIFFUSE>1.00000000 1.00000000 1.00000000</DIFFUSE>
			<AMBIENT>1.00000000 1.00000000 1.00000000</AMBIENT>
			<SPECULAR>1.00000000 1.00000000 1.00000000</SPECULAR>
			<DIFFUSEMAP>Minecraft_HD/stonebrick_normal.png</DIFFUSEMAP>
		</MATERIAL>
		<MATERIAL name="Minecraft_HD_woodsign1">
			<DIFFUSE>1.00000000 1.00000000 1.00000000</DIFFUSE>
			<AMBIENT>1.00000000 1.00000000 1.00000000</AMBIENT>
			<SPECULAR>1.00000000 1.00000000 1.00000000</SPECULAR>
			<DIFFUSEMAP>Minecraft_HD/woodsign1.jpg</DIFFUSEMAP>
		</MATERIAL>
		<MATERIAL name="Minecraft_HD_thing2">
			<DIFFUSE>1.00000000 1.00000000 1.00000000</DIFFUSE>
			<AMBIENT>1.00000000 1.00000000 1.00000000</AMBIENT>
			<SPECULAR>1.00000000 1.00000000 1.00000000</SPECULAR>
			<DIFFUSEMAP>Minecraft_HD/thing2.png</DIFFUSEMAP>
		</MATERIAL>
		<MATERIAL name="Minecraft_HD_book">
			<DIFFUSE>1.00000000 1.00000000 1.00000000</DIFFUSE>
			<AMBIENT>1.00000000 1.00000000 1.00000000</AMBIENT>
			<SPECULAR>1.00000000 1.00000000 1.00000000</SPECULAR>
			<DIFFUSEMAP>Minecraft_HD/book.jpg</DIFFUSEMAP>
		</MATERIAL>
		<MATERIAL name="Minecraft_HD_item_armors">
			<DIFFUSE>1.00000000 1.00000000 1.00000000</DIFFUSE>
			<AMBIENT>1.00000000 1.00000000 1.00000000</AMBIENT>
			<SPECULAR>1.00000000 1.00000000 1.00000000</SPECULAR>
			<DIFFUSEMAP>Minecraft_HD/item_armors.png</DIFFUSEMAP>
		</MATERIAL>
		<MATERIAL name="Minecraft_HD_item_diamondpick">
			<DIFFUSE>1.00000000 1.00000000 1.00000000</DIFFUSE>
			<AMBIENT>1.00000000 1.00000000 1.00000000</AMBIENT>
			<SPECULAR>1.00000000 1.00000000 1.00000000</SPECULAR>
			<DIFFUSEMAP>Minecraft_HD/item_diamondpick.png</DIFFUSEMAP>
		</MATERIAL>
		<MATERIAL name="Minecraft_HD_item_diamondsword">
			<DIFFUSE>1.00000000 1.00000000 1.00000000</DIFFUSE>
			<AMBIENT>1.00000000 1.00000000 1.00000000</AMBIENT>
			<SPECULAR>1.00000000 1.00000000 1.00000000</SPECULAR>
			<DIFFUSEMAP>Minecraft_HD/item_diamondsword.png</DIFFUSEMAP>
		</MATERIAL>
		<MATERIAL name="Minecraft_HD_steve_1">
			<DIFFUSE>1.00000000 1.00000000 1.00000000</DIFFUSE>
			<AMBIENT>1.00000000 1.00000000 1.00000000</AMBIENT>
			<SPECULAR>1.00000000 1.00000000 1.00000000</SPECULAR>
			<DIFFUSEMAP>Minecraft_HD/steve_1.png</DIFFUSEMAP>
		</MATERIAL>
		<MATERIAL name="Minecraft_HD_steve_2">
			<DIFFUSE>1.00000000 1.00000000 1.00000000</DIFFUSE>
			<AMBIENT>1.00000000 1.00000000 1.00000000</AMBIENT>
			<SPECULAR>1.00000000 1.00000000 1.00000000</SPECULAR>
			<DIFFUSEMAP>Minecraft_HD/steve_2.png</DIFFUSEMAP>
		</MATERIAL>
		<MATERIAL name="Minecraft_HD_Lava">
			<DIFFUSE>1.00000000 1.00000000 1.00000000</DIFFUSE>
			<AMBIENT>1.00000000 1.00000000 1.00000000</AMBIENT>
			<SPECULAR>1.00000000 1.00000000 1.00000000</SPECULAR>
			<DIFFUSEMAP>Minecraft_HD/Lava.png</DIFFUSEMAP>
		</MATERIAL>
		<MATERIAL name="Minecraft_HD_dirt">
			<DIFFUSE>1.00000000 1.00000000 1.00000000</DIFFUSE>
			<AMBIENT>1.00000000 1.00000000 1.00000000</AMBIENT>
			<SPECULAR>1.00000000 1.00000000 1.00000000</SPECULAR>
			<DIFFUSEMAP>Minecraft_HD/dirt.jpg</DIFFUSEMAP>
		</MATERIAL>
		<MATERIAL name="Minecraft_HD_diamondstone">
			<DIFFUSE>1.00000000 1.00000000 1.00000000</DIFFUSE>
			<AMBIENT>1.00000000 1.00000000 1.00000000</AMBIENT>
			<SPECULAR>1.00000000 1.00000000 1.00000000</SPECULAR>
			<DIFFUSEMAP>Minecraft_HD/diamondstone.jpg</DIFFUSEMAP>
		</MATERIAL>
		<MATERIAL name="Minecraft_HD_ironore">
			<DIFFUSE>1.00000000 1.00000000 1.00000000</DIFFUSE>
			<AMBIENT>1.00000000 1.00000000 1.00000000</AMBIENT>
			<SPECULAR>1.00000000 1.00000000 1.00000000</SPECULAR>
			<DIFFUSEMAP>Minecraft_HD/ironore.jpg</DIFFUSEMAP>
		</MATERIAL>
		<MATERIAL name="Minecraft_HD_coal">
			<DIFFUSE>1.00000000 1.00000000 1.00000000</DIFFUSE>
			<AMBIENT>1.00000000 1.00000000 1.00000000</AMBIENT>
			<SPECULAR>1.00000000 1.00000000 1.00000000</SPECULAR>
			<DIFFUSEMAP>Minecraft_HD/coal.jpg</DIFFUSEMAP>
		</MATERIAL>
		<MATERIAL name="Minecraft_HD_Redstone">
			<DIFFUSE>1.00000000 1.00000000 1.00000000</DIFFUSE>
			<AMBIENT>1.00000000 1.00000000 1.00000000</AMBIENT>
			<SPECULAR>1.00000000 1.00000000 1.00000000</SPECULAR>
			<DIFFUSEMAP>Minecraft_HD/Redstone.jpg</DIFFUSEMAP>
		</MATERIAL>
		<MATERIAL name="Minecraft_HD_stone">
			<DIFFUSE>1.00000000 1.00000000 1.00000000</DIFFUSE>
			<AMBIENT>1.00000000 1.00000000 1.00000000</AMBIENT>
			<SPECULAR>1.00000000 1.00000000 1.00000000</SPECULAR>
			<DIFFUSEMAP>Minecraft_HD/stone.jpg</DIFFUSEMAP>
		</MATERIAL>
		<MATERIAL name="Minecraft_HD_ironbars">
			<DIFFUSE>1.00000000 1.00000000 1.00000000</DIFFUSE>
			<AMBIENT>1.00000000 1.00000000 1.00000000</AMBIENT>
			<SPECULAR>1.00000000 1.00000000 1.00000000</SPECULAR>
			<DIFFUSEMAP>Minecraft_HD/ironbars.png</DIFFUSEMAP>
		</MATERIAL>
		<MATERIAL name="IJJI_gzd_map_Mansion_door02.bmp">
			<DIFFUSE>1.00000000 1.00000000 1.00000000</DIFFUSE>
			<AMBIENT>1.00000000 1.00000000 1.00000000</AMBIENT>
			<SPECULAR>1.00000000 1.00000000 1.00000000</SPECULAR>
			<DIFFUSEMAP>IJJI/gzd_map_Mansion_door02.bmp</DIFFUSEMAP>
		</MATERIAL>
		<MATERIAL name="Minecraft_HD_Ladder">
			<DIFFUSE>1.00000000 1.00000000 1.00000000</DIFFUSE>
			<AMBIENT>1.00000000 1.00000000 1.00000000</AMBIENT>
			<SPECULAR>1.00000000 1.00000000 1.00000000</SPECULAR>
			<DIFFUSEMAP>Minecraft_HD/Ladder.png</DIFFUSEMAP>
		</MATERIAL>
		<MATERIAL name="Minecraft_HD_Obsidian">
			<DIFFUSE>1.00000000 1.00000000 1.00000000</DIFFUSE>
			<AMBIENT>1.00000000 1.00000000 1.00000000</AMBIENT>
			<SPECULAR>1.00000000 1.00000000 1.00000000</SPECULAR>
			<DIFFUSEMAP>Minecraft_HD/Obsidian.jpg</DIFFUSEMAP>
		</MATERIAL>
		<MATERIAL name="Minecraft_HD_Jukebox">
			<DIFFUSE>1.00000000 1.00000000 1.00000000</DIFFUSE>
			<AMBIENT>1.00000000 1.00000000 1.00000000</AMBIENT>
			<SPECULAR>1.00000000 1.00000000 1.00000000</SPECULAR>
			<DIFFUSEMAP>Minecraft_HD/Jukebox.jpg</DIFFUSEMAP>
		</MATERIAL>
		<MATERIAL name="Minecraft_HD_Reddust_on">
			<DIFFUSE>1.00000000 1.00000000 1.00000000</DIFFUSE>
			<AMBIENT>1.00000000 1.00000000 1.00000000</AMBIENT>
			<SPECULAR>1.00000000 1.00000000 1.00000000</SPECULAR>
			<DIFFUSEMAP>Minecraft_HD/Reddust_on.png</DIFFUSEMAP>
		</MATERIAL>
		<MATERIAL name="Minecraft_HD_workb">
			<DIFFUSE>1.00000000 1.00000000 1.00000000</DIFFUSE>
			<AMBIENT>1.00000000 1.00000000 1.00000000</AMBIENT>
			<SPECULAR>1.00000000 1.00000000 1.00000000</SPECULAR>
			<DIFFUSEMAP>Minecraft_HD/workb.jpg</DIFFUSEMAP>
		</MATERIAL>
		<MATERIAL name="common_Hacker">
			<DIFFUSE>1.00000000 1.00000000 1.00000000</DIFFUSE>
			<AMBIENT>1.00000000 1.00000000 1.00000000</AMBIENT>
			<SPECULAR>1.00000000 1.00000000 1.00000000</SPECULAR>
			<DIFFUSEMAP>common/Hacker.jpg</DIFFUSEMAP>
		</MATERIAL>
		<MATERIAL name="Minecraft_HD_grass_top">
			<DIFFUSE>1.00000000 1.00000000 1.00000000</DIFFUSE>
			<AMBIENT>1.00000000 1.00000000 1.00000000</AMBIENT>
			<SPECULAR>1.00000000 1.00000000 1.00000000</SPECULAR>
			<DIFFUSEMAP>Minecraft_HD/grass_top.png</DIFFUSEMAP>
		</MATERIAL>
		<MATERIAL name="common_hout">
			<DIFFUSE>1.00000000 1.00000000 1.00000000</DIFFUSE>
			<AMBIENT>1.00000000 1.00000000 1.00000000</AMBIENT>
			<SPECULAR>1.00000000 1.00000000 1.00000000</SPECULAR>
			<DIFFUSEMAP>common/hout.jpg</DIFFUSEMAP>
		</MATERIAL>
		<MATERIAL name="Minecraft_HD_2012-03-05_09.31.12">
			<DIFFUSE>1.00000000 1.00000000 1.00000000</DIFFUSE>
			<AMBIENT>1.00000000 1.00000000 1.00000000</AMBIENT>
			<SPECULAR>1.00000000 1.00000000 1.00000000</SPECULAR>
			<DIFFUSEMAP>Minecraft_HD/2012-03-05_09.31.12.png</DIFFUSEMAP>
		</MATERIAL>
		<MATERIAL name="Minecraft_HD_Mossy">
			<DIFFUSE>1.00000000 1.00000000 1.00000000</DIFFUSE>
			<AMBIENT>1.00000000 1.00000000 1.00000000</AMBIENT>
			<SPECULAR>1.00000000 1.00000000 1.00000000</SPECULAR>
			<DIFFUSEMAP>Minecraft_HD/Mossy.jpg</DIFFUSEMAP>
		</MATERIAL>
		<MATERIAL name="Minecraft_HD_CakeIsALie">
			<DIFFUSE>1.00000000 1.00000000 1.00000000</DIFFUSE>
			<AMBIENT>1.00000000 1.00000000 1.00000000</AMBIENT>
			<SPECULAR>1.00000000 1.00000000 1.00000000</SPECULAR>
			<DIFFUSEMAP>Minecraft_HD/CakeIsALie.png</DIFFUSEMAP>
		</MATERIAL>
		<MATERIAL name="Minecraft_HD_bedrock">
			<DIFFUSE>1.00000000 1.00000000 1.00000000</DIFFUSE>
			<AMBIENT>1.00000000 1.00000000 1.00000000</AMBIENT>
			<SPECULAR>1.00000000 1.00000000 1.00000000</SPECULAR>
			<DIFFUSEMAP>Minecraft_HD/bedrock.jpg</DIFFUSEMAP>
		</MATERIAL>
		<MATERIAL name="Minecraft_HD_blue">
			<DIFFUSE>1.00000000 1.00000000 1.00000000</DIFFUSE>
			<AMBIENT>1.00000000 1.00000000 1.00000000</AMBIENT>
			<SPECULAR>1.00000000 1.00000000 1.00000000</SPECULAR>
			<DIFFUSEMAP>Minecraft_HD/blue.jpg</DIFFUSEMAP>
		</MATERIAL>
		<MATERIAL name="Minecraft_HD_tnt">
			<DIFFUSE>1.00000000 1.00000000 1.00000000</DIFFUSE>
			<AMBIENT>1.00000000 1.00000000 1.00000000</AMBIENT>
			<SPECULAR>1.00000000 1.00000000 1.00000000</SPECULAR>
			<DIFFUSEMAP>Minecraft_HD/tnt.jpg</DIFFUSEMAP>
		</MATERIAL>
		<MATERIAL name="Minecraft_HD_Pumpkin_Face">
			<DIFFUSE>1.00000000 1.00000000 1.00000000</DIFFUSE>
			<AMBIENT>1.00000000 1.00000000 1.00000000</AMBIENT>
			<SPECULAR>1.00000000 1.00000000 1.00000000</SPECULAR>
			<DIFFUSEMAP>Minecraft_HD/Pumpkin_Face.png</DIFFUSEMAP>
		</MATERIAL>
		<MATERIAL name="Minecraft_HD_chest_top">
			<DIFFUSE>1.00000000 1.00000000 1.00000000</DIFFUSE>
			<AMBIENT>1.00000000 1.00000000 1.00000000</AMBIENT>
			<SPECULAR>1.00000000 1.00000000 1.00000000</SPECULAR>
			<DIFFUSEMAP>Minecraft_HD/chest_top.jpg</DIFFUSEMAP>
		</MATERIAL>
		<MATERIAL name="Minecraft_HD_chest_double_2">
			<DIFFUSE>1.00000000 1.00000000 1.00000000</DIFFUSE>
			<AMBIENT>1.00000000 1.00000000 1.00000000</AMBIENT>
			<SPECULAR>1.00000000 1.00000000 1.00000000</SPECULAR>
			<DIFFUSEMAP>Minecraft_HD/chest_double_2.jpg</DIFFUSEMAP>
		</MATERIAL>
		<MATERIAL name="Minecraft_HD_chest_front">
			<DIFFUSE>1.00000000 1.00000000 1.00000000</DIFFUSE>
			<AMBIENT>1.00000000 1.00000000 1.00000000</AMBIENT>
			<SPECULAR>1.00000000 1.00000000 1.00000000</SPECULAR>
			<DIFFUSEMAP>Minecraft_HD/chest_front.jpg</DIFFUSEMAP>
		</MATERIAL>
		<MATERIAL name="Minecraft_HD_wood">
			<DIFFUSE>1.00000000 1.00000000 1.00000000</DIFFUSE>
			<AMBIENT>1.00000000 1.00000000 1.00000000</AMBIENT>
			<SPECULAR>1.00000000 1.00000000 1.00000000</SPECULAR>
			<DIFFUSEMAP>Minecraft_HD/wood.jpg</DIFFUSEMAP>
		</MATERIAL>
		<MATERIAL name="Minecraft_HD_log_top">
			<DIFFUSE>1.00000000 1.00000000 1.00000000</DIFFUSE>
			<AMBIENT>1.00000000 1.00000000 1.00000000</AMBIENT>
			<SPECULAR>1.00000000 1.00000000 1.00000000</SPECULAR>
			<DIFFUSEMAP>Minecraft_HD/log_top.jpg</DIFFUSEMAP>
		</MATERIAL>
		<MATERIAL name="Minecraft_HD_log">
			<DIFFUSE>1.00000000 1.00000000 1.00000000</DIFFUSE>
			<AMBIENT>1.00000000 1.00000000 1.00000000</AMBIENT>
			<SPECULAR>1.00000000 1.00000000 1.00000000</SPECULAR>
			<DIFFUSEMAP>Minecraft_HD/log.jpg</DIFFUSEMAP>
		</MATERIAL>
		<MATERIAL name="Minecraft_HD_leaves">
			<DIFFUSE>1.00000000 1.00000000 1.00000000</DIFFUSE>
			<AMBIENT>1.00000000 1.00000000 1.00000000</AMBIENT>
			<SPECULAR>1.00000000 1.00000000 1.00000000</SPECULAR>
			<DIFFUSEMAP>Minecraft_HD/leaves.png</DIFFUSEMAP>
		</MATERIAL>
		<MATERIAL name="IJJI_gzd_map_Mansion_library02.bmp">
			<DIFFUSE>1.00000000 1.00000000 1.00000000</DIFFUSE>
			<AMBIENT>1.00000000 1.00000000 1.00000000</AMBIENT>
			<SPECULAR>1.00000000 1.00000000 1.00000000</SPECULAR>
			<DIFFUSEMAP>IJJI/gzd_map_Mansion_library02.bmp</DIFFUSEMAP>
		</MATERIAL>
		<MATERIAL name="Minecraft_HD_brick">
			<DIFFUSE>1.00000000 1.00000000 1.00000000</DIFFUSE>
			<AMBIENT>1.00000000 1.00000000 1.00000000</AMBIENT>
			<SPECULAR>1.00000000 1.00000000 1.00000000</SPECULAR>
			<DIFFUSEMAP>Minecraft_HD/brick.jpg</DIFFUSEMAP>
		</MATERIAL>
		<MATERIAL name="Walls_Texture2">
			<DIFFUSE>1.00000000 1.00000000 1.00000000</DIFFUSE>
			<AMBIENT>1.00000000 1.00000000 1.00000000</AMBIENT>
			<SPECULAR>1.00000000 1.00000000 1.00000000</SPECULAR>
			<DIFFUSEMAP>Walls/Texture2.jpg</DIFFUSEMAP>
		</MATERIAL>
		<MATERIAL name="IJJI_gzd_map_Mansion_ceiling02.bmp">
			<DIFFUSE>1.00000000 1.00000000 1.00000000</DIFFUSE>
			<AMBIENT>1.00000000 1.00000000 1.00000000</AMBIENT>
			<SPECULAR>1.00000000 1.00000000 1.00000000</SPECULAR>
			<DIFFUSEMAP>IJJI/gzd_map_Mansion_ceiling02.bmp</DIFFUSEMAP>
		</MATERIAL>
		<MATERIAL name="IJJI_gzd_map_Sta_floor001.bmp">
			<DIFFUSE>1.00000000 1.00000000 1.00000000</DIFFUSE>
			<AMBIENT>1.00000000 1.00000000 1.00000000</AMBIENT>
			<SPECULAR>1.00000000 1.00000000 1.00000000</SPECULAR>
			<DIFFUSEMAP>IJJI/gzd_map_Sta_floor001.bmp</DIFFUSEMAP>
		</MATERIAL>
		<MATERIAL name="Minecraft_HD_diamond">
			<DIFFUSE>1.00000000 1.00000000 1.00000000</DIFFUSE>
			<AMBIENT>1.00000000 1.00000000 1.00000000</AMBIENT>
			<SPECULAR>1.00000000 1.00000000 1.00000000</SPECULAR>
			<DIFFUSEMAP>Minecraft_HD/diamond.jpg</DIFFUSEMAP>
		</MATERIAL>
	</MATERIALLIST>
	<DUMMYLIST>
		<DUMMY name="spawn_solo_101">
			<POSITION>976.00000000 448.00000000 4616.00000000</POSITION>
			<DIRECTION>0.00000000 1.00000000 0.00000000</DIRECTION>
		</DUMMY>
		<DUMMY name="spawn_solo_102">
			<POSITION>776.00000000 448.00000000 4616.00000000</POSITION>
			<DIRECTION>0.00000000 1.00000000 0.00000000</DIRECTION>
		</DUMMY>
		<DUMMY name="spawn_solo_103">
			<POSITION>1200.00000000 424.00000000 4616.00000000</POSITION>
			<DIRECTION>0.00000000 1.00000000 0.00000000</DIRECTION>
		</DUMMY>
		<DUMMY name="spawn_solo_104">
			<POSITION>216.00000000 448.00000000 4616.00000000</POSITION>
			<DIRECTION>0.00000000 1.00000000 0.00000000</DIRECTION>
		</DUMMY>
		<DUMMY name="spawn_solo_105">
			<POSITION>16.00000000 448.00000000 4616.00000000</POSITION>
			<DIRECTION>0.00000000 1.00000000 0.00000000</DIRECTION>
		</DUMMY>
		<DUMMY name="spawn_solo_106">
			<POSITION>440.00000000 424.00000000 4616.00000000</POSITION>
			<DIRECTION>0.00000000 1.00000000 0.00000000</DIRECTION>
		</DUMMY>
		<DUMMY name="spawn_solo_107">
			<POSITION>976.00000000 232.00000000 4616.00000000</POSITION>
			<DIRECTION>0.00000000 1.00000000 0.00000000</DIRECTION>
		</DUMMY>
		<DUMMY name="spawn_solo_108">
			<POSITION>776.00000000 232.00000000 4616.00000000</POSITION>
			<DIRECTION>0.00000000 1.00000000 0.00000000</DIRECTION>
		</DUMMY>
		<DUMMY name="spawn_solo_109">
			<POSITION>1200.00000000 208.00000000 4616.00000000</POSITION>
			<DIRECTION>0.00000000 1.00000000 0.00000000</DIRECTION>
		</DUMMY>
		<DUMMY name="spawn_solo_110">
			<POSITION>344.00000000 232.00000000 4616.00000000</POSITION>
			<DIRECTION>0.00000000 1.00000000 0.00000000</DIRECTION>
		</DUMMY>
		<DUMMY name="spawn_solo_111">
			<POSITION>144.00000000 232.00000000 4616.00000000</POSITION>
			<DIRECTION>0.00000000 1.00000000 0.00000000</DIRECTION>
		</DUMMY>
		<DUMMY name="spawn_solo_112">
			<POSITION>568.00000000 208.00000000 4616.00000000</POSITION>
			<DIRECTION>0.00000000 1.00000000 0.00000000</DIRECTION>
		</DUMMY>
	</DUMMYLIST>
		<FOG min="5000" max="20000">
		<R>185</R>
		<G>185</G>
		<B>185</B>
	</FOG>
</XML>
