<?xml version="1.0" encoding="UTF-8"?>
<XML>
	<MATERIALLIST>
		<MATERIAL name="ThroneSOUNDS_kafelki2_mt_con">
			<DIFFUSE>1.00000000 1.00000000 1.00000000</DIFFUSE>
			<AMBIENT>1.00000000 1.00000000 1.00000000</AMBIENT>
			<SPECULAR>1.00000000 1.00000000 1.00000000</SPECULAR>
			<DIFFUSEMAP>ThroneSOUNDS/kafelki2_mt_con.jpg</DIFFUSEMAP>
		</MATERIAL>
		<MATERIAL name="ThroneSOUNDS_dywan_mt_drt">
			<DIFFUSE>1.00000000 1.00000000 1.00000000</DIFFUSE>
			<AMBIENT>1.00000000 1.00000000 1.00000000</AMBIENT>
			<SPECULAR>1.00000000 1.00000000 1.00000000</SPECULAR>
			<DIFFUSEMAP>ThroneSOUNDS/dywan_mt_drt.jpg</DIFFUSEMAP>
		</MATERIAL>
		<MATERIAL name="ThroneSOUNDS_kafelki1_mt_con">
			<DIFFUSE>1.00000000 1.00000000 1.00000000</DIFFUSE>
			<AMBIENT>1.00000000 1.00000000 1.00000000</AMBIENT>
			<SPECULAR>1.00000000 1.00000000 1.00000000</SPECULAR>
			<DIFFUSEMAP>ThroneSOUNDS/kafelki1_mt_con.jpg</DIFFUSEMAP>
		</MATERIAL>
		<MATERIAL name="Throne_gzd_map_Mansion_floor07.bmp">
			<DIFFUSE>1.00000000 1.00000000 1.00000000</DIFFUSE>
			<AMBIENT>1.00000000 1.00000000 1.00000000</AMBIENT>
			<SPECULAR>1.00000000 1.00000000 1.00000000</SPECULAR>
			<DIFFUSEMAP>Throne/gzd_map_Mansion_floor07.bmp.jpg</DIFFUSEMAP>
		</MATERIAL>
		<MATERIAL name="ThroneSOUNDS_sciana2_mt_con">
			<DIFFUSE>1.00000000 1.00000000 1.00000000</DIFFUSE>
			<AMBIENT>1.00000000 1.00000000 1.00000000</AMBIENT>
			<SPECULAR>1.00000000 1.00000000 1.00000000</SPECULAR>
			<DIFFUSEMAP>ThroneSOUNDS/sciana2_mt_con.jpg</DIFFUSEMAP>
		</MATERIAL>
		<MATERIAL name="ThroneSOUNDS_sciana4_mt_con">
			<DIFFUSE>1.00000000 1.00000000 1.00000000</DIFFUSE>
			<AMBIENT>1.00000000 1.00000000 1.00000000</AMBIENT>
			<SPECULAR>1.00000000 1.00000000 1.00000000</SPECULAR>
			<DIFFUSEMAP>ThroneSOUNDS/sciana4_mt_con.jpg</DIFFUSEMAP>
		</MATERIAL>
		<MATERIAL name="ThroneSOUNDS_kafelki4_mt_con">
			<DIFFUSE>1.00000000 1.00000000 1.00000000</DIFFUSE>
			<AMBIENT>1.00000000 1.00000000 1.00000000</AMBIENT>
			<SPECULAR>1.00000000 1.00000000 1.00000000</SPECULAR>
			<DIFFUSEMAP>ThroneSOUNDS/kafelki4_mt_con.jpg</DIFFUSEMAP>
		</MATERIAL>
		<MATERIAL name="ThroneSOUNDS_sciana1_mt_con">
			<DIFFUSE>1.00000000 1.00000000 1.00000000</DIFFUSE>
			<AMBIENT>1.00000000 1.00000000 1.00000000</AMBIENT>
			<SPECULAR>1.00000000 1.00000000 1.00000000</SPECULAR>
			<DIFFUSEMAP>ThroneSOUNDS/sciana1_mt_con.jpg</DIFFUSEMAP>
		</MATERIAL>
		<MATERIAL name="ThroneSOUNDS_sufit2_mt_con">
			<DIFFUSE>1.00000000 1.00000000 1.00000000</DIFFUSE>
			<AMBIENT>1.00000000 1.00000000 1.00000000</AMBIENT>
			<SPECULAR>1.00000000 1.00000000 1.00000000</SPECULAR>
			<DIFFUSEMAP>ThroneSOUNDS/sufit2_mt_con.jpg</DIFFUSEMAP>
		</MATERIAL>
		<MATERIAL name="ThroneSOUNDS_kafelki3_mt_con">
			<DIFFUSE>1.00000000 1.00000000 1.00000000</DIFFUSE>
			<AMBIENT>1.00000000 1.00000000 1.00000000</AMBIENT>
			<SPECULAR>1.00000000 1.00000000 1.00000000</SPECULAR>
			<DIFFUSEMAP>ThroneSOUNDS/kafelki3_mt_con.jpg</DIFFUSEMAP>
		</MATERIAL>
		<MATERIAL name="ThroneSOUNDS_kolumna_mt_con">
			<DIFFUSE>1.00000000 1.00000000 1.00000000</DIFFUSE>
			<AMBIENT>1.00000000 1.00000000 1.00000000</AMBIENT>
			<SPECULAR>1.00000000 1.00000000 1.00000000</SPECULAR>
			<DIFFUSEMAP>ThroneSOUNDS/kolumna_mt_con.jpg</DIFFUSEMAP>
		</MATERIAL>
		<MATERIAL name="ThroneSOUNDS_drewno_mt_wod">
			<DIFFUSE>1.00000000 1.00000000 1.00000000</DIFFUSE>
			<AMBIENT>1.00000000 1.00000000 1.00000000</AMBIENT>
			<SPECULAR>1.00000000 1.00000000 1.00000000</SPECULAR>
			<DIFFUSEMAP>ThroneSOUNDS/drewno_mt_wod.jpg</DIFFUSEMAP>
		</MATERIAL>
		<MATERIAL name="ThroneSOUNDS_dzwi_mt_con">
			<DIFFUSE>1.00000000 1.00000000 1.00000000</DIFFUSE>
			<AMBIENT>1.00000000 1.00000000 1.00000000</AMBIENT>
			<SPECULAR>1.00000000 1.00000000 1.00000000</SPECULAR>
			<DIFFUSEMAP>ThroneSOUNDS/dzwi_mt_con.jpg</DIFFUSEMAP>
		</MATERIAL>
		<MATERIAL name="ThroneSOUNDS_balkon2_mt_con">
			<DIFFUSE>1.00000000 1.00000000 1.00000000</DIFFUSE>
			<AMBIENT>1.00000000 1.00000000 1.00000000</AMBIENT>
			<SPECULAR>1.00000000 1.00000000 1.00000000</SPECULAR>
			<DIFFUSEMAP>ThroneSOUNDS/balkon2_mt_con.jpg</DIFFUSEMAP>
		</MATERIAL>
		<MATERIAL name="ThroneSOUNDS_balkon_mt_con">
			<DIFFUSE>1.00000000 1.00000000 1.00000000</DIFFUSE>
			<AMBIENT>1.00000000 1.00000000 1.00000000</AMBIENT>
			<SPECULAR>1.00000000 1.00000000 1.00000000</SPECULAR>
			<DIFFUSEMAP>ThroneSOUNDS/balkon_mt_con.jpg</DIFFUSEMAP>
		</MATERIAL>
		<MATERIAL name="ThroneSOUNDS_logo">
			<DIFFUSE>1.00000000 1.00000000 1.00000000</DIFFUSE>
			<AMBIENT>1.00000000 1.00000000 1.00000000</AMBIENT>
			<SPECULAR>1.00000000 1.00000000 1.00000000</SPECULAR>
			<DIFFUSEMAP>ThroneSOUNDS/logo.jpg</DIFFUSEMAP>
		</MATERIAL>
	</MATERIALLIST>
	<DUMMYLIST>
		<DUMMY name="spawn_team2_101">
			<POSITION>192.00000000 -832.00000000 -48.00000000</POSITION>
			<DIRECTION>-0.00212581 -0.99999774 0.00000000</DIRECTION>
		</DUMMY>
		<DUMMY name="spawn_team2_102">
			<POSITION>864.00000000 -832.00000000 -48.00000000</POSITION>
			<DIRECTION>-0.00212581 -0.99999774 0.00000000</DIRECTION>
		</DUMMY>
		<DUMMY name="spawn_team2_103">
			<POSITION>192.00000000 320.00000000 -48.00000000</POSITION>
			<DIRECTION>-0.00611560 0.99998130 0.00000000</DIRECTION>
		</DUMMY>
		<DUMMY name="spawn_team2_104">
			<POSITION>1520.00000000 -832.00000000 -48.00000000</POSITION>
			<DIRECTION>-0.00212581 -0.99999774 0.00000000</DIRECTION>
		</DUMMY>
		<DUMMY name="spawn_team2_105">
			<POSITION>864.00000000 320.00000000 -48.00000000</POSITION>
			<DIRECTION>-0.00611560 0.99998130 0.00000000</DIRECTION>
		</DUMMY>
		<DUMMY name="spawn_team2_106">
			<POSITION>1520.00000000 320.00000000 -48.00000000</POSITION>
			<DIRECTION>-0.00611560 0.99998130 0.00000000</DIRECTION>
		</DUMMY>
		<DUMMY name="spawn_solo_101">
			<POSITION>5888.00000000 2304.00000000 -56.00000000</POSITION>
			<DIRECTION>-1.00000000 0.00000000 0.00000000</DIRECTION>
		</DUMMY>
		<DUMMY name="spawn_solo_102">
			<POSITION>5888.00000000 -2816.00000000 -56.00000000</POSITION>
			<DIRECTION>-1.00000000 0.00000000 0.00000000</DIRECTION>
		</DUMMY>
		<DUMMY name="spawn_team1_101">
			<POSITION>10720.00000000 320.00000000 -512.00000000</POSITION>
			<DIRECTION>0.00008378 1.00000000 0.00000000</DIRECTION>
		</DUMMY>
		<DUMMY name="spawn_team1_102">
			<POSITION>11592.00000000 0.00000000 16.00000000</POSITION>
			<DIRECTION>-1.00000000 0.00000000 0.00000000</DIRECTION>
		</DUMMY>
		<DUMMY name="spawn_team1_103">
			<POSITION>11592.00000000 -512.00000000 16.00000000</POSITION>
			<DIRECTION>-1.00000000 0.00000000 0.00000000</DIRECTION>
		</DUMMY>
		<DUMMY name="spawn_team1_104">
			<POSITION>10720.00000000 744.00000000 16.00000000</POSITION>
			<DIRECTION>0.00008378 1.00000000 0.00000000</DIRECTION>
		</DUMMY>
		<DUMMY name="spawn_team1_105">
			<POSITION>8880.00000000 744.00000000 16.00000000</POSITION>
			<DIRECTION>0.00008378 1.00000000 0.00000000</DIRECTION>
		</DUMMY>
		<DUMMY name="spawn_team1_106">
			<POSITION>8880.00000000 -1256.00000000 16.00000000</POSITION>
			<DIRECTION>-0.00018675 -0.99999998 0.00000000</DIRECTION>
		</DUMMY>
		<DUMMY name="spawn_team1_107">
			<POSITION>10720.00000000 -1256.00000000 16.00000000</POSITION>
			<DIRECTION>-0.00018675 -0.99999998 0.00000000</DIRECTION>
		</DUMMY>
		<DUMMY name="spawn_team1_108">
			<POSITION>10720.00000000 -832.00000000 -512.00000000</POSITION>
			<DIRECTION>-0.00018675 -0.99999998 0.00000000</DIRECTION>
		</DUMMY>
		<DUMMY name="spawn_team2_107">
			<POSITION>-416.00000000 -544.00000000 -48.00000000</POSITION>
			<DIRECTION>0.99999289 0.00376990 0.00000000</DIRECTION>
		</DUMMY>
		<DUMMY name="spawn_team2_108">
			<POSITION>-416.00000000 32.00000000 -48.00000000</POSITION>
			<DIRECTION>0.99999289 0.00376990 0.00000000</DIRECTION>
		</DUMMY>
		<DUMMY name="spawn_solo_103">
			<POSITION>11592.00000000 -256.00000000 16.00000000</POSITION>
			<DIRECTION>-1.00000000 0.00000000 0.00000000</DIRECTION>
		</DUMMY>
		<DUMMY name="spawn_solo_104">
			<POSITION>11592.00000000 -256.00000000 -512.00000000</POSITION>
			<DIRECTION>-1.00000000 0.00000000 0.00000000</DIRECTION>
		</DUMMY>
		<DUMMY name="spawn_solo_105">
			<POSITION>4352.00000000 768.00000000 -56.00000000</POSITION>
			<DIRECTION>-1.00000000 0.00000000 0.00000000</DIRECTION>
		</DUMMY>
		<DUMMY name="spawn_solo_106">
			<POSITION>4352.00000000 -1280.00000000 -56.00000000</POSITION>
			<DIRECTION>-1.00000000 0.00000000 0.00000000</DIRECTION>
		</DUMMY>
		<DUMMY name="spawn_solo_107">
			<POSITION>7424.00000000 -1280.00000000 -56.00000000</POSITION>
			<DIRECTION>0.99999610 0.00279252 0.00000000</DIRECTION>
		</DUMMY>
		<DUMMY name="spawn_solo_108">
			<POSITION>7424.00000000 768.00000000 -56.00000000</POSITION>
			<DIRECTION>0.99999610 0.00279252 0.00000000</DIRECTION>
		</DUMMY>
		<DUMMY name="spawn_solo_109">
			<POSITION>-256.00000000 320.00000000 -56.00000000</POSITION>
			<DIRECTION>0.99999995 0.00031416 0.00000000</DIRECTION>
		</DUMMY>
		<DUMMY name="spawn_solo_110">
			<POSITION>-256.00000000 -832.00000000 -56.00000000</POSITION>
			<DIRECTION>0.99999995 0.00031416 0.00000000</DIRECTION>
		</DUMMY>
	</DUMMYLIST>
</XML>
