<?xml version="1.0" encoding="UTF-8"?>
<XML>
	<MATERIALLIST>
		<MATERIAL name="GunZ_gzd_map_town_build18.bmp">
			<DIFFUSE>1.00000000 1.00000000 1.00000000</DIFFUSE>
			<AMBIENT>1.00000000 1.00000000 1.00000000</AMBIENT>
			<SPECULAR>1.00000000 1.00000000 1.00000000</SPECULAR>
			<DIFFUSEMAP>GunZ/gzd_map_town_build18.bmp</DIFFUSEMAP>
		</MATERIAL>
		<MATERIAL name="GunZ_gzd_map_town_roof17.bmp">
			<DIFFUSE>1.00000000 1.00000000 1.00000000</DIFFUSE>
			<AMBIENT>1.00000000 1.00000000 1.00000000</AMBIENT>
			<SPECULAR>1.00000000 1.00000000 1.00000000</SPECULAR>
			<DIFFUSEMAP>GunZ/gzd_map_town_roof17.bmp</DIFFUSEMAP>
		</MATERIAL>
		<MATERIAL name="GunZ_gzd_map_town_roof20.bmp">
			<DIFFUSE>1.00000000 1.00000000 1.00000000</DIFFUSE>
			<AMBIENT>1.00000000 1.00000000 1.00000000</AMBIENT>
			<SPECULAR>1.00000000 1.00000000 1.00000000</SPECULAR>
			<DIFFUSEMAP>GunZ/gzd_map_town_roof20.bmp</DIFFUSEMAP>
		</MATERIAL>
		<MATERIAL name="GunZ_gzd_map_town_build18_1.bmp">
			<DIFFUSE>1.00000000 1.00000000 1.00000000</DIFFUSE>
			<AMBIENT>1.00000000 1.00000000 1.00000000</AMBIENT>
			<SPECULAR>1.00000000 1.00000000 1.00000000</SPECULAR>
			<DIFFUSEMAP>GunZ/gzd_map_town_build18_1.bmp</DIFFUSEMAP>
		</MATERIAL>
		<MATERIAL name="GunZ_gzd_map_town_floor13_1_mt_con.bmp">
			<DIFFUSE>1.00000000 1.00000000 1.00000000</DIFFUSE>
			<AMBIENT>1.00000000 1.00000000 1.00000000</AMBIENT>
			<SPECULAR>1.00000000 1.00000000 1.00000000</SPECULAR>
			<DIFFUSEMAP>GunZ/gzd_map_town_floor13_1.bmp</DIFFUSEMAP>
		</MATERIAL>
		<MATERIAL name="GunZ_gzd_map_town_floor04.bmp">
			<DIFFUSE>1.00000000 1.00000000 1.00000000</DIFFUSE>
			<AMBIENT>1.00000000 1.00000000 1.00000000</AMBIENT>
			<SPECULAR>1.00000000 1.00000000 1.00000000</SPECULAR>
			<DIFFUSEMAP>GunZ/gzd_map_town_floor04.bmp</DIFFUSEMAP>
		</MATERIAL>
		<MATERIAL name="GunZ_gzd_map_town_build16.bmp">
			<DIFFUSE>1.00000000 1.00000000 1.00000000</DIFFUSE>
			<AMBIENT>1.00000000 1.00000000 1.00000000</AMBIENT>
			<SPECULAR>1.00000000 1.00000000 1.00000000</SPECULAR>
			<DIFFUSEMAP>GunZ/gzd_map_town_build16.bmp</DIFFUSEMAP>
		</MATERIAL>
		<MATERIAL name="GunZ_gzd_map_town_build27.bmp">
			<DIFFUSE>1.00000000 1.00000000 1.00000000</DIFFUSE>
			<AMBIENT>1.00000000 1.00000000 1.00000000</AMBIENT>
			<SPECULAR>1.00000000 1.00000000 1.00000000</SPECULAR>
			<DIFFUSEMAP>GunZ/gzd_map_town_build27.bmp</DIFFUSEMAP>
		</MATERIAL>
		<MATERIAL name="GunZ_gzd_map_town_build13.bmp">
			<DIFFUSE>1.00000000 1.00000000 1.00000000</DIFFUSE>
			<AMBIENT>1.00000000 1.00000000 1.00000000</AMBIENT>
			<SPECULAR>1.00000000 1.00000000 1.00000000</SPECULAR>
			<DIFFUSEMAP>GunZ/gzd_map_town_build13.bmp</DIFFUSEMAP>
		</MATERIAL>
		<MATERIAL name="GunZ_gzd_map_town_build23.bmp">
			<DIFFUSE>1.00000000 1.00000000 1.00000000</DIFFUSE>
			<AMBIENT>1.00000000 1.00000000 1.00000000</AMBIENT>
			<SPECULAR>1.00000000 1.00000000 1.00000000</SPECULAR>
			<DIFFUSEMAP>GunZ/gzd_map_town_build23.bmp</DIFFUSEMAP>
		</MATERIAL>
		<MATERIAL name="GunZ_gzd_map_town_build20.bmp">
			<DIFFUSE>1.00000000 1.00000000 1.00000000</DIFFUSE>
			<AMBIENT>1.00000000 1.00000000 1.00000000</AMBIENT>
			<SPECULAR>1.00000000 1.00000000 1.00000000</SPECULAR>
			<DIFFUSEMAP>GunZ/gzd_map_town_build20.bmp</DIFFUSEMAP>
		</MATERIAL>
		<MATERIAL name="GunZ_gzd_map_island_bluff03.bmp">
			<DIFFUSE>1.00000000 1.00000000 1.00000000</DIFFUSE>
			<AMBIENT>1.00000000 1.00000000 1.00000000</AMBIENT>
			<SPECULAR>1.00000000 1.00000000 1.00000000</SPECULAR>
			<DIFFUSEMAP>GunZ/gzd_map_island_bluff03.bmp</DIFFUSEMAP>
		</MATERIAL>
		<MATERIAL name="GunZ_gzd_map_Stairway_wall03.bmp">
			<DIFFUSE>1.00000000 1.00000000 1.00000000</DIFFUSE>
			<AMBIENT>1.00000000 1.00000000 1.00000000</AMBIENT>
			<SPECULAR>1.00000000 1.00000000 1.00000000</SPECULAR>
			<DIFFUSEMAP>GunZ/gzd_map_Stairway_wall03.bmp</DIFFUSEMAP>
		</MATERIAL>
		<MATERIAL name="GunZ_gzd_map_Stairway_stair01.bmp">
			<DIFFUSE>1.00000000 1.00000000 1.00000000</DIFFUSE>
			<AMBIENT>1.00000000 1.00000000 1.00000000</AMBIENT>
			<SPECULAR>1.00000000 1.00000000 1.00000000</SPECULAR>
			<DIFFUSEMAP>GunZ/gzd_map_Stairway_stair01.bmp</DIFFUSEMAP>
		</MATERIAL>
		<MATERIAL name="GunZ_gzd_map_town_wall14.bmp">
			<DIFFUSE>1.00000000 1.00000000 1.00000000</DIFFUSE>
			<AMBIENT>1.00000000 1.00000000 1.00000000</AMBIENT>
			<SPECULAR>1.00000000 1.00000000 1.00000000</SPECULAR>
			<DIFFUSEMAP>GunZ/gzd_map_town_wall14.bmp</DIFFUSEMAP>
		</MATERIAL>
		<MATERIAL name="GunZ_gzd_map_town_wall15.bmp">
			<DIFFUSE>1.00000000 1.00000000 1.00000000</DIFFUSE>
			<AMBIENT>1.00000000 1.00000000 1.00000000</AMBIENT>
			<SPECULAR>1.00000000 1.00000000 1.00000000</SPECULAR>
			<DIFFUSEMAP>GunZ/gzd_map_town_wall15.bmp</DIFFUSEMAP>
		</MATERIAL>
		<MATERIAL name="GunZ_gzd_map_town_roof18.bmp">
			<DIFFUSE>1.00000000 1.00000000 1.00000000</DIFFUSE>
			<AMBIENT>1.00000000 1.00000000 1.00000000</AMBIENT>
			<SPECULAR>1.00000000 1.00000000 1.00000000</SPECULAR>
			<DIFFUSEMAP>GunZ/gzd_map_town_roof18.bmp</DIFFUSEMAP>
		</MATERIAL>
		<MATERIAL name="GunZ_gzd_map_town_build19.bmp">
			<DIFFUSE>1.00000000 1.00000000 1.00000000</DIFFUSE>
			<AMBIENT>1.00000000 1.00000000 1.00000000</AMBIENT>
			<SPECULAR>1.00000000 1.00000000 1.00000000</SPECULAR>
			<DIFFUSEMAP>GunZ/gzd_map_town_build19.bmp</DIFFUSEMAP>
		</MATERIAL>
		<MATERIAL name="GunZ_gzd_map_town_roof19.bmp">
			<DIFFUSE>1.00000000 1.00000000 1.00000000</DIFFUSE>
			<AMBIENT>1.00000000 1.00000000 1.00000000</AMBIENT>
			<SPECULAR>1.00000000 1.00000000 1.00000000</SPECULAR>
			<DIFFUSEMAP>GunZ/gzd_map_town_roof19.bmp</DIFFUSEMAP>
		</MATERIAL>
		<MATERIAL name="GunZ_gzd_map_Snow_town_snow01.bmp">
			<DIFFUSE>1.00000000 1.00000000 1.00000000</DIFFUSE>
			<AMBIENT>1.00000000 1.00000000 1.00000000</AMBIENT>
			<SPECULAR>1.00000000 1.00000000 1.00000000</SPECULAR>
			<DIFFUSEMAP>GunZ/gzd_map_Snow_town_snow01.bmp</DIFFUSEMAP>
		</MATERIAL>
		<MATERIAL name="GunZ_gzd_map_town_chimney02.bmp">
			<DIFFUSE>1.00000000 1.00000000 1.00000000</DIFFUSE>
			<AMBIENT>1.00000000 1.00000000 1.00000000</AMBIENT>
			<SPECULAR>1.00000000 1.00000000 1.00000000</SPECULAR>
			<DIFFUSEMAP>GunZ/gzd_map_town_chimney02.bmp</DIFFUSEMAP>
		</MATERIAL>
		<MATERIAL name="common_agua">
			<DIFFUSE>1.00000000 1.00000000 1.00000000</DIFFUSE>
			<AMBIENT>1.00000000 1.00000000 1.00000000</AMBIENT>
			<SPECULAR>1.00000000 1.00000000 1.00000000</SPECULAR>
			<DIFFUSEMAP>common/agua.tga</DIFFUSEMAP>
			<ADDITIVE/>
		</MATERIAL>
		<MATERIAL name="Floors_Floor005">
			<DIFFUSE>1.00000000 1.00000000 1.00000000</DIFFUSE>
			<AMBIENT>1.00000000 1.00000000 1.00000000</AMBIENT>
			<SPECULAR>1.00000000 1.00000000 1.00000000</SPECULAR>
			<DIFFUSEMAP>Floors/Floor005.tga</DIFFUSEMAP>
		</MATERIAL>
		<MATERIAL name="GunZ_gzd_map_Port_floor01.bmp">
			<DIFFUSE>1.00000000 1.00000000 1.00000000</DIFFUSE>
			<AMBIENT>1.00000000 1.00000000 1.00000000</AMBIENT>
			<SPECULAR>1.00000000 1.00000000 1.00000000</SPECULAR>
			<DIFFUSEMAP>GunZ/gzd_map_Port_floor01.bmp</DIFFUSEMAP>
		</MATERIAL>
		<MATERIAL name="Solids_agua">
			<DIFFUSE>1.00000000 1.00000000 1.00000000</DIFFUSE>
			<AMBIENT>1.00000000 1.00000000 1.00000000</AMBIENT>
			<SPECULAR>1.00000000 1.00000000 1.00000000</SPECULAR>
			<DIFFUSEMAP>null</DIFFUSEMAP>
		</MATERIAL>
		<MATERIAL name="common_Floor014_mt_wod">
			<DIFFUSE>1.00000000 1.00000000 1.00000000</DIFFUSE>
			<AMBIENT>1.00000000 1.00000000 1.00000000</AMBIENT>
			<SPECULAR>1.00000000 1.00000000 1.00000000</SPECULAR>
			<DIFFUSEMAP>common/Floor014_mt_wod.tga</DIFFUSEMAP>
		</MATERIAL>
		<MATERIAL name="common_Rooster_mt_fsh">
			<DIFFUSE>1.00000000 1.00000000 1.00000000</DIFFUSE>
			<AMBIENT>1.00000000 1.00000000 1.00000000</AMBIENT>
			<SPECULAR>1.00000000 1.00000000 1.00000000</SPECULAR>
			<DIFFUSEMAP>common/Rooster_mt_fsh.tga</DIFFUSEMAP>
		</MATERIAL>
		<MATERIAL name="Boxes_Box001">
			<DIFFUSE>1.00000000 1.00000000 1.00000000</DIFFUSE>
			<AMBIENT>1.00000000 1.00000000 1.00000000</AMBIENT>
			<SPECULAR>1.00000000 1.00000000 1.00000000</SPECULAR>
			<DIFFUSEMAP>Boxes/Box001.tga</DIFFUSEMAP>
		</MATERIAL>
		<MATERIAL name="Boxes_Box006">
			<DIFFUSE>1.00000000 1.00000000 1.00000000</DIFFUSE>
			<AMBIENT>1.00000000 1.00000000 1.00000000</AMBIENT>
			<SPECULAR>1.00000000 1.00000000 1.00000000</SPECULAR>
			<DIFFUSEMAP>Boxes/Box006.tga</DIFFUSEMAP>
		</MATERIAL>
		<MATERIAL name="Floors_Floor004_mt_wod">
			<DIFFUSE>1.00000000 1.00000000 1.00000000</DIFFUSE>
			<AMBIENT>1.00000000 1.00000000 1.00000000</AMBIENT>
			<SPECULAR>1.00000000 1.00000000 1.00000000</SPECULAR>
			<DIFFUSEMAP>Floors/Floor004_mt_wod.tga</DIFFUSEMAP>
		</MATERIAL>
		<MATERIAL name="folder_concrete_concrete002">
			<DIFFUSE>1.00000000 1.00000000 1.00000000</DIFFUSE>
			<AMBIENT>1.00000000 1.00000000 1.00000000</AMBIENT>
			<SPECULAR>1.00000000 1.00000000 1.00000000</SPECULAR>
			<DIFFUSEMAP>folder_concrete/concrete002.tga</DIFFUSEMAP>
		</MATERIAL>
		<MATERIAL name="common_yellow">
			<DIFFUSE>1.00000000 1.00000000 1.00000000</DIFFUSE>
			<AMBIENT>1.00000000 1.00000000 1.00000000</AMBIENT>
			<SPECULAR>1.00000000 1.00000000 1.00000000</SPECULAR>
			<DIFFUSEMAP>common/yellow.tga</DIFFUSEMAP>
		</MATERIAL>
		<MATERIAL name="common_black">
			<DIFFUSE>1.00000000 1.00000000 1.00000000</DIFFUSE>
			<AMBIENT>1.00000000 1.00000000 1.00000000</AMBIENT>
			<SPECULAR>1.00000000 1.00000000 1.00000000</SPECULAR>
			<DIFFUSEMAP>common/black.tga</DIFFUSEMAP>
		</MATERIAL>
		<MATERIAL name="Nick_Placas_Placas_TEAM">
			<DIFFUSE>1.00000000 1.00000000 1.00000000</DIFFUSE>
			<AMBIENT>1.00000000 1.00000000 1.00000000</AMBIENT>
			<SPECULAR>1.00000000 1.00000000 1.00000000</SPECULAR>
			<DIFFUSEMAP>Nick_Placas/Placas_TEAM.tga</DIFFUSEMAP>
		</MATERIAL>
		<MATERIAL name="Floors_Floor043_mt_met">
			<DIFFUSE>1.00000000 1.00000000 1.00000000</DIFFUSE>
			<AMBIENT>1.00000000 1.00000000 1.00000000</AMBIENT>
			<SPECULAR>1.00000000 1.00000000 1.00000000</SPECULAR>
			<DIFFUSEMAP>Floors/Floor043_mt_met.tga</DIFFUSEMAP>
		</MATERIAL>
		<MATERIAL name="Floors_Floor018_mt_pnt">
			<DIFFUSE>1.00000000 1.00000000 1.00000000</DIFFUSE>
			<AMBIENT>1.00000000 1.00000000 1.00000000</AMBIENT>
			<SPECULAR>1.00000000 1.00000000 1.00000000</SPECULAR>
			<DIFFUSEMAP>Floors/Floor018_mt_pnt.tga</DIFFUSEMAP>
		</MATERIAL>
		<MATERIAL name="common_agua2">
			<DIFFUSE>1.00000000 1.00000000 1.00000000</DIFFUSE>
			<AMBIENT>1.00000000 1.00000000 1.00000000</AMBIENT>
			<SPECULAR>1.00000000 1.00000000 1.00000000</SPECULAR>
			<DIFFUSEMAP>common/agua2.tga</DIFFUSEMAP>
			<ADDITIVE/>
		</MATERIAL>
		<MATERIAL name="common_blue">
			<DIFFUSE>1.00000000 1.00000000 1.00000000</DIFFUSE>
			<AMBIENT>1.00000000 1.00000000 1.00000000</AMBIENT>
			<SPECULAR>1.00000000 1.00000000 1.00000000</SPECULAR>
			<DIFFUSEMAP>common/blue.tga</DIFFUSEMAP>
			<ADDITIVE/>
		</MATERIAL>
		<MATERIAL name="Floors_Floor019_mt_pnt">
			<DIFFUSE>1.00000000 1.00000000 1.00000000</DIFFUSE>
			<AMBIENT>1.00000000 1.00000000 1.00000000</AMBIENT>
			<SPECULAR>1.00000000 1.00000000 1.00000000</SPECULAR>
			<DIFFUSEMAP>Floors/Floor019_mt_pnt.tga</DIFFUSEMAP>
		</MATERIAL>
	</MATERIALLIST>
	<DUMMYLIST>
		<DUMMY name="spawn_solo_101">
			<POSITION>-640.00000000 -1536.00000000 0.00000000</POSITION>
			<DIRECTION>-1.00000000 0.00000000 0.00000000</DIRECTION>
		</DUMMY>
		<DUMMY name="spawn_team1_101">
			<POSITION>3208.00000000 -720.00000000 40.00000000</POSITION>
			<DIRECTION>-1.00000000 0.00000000 0.00000000</DIRECTION>
		</DUMMY>
		<DUMMY name="spawn_team1_102">
			<POSITION>3112.00000000 -720.00000000 40.00000000</POSITION>
			<DIRECTION>-1.00000000 0.00000000 0.00000000</DIRECTION>
		</DUMMY>
		<DUMMY name="spawn_team1_103">
			<POSITION>2952.00000000 -720.00000000 40.00000000</POSITION>
			<DIRECTION>-1.00000000 0.00000000 0.00000000</DIRECTION>
		</DUMMY>
		<DUMMY name="spawn_team1_104">
			<POSITION>2760.00000000 -720.00000000 40.00000000</POSITION>
			<DIRECTION>-1.00000000 0.00000000 0.00000000</DIRECTION>
		</DUMMY>
		<DUMMY name="spawn_team1_105">
			<POSITION>2576.00000000 -720.00000000 40.00000000</POSITION>
			<DIRECTION>-1.00000000 0.00000000 0.00000000</DIRECTION>
		</DUMMY>
		<DUMMY name="spawn_team1_106">
			<POSITION>2576.00000000 -536.00000000 40.00000000</POSITION>
			<DIRECTION>-1.00000000 0.00000000 0.00000000</DIRECTION>
		</DUMMY>
		<DUMMY name="spawn_team1_107">
			<POSITION>2784.00000000 -544.00000000 40.00000000</POSITION>
			<DIRECTION>-1.00000000 0.00000000 0.00000000</DIRECTION>
		</DUMMY>
		<DUMMY name="spawn_team1_108">
			<POSITION>2920.00000000 -544.00000000 40.00000000</POSITION>
			<DIRECTION>-1.00000000 0.00000000 0.00000000</DIRECTION>
		</DUMMY>
		<DUMMY name="spawn_team1_109">
			<POSITION>3040.00000000 -544.00000000 40.00000000</POSITION>
			<DIRECTION>-1.00000000 0.00000000 0.00000000</DIRECTION>
		</DUMMY>
		<DUMMY name="spawn_team1_110">
			<POSITION>3144.00000000 -536.00000000 40.00000000</POSITION>
			<DIRECTION>-1.00000000 0.00000000 0.00000000</DIRECTION>
		</DUMMY>
		<DUMMY name="spawn_team2_101">
			<POSITION>1600.00000000 -9952.00000000 624.00000000</POSITION>
			<DIRECTION>-1.00000000 0.00000000 0.00000000</DIRECTION>
		</DUMMY>
		<DUMMY name="spawn_team2_102">
			<POSITION>1496.00000000 -9952.00000000 624.00000000</POSITION>
			<DIRECTION>-1.00000000 0.00000000 0.00000000</DIRECTION>
		</DUMMY>
		<DUMMY name="spawn_team2_103">
			<POSITION>1392.00000000 -9952.00000000 624.00000000</POSITION>
			<DIRECTION>-1.00000000 0.00000000 0.00000000</DIRECTION>
		</DUMMY>
		<DUMMY name="spawn_team2_104">
			<POSITION>1256.00000000 -9952.00000000 624.00000000</POSITION>
			<DIRECTION>-1.00000000 0.00000000 0.00000000</DIRECTION>
		</DUMMY>
		<DUMMY name="spawn_team2_105">
			<POSITION>1112.00000000 -9952.00000000 624.00000000</POSITION>
			<DIRECTION>-1.00000000 0.00000000 0.00000000</DIRECTION>
		</DUMMY>
		<DUMMY name="spawn_team2_106">
			<POSITION>1016.00000000 -9952.00000000 624.00000000</POSITION>
			<DIRECTION>-1.00000000 0.00000000 0.00000000</DIRECTION>
		</DUMMY>
		<DUMMY name="spawn_team2_107">
			<POSITION>904.00000000 -9952.00000000 624.00000000</POSITION>
			<DIRECTION>-1.00000000 0.00000000 0.00000000</DIRECTION>
		</DUMMY>
		<DUMMY name="spawn_team2_108">
			<POSITION>792.00000000 -9952.00000000 624.00000000</POSITION>
			<DIRECTION>-1.00000000 0.00000000 0.00000000</DIRECTION>
		</DUMMY>
		<DUMMY name="spawn_team2_109">
			<POSITION>696.00000000 -9952.00000000 624.00000000</POSITION>
			<DIRECTION>-1.00000000 0.00000000 0.00000000</DIRECTION>
		</DUMMY>
		<DUMMY name="spawn_solo_102">
			<POSITION>1240.00000000 -9768.00000000 624.00000000</POSITION>
			<DIRECTION>-1.00000000 0.00000000 0.00000000</DIRECTION>
		</DUMMY>
		<DUMMY name="spawn_solo_103">
			<POSITION>2808.00000000 -7768.00000000 2176.00000000</POSITION>
			<DIRECTION>-1.00000000 0.00000000 0.00000000</DIRECTION>
		</DUMMY>
		<DUMMY name="spawn_solo_104">
			<POSITION>2248.00000000 -5832.00000000 648.00000000</POSITION>
			<DIRECTION>-1.00000000 0.00000000 0.00000000</DIRECTION>
		</DUMMY>
		<DUMMY name="obj_sky_daylight">
			<POSITION>55267160891140097000000000000000.0000000 0.0000000 0.0000000</POSITION>
			<DIRECTION>0.0000000 0.0000000 0.0000000</DIRECTION>
		</DUMMY>
	</DUMMYLIST>

	<OBJECTLIST>
		<OBJECT name="Town_obj_sky_daylight.elu">
		</OBJECT>
	</OBJECTLIST>

	<FOG min="0" max="5500">
		      <R>0</R>
		      <G>0</G>
		      <B>0</B>
	</FOG>

	<AMBIENTSOUNDLIST>
		<AMBIENTSOUND ObjName="snd_amb_b1_flapping 01" type="b1" filename="amb_flapping">
			<CENTER>1314.9786377 51.6905594 654.4641724</CENTER>
			<RADIUS>800</RADIUS>
		</AMBIENTSOUND>
		<AMBIENTSOUND ObjName="snd_amb_b1_flapping 02" type="b1" filename="amb_flapping">
			<CENTER>901.4229736 149.4190369 654.4641724</CENTER>
			<RADIUS>800</RADIUS>
		</AMBIENTSOUND>
		<AMBIENTSOUND ObjName="snd_amb_b1_flapping 03" type="b1" filename="amb_flapping">
			<CENTER>-513.9021606 21.9228668 533.0193481</CENTER>
			<RADIUS>800</RADIUS>
		</AMBIENTSOUND>
		<AMBIENTSOUND ObjName="snd_amb_b1_flapping 04" type="b1" filename="amb_flapping">
			<CENTER>-2454.3041992 -32.5912323 589.0236206</CENTER>
			<RADIUS>800</RADIUS>
		</AMBIENTSOUND>
	</AMBIENTSOUNDLIST>
</XML>
