<?xml version="1.0" encoding="UTF-8"?>
<XML>
	<MATERIALLIST>
		<MATERIAL name="VTHGRN_Momar_CstlCncr_www.playgunz.com_mt_con">
			<DIFFUSE>1.00000000 1.00000000 1.00000000</DIFFUSE>
			<AMBIENT>1.00000000 1.00000000 1.00000000</AMBIENT>
			<SPECULAR>1.00000000 1.00000000 1.00000000</SPECULAR>
			<DIFFUSEMAP>../GZ/VTHGRN_Momar/CstlCncr_www.playgunz.com.bmp</DIFFUSEMAP>
		</MATERIAL>
		<MATERIAL name="VTHGRN_Momar_Brick05-4_www.playgunz.com_mt_con">
			<DIFFUSE>1.00000000 1.00000000 1.00000000</DIFFUSE>
			<AMBIENT>1.00000000 1.00000000 1.00000000</AMBIENT>
			<SPECULAR>1.00000000 1.00000000 1.00000000</SPECULAR>
			<DIFFUSEMAP>../GZ/VTHGRN_Momar/Brick05-4_www.playgunz.com.bmp</DIFFUSEMAP>
		</MATERIAL>
		<MATERIAL name="VTHGRN_Momar_cstrike_wr4ccpn_www.playgunz.com_mt_con">
			<DIFFUSE>1.00000000 1.00000000 1.00000000</DIFFUSE>
			<AMBIENT>1.00000000 1.00000000 1.00000000</AMBIENT>
			<SPECULAR>1.00000000 1.00000000 1.00000000</SPECULAR>
			<DIFFUSEMAP>../GZ/VTHGRN_Momar/cstrike_wr4ccpn_www.playgunz.com.bmp</DIFFUSEMAP>
		</MATERIAL>
		<MATERIAL name="VTHGRN_Momar_c1a4b_w3_www.playgunz.com_mt_con">
			<DIFFUSE>1.00000000 1.00000000 1.00000000</DIFFUSE>
			<AMBIENT>1.00000000 1.00000000 1.00000000</AMBIENT>
			<SPECULAR>1.00000000 1.00000000 1.00000000</SPECULAR>
			<DIFFUSEMAP>../GZ/VTHGRN_Momar/c1a4b_w3_www.playgunz.com.bmp</DIFFUSEMAP>
		</MATERIAL>
		<MATERIAL name="VTHGRN_Momar_3cstrike_wr3cc_www.playgunz.com_mt_con">
			<DIFFUSE>1.00000000 1.00000000 1.00000000</DIFFUSE>
			<AMBIENT>1.00000000 1.00000000 1.00000000</AMBIENT>
			<SPECULAR>1.00000000 1.00000000 1.00000000</SPECULAR>
			<DIFFUSEMAP>../GZ/VTHGRN_Momar/3cstrike_wr3cc_www.playgunz.com.bmp</DIFFUSEMAP>
		</MATERIAL>
		<MATERIAL name="VTHGRN_Momar_cstrike_fr4cc_www.playgunz.com_mt_con">
			<DIFFUSE>1.00000000 1.00000000 1.00000000</DIFFUSE>
			<AMBIENT>1.00000000 1.00000000 1.00000000</AMBIENT>
			<SPECULAR>1.00000000 1.00000000 1.00000000</SPECULAR>
			<DIFFUSEMAP>../GZ/VTHGRN_Momar/cstrike_fr4cc_www.playgunz.com.bmp</DIFFUSEMAP>
		</MATERIAL>
		<MATERIAL name="VTHGRN_Momar_2cstrike_wr3cc_www.playgunz.com_mt_con">
			<DIFFUSE>1.00000000 1.00000000 1.00000000</DIFFUSE>
			<AMBIENT>1.00000000 1.00000000 1.00000000</AMBIENT>
			<SPECULAR>1.00000000 1.00000000 1.00000000</SPECULAR>
			<DIFFUSEMAP>../GZ/VTHGRN_Momar/2cstrike_wr3cc_www.playgunz.com.bmp</DIFFUSEMAP>
		</MATERIAL>
		<MATERIAL name="VTHGRN_Momar_1cstrike_wr3cc_www.playgunz.com_mt_con">
			<DIFFUSE>1.00000000 1.00000000 1.00000000</DIFFUSE>
			<AMBIENT>1.00000000 1.00000000 1.00000000</AMBIENT>
			<SPECULAR>1.00000000 1.00000000 1.00000000</SPECULAR>
			<DIFFUSEMAP>../GZ/VTHGRN_Momar/1cstrike_wr3cc_www.playgunz.com.bmp</DIFFUSEMAP>
		</MATERIAL>
		<MATERIAL name="VTHGRN_Momar_CastFlt_www.playgunz.com_mt_con">
			<DIFFUSE>1.00000000 1.00000000 1.00000000</DIFFUSE>
			<AMBIENT>1.00000000 1.00000000 1.00000000</AMBIENT>
			<SPECULAR>1.00000000 1.00000000 1.00000000</SPECULAR>
			<DIFFUSEMAP>../GZ/VTHGRN_Momar/CastFlt_www.playgunz.com.bmp</DIFFUSEMAP>
		</MATERIAL>
		<MATERIAL name="VTHGRN_Momar_cstrike_wr7pln_www.playgunz.com_mt_con">
			<DIFFUSE>1.00000000 1.00000000 1.00000000</DIFFUSE>
			<AMBIENT>1.00000000 1.00000000 1.00000000</AMBIENT>
			<SPECULAR>1.00000000 1.00000000 1.00000000</SPECULAR>
			<DIFFUSEMAP>../GZ/VTHGRN_Momar/cstrike_wr7pln_www.playgunz.com.bmp</DIFFUSEMAP>
		</MATERIAL>
		<MATERIAL name="VTHGRN_Momar_Brick13_www.playgunz.com_mt_con">
			<DIFFUSE>1.00000000 1.00000000 1.00000000</DIFFUSE>
			<AMBIENT>1.00000000 1.00000000 1.00000000</AMBIENT>
			<SPECULAR>1.00000000 1.00000000 1.00000000</SPECULAR>
			<DIFFUSEMAP>../GZ/VTHGRN_Momar/Brick13_www.playgunz.com.bmp</DIFFUSEMAP>
		</MATERIAL>
		<MATERIAL name="VTHGRN_Momar_white_www.playgunz.com_mt_con">
			<DIFFUSE>1.00000000 1.00000000 1.00000000</DIFFUSE>
			<AMBIENT>1.00000000 1.00000000 1.00000000</AMBIENT>
			<SPECULAR>1.00000000 1.00000000 1.00000000</SPECULAR>
			<DIFFUSEMAP>../GZ/VTHGRN_Momar/white_www.playgunz.com.bmp</DIFFUSEMAP>
		</MATERIAL>
		<MATERIAL name="VTHGRN_Momar_Gravel01_www.playgunz.com_mt_con">
			<DIFFUSE>1.00000000 1.00000000 1.00000000</DIFFUSE>
			<AMBIENT>1.00000000 1.00000000 1.00000000</AMBIENT>
			<SPECULAR>1.00000000 1.00000000 1.00000000</SPECULAR>
			<DIFFUSEMAP>../GZ/VTHGRN_Momar/Gravel01_www.playgunz.com.bmp</DIFFUSEMAP>
		</MATERIAL>
		<MATERIAL name="VTHGRN_Momar_Brick05-12_www.playgunz.com_mt_con">
			<DIFFUSE>1.00000000 1.00000000 1.00000000</DIFFUSE>
			<AMBIENT>1.00000000 1.00000000 1.00000000</AMBIENT>
			<SPECULAR>1.00000000 1.00000000 1.00000000</SPECULAR>
			<DIFFUSEMAP>../GZ/VTHGRN_Momar/Brick05-12_www.playgunz.com.bmp</DIFFUSEMAP>
		</MATERIAL>
		<MATERIAL name="VTHGRN_Momar_Brick05_www.playgunz.com_mt_con">
			<DIFFUSE>1.00000000 1.00000000 1.00000000</DIFFUSE>
			<AMBIENT>1.00000000 1.00000000 1.00000000</AMBIENT>
			<SPECULAR>1.00000000 1.00000000 1.00000000</SPECULAR>
			<DIFFUSEMAP>../GZ/VTHGRN_Momar/Brick05_www.playgunz.com.bmp</DIFFUSEMAP>
		</MATERIAL>
		<MATERIAL name="VTHGRN_Momar_-1cstrike_me2ri_www.playgunz.com_mt_con">
			<DIFFUSE>1.00000000 1.00000000 1.00000000</DIFFUSE>
			<AMBIENT>1.00000000 1.00000000 1.00000000</AMBIENT>
			<SPECULAR>1.00000000 1.00000000 1.00000000</SPECULAR>
			<DIFFUSEMAP>../GZ/VTHGRN_Momar/-1cstrike_me2ri_www.playgunz.com.bmp</DIFFUSEMAP>
		</MATERIAL>
		<MATERIAL name="VTHGRN_Momar_Ceiling01_www.playgunz.com_mt_con">
			<DIFFUSE>1.00000000 1.00000000 1.00000000</DIFFUSE>
			<AMBIENT>1.00000000 1.00000000 1.00000000</AMBIENT>
			<SPECULAR>1.00000000 1.00000000 1.00000000</SPECULAR>
			<DIFFUSEMAP>../GZ/VTHGRN_Momar/Ceiling01_www.playgunz.com.bmp</DIFFUSEMAP>
		</MATERIAL>
		<MATERIAL name="VTHGRN_Momar_gus_wr7plna_www.playgunz.com_mt_con">
			<DIFFUSE>1.00000000 1.00000000 1.00000000</DIFFUSE>
			<AMBIENT>1.00000000 1.00000000 1.00000000</AMBIENT>
			<SPECULAR>1.00000000 1.00000000 1.00000000</SPECULAR>
			<DIFFUSEMAP>../GZ/VTHGRN_Momar/gus_wr7plna_www.playgunz.com.bmp</DIFFUSEMAP>
		</MATERIAL>
		<MATERIAL name="VTHGRN_Momar_zgrate4a_www.playgunz.com_mt_con">
			<DIFFUSE>1.00000000 1.00000000 1.00000000</DIFFUSE>
			<AMBIENT>1.00000000 1.00000000 1.00000000</AMBIENT>
			<SPECULAR>1.00000000 1.00000000 1.00000000</SPECULAR>
			<DIFFUSEMAP>../GZ/VTHGRN_Momar/zgrate4a_www.playgunz.com</DIFFUSEMAP>
		<USEOPACITY/>
		</MATERIAL>
		<MATERIAL name="VTHGRN_Momar_-0cstrike_we4al_www.playgunz.com_mt_con">
			<DIFFUSE>1.00000000 1.00000000 1.00000000</DIFFUSE>
			<AMBIENT>1.00000000 1.00000000 1.00000000</AMBIENT>
			<SPECULAR>1.00000000 1.00000000 1.00000000</SPECULAR>
			<DIFFUSEMAP>../GZ/VTHGRN_Momar/-0cstrike_we4al_www.playgunz.com.bmp</DIFFUSEMAP>
		</MATERIAL>
		<MATERIAL name="VTHGRN_Momar_cstrike_fe4crgd_www.playgunz.com_mt_con">
			<DIFFUSE>1.00000000 1.00000000 1.00000000</DIFFUSE>
			<AMBIENT>1.00000000 1.00000000 1.00000000</AMBIENT>
			<SPECULAR>1.00000000 1.00000000 1.00000000</SPECULAR>
			<DIFFUSEMAP>../GZ/VTHGRN_Momar/cstrike_fe4crgd_www.playgunz.com.bmp</DIFFUSEMAP>
		</MATERIAL>
		<MATERIAL name="VTHGRN_Momar_Concrete01_www.playgunz.com_mt_con">
			<DIFFUSE>1.00000000 1.00000000 1.00000000</DIFFUSE>
			<AMBIENT>1.00000000 1.00000000 1.00000000</AMBIENT>
			<SPECULAR>1.00000000 1.00000000 1.00000000</SPECULAR>
			<DIFFUSEMAP>../GZ/VTHGRN_Momar/Concrete01_www.playgunz.com.bmp</DIFFUSEMAP>
		</MATERIAL>
		<MATERIAL name="VTHGRN_Momar_stripes5_www.playgunz.com_mt_con">
			<DIFFUSE>1.00000000 1.00000000 1.00000000</DIFFUSE>
			<AMBIENT>1.00000000 1.00000000 1.00000000</AMBIENT>
			<SPECULAR>1.00000000 1.00000000 1.00000000</SPECULAR>
			<DIFFUSEMAP>../GZ/VTHGRN_Momar/stripes5_www.playgunz.com.bmp</DIFFUSEMAP>
		</MATERIAL>
		<MATERIAL name="VTHGRN_Momar_Concrete02a_www.playgunz.com_mt_con">
			<DIFFUSE>1.00000000 1.00000000 1.00000000</DIFFUSE>
			<AMBIENT>1.00000000 1.00000000 1.00000000</AMBIENT>
			<SPECULAR>1.00000000 1.00000000 1.00000000</SPECULAR>
			<DIFFUSEMAP>../GZ/VTHGRN_Momar/Concrete02a_www.playgunz.com.bmp</DIFFUSEMAP>
		</MATERIAL>
		<MATERIAL name="VTHGRN_Momar_gus_wr7plnb_www.playgunz.com_mt_con">
			<DIFFUSE>1.00000000 1.00000000 1.00000000</DIFFUSE>
			<AMBIENT>1.00000000 1.00000000 1.00000000</AMBIENT>
			<SPECULAR>1.00000000 1.00000000 1.00000000</SPECULAR>
			<DIFFUSEMAP>../GZ/VTHGRN_Momar/gus_wr7plnb_www.playgunz.com.bmp</DIFFUSEMAP>
		</MATERIAL>
		<MATERIAL name="VTHGRN_Momar_!watergreen_www.playgunz.com_mt_con">
			<DIFFUSE>1.00000000 1.00000000 1.00000000</DIFFUSE>
			<AMBIENT>1.00000000 1.00000000 1.00000000</AMBIENT>
			<SPECULAR>1.00000000 1.00000000 1.00000000</SPECULAR>
			<DIFFUSEMAP>../GZ/VTHGRN_Momar/!watergreen_www.playgunz.com</DIFFUSEMAP>
		<USEOPACITY/>
		</MATERIAL>
		<MATERIAL name="VTHGRN_Momar_warehousedoor_www.playgunz.com_mt_wod">
			<DIFFUSE>1.00000000 1.00000000 1.00000000</DIFFUSE>
			<AMBIENT>1.00000000 1.00000000 1.00000000</AMBIENT>
			<SPECULAR>1.00000000 1.00000000 1.00000000</SPECULAR>
			<DIFFUSEMAP>../GZ/VTHGRN_Momar/warehousedoor_www.playgunz.com.bmp</DIFFUSEMAP>
		</MATERIAL>
		<MATERIAL name="VTHGRN_Momar_CastleWindow3_www.playgunz.com_mt_con">
			<DIFFUSE>1.00000000 1.00000000 1.00000000</DIFFUSE>
			<AMBIENT>1.00000000 1.00000000 1.00000000</AMBIENT>
			<SPECULAR>1.00000000 1.00000000 1.00000000</SPECULAR>
			<DIFFUSEMAP>../GZ/VTHGRN_Momar/CastleWindow3_www.playgunz.com.bmp</DIFFUSEMAP>
		</MATERIAL>
		<MATERIAL name="VTHGRN_Momar_aaatrigger_www.playgunz.com_mt_con">
			<DIFFUSE>1.00000000 1.00000000 1.00000000</DIFFUSE>
			<AMBIENT>1.00000000 1.00000000 1.00000000</AMBIENT>
			<SPECULAR>1.00000000 1.00000000 1.00000000</SPECULAR>
			<DIFFUSEMAP>../GZ/VTHGRN_Momar/aaatrigger_www.playgunz.com.bmp</DIFFUSEMAP>
		</MATERIAL>
		<MATERIAL name="VTHGRN_Momar_gus_trim_www.playgunz.com_mt_con">
			<DIFFUSE>1.00000000 1.00000000 1.00000000</DIFFUSE>
			<AMBIENT>1.00000000 1.00000000 1.00000000</AMBIENT>
			<SPECULAR>1.00000000 1.00000000 1.00000000</SPECULAR>
			<DIFFUSEMAP>../GZ/VTHGRN_Momar/gus_trim_www.playgunz.com.bmp</DIFFUSEMAP>
		</MATERIAL>
		<MATERIAL name="VTHGRN_Momar_-0cstrike_fr4gr_www.playgunz.com_mt_con">
			<DIFFUSE>1.00000000 1.00000000 1.00000000</DIFFUSE>
			<AMBIENT>1.00000000 1.00000000 1.00000000</AMBIENT>
			<SPECULAR>1.00000000 1.00000000 1.00000000</SPECULAR>
			<DIFFUSEMAP>../GZ/VTHGRN_Momar/-0cstrike_fr4gr_www.playgunz.com.bmp</DIFFUSEMAP>
		</MATERIAL>
		<MATERIAL name="VTHGRN_Momar_SandCrtSmSd_www.playgunz.com_mt_wod">
			<DIFFUSE>1.00000000 1.00000000 1.00000000</DIFFUSE>
			<AMBIENT>1.00000000 1.00000000 1.00000000</AMBIENT>
			<SPECULAR>1.00000000 1.00000000 1.00000000</SPECULAR>
			<DIFFUSEMAP>../GZ/VTHGRN_Momar/SandCrtSmSd_www.playgunz.com.bmp</DIFFUSEMAP>
		</MATERIAL>
		<MATERIAL name="VTHGRN_Momar_SandCrtSmTp_www.playgunz.com_mt_wod">
			<DIFFUSE>1.00000000 1.00000000 1.00000000</DIFFUSE>
			<AMBIENT>1.00000000 1.00000000 1.00000000</AMBIENT>
			<SPECULAR>1.00000000 1.00000000 1.00000000</SPECULAR>
			<DIFFUSEMAP>../GZ/VTHGRN_Momar/SandCrtSmTp_www.playgunz.com.bmp</DIFFUSEMAP>
		</MATERIAL>
		<MATERIAL name="VTHGRN_Momar_-1silo2_p4_www.playgunz.com_mt_con">
			<DIFFUSE>1.00000000 1.00000000 1.00000000</DIFFUSE>
			<AMBIENT>1.00000000 1.00000000 1.00000000</AMBIENT>
			<SPECULAR>1.00000000 1.00000000 1.00000000</SPECULAR>
			<DIFFUSEMAP>../GZ/VTHGRN_Momar/-1silo2_p4_www.playgunz.com.bmp</DIFFUSEMAP>
		</MATERIAL>
		<MATERIAL name="VTHGRN_Momar_silo2_wall1_www.playgunz.com_mt_con">
			<DIFFUSE>1.00000000 1.00000000 1.00000000</DIFFUSE>
			<AMBIENT>1.00000000 1.00000000 1.00000000</AMBIENT>
			<SPECULAR>1.00000000 1.00000000 1.00000000</SPECULAR>
			<DIFFUSEMAP>../GZ/VTHGRN_Momar/silo2_wall1_www.playgunz.com.bmp</DIFFUSEMAP>
		</MATERIAL>
		<MATERIAL name="VTHGRN_Momar_zrustyrungs_www.playgunz.com_mt_con">
			<DIFFUSE>1.00000000 1.00000000 1.00000000</DIFFUSE>
			<AMBIENT>1.00000000 1.00000000 1.00000000</AMBIENT>
			<SPECULAR>1.00000000 1.00000000 1.00000000</SPECULAR>
			<DIFFUSEMAP>../GZ/VTHGRN_Momar/zrustyrungs_www.playgunz.com</DIFFUSEMAP>
		<USEOPACITY/>
		</MATERIAL>
		<MATERIAL name="VTHGRN_Momar_Door01_www.playgunz.com_mt_wod">
			<DIFFUSE>1.00000000 1.00000000 1.00000000</DIFFUSE>
			<AMBIENT>1.00000000 1.00000000 1.00000000</AMBIENT>
			<SPECULAR>1.00000000 1.00000000 1.00000000</SPECULAR>
			<DIFFUSEMAP>../GZ/VTHGRN_Momar/Door01_www.playgunz.com.bmp</DIFFUSEMAP>
		</MATERIAL>
		<MATERIAL name="VTHGRN_Momar_GravelGrass01_www.playgunz.com_mt_pnt">
			<DIFFUSE>1.00000000 1.00000000 1.00000000</DIFFUSE>
			<AMBIENT>1.00000000 1.00000000 1.00000000</AMBIENT>
			<SPECULAR>1.00000000 1.00000000 1.00000000</SPECULAR>
			<DIFFUSEMAP>../GZ/VTHGRN_Momar/GravelGrass01_www.playgunz.com.bmp</DIFFUSEMAP>
		</MATERIAL>
		<MATERIAL name="VTHGRN_Momar_SandCrtLrgSd_www.playgunz.com_mt_wod">
			<DIFFUSE>1.00000000 1.00000000 1.00000000</DIFFUSE>
			<AMBIENT>1.00000000 1.00000000 1.00000000</AMBIENT>
			<SPECULAR>1.00000000 1.00000000 1.00000000</SPECULAR>
			<DIFFUSEMAP>../GZ/VTHGRN_Momar/SandCrtLrgSd_www.playgunz.com.bmp</DIFFUSEMAP>
		</MATERIAL>
		<MATERIAL name="VTHGRN_Momar_SandCrtLrgTp_www.playgunz.com_mt_wod">
			<DIFFUSE>1.00000000 1.00000000 1.00000000</DIFFUSE>
			<AMBIENT>1.00000000 1.00000000 1.00000000</AMBIENT>
			<SPECULAR>1.00000000 1.00000000 1.00000000</SPECULAR>
			<DIFFUSEMAP>../GZ/VTHGRN_Momar/SandCrtLrgTp_www.playgunz.com.bmp</DIFFUSEMAP>
		</MATERIAL>
		<MATERIAL name="VTHGRN_Momar_DSC02001_www.playgunz.com_mt_con">
			<DIFFUSE>1.00000000 1.00000000 1.00000000</DIFFUSE>
			<AMBIENT>1.00000000 1.00000000 1.00000000</AMBIENT>
			<SPECULAR>1.00000000 1.00000000 1.00000000</SPECULAR>
			<DIFFUSEMAP>../GZ/VTHGRN_Momar/DSC02001_www.playgunz.com.bmp</DIFFUSEMAP>
		</MATERIAL>
		<MATERIAL name="VTHGRN_Momar_xS_wolf_floor5_www.playgunz.com_mt_con">
			<DIFFUSE>1.00000000 1.00000000 1.00000000</DIFFUSE>
			<AMBIENT>1.00000000 1.00000000 1.00000000</AMBIENT>
			<SPECULAR>1.00000000 1.00000000 1.00000000</SPECULAR>
			<DIFFUSEMAP>../GZ/VTHGRN_Momar/wolf_floor5_www.playgunz.com.bmp</DIFFUSEMAP>
		</MATERIAL>
		<MATERIAL name="VTHGRN_Momar_xS_WP_canyonssand1_www.playgunz.com_mt_con">
			<DIFFUSE>1.00000000 1.00000000 1.00000000</DIFFUSE>
			<AMBIENT>1.00000000 1.00000000 1.00000000</AMBIENT>
			<SPECULAR>1.00000000 1.00000000 1.00000000</SPECULAR>
			<DIFFUSEMAP>../GZ/VTHGRN_Momar/canyonssand1_www.playgunz.com.bmp</DIFFUSEMAP>
		</MATERIAL>
		<MATERIAL name="VTHGRN_Momar_Grass01_www.playgunz.com_mt_pnt">
			<DIFFUSE>1.00000000 1.00000000 1.00000000</DIFFUSE>
			<AMBIENT>1.00000000 1.00000000 1.00000000</AMBIENT>
			<SPECULAR>1.00000000 1.00000000 1.00000000</SPECULAR>
			<DIFFUSEMAP>../GZ/VTHGRN_Momar/Grass01_www.playgunz.com.bmp</DIFFUSEMAP>
		</MATERIAL>
		<MATERIAL name="VTHGRN_Momar_gus_fr4cc_www.playgunz.com_mt_con">
			<DIFFUSE>1.00000000 1.00000000 1.00000000</DIFFUSE>
			<AMBIENT>1.00000000 1.00000000 1.00000000</AMBIENT>
			<SPECULAR>1.00000000 1.00000000 1.00000000</SPECULAR>
			<DIFFUSEMAP>../GZ/VTHGRN_Momar/gus_fr4cc_www.playgunz.com.bmp</DIFFUSEMAP>
		</MATERIAL>
		<MATERIAL name="VTHGRN_Momar_crate09_www.playgunz.com_mt_wod">
			<DIFFUSE>1.00000000 1.00000000 1.00000000</DIFFUSE>
			<AMBIENT>1.00000000 1.00000000 1.00000000</AMBIENT>
			<SPECULAR>1.00000000 1.00000000 1.00000000</SPECULAR>
			<DIFFUSEMAP>../GZ/VTHGRN_Momar/crate09_www.playgunz.com.bmp</DIFFUSEMAP>
		</MATERIAL>
		<MATERIAL name="VTHGRN_Momar_xS_crate09b_www.playgunz.com_mt_wod">
			<DIFFUSE>1.00000000 1.00000000 1.00000000</DIFFUSE>
			<AMBIENT>1.00000000 1.00000000 1.00000000</AMBIENT>
			<SPECULAR>1.00000000 1.00000000 1.00000000</SPECULAR>
			<DIFFUSEMAP>../GZ/VTHGRN_Momar/crate09b_www.playgunz.com.bmp</DIFFUSEMAP>
		</MATERIAL>
		<MATERIAL name="VTHGRN_Momar_canyonssand1_www.playgunz.com_mt_con">
			<DIFFUSE>1.00000000 1.00000000 1.00000000</DIFFUSE>
			<AMBIENT>1.00000000 1.00000000 1.00000000</AMBIENT>
			<SPECULAR>1.00000000 1.00000000 1.00000000</SPECULAR>
			<DIFFUSEMAP>../GZ/VTHGRN_Momar/canyonssand1_www.playgunz.com.bmp</DIFFUSEMAP>
		</MATERIAL>
		<MATERIAL name="VTHGRN_Momar_duct_flr02_www.playgunz.com_mt_con">
			<DIFFUSE>1.00000000 1.00000000 1.00000000</DIFFUSE>
			<AMBIENT>1.00000000 1.00000000 1.00000000</AMBIENT>
			<SPECULAR>1.00000000 1.00000000 1.00000000</SPECULAR>
			<DIFFUSEMAP>../GZ/VTHGRN_Momar/duct_flr02_www.playgunz.com.bmp</DIFFUSEMAP>
		</MATERIAL>
		<MATERIAL name="VTHGRN_Momar_brdly2_frnt1_www.playgunz.com_mt_con">
			<DIFFUSE>1.00000000 1.00000000 1.00000000</DIFFUSE>
			<AMBIENT>1.00000000 1.00000000 1.00000000</AMBIENT>
			<SPECULAR>1.00000000 1.00000000 1.00000000</SPECULAR>
			<DIFFUSEMAP>../GZ/VTHGRN_Momar/brdly2_frnt1_www.playgunz.com.bmp</DIFFUSEMAP>
		</MATERIAL>
		<MATERIAL name="VTHGRN_Momar_brdly2_btile1_www.playgunz.com_mt_con">
			<DIFFUSE>1.00000000 1.00000000 1.00000000</DIFFUSE>
			<AMBIENT>1.00000000 1.00000000 1.00000000</AMBIENT>
			<SPECULAR>1.00000000 1.00000000 1.00000000</SPECULAR>
			<DIFFUSEMAP>../GZ/VTHGRN_Momar/brdly2_btile1_www.playgunz.com.bmp</DIFFUSEMAP>
		</MATERIAL>
		<MATERIAL name="VTHGRN_Momar_xS_WP_-1silo2_p4_www.playgunz.com_mt_con">
			<DIFFUSE>1.00000000 1.00000000 1.00000000</DIFFUSE>
			<AMBIENT>1.00000000 1.00000000 1.00000000</AMBIENT>
			<SPECULAR>1.00000000 1.00000000 1.00000000</SPECULAR>
			<DIFFUSEMAP>../GZ/VTHGRN_Momar/-1silo2_p4_www.playgunz.com.bmp</DIFFUSEMAP>
		</MATERIAL>
		<MATERIAL name="VTHGRN_Momar_xS_WP_~light5b_www.playgunz.com_mt_con">
			<DIFFUSE>1.00000000 1.00000000 1.00000000</DIFFUSE>
			<AMBIENT>1.00000000 1.00000000 1.00000000</AMBIENT>
			<SPECULAR>1.00000000 1.00000000 1.00000000</SPECULAR>
			<DIFFUSEMAP>../GZ/VTHGRN_Momar/~light5b_www.playgunz.com.bmp</DIFFUSEMAP>
		</MATERIAL>
		<MATERIAL name="VTHGRN_Momar_~light5b_www.playgunz.com_mt_con">
			<DIFFUSE>1.00000000 1.00000000 1.00000000</DIFFUSE>
			<AMBIENT>1.00000000 1.00000000 1.00000000</AMBIENT>
			<SPECULAR>1.00000000 1.00000000 1.00000000</SPECULAR>
			<DIFFUSEMAP>../GZ/VTHGRN_Momar/~light5b_www.playgunz.com.bmp</DIFFUSEMAP>
		</MATERIAL>
		<MATERIAL name="VTHGRN_Momar_flag_af_www.playgunz.com_mt_con">
			<DIFFUSE>1.00000000 1.00000000 1.00000000</DIFFUSE>
			<AMBIENT>1.00000000 1.00000000 1.00000000</AMBIENT>
			<SPECULAR>1.00000000 1.00000000 1.00000000</SPECULAR>
			<DIFFUSEMAP>../GZ/VTHGRN_Momar/flag_af_www.playgunz.com.bmp</DIFFUSEMAP>
		</MATERIAL>
		<MATERIAL name="VTHGRN_Momar_flag_afghan_www.playgunz.com_mt_con">
			<DIFFUSE>1.00000000 1.00000000 1.00000000</DIFFUSE>
			<AMBIENT>1.00000000 1.00000000 1.00000000</AMBIENT>
			<SPECULAR>1.00000000 1.00000000 1.00000000</SPECULAR>
			<DIFFUSEMAP>../GZ/VTHGRN_Momar/flag_afghan_www.playgunz.com.bmp</DIFFUSEMAP>
		</MATERIAL>
		<MATERIAL name="VTHGRN_Momar_crate02b_www.playgunz.com_mt_wod">
			<DIFFUSE>1.00000000 1.00000000 1.00000000</DIFFUSE>
			<AMBIENT>1.00000000 1.00000000 1.00000000</AMBIENT>
			<SPECULAR>1.00000000 1.00000000 1.00000000</SPECULAR>
			<DIFFUSEMAP>../GZ/VTHGRN_Momar/crate02b_www.playgunz.com.bmp</DIFFUSEMAP>
		</MATERIAL>
		<MATERIAL name="VTHGRN_Momar_flag_af2_www.playgunz.com_mt_con">
			<DIFFUSE>1.00000000 1.00000000 1.00000000</DIFFUSE>
			<AMBIENT>1.00000000 1.00000000 1.00000000</AMBIENT>
			<SPECULAR>1.00000000 1.00000000 1.00000000</SPECULAR>
			<DIFFUSEMAP>../GZ/VTHGRN_Momar/flag_af2_www.playgunz.com.bmp</DIFFUSEMAP>
		</MATERIAL>
		<MATERIAL name="VTHGRN_Momar_flag_logf_www.playgunz.com_mt_con">
			<DIFFUSE>1.00000000 1.00000000 1.00000000</DIFFUSE>
			<AMBIENT>1.00000000 1.00000000 1.00000000</AMBIENT>
			<SPECULAR>1.00000000 1.00000000 1.00000000</SPECULAR>
			<DIFFUSEMAP>../GZ/VTHGRN_Momar/flag_logf_www.playgunz.com.bmp</DIFFUSEMAP>
		</MATERIAL>
		<MATERIAL name="VTHGRN_Momar_lab1_brd3d_www.playgunz.com_mt_con">
			<DIFFUSE>1.00000000 1.00000000 1.00000000</DIFFUSE>
			<AMBIENT>1.00000000 1.00000000 1.00000000</AMBIENT>
			<SPECULAR>1.00000000 1.00000000 1.00000000</SPECULAR>
			<DIFFUSEMAP>../GZ/VTHGRN_Momar/lab1_brd3d_www.playgunz.com.bmp</DIFFUSEMAP>
		</MATERIAL>
		<MATERIAL name="VTHGRN_Momar_silo2_gad1_www.playgunz.com_mt_con">
			<DIFFUSE>1.00000000 1.00000000 1.00000000</DIFFUSE>
			<AMBIENT>1.00000000 1.00000000 1.00000000</AMBIENT>
			<SPECULAR>1.00000000 1.00000000 1.00000000</SPECULAR>
			<DIFFUSEMAP>../GZ/VTHGRN_Momar/silo2_gad1_www.playgunz.com.bmp</DIFFUSEMAP>
		</MATERIAL>
		<MATERIAL name="VTHGRN_Momar_xS_Brick13_www.playgunz.com_mt_con">
			<DIFFUSE>1.00000000 1.00000000 1.00000000</DIFFUSE>
			<AMBIENT>1.00000000 1.00000000 1.00000000</AMBIENT>
			<SPECULAR>1.00000000 1.00000000 1.00000000</SPECULAR>
			<DIFFUSEMAP>../GZ/VTHGRN_Momar/Brick13_www.playgunz.com.bmp</DIFFUSEMAP>
		</MATERIAL>
		<MATERIAL name="VTHGRN_Momar_xS_~light5b_www.playgunz.com_mt_con">
			<DIFFUSE>1.00000000 1.00000000 1.00000000</DIFFUSE>
			<AMBIENT>1.00000000 1.00000000 1.00000000</AMBIENT>
			<SPECULAR>1.00000000 1.00000000 1.00000000</SPECULAR>
			<DIFFUSEMAP>../GZ/VTHGRN_Momar/~light5b_www.playgunz.com.bmp</DIFFUSEMAP>
		</MATERIAL>
		<MATERIAL name="VTHGRN_Momar_xS_-1silo2_p4_www.playgunz.com_mt_con">
			<DIFFUSE>1.00000000 1.00000000 1.00000000</DIFFUSE>
			<AMBIENT>1.00000000 1.00000000 1.00000000</AMBIENT>
			<SPECULAR>1.00000000 1.00000000 1.00000000</SPECULAR>
			<DIFFUSEMAP>../GZ/VTHGRN_Momar/-1silo2_p4_www.playgunz.com.bmp</DIFFUSEMAP>
		</MATERIAL>
		<MATERIAL name="VTHGRN_Momar_duct_vnt2_www.playgunz.com_mt_con">
			<DIFFUSE>1.00000000 1.00000000 1.00000000</DIFFUSE>
			<AMBIENT>1.00000000 1.00000000 1.00000000</AMBIENT>
			<SPECULAR>1.00000000 1.00000000 1.00000000</SPECULAR>
			<DIFFUSEMAP>../GZ/VTHGRN_Momar/duct_vnt2_www.playgunz.com.bmp</DIFFUSEMAP>
		</MATERIAL>
		<MATERIAL name="VTHGRN_Momar_crate03_www.playgunz.com_mt_wod">
			<DIFFUSE>1.00000000 1.00000000 1.00000000</DIFFUSE>
			<AMBIENT>1.00000000 1.00000000 1.00000000</AMBIENT>
			<SPECULAR>1.00000000 1.00000000 1.00000000</SPECULAR>
			<DIFFUSEMAP>../GZ/VTHGRN_Momar/crate03_www.playgunz.com.bmp</DIFFUSEMAP>
		</MATERIAL>
		<MATERIAL name="VTHGRN_Momar_brdly2_back1_www.playgunz.com_mt_con">
			<DIFFUSE>1.00000000 1.00000000 1.00000000</DIFFUSE>
			<AMBIENT>1.00000000 1.00000000 1.00000000</AMBIENT>
			<SPECULAR>1.00000000 1.00000000 1.00000000</SPECULAR>
			<DIFFUSEMAP>../GZ/VTHGRN_Momar/brdly2_back1_www.playgunz.com.bmp</DIFFUSEMAP>
		</MATERIAL>
		<MATERIAL name="VTHGRN_Momar_brdly2_side1_www.playgunz.com_mt_con">
			<DIFFUSE>1.00000000 1.00000000 1.00000000</DIFFUSE>
			<AMBIENT>1.00000000 1.00000000 1.00000000</AMBIENT>
			<SPECULAR>1.00000000 1.00000000 1.00000000</SPECULAR>
			<DIFFUSEMAP>../GZ/VTHGRN_Momar/brdly2_side1_www.playgunz.com.bmp</DIFFUSEMAP>
		</MATERIAL>
		<MATERIAL name="VTHGRN_Momar_tanktrak_www.playgunz.com_mt_con">
			<DIFFUSE>1.00000000 1.00000000 1.00000000</DIFFUSE>
			<AMBIENT>1.00000000 1.00000000 1.00000000</AMBIENT>
			<SPECULAR>1.00000000 1.00000000 1.00000000</SPECULAR>
			<DIFFUSEMAP>../GZ/VTHGRN_Momar/tanktrak_www.playgunz.com.bmp</DIFFUSEMAP>
		</MATERIAL>
		<MATERIAL name="VTHGRN_Momar_zladder1_www.playgunz.com_mt_con">
			<DIFFUSE>1.00000000 1.00000000 1.00000000</DIFFUSE>
			<AMBIENT>1.00000000 1.00000000 1.00000000</AMBIENT>
			<SPECULAR>1.00000000 1.00000000 1.00000000</SPECULAR>
			<DIFFUSEMAP>../GZ/VTHGRN_Momar/zladder1_www.playgunz.com</DIFFUSEMAP>
		<USEOPACITY/>
		</MATERIAL>
		<MATERIAL name="VTHGRN_Momar_zrail1c_www.playgunz.com_mt_con">
			<DIFFUSE>1.00000000 1.00000000 1.00000000</DIFFUSE>
			<AMBIENT>1.00000000 1.00000000 1.00000000</AMBIENT>
			<SPECULAR>1.00000000 1.00000000 1.00000000</SPECULAR>
			<DIFFUSEMAP>../GZ/VTHGRN_Momar/zrail1c_www.playgunz.com</DIFFUSEMAP>
		<USEOPACITY/>
		</MATERIAL>
		<MATERIAL name="VTHGRN_Momar_xS_zrustyrungs_www.playgunz.com_mt_con">
			<DIFFUSE>1.00000000 1.00000000 1.00000000</DIFFUSE>
			<AMBIENT>1.00000000 1.00000000 1.00000000</AMBIENT>
			<SPECULAR>1.00000000 1.00000000 1.00000000</SPECULAR>
			<DIFFUSEMAP>../GZ/VTHGRN_Momar/zrustyrungs_www.playgunz.com</DIFFUSEMAP>
		<USEOPACITY/>
		</MATERIAL>
		<MATERIAL name="VTHGRN_Momar_xS_WP_zcstrike_oe4ven_www.playgunz.com_mt_con">
			<DIFFUSE>1.00000000 1.00000000 1.00000000</DIFFUSE>
			<AMBIENT>1.00000000 1.00000000 1.00000000</AMBIENT>
			<SPECULAR>1.00000000 1.00000000 1.00000000</SPECULAR>
			<DIFFUSEMAP>../GZ/VTHGRN_Momar/zcstrike_oe4ven_www.playgunz.com</DIFFUSEMAP>
		<USEOPACITY/>
		</MATERIAL>
		<MATERIAL name="VTHGRN_Momar_xS_trk_tread_www.playgunz.com_mt_con">
			<DIFFUSE>1.00000000 1.00000000 1.00000000</DIFFUSE>
			<AMBIENT>1.00000000 1.00000000 1.00000000</AMBIENT>
			<SPECULAR>1.00000000 1.00000000 1.00000000</SPECULAR>
			<DIFFUSEMAP>../GZ/VTHGRN_Momar/trk_tread_www.playgunz.com.bmp</DIFFUSEMAP>
		</MATERIAL>
		<MATERIAL name="VTHGRN_Momar_xS_trk_tire_www.playgunz.com_mt_con">
			<DIFFUSE>1.00000000 1.00000000 1.00000000</DIFFUSE>
			<AMBIENT>1.00000000 1.00000000 1.00000000</AMBIENT>
			<SPECULAR>1.00000000 1.00000000 1.00000000</SPECULAR>
			<DIFFUSEMAP>../GZ/VTHGRN_Momar/trk_tire_www.playgunz.com.bmp</DIFFUSEMAP>
		</MATERIAL>
		<MATERIAL name="VTHGRN_Momar_xS_trk_side_www.playgunz.com_mt_con">
			<DIFFUSE>1.00000000 1.00000000 1.00000000</DIFFUSE>
			<AMBIENT>1.00000000 1.00000000 1.00000000</AMBIENT>
			<SPECULAR>1.00000000 1.00000000 1.00000000</SPECULAR>
			<DIFFUSEMAP>../GZ/VTHGRN_Momar/trk_side_www.playgunz.com.bmp</DIFFUSEMAP>
		</MATERIAL>
		<MATERIAL name="VTHGRN_Momar_xS_trk_canvas_www.playgunz.com_mt_con">
			<DIFFUSE>1.00000000 1.00000000 1.00000000</DIFFUSE>
			<AMBIENT>1.00000000 1.00000000 1.00000000</AMBIENT>
			<SPECULAR>1.00000000 1.00000000 1.00000000</SPECULAR>
			<DIFFUSEMAP>../GZ/VTHGRN_Momar/trk_canvas_www.playgunz.com.bmp</DIFFUSEMAP>
		</MATERIAL>
		<MATERIAL name="VTHGRN_Momar_xS_WP_glass_bright_www.playgunz.com_mt_con">
			<DIFFUSE>1.00000000 1.00000000 1.00000000</DIFFUSE>
			<AMBIENT>1.00000000 1.00000000 1.00000000</AMBIENT>
			<SPECULAR>1.00000000 1.00000000 1.00000000</SPECULAR>
			<DIFFUSEMAP>../GZ/VTHGRN_Momar/glass_bright_www.playgunz.com</DIFFUSEMAP>
		<USEOPACITY/>
		</MATERIAL>
		<MATERIAL name="VTHGRN_Momar_xS_trk_hood_www.playgunz.com_mt_con">
			<DIFFUSE>1.00000000 1.00000000 1.00000000</DIFFUSE>
			<AMBIENT>1.00000000 1.00000000 1.00000000</AMBIENT>
			<SPECULAR>1.00000000 1.00000000 1.00000000</SPECULAR>
			<DIFFUSEMAP>../GZ/VTHGRN_Momar/trk_hood_www.playgunz.com.bmp</DIFFUSEMAP>
		</MATERIAL>
		<MATERIAL name="VTHGRN_Momar_xS_trk_grille_www.playgunz.com_mt_con">
			<DIFFUSE>1.00000000 1.00000000 1.00000000</DIFFUSE>
			<AMBIENT>1.00000000 1.00000000 1.00000000</AMBIENT>
			<SPECULAR>1.00000000 1.00000000 1.00000000</SPECULAR>
			<DIFFUSEMAP>../GZ/VTHGRN_Momar/trk_grille_www.playgunz.com.bmp</DIFFUSEMAP>
		</MATERIAL>
		<MATERIAL name="VTHGRN_Momar_xS_trk_rim_www.playgunz.com_mt_con">
			<DIFFUSE>1.00000000 1.00000000 1.00000000</DIFFUSE>
			<AMBIENT>1.00000000 1.00000000 1.00000000</AMBIENT>
			<SPECULAR>1.00000000 1.00000000 1.00000000</SPECULAR>
			<DIFFUSEMAP>../GZ/VTHGRN_Momar/trk_rim_www.playgunz.com.bmp</DIFFUSEMAP>
		</MATERIAL>
		<MATERIAL name="VTHGRN_Momar_xS_trk_door_www.playgunz.com_mt_wod">
			<DIFFUSE>1.00000000 1.00000000 1.00000000</DIFFUSE>
			<AMBIENT>1.00000000 1.00000000 1.00000000</AMBIENT>
			<SPECULAR>1.00000000 1.00000000 1.00000000</SPECULAR>
			<DIFFUSEMAP>../GZ/VTHGRN_Momar/trk_door_www.playgunz.com.bmp</DIFFUSEMAP>
		</MATERIAL>
		<MATERIAL name="VTHGRN_Momar_xS_trk_axle_www.playgunz.com_mt_con">
			<DIFFUSE>1.00000000 1.00000000 1.00000000</DIFFUSE>
			<AMBIENT>1.00000000 1.00000000 1.00000000</AMBIENT>
			<SPECULAR>1.00000000 1.00000000 1.00000000</SPECULAR>
			<DIFFUSEMAP>../GZ/VTHGRN_Momar/trk_axle_www.playgunz.com.bmp</DIFFUSEMAP>
		</MATERIAL>
		<MATERIAL name="VTHGRN_Momar_xS_c1a4b_w3_www.playgunz.com_mt_con">
			<DIFFUSE>1.00000000 1.00000000 1.00000000</DIFFUSE>
			<AMBIENT>1.00000000 1.00000000 1.00000000</AMBIENT>
			<SPECULAR>1.00000000 1.00000000 1.00000000</SPECULAR>
			<DIFFUSEMAP>../GZ/VTHGRN_Momar/c1a4b_w3_www.playgunz.com.bmp</DIFFUSEMAP>
		</MATERIAL>
		<MATERIAL name="VTHGRN_Momar_xS_SandCrtSmTp_www.playgunz.com_mt_wod">
			<DIFFUSE>1.00000000 1.00000000 1.00000000</DIFFUSE>
			<AMBIENT>1.00000000 1.00000000 1.00000000</AMBIENT>
			<SPECULAR>1.00000000 1.00000000 1.00000000</SPECULAR>
			<DIFFUSEMAP>../GZ/VTHGRN_Momar/SandCrtSmTp_www.playgunz.com.bmp</DIFFUSEMAP>
		</MATERIAL>
		<MATERIAL name="VTHGRN_Momar_xS_SandCrtSmSd_www.playgunz.com_mt_wod">
			<DIFFUSE>1.00000000 1.00000000 1.00000000</DIFFUSE>
			<AMBIENT>1.00000000 1.00000000 1.00000000</AMBIENT>
			<SPECULAR>1.00000000 1.00000000 1.00000000</SPECULAR>
			<DIFFUSEMAP>../GZ/VTHGRN_Momar/SandCrtSmSd_www.playgunz.com.bmp</DIFFUSEMAP>
		</MATERIAL>
		<MATERIAL name="VTHGRN_Momar_generic034_www.playgunz.com_mt_con">
			<DIFFUSE>1.00000000 1.00000000 1.00000000</DIFFUSE>
			<AMBIENT>1.00000000 1.00000000 1.00000000</AMBIENT>
			<SPECULAR>1.00000000 1.00000000 1.00000000</SPECULAR>
			<DIFFUSEMAP>../GZ/VTHGRN_Momar/generic034_www.playgunz.com.bmp</DIFFUSEMAP>
		</MATERIAL>
	</MATERIALLIST>	<LIGHTLIST>
		<LIGHT name="Omni_main 01">
			<POSITION>10000.0000000 10000.0000000 10000.0000000</POSITION>
			<COLOR>1.0000000 1.0000000 1.0000000</COLOR>
			<INTENSITY>0.2000000</INTENSITY>
			<ATTENUATIONSTART>30000.0000000</ATTENUATIONSTART>
			<ATTENUATIONEND>30000.0000000</ATTENUATIONEND>
		</LIGHT>
		<LIGHT name="Omni_main 02">
			<POSITION>-10000.0000000 10000.0000000 10000.0000000</POSITION>
			<COLOR>1.0000000 1.0000000 1.0000000</COLOR>
			<INTENSITY>0.2000000</INTENSITY>
			<ATTENUATIONSTART>30000.0000000</ATTENUATIONSTART>
			<ATTENUATIONEND>30000.0000000</ATTENUATIONEND>
		</LIGHT>
		<LIGHT name="Omni_main 03">
			<POSITION>-10000.0000000 -10000.0000000 10000.0000000</POSITION>
			<COLOR>1.0000000 1.0000000 1.0000000</COLOR>
			<INTENSITY>0.2000000</INTENSITY>
			<ATTENUATIONSTART>30000.0000000</ATTENUATIONSTART>
			<ATTENUATIONEND>30000.0000000</ATTENUATIONEND>
		</LIGHT>
		<LIGHT name="Omni_main 04">
			<POSITION>10000.0000000 -10000.0000000 10000.0000000</POSITION>
			<COLOR>1.0000000 1.0000000 1.0000000</COLOR>
			<INTENSITY>0.2000000</INTENSITY>
			<ATTENUATIONSTART>30000.0000000</ATTENUATIONSTART>
			<ATTENUATIONEND>30000.0000000</ATTENUATIONEND>
		</LIGHT>
		<LIGHT name="Omni_main 05">
			<POSITION>-10000.0000000 10000.0000000 -10000.0000000</POSITION>
			<COLOR>1.0000000 1.0000000 1.0000000</COLOR>
			<INTENSITY>0.2000000</INTENSITY>
			<ATTENUATIONSTART>30000.0000000</ATTENUATIONSTART>
			<ATTENUATIONEND>30000.0000000</ATTENUATIONEND>
		</LIGHT>
		<LIGHT name="Omni_main 06">
			<POSITION>-10000.0000000 -10000.0000000 -10000.0000000</POSITION>
			<COLOR>1.0000000 1.0000000 1.0000000</COLOR>
			<INTENSITY>0.2000000</INTENSITY>
			<ATTENUATIONSTART>30000.0000000</ATTENUATIONSTART>
			<ATTENUATIONEND>30000.0000000</ATTENUATIONEND>
		</LIGHT>
		<LIGHT name="Omni_main 07">
			<POSITION>10000.0000000 -10000.0000000 -10000.0000000</POSITION>
			<COLOR>1.0000000 1.0000000 1.0000000</COLOR>
			<INTENSITY>0.2000000</INTENSITY>
			<ATTENUATIONSTART>30000.0000000</ATTENUATIONSTART>
			<ATTENUATIONEND>30000.0000000</ATTENUATIONEND>
		</LIGHT>
		<LIGHT name="Omni_main 08">
			<POSITION>10000.0000000 10000.0000000 -10000.0000000</POSITION>
			<COLOR>1.0000000 1.0000000 1.0000000</COLOR>
			<INTENSITY>0.2000000</INTENSITY>
			<ATTENUATIONSTART>30000.0000000</ATTENUATIONSTART>
			<ATTENUATIONEND>30000.0000000</ATTENUATIONEND>
		</LIGHT>
		<LIGHT name="sun_Omni">
			<POSITION>-7188.0190430 6539.0439453 22334.4062500</POSITION>
			<COLOR>1.0000000 1.0000000 1.0000000</COLOR>
			<INTENSITY>0.8000000</INTENSITY>
			<ATTENUATIONSTART>50000.0000000</ATTENUATIONSTART>
			<ATTENUATIONEND>50000.0000000</ATTENUATIONEND>
			<CASTSHADOW/>
		</LIGHT>
		<LIGHT name="obj_Omni01">
			<POSITION>-7188.0190430 6539.0439453 23331.0234375</POSITION>
			<COLOR>1.0000000 1.0000000 1.0000000</COLOR>
			<INTENSITY>2.0000000</INTENSITY>
			<ATTENUATIONSTART>50000.0000000</ATTENUATIONSTART>
			<ATTENUATIONEND>50000.0000000</ATTENUATIONEND>
			<CASTSHADOW/>
		</LIGHT>
	</LIGHTLIST>
	<OBJECTLIST>
		<OBJECT name="Town_obj_sky_daylight.elu">
		</OBJECT>
	</OBJECTLIST>
	<DUMMYLIST>
		<DUMMY name="sun_Dummy">
			<POSITION>-3448.2026367 2493.3210449 11913.7490234</POSITION>
			<DIRECTION>0.0000000 0.9999999 0.0000000</DIRECTION>
		</DUMMY>
		<DUMMY name="obj_sky_daylight">
			<POSITION>55267160891140097000000000000000.0000000 0.0000000 0.0000000</POSITION>
			<DIRECTION>0.0000000 0.0000000 0.0000000</DIRECTION>
		</DUMMY>
		<DUMMY name="spawn_team1_101">
			<POSITION>6136.00000000 -5584.00000000 -861.50000000</POSITION>
			<DIRECTION>0.00000000 1.00000000 0.00000000</DIRECTION>
		</DUMMY>
		<DUMMY name="spawn_team1_102">
			<POSITION>5616.00000000 -5581.50000000 -861.50000000</POSITION>
			<DIRECTION>0.00000000 1.00000000 0.00000000</DIRECTION>
		</DUMMY>
		<DUMMY name="spawn_team1_103">
			<POSITION>5376.00000000 -5501.50000000 -861.50000000</POSITION>
			<DIRECTION>0.00000000 1.00000000 0.00000000</DIRECTION>
		</DUMMY>
		<DUMMY name="spawn_team1_104">
			<POSITION>5898.50000000 -5384.00000000 -861.50000000</POSITION>
			<DIRECTION>0.00000000 1.00000000 0.00000000</DIRECTION>
		</DUMMY>
		<DUMMY name="spawn_team1_105">
			<POSITION>5336.00000000 -5821.50000000 -861.50000000</POSITION>
			<DIRECTION>0.00000000 1.00000000 0.00000000</DIRECTION>
		</DUMMY>
		<DUMMY name="spawn_team1_106">
			<POSITION>5256.00000000 -6381.50000000 -861.50000000</POSITION>
			<DIRECTION>0.00000000 1.00000000 0.00000000</DIRECTION>
		</DUMMY>
		<DUMMY name="spawn_team1_107">
			<POSITION>6218.50000000 -6064.00000000 -861.50000000</POSITION>
			<DIRECTION>0.00000000 1.00000000 0.00000000</DIRECTION>
		</DUMMY>
		<DUMMY name="spawn_team1_108">
			<POSITION>5578.50000000 -5941.50000000 -861.50000000</POSITION>
			<DIRECTION>0.00000000 1.00000000 0.00000000</DIRECTION>
		</DUMMY>
		<DUMMY name="spawn_team1_109">
			<POSITION>6158.50000000 -5332.00000000 -861.50000000</POSITION>
			<DIRECTION>0.00000000 1.00000000 0.00000000</DIRECTION>
		</DUMMY>
		<DUMMY name="spawn_team1_110">
			<POSITION>5856.00000000 -6181.50000000 -861.50000000</POSITION>
			<DIRECTION>0.00000000 1.00000000 0.00000000</DIRECTION>
		</DUMMY>
		<DUMMY name="spawn_team1_111">
			<POSITION>5338.50000000 -6141.50000000 -861.50000000</POSITION>
			<DIRECTION>0.00000000 1.00000000 0.00000000</DIRECTION>
		</DUMMY>
		<DUMMY name="spawn_team1_112">
			<POSITION>6138.50000000 -5824.00000000 -861.50000000</POSITION>
			<DIRECTION>0.00000000 1.00000000 0.00000000</DIRECTION>
		</DUMMY>
		<DUMMY name="spawn_team2_101">
			<POSITION>-1906.50000000 -2624.00000000 1058.50000000</POSITION>
			<DIRECTION>1.00000000 -0.00000000 0.00000000</DIRECTION>
		</DUMMY>
		<DUMMY name="spawn_team1_113">
			<POSITION>5856.00000000 -5661.50000000 -861.50000000</POSITION>
			<DIRECTION>0.00000000 1.00000000 0.00000000</DIRECTION>
		</DUMMY>
		<DUMMY name="spawn_team1_114">
			<POSITION>5856.00000000 -5941.50000000 -861.50000000</POSITION>
			<DIRECTION>0.00000000 1.00000000 0.00000000</DIRECTION>
		</DUMMY>
		<DUMMY name="spawn_team1_115">
			<POSITION>6138.50000000 -6264.00000000 -861.50000000</POSITION>
			<DIRECTION>0.00000000 1.00000000 0.00000000</DIRECTION>
		</DUMMY>
		<DUMMY name="spawn_team2_102">
			<POSITION>-2144.00000000 -2624.00000000 1058.50000000</POSITION>
			<DIRECTION>1.00000000 -0.00000000 0.00000000</DIRECTION>
		</DUMMY>
		<DUMMY name="spawn_team2_103">
			<POSITION>-2144.00000000 -2426.50000000 1058.50000000</POSITION>
			<DIRECTION>1.00000000 -0.00000000 0.00000000</DIRECTION>
		</DUMMY>
		<DUMMY name="spawn_team2_104">
			<POSITION>-1946.50000000 -2426.50000000 1058.50000000</POSITION>
			<DIRECTION>1.00000000 -0.00000000 0.00000000</DIRECTION>
		</DUMMY>
		<DUMMY name="spawn_team2_105">
			<POSITION>-1706.50000000 -2426.50000000 1058.50000000</POSITION>
			<DIRECTION>1.00000000 -0.00000000 0.00000000</DIRECTION>
		</DUMMY>
		<DUMMY name="spawn_team2_106">
			<POSITION>-1666.50000000 -2624.00000000 1058.50000000</POSITION>
			<DIRECTION>1.00000000 -0.00000000 0.00000000</DIRECTION>
		</DUMMY>
		<DUMMY name="spawn_team2_107">
			<POSITION>-1506.50000000 -2386.50000000 1058.50000000</POSITION>
			<DIRECTION>1.00000000 -0.00000000 0.00000000</DIRECTION>
		</DUMMY>
		<DUMMY name="spawn_team2_108">
			<POSITION>-1624.00000000 -2186.50000000 1058.50000000</POSITION>
			<DIRECTION>1.00000000 -0.00000000 0.00000000</DIRECTION>
		</DUMMY>
		<DUMMY name="spawn_team2_109">
			<POSITION>-1864.00000000 -2186.50000000 1058.50000000</POSITION>
			<DIRECTION>1.00000000 -0.00000000 0.00000000</DIRECTION>
		</DUMMY>
		<DUMMY name="spawn_team2_110">
			<POSITION>-2104.00000000 -2186.50000000 1058.50000000</POSITION>
			<DIRECTION>1.00000000 -0.00000000 0.00000000</DIRECTION>
		</DUMMY>
		<DUMMY name="spawn_team2_111">
			<POSITION>-2224.00000000 -1986.50000000 1058.50000000</POSITION>
			<DIRECTION>1.00000000 -0.00000000 0.00000000</DIRECTION>
		</DUMMY>
		<DUMMY name="spawn_team2_112">
			<POSITION>-1986.50000000 -1946.50000000 1058.50000000</POSITION>
			<DIRECTION>1.00000000 -0.00000000 0.00000000</DIRECTION>
		</DUMMY>
		<DUMMY name="spawn_team2_113">
			<POSITION>-1786.50000000 -1906.50000000 1058.50000000</POSITION>
			<DIRECTION>1.00000000 -0.00000000 0.00000000</DIRECTION>
		</DUMMY>
		<DUMMY name="spawn_team2_114">
			<POSITION>-1546.50000000 -1944.00000000 1058.50000000</POSITION>
			<DIRECTION>1.00000000 -0.00000000 0.00000000</DIRECTION>
		</DUMMY>
		<DUMMY name="spawn_solo_101">
			<POSITION>1120.00000000 2360.00000000 1066.00000000</POSITION>
			<DIRECTION>-0.00000000 -1.00000000 0.00000000</DIRECTION>
		</DUMMY>
		<DUMMY name="spawn_solo_102">
			<POSITION>-112.00000000 -958.00000000 1056.00000000</POSITION>
			<DIRECTION>1.00000000 -0.00000000 0.00000000</DIRECTION>
		</DUMMY>
		<DUMMY name="spawn_solo_103">
			<POSITION>-5333.00000000 -2280.00000000 1056.00000000</POSITION>
			<DIRECTION>1.00000000 -0.00000000 0.00000000</DIRECTION>
		</DUMMY>
		<DUMMY name="spawn_solo_104">
			<POSITION>-1818.00000000 4412.00000000 1056.00000000</POSITION>
			<DIRECTION>-0.00000000 -1.00000000 0.00000000</DIRECTION>
		</DUMMY>
		<DUMMY name="spawn_solo_105">
			<POSITION>6788.00000000 -6166.00000000 -863.00000000</POSITION>
			<DIRECTION>0.00000000 1.00000000 0.00000000</DIRECTION>
		</DUMMY>
		<DUMMY name="spawn_solo_106">
			<POSITION>5736.00000000 3593.00000000 -464.00000000</POSITION>
			<DIRECTION>-0.00000000 -1.00000000 0.00000000</DIRECTION>
		</DUMMY>
		<DUMMY name="spawn_solo_107">
			<POSITION>5296.00000000 4297.00000000 -464.00000000</POSITION>
			<DIRECTION>-1.00000000 0.00000000 0.00000000</DIRECTION>
		</DUMMY>
		<DUMMY name="spawn_solo_108">
			<POSITION>6855.00000000 -1147.00000000 -64.00000000</POSITION>
			<DIRECTION>-1.00000000 0.00000000 0.00000000</DIRECTION>
		</DUMMY>
		<DUMMY name="spawn_solo_109">
			<POSITION>-1267.00000000 87.00000000 1056.00000000</POSITION>
			<DIRECTION>-1.00000000 0.00000000 0.00000000</DIRECTION>
		</DUMMY>
		<DUMMY name="spawn_solo_110">
			<POSITION>1652.00000000 4332.00000000 756.00000000</POSITION>
			<DIRECTION>-0.00000000 -1.00000000 0.00000000</DIRECTION>
		</DUMMY>
		<DUMMY name="spawn_solo_111">
			<POSITION>1749.00000000 2094.00000000 -464.00000000</POSITION>
			<DIRECTION>0.00000000 1.00000000 0.00000000</DIRECTION>
		</DUMMY>
		<DUMMY name="spawn_solo_112">
			<POSITION>8.00000000 3485.00000000 758.00000000</POSITION>
			<DIRECTION>0.00000000 1.00000000 0.00000000</DIRECTION>
		</DUMMY>
	</DUMMYLIST>
</XML>
