<?xml version="1.0" encoding="UTF-8"?>
<XML>
	<GAMETYPE id="solo">
		<SPAWN item="blueflag" timesec="45000">
			<POSITION>1960 -2208 1056</POSITION>
		</SPAWN>
		<SPAWN item="redflag" timesec="45000">
			<POSITION>-5888 -5824 -864</POSITION>
		</SPAWN>
		<SPAWN item="bullet02" timesec="45000">
			<POSITION>-2136 952 936</POSITION>
		</SPAWN>
		<SPAWN item="hp02" timesec="30000">
			<POSITION>-2672 -1840 1056</POSITION>
		</SPAWN>
		<SPAWN item="hp02" timesec="30000">
			<POSITION>-5120 4008 824</POSITION>
		</SPAWN>
		<SPAWN item="ap02" timesec="30000">
			<POSITION>-1720 4192 -464</POSITION>
		</SPAWN>
</GAMETYPE><GAMETYPE id="team">
		<SPAWN item="blueflag" timesec="45000">
			<POSITION>1960 -2208 1056</POSITION>
		</SPAWN>
		<SPAWN item="redflag" timesec="45000">
			<POSITION>-5888 -5824 -864</POSITION>
		</SPAWN>
		<SPAWN item="ap02" timesec="30000">
			<POSITION>-5296 4296 -464</POSITION>
		</SPAWN>
		<SPAWN item="ap02" timesec="30000">
			<POSITION>-5736 3552 -464</POSITION>
		</SPAWN>
		<SPAWN item="bullet02" timesec="45000">
			<POSITION>-2136 952 936</POSITION>
		</SPAWN>
		<SPAWN item="hp03" timesec="45000">
			<POSITION>-2672 -1840 1056</POSITION>
		</SPAWN>
		<SPAWN item="hp03" timesec="45000">
			<POSITION>-5120 4008 824</POSITION>
		</SPAWN>
</GAMETYPE>
</XML>
