<?xml version="1.0" encoding="UTF-8"?>
<XML>
	<MATERIALLIST>
		<MATERIAL name="Floors_Floor025">
			<DIFFUSE>1.00000000 1.00000000 1.00000000</DIFFUSE>
			<AMBIENT>1.00000000 1.00000000 1.00000000</AMBIENT>
			<SPECULAR>1.00000000 1.00000000 1.00000000</SPECULAR>
			<DIFFUSEMAP>Floors/Floor025.tga</DIFFUSEMAP>
		</MATERIAL>
		<MATERIAL name="Floors_Floor012">
			<DIFFUSE>1.00000000 1.00000000 1.00000000</DIFFUSE>
			<AMBIENT>1.00000000 1.00000000 1.00000000</AMBIENT>
			<SPECULAR>1.00000000 1.00000000 1.00000000</SPECULAR>
			<DIFFUSEMAP>Floors/Floor012.tga</DIFFUSEMAP>
		</MATERIAL>
		<MATERIAL name="Floors_Floor014">
			<DIFFUSE>1.00000000 1.00000000 1.00000000</DIFFUSE>
			<AMBIENT>1.00000000 1.00000000 1.00000000</AMBIENT>
			<SPECULAR>1.00000000 1.00000000 1.00000000</SPECULAR>
			<DIFFUSEMAP>Floors/Floor014.tga</DIFFUSEMAP>
		</MATERIAL>
		<MATERIAL name="Floors_aWall2">
			<DIFFUSE>1.00000000 1.00000000 1.00000000</DIFFUSE>
			<AMBIENT>1.00000000 1.00000000 1.00000000</AMBIENT>
			<SPECULAR>1.00000000 1.00000000 1.00000000</SPECULAR>
			<DIFFUSEMAP>Floors/aWall2</DIFFUSEMAP>
		</MATERIAL>
		<MATERIAL name="bulli10_bulli10Logo">
			<DIFFUSE>1.00000000 1.00000000 1.00000000</DIFFUSE>
			<AMBIENT>1.00000000 1.00000000 1.00000000</AMBIENT>
			<SPECULAR>1.00000000 1.00000000 1.00000000</SPECULAR>
			<DIFFUSEMAP>bulli10/bulli10Logo</DIFFUSEMAP>
		</MATERIAL>
		<MATERIAL name="bulli10_Fiinish">
			<DIFFUSE>1.00000000 1.00000000 1.00000000</DIFFUSE>
			<AMBIENT>1.00000000 1.00000000 1.00000000</AMBIENT>
			<SPECULAR>1.00000000 1.00000000 1.00000000</SPECULAR>
			<DIFFUSEMAP>bulli10/Fiinish</DIFFUSEMAP>
		</MATERIAL>
		<MATERIAL name="bulli10_bulli10y">
			<DIFFUSE>1.00000000 1.00000000 1.00000000</DIFFUSE>
			<AMBIENT>1.00000000 1.00000000 1.00000000</AMBIENT>
			<SPECULAR>1.00000000 1.00000000 1.00000000</SPECULAR>
			<DIFFUSEMAP>bulli10/bulli10y</DIFFUSEMAP>
		</MATERIAL>
	</MATERIALLIST>
	<DUMMYLIST>
		<DUMMY name="spawn_solo_101">
			<POSITION>-13064.00000000 2664.00000000 80.00000000</POSITION>
			<DIRECTION>-1.00000000 0.00000000 0.00000000</DIRECTION>
		</DUMMY>
		<DUMMY name="spawn_team1_101">
			<POSITION>-13392.00000000 1560.00000000 80.00000000</POSITION>
			<DIRECTION>-1.00000000 0.00000000 0.00000000</DIRECTION>
		</DUMMY>
		<DUMMY name="spawn_team2_101">
			<POSITION>-13144.00000000 4688.00000000 80.00000000</POSITION>
			<DIRECTION>-1.00000000 0.00000000 0.00000000</DIRECTION>
		</DUMMY>
		<DUMMY name="spawn_solo_102">
			<POSITION>-13168.00000000 3688.00000000 80.00000000</POSITION>
			<DIRECTION>-1.00000000 0.00000000 0.00000000</DIRECTION>
		</DUMMY>
	</DUMMYLIST>
        <FOG min="0" max="6500">
		<R>40</R>
		<G>150</G>
		<B>220</B>
	</FOG>
</XML>
