<?xml version="1.0" encoding="UTF-8"?>
<XML>
	<MATERIALLIST>
		<MATERIAL name="mercy_floor_concrete_white3">
			<DIFFUSE>1.00000000 1.00000000 1.00000000</DIFFUSE>
			<AMBIENT>1.00000000 1.00000000 1.00000000</AMBIENT>
			<SPECULAR>1.00000000 1.00000000 1.00000000</SPECULAR>
			<DIFFUSEMAP>mercy/floor_concrete_white3.jpg</DIFFUSEMAP>
		</MATERIAL>
		<MATERIAL name="mercy_floor_concrete_green3">
			<DIFFUSE>1.00000000 1.00000000 1.00000000</DIFFUSE>
			<AMBIENT>1.00000000 1.00000000 1.00000000</AMBIENT>
			<SPECULAR>1.00000000 1.00000000 1.00000000</SPECULAR>
			<DIFFUSEMAP>mercy/floor_concrete_green3.jpg</DIFFUSEMAP>
		</MATERIAL>
		<MATERIAL name="mercy_floor_concrete_white2">
			<DIFFUSE>1.00000000 1.00000000 1.00000000</DIFFUSE>
			<AMBIENT>1.00000000 1.00000000 1.00000000</AMBIENT>
			<SPECULAR>1.00000000 1.00000000 1.00000000</SPECULAR>
			<DIFFUSEMAP>mercy/floor_concrete_white2.jpg</DIFFUSEMAP>
		</MATERIAL>
		<MATERIAL name="mercy_wall_brick_white">
			<DIFFUSE>1.00000000 1.00000000 1.00000000</DIFFUSE>
			<AMBIENT>1.00000000 1.00000000 1.00000000</AMBIENT>
			<SPECULAR>1.00000000 1.00000000 1.00000000</SPECULAR>
			<DIFFUSEMAP>mercy/wall_brick_white.jpg</DIFFUSEMAP>
		</MATERIAL>
		<MATERIAL name="mercy_wall_brick_green">
			<DIFFUSE>1.00000000 1.00000000 1.00000000</DIFFUSE>
			<AMBIENT>1.00000000 1.00000000 1.00000000</AMBIENT>
			<SPECULAR>1.00000000 1.00000000 1.00000000</SPECULAR>
			<DIFFUSEMAP>mercy/wall_brick_green.jpg</DIFFUSEMAP>
		</MATERIAL>
		<MATERIAL name="Shaders_PlasmaLight">
			<DIFFUSE>1.00000000 1.00000000 1.00000000</DIFFUSE>
			<AMBIENT>1.00000000 1.00000000 1.00000000</AMBIENT>
			<SPECULAR>1.00000000 1.00000000 1.00000000</SPECULAR>
			<DIFFUSEMAP>Shaders/PlasmaLight.tga</DIFFUSEMAP>
			<ADDITIVE/>
		</MATERIAL>
		<MATERIAL name="mercy_banner_blueweap4">
			<DIFFUSE>1.00000000 1.00000000 1.00000000</DIFFUSE>
			<AMBIENT>1.00000000 1.00000000 1.00000000</AMBIENT>
			<SPECULAR>1.00000000 1.00000000 1.00000000</SPECULAR>
			<DIFFUSEMAP>mercy/banner_blueweap4.tga</DIFFUSEMAP>
		</MATERIAL>
		<MATERIAL name="mercy_banner_blueweap5">
			<DIFFUSE>1.00000000 1.00000000 1.00000000</DIFFUSE>
			<AMBIENT>1.00000000 1.00000000 1.00000000</AMBIENT>
			<SPECULAR>1.00000000 1.00000000 1.00000000</SPECULAR>
			<DIFFUSEMAP>mercy/banner_blueweap5.tga</DIFFUSEMAP>
		</MATERIAL>
		<MATERIAL name="mercy_banner_blueweap6">
			<DIFFUSE>1.00000000 1.00000000 1.00000000</DIFFUSE>
			<AMBIENT>1.00000000 1.00000000 1.00000000</AMBIENT>
			<SPECULAR>1.00000000 1.00000000 1.00000000</SPECULAR>
			<DIFFUSEMAP>mercy/banner_blueweap6.tga</DIFFUSEMAP>
		</MATERIAL>
		<MATERIAL name="mercy_banner_redweap4">
			<DIFFUSE>1.00000000 1.00000000 1.00000000</DIFFUSE>
			<AMBIENT>1.00000000 1.00000000 1.00000000</AMBIENT>
			<SPECULAR>1.00000000 1.00000000 1.00000000</SPECULAR>
			<DIFFUSEMAP>mercy/banner_redweap4.tga</DIFFUSEMAP>
		</MATERIAL>
		<MATERIAL name="mercy_banner_redweap5">
			<DIFFUSE>1.00000000 1.00000000 1.00000000</DIFFUSE>
			<AMBIENT>1.00000000 1.00000000 1.00000000</AMBIENT>
			<SPECULAR>1.00000000 1.00000000 1.00000000</SPECULAR>
			<DIFFUSEMAP>mercy/banner_redweap5.tga</DIFFUSEMAP>
		</MATERIAL>
		<MATERIAL name="mercy_banner_redweap6">
			<DIFFUSE>1.00000000 1.00000000 1.00000000</DIFFUSE>
			<AMBIENT>1.00000000 1.00000000 1.00000000</AMBIENT>
			<SPECULAR>1.00000000 1.00000000 1.00000000</SPECULAR>
			<DIFFUSEMAP>mercy/banner_redweap6.tga</DIFFUSEMAP>
		</MATERIAL>
	</MATERIALLIST>
	<DUMMYLIST>
		<DUMMY name="spawn_solo_101">
			<POSITION>0.00000000 -4104.00000000 256.00000000</POSITION>
			<DIRECTION>-1.00000000 0.00000000 0.00000000</DIRECTION>
		</DUMMY>
		<DUMMY name="smk_ss_01">
			<POSITION>1928.00000000 -2192.00000000 2440.00000000</POSITION>
			<DIRECTION>-1.00000000 0.00000000 0.00000000</DIRECTION>
		</DUMMY>
		<DUMMY name="smk_ss_02">
			<POSITION>-1912.00000000 -2176.00000000 2440.00000000</POSITION>
			<DIRECTION>-1.00000000 0.00000000 0.00000000</DIRECTION>
		</DUMMY>
		<DUMMY name="smk_ss_03">
			<POSITION>1928.00000000 -5984.00000000 2440.00000000</POSITION>
			<DIRECTION>-1.00000000 0.00000000 0.00000000</DIRECTION>
		</DUMMY>
		<DUMMY name="smk_ss_04">
			<POSITION>-1912.00000000 -5968.00000000 2440.00000000</POSITION>
			<DIRECTION>-1.00000000 0.00000000 0.00000000</DIRECTION>
		</DUMMY>
		<DUMMY name="spawn_team1_101">
			<POSITION>32.00000000 -2632.00000000 256.00000000</POSITION>
			<DIRECTION>-1.00000000 0.00000000 0.00000000</DIRECTION>
		</DUMMY>
		<DUMMY name="spawn_team1_102">
			<POSITION>200.00000000 -2696.00000000 256.00000000</POSITION>
			<DIRECTION>-1.00000000 0.00000000 0.00000000</DIRECTION>
		</DUMMY>
		<DUMMY name="spawn_team2_101">
			<POSITION>112.00000000 -5384.00000000 256.00000000</POSITION>
			<DIRECTION>-1.00000000 0.00000000 0.00000000</DIRECTION>
		</DUMMY>
		<DUMMY name="spawn_team2_102">
			<POSITION>-24.00000000 -5536.00000000 256.00000000</POSITION>
			<DIRECTION>-1.00000000 0.00000000 0.00000000</DIRECTION>
		</DUMMY>
		<DUMMY name="obj_sky_daylight">
			<POSITION>-4.1193156 0.0000000 4.2378502</POSITION>
			<DIRECTION>0.0000000 -1.8750000 0.0000000</DIRECTION>
		</DUMMY>
		<DUMMY name="obj_sea_01">
			<POSITION>-4.4211788 0.0000000 4.3401318</POSITION>
			<DIRECTION>0.0000000 0.3814076 704251422522212350.0000000</DIRECTION>
		</DUMMY>
		<DUMMY name="sun_Dummy">
			<POSITION>2304.1613770 -4202.5058594 7428.8769531</POSITION>
			<DIRECTION>0.9999999 -0.0000001 0.0000000</DIRECTION>
		</DUMMY>
	</DUMMYLIST>
	<OBJECTLIST>
		<OBJECT name="MercyRoom_obj_sea_01.elu">
		</OBJECT>
		<OBJECT name="MercyRoom_obj_sky_daylight.elu">
		</OBJECT>
	</OBJECTLIST>


			<FOG min="0" max="996500">
				      <R>119</R>
				      <G>124</G>
				      <B>201</B>
			</FOG>
</XML>
