<?xml version="1.0" encoding="UTF-8"?>
<XML>
	<MATERIALLIST>
		<MATERIAL name="de_aztec_de_aztec_material_7_mt_con">
			<DIFFUSE>1.00000000 1.00000000 1.00000000</DIFFUSE>
			<AMBIENT>1.00000000 1.00000000 1.00000000</AMBIENT>
			<SPECULAR>1.00000000 1.00000000 1.00000000</SPECULAR>
			<DIFFUSEMAP>de_aztec/de_aztec_material_7.tga</DIFFUSEMAP>
		</MATERIAL>
		<MATERIAL name="de_aztec_de_aztec_material_1_mt_con">
			<DIFFUSE>1.00000000 1.00000000 1.00000000</DIFFUSE>
			<AMBIENT>1.00000000 1.00000000 1.00000000</AMBIENT>
			<SPECULAR>1.00000000 1.00000000 1.00000000</SPECULAR>
			<DIFFUSEMAP>de_aztec/de_aztec_material_1.tga</DIFFUSEMAP>
		</MATERIAL>
		<MATERIAL name="de_aztec_de_aztec_material_11_mt_con">
			<DIFFUSE>1.00000000 1.00000000 1.00000000</DIFFUSE>
			<AMBIENT>1.00000000 1.00000000 1.00000000</AMBIENT>
			<SPECULAR>1.00000000 1.00000000 1.00000000</SPECULAR>
			<DIFFUSEMAP>de_aztec/de_aztec_material_11.tga</DIFFUSEMAP>
		</MATERIAL>
		<MATERIAL name="de_aztec_de_aztec_material_2_mt_con">
			<DIFFUSE>1.00000000 1.00000000 1.00000000</DIFFUSE>
			<AMBIENT>1.00000000 1.00000000 1.00000000</AMBIENT>
			<SPECULAR>1.00000000 1.00000000 1.00000000</SPECULAR>
			<DIFFUSEMAP>de_aztec/de_aztec_material_2.tga</DIFFUSEMAP>
		</MATERIAL>
		<MATERIAL name="de_aztec_de_aztec_material_0_mt_con">
			<DIFFUSE>1.00000000 1.00000000 1.00000000</DIFFUSE>
			<AMBIENT>1.00000000 1.00000000 1.00000000</AMBIENT>
			<SPECULAR>1.00000000 1.00000000 1.00000000</SPECULAR>
			<DIFFUSEMAP>de_aztec/de_aztec_material_0.tga</DIFFUSEMAP>
		</MATERIAL>
		<MATERIAL name="de_aztec_de_aztec_material_18_mt_con">
			<DIFFUSE>1.00000000 1.00000000 1.00000000</DIFFUSE>
			<AMBIENT>1.00000000 1.00000000 1.00000000</AMBIENT>
			<SPECULAR>1.00000000 1.00000000 1.00000000</SPECULAR>
			<DIFFUSEMAP>de_aztec/de_aztec_material_18.tga</DIFFUSEMAP>
		</MATERIAL>
		<MATERIAL name="de_aztec_de_aztec_material_15_mt_con">
			<DIFFUSE>1.00000000 1.00000000 1.00000000</DIFFUSE>
			<AMBIENT>1.00000000 1.00000000 1.00000000</AMBIENT>
			<SPECULAR>1.00000000 1.00000000 1.00000000</SPECULAR>
			<DIFFUSEMAP>de_aztec/de_aztec_material_15.tga</DIFFUSEMAP>
		</MATERIAL>
		<MATERIAL name="de_aztec_de_aztec_material_16_mt_con">
			<DIFFUSE>1.00000000 1.00000000 1.00000000</DIFFUSE>
			<AMBIENT>1.00000000 1.00000000 1.00000000</AMBIENT>
			<SPECULAR>1.00000000 1.00000000 1.00000000</SPECULAR>
			<DIFFUSEMAP>de_aztec/de_aztec_material_16.tga</DIFFUSEMAP>
		</MATERIAL>
		<MATERIAL name="de_aztec_de_aztec_material_21_mt_con">
			<DIFFUSE>1.00000000 1.00000000 1.00000000</DIFFUSE>
			<AMBIENT>1.00000000 1.00000000 1.00000000</AMBIENT>
			<SPECULAR>1.00000000 1.00000000 1.00000000</SPECULAR>
			<DIFFUSEMAP>de_aztec/de_aztec_material_21.tga</DIFFUSEMAP>
		</MATERIAL>
		<MATERIAL name="de_aztec_de_aztec_material_5_mt_pnt">
			<DIFFUSE>1.00000000 1.00000000 1.00000000</DIFFUSE>
			<AMBIENT>1.00000000 1.00000000 1.00000000</AMBIENT>
			<SPECULAR>1.00000000 1.00000000 1.00000000</SPECULAR>
			<DIFFUSEMAP>de_aztec/de_aztec_material_5.tga</DIFFUSEMAP>
		</MATERIAL>
		<MATERIAL name="de_aztec_de_aztec_material_19_mt_con">
			<DIFFUSE>1.00000000 1.00000000 1.00000000</DIFFUSE>
			<AMBIENT>1.00000000 1.00000000 1.00000000</AMBIENT>
			<SPECULAR>1.00000000 1.00000000 1.00000000</SPECULAR>
			<DIFFUSEMAP>de_aztec/de_aztec_material_19.tga</DIFFUSEMAP>
		</MATERIAL>
		<MATERIAL name="de_aztec_de_aztec_material_12_mt_wod">
			<DIFFUSE>1.00000000 1.00000000 1.00000000</DIFFUSE>
			<AMBIENT>1.00000000 1.00000000 1.00000000</AMBIENT>
			<SPECULAR>1.00000000 1.00000000 1.00000000</SPECULAR>
			<DIFFUSEMAP>de_aztec/de_aztec_material_12.tga</DIFFUSEMAP>
		</MATERIAL>
		<MATERIAL name="de_aztec_de_aztec_material_29">
			<DIFFUSE>1.00000000 1.00000000 1.00000000</DIFFUSE>
			<AMBIENT>1.00000000 1.00000000 1.00000000</AMBIENT>
			<SPECULAR>1.00000000 1.00000000 1.00000000</SPECULAR>
			<DIFFUSEMAP>de_aztec/de_aztec_material_29.tga</DIFFUSEMAP>
			<TWOSIDED/>
			<USEOPACITY/>
			<USEALPHATEST/>
		</MATERIAL>
		<MATERIAL name="de_aztec_de_aztec_material_14_mt_wod">
			<DIFFUSE>1.00000000 1.00000000 1.00000000</DIFFUSE>
			<AMBIENT>1.00000000 1.00000000 1.00000000</AMBIENT>
			<SPECULAR>1.00000000 1.00000000 1.00000000</SPECULAR>
			<DIFFUSEMAP>de_aztec/de_aztec_material_14.tga</DIFFUSEMAP>
		</MATERIAL>
		<MATERIAL name="de_aztec_de_aztec_material_9_mt_con">
			<DIFFUSE>1.00000000 1.00000000 1.00000000</DIFFUSE>
			<AMBIENT>1.00000000 1.00000000 1.00000000</AMBIENT>
			<SPECULAR>1.00000000 1.00000000 1.00000000</SPECULAR>
			<DIFFUSEMAP>de_aztec/de_aztec_material_9.tga</DIFFUSEMAP>
		</MATERIAL>
		<MATERIAL name="de_aztec_de_aztec_material_10_mt_con">
			<DIFFUSE>1.00000000 1.00000000 1.00000000</DIFFUSE>
			<AMBIENT>1.00000000 1.00000000 1.00000000</AMBIENT>
			<SPECULAR>1.00000000 1.00000000 1.00000000</SPECULAR>
			<DIFFUSEMAP>de_aztec/de_aztec_material_10.tga</DIFFUSEMAP>
		</MATERIAL>
		<MATERIAL name="de_aztec_de_aztec_material_17">
			<DIFFUSE>1.00000000 1.00000000 1.00000000</DIFFUSE>
			<AMBIENT>1.00000000 1.00000000 1.00000000</AMBIENT>
			<SPECULAR>1.00000000 1.00000000 1.00000000</SPECULAR>
			<DIFFUSEMAP>de_aztec/de_aztec_material_17.tga</DIFFUSEMAP>
		</MATERIAL>
		<MATERIAL name="de_aztec_de_aztec_material_25">
			<DIFFUSE>1.00000000 1.00000000 1.00000000</DIFFUSE>
			<AMBIENT>1.00000000 1.00000000 1.00000000</AMBIENT>
			<SPECULAR>1.00000000 1.00000000 1.00000000</SPECULAR>
			<DIFFUSEMAP>de_aztec/de_aztec_material_25.tga</DIFFUSEMAP>
		</MATERIAL>
		<MATERIAL name="de_aztec_de_aztec_material_13_mt_drt">
			<DIFFUSE>1.00000000 1.00000000 1.00000000</DIFFUSE>
			<AMBIENT>1.00000000 1.00000000 1.00000000</AMBIENT>
			<SPECULAR>1.00000000 1.00000000 1.00000000</SPECULAR>
			<DIFFUSEMAP>de_aztec/de_aztec_material_13.tga</DIFFUSEMAP>
		</MATERIAL>
		<MATERIAL name="de_aztec_de_aztec_material_38_mt_wod">
			<DIFFUSE>1.00000000 1.00000000 1.00000000</DIFFUSE>
			<AMBIENT>1.00000000 1.00000000 1.00000000</AMBIENT>
			<SPECULAR>1.00000000 1.00000000 1.00000000</SPECULAR>
			<DIFFUSEMAP>de_aztec/de_aztec_material_38.tga</DIFFUSEMAP>
		</MATERIAL>
		<MATERIAL name="de_aztec_de_aztec_material_37_mt_snw">
			<DIFFUSE>1.00000000 1.00000000 1.00000000</DIFFUSE>
			<AMBIENT>1.00000000 1.00000000 1.00000000</AMBIENT>
			<SPECULAR>1.00000000 1.00000000 1.00000000</SPECULAR>
			<DIFFUSEMAP>de_aztec/de_aztec_material_37.tga</DIFFUSEMAP>
		</MATERIAL>
		<MATERIAL name="de_aztec_de_aztec_material_35_mt_snw">
			<DIFFUSE>1.00000000 1.00000000 1.00000000</DIFFUSE>
			<AMBIENT>1.00000000 1.00000000 1.00000000</AMBIENT>
			<SPECULAR>1.00000000 1.00000000 1.00000000</SPECULAR>
			<DIFFUSEMAP>de_aztec/de_aztec_material_35.tga</DIFFUSEMAP>
		</MATERIAL>
		<MATERIAL name="de_aztec_de_aztec_material_1_nick">
			<DIFFUSE>1.00000000 1.00000000 1.00000000</DIFFUSE>
			<AMBIENT>1.00000000 1.00000000 1.00000000</AMBIENT>
			<SPECULAR>1.00000000 1.00000000 1.00000000</SPECULAR>
			<DIFFUSEMAP>de_aztec/de_aztec_material_1_nick.tga</DIFFUSEMAP>
		</MATERIAL>
		<MATERIAL name="de_aztec_de_aztec_material_1_remake">
			<DIFFUSE>1.00000000 1.00000000 1.00000000</DIFFUSE>
			<AMBIENT>1.00000000 1.00000000 1.00000000</AMBIENT>
			<SPECULAR>1.00000000 1.00000000 1.00000000</SPECULAR>
			<DIFFUSEMAP>de_aztec/de_aztec_material_1_remake.tga</DIFFUSEMAP>
		</MATERIAL>
		<MATERIAL name="de_aztec_de_aztec_material_1_awp">
			<DIFFUSE>1.00000000 1.00000000 1.00000000</DIFFUSE>
			<AMBIENT>1.00000000 1.00000000 1.00000000</AMBIENT>
			<SPECULAR>1.00000000 1.00000000 1.00000000</SPECULAR>
			<DIFFUSEMAP>de_aztec/de_aztec_material_1_awp.tga</DIFFUSEMAP>
		</MATERIAL>
		<MATERIAL name="de_aztec_de_aztec_material_1_aztec">
			<DIFFUSE>1.00000000 1.00000000 1.00000000</DIFFUSE>
			<AMBIENT>1.00000000 1.00000000 1.00000000</AMBIENT>
			<SPECULAR>1.00000000 1.00000000 1.00000000</SPECULAR>
			<DIFFUSEMAP>de_aztec/de_aztec_material_1_aztec.tga</DIFFUSEMAP>
		</MATERIAL>
		<MATERIAL name="common_agua2_mt_wat">
			<DIFFUSE>1.00000000 1.00000000 1.00000000</DIFFUSE>
			<AMBIENT>1.00000000 1.00000000 1.00000000</AMBIENT>
			<SPECULAR>1.00000000 1.00000000 1.00000000</SPECULAR>
			<DIFFUSEMAP>common/agua2.tga</DIFFUSEMAP>
			<ADDITIVE/>
		</MATERIAL>
		<MATERIAL name="common_lightleak_nick">
			<DIFFUSE>1.00000000 1.00000000 1.00000000</DIFFUSE>
			<AMBIENT>1.00000000 1.00000000 1.00000000</AMBIENT>
			<SPECULAR>1.00000000 1.00000000 1.00000000</SPECULAR>
			<DIFFUSEMAP>common/lightleak_nick</DIFFUSEMAP>
			<ADDITIVE/>
		</MATERIAL>
	</MATERIALLIST>
	<DUMMYLIST>
		<DUMMY name="spawn_solo_101">
			<POSITION>-80.00000000 -48.00000000 0.00000000</POSITION>
			<DIRECTION>-1.00000000 0.00000000 0.00000000</DIRECTION>
		</DUMMY>
		<DUMMY name="spawn_solo_102">
			<POSITION>1928.00000000 -416.00000000 -768.00000000</POSITION>
			<DIRECTION>-1.00000000 0.00000000 0.00000000</DIRECTION>
		</DUMMY>
		<DUMMY name="spawn_solo_103">
			<POSITION>5232.00000000 -224.00000000 168.00000000</POSITION>
			<DIRECTION>-1.00000000 0.00000000 0.00000000</DIRECTION>
		</DUMMY>
		<DUMMY name="spawn_solo_104">
			<POSITION>4800.00000000 -5328.00000000 -152.00000000</POSITION>
			<DIRECTION>-1.00000000 0.00000000 0.00000000</DIRECTION>
		</DUMMY>
		<DUMMY name="spawn_team1_101">
			<POSITION>3448.00000000 -7464.00000000 -208.00000000</POSITION>
			<DIRECTION>-0.04394719 -0.99903386 0.00000000</DIRECTION>
		</DUMMY>
		<DUMMY name="spawn_team1_102">
			<POSITION>3304.00000000 -7464.00000000 -208.00000000</POSITION>
			<DIRECTION>-0.04394719 -0.99903386 0.00000000</DIRECTION>
		</DUMMY>
		<DUMMY name="spawn_team1_103">
			<POSITION>3128.00000000 -7464.00000000 -208.00000000</POSITION>
			<DIRECTION>-0.04394719 -0.99903386 0.00000000</DIRECTION>
		</DUMMY>
		<DUMMY name="spawn_team1_104">
			<POSITION>2976.00000000 -7464.00000000 -208.00000000</POSITION>
			<DIRECTION>-0.04394719 -0.99903386 0.00000000</DIRECTION>
		</DUMMY>
		<DUMMY name="spawn_team1_105">
			<POSITION>2832.00000000 -7464.00000000 -208.00000000</POSITION>
			<DIRECTION>-0.04394719 -0.99903386 0.00000000</DIRECTION>
		</DUMMY>
		<DUMMY name="spawn_solo_105">
			<POSITION>5240.00000000 4656.00000000 -416.00000000</POSITION>
			<DIRECTION>-1.00000000 0.00000000 0.00000000</DIRECTION>
		</DUMMY>
		<DUMMY name="spawn_solo_106">
			<POSITION>2824.00000000 5664.00000000 -272.00000000</POSITION>
			<DIRECTION>-1.00000000 0.00000000 0.00000000</DIRECTION>
		</DUMMY>
		<DUMMY name="spawn_team2_101">
			<POSITION>3344.00000000 6136.00000000 -128.00000000</POSITION>
			<DIRECTION>-1.00000000 0.00000000 0.00000000</DIRECTION>
		</DUMMY>
		<DUMMY name="spawn_team2_102">
			<POSITION>3144.00000000 6192.00000000 -128.00000000</POSITION>
			<DIRECTION>-1.00000000 0.00000000 0.00000000</DIRECTION>
		</DUMMY>
		<DUMMY name="spawn_team2_103">
			<POSITION>3504.00000000 6192.00000000 -128.00000000</POSITION>
			<DIRECTION>-1.00000000 0.00000000 0.00000000</DIRECTION>
		</DUMMY>
		<DUMMY name="spawn_team2_104">
			<POSITION>3584.00000000 6032.00000000 -128.00000000</POSITION>
			<DIRECTION>-1.00000000 0.00000000 0.00000000</DIRECTION>
		</DUMMY>
		<DUMMY name="spawn_team2_105">
			<POSITION>3136.00000000 6032.00000000 -128.00000000</POSITION>
			<DIRECTION>-1.00000000 0.00000000 0.00000000</DIRECTION>
		</DUMMY>
	</DUMMYLIST>
	<FOG min="0" max="32500">
		<R>181</R>
		<G>222</G>
		<B>255</B>
	</FOG>
	<OBJECTLIST>
		<OBJECT name="de_aztec_obj_water_01.elu">
		</OBJECT>
		<OBJECT name="Nick_Skybox_1.elu">
		</OBJECT>
	</OBJECTLIST>
</XML>