<?xml version="1.0" encoding="UTF-8"?>
<XML>
	<GAMETYPE id="solo">
<SPAWN item="redflag" timesec="5000">
<POSITION>-2206.77 -3934.36 1160</POSITION>
</SPAWN>
<SPAWN item="blueflag" timesec="5000">
<POSITION>5815.9 -4323 1161</POSITION>
</SPAWN>
		<SPAWN item="bullet02" timesec="45000">
			<POSITION>1981.5 -5108.4 1160</POSITION>
		</SPAWN>
		<SPAWN item="hp02" timesec="30000">
			<POSITION>1932.57 -4154.4 208.8</POSITION>
		</SPAWN>
</GAMETYPE><GAMETYPE id="team">
<SPAWN item="redflag" timesec="5000">
<POSITION>-2206.77 -3934.36 1160</POSITION>
</SPAWN>
<SPAWN item="blueflag" timesec="5000">
<POSITION>5815.9 -4323 1161</POSITION>
</SPAWN>
		<SPAWN item="bullet02" timesec="40000">
			<POSITION>1981.5 -5108.4 1160</POSITION>
		</SPAWN>
		<SPAWN item="ap03" timesec="30000">
			<POSITION>1932.57 -4154.4 208.8</POSITION>
		</SPAWN>
</GAMETYPE>
</XML>