<?xml version="1.0" encoding="UTF-8"?>
<XML>
	<MATERIALLIST>
		<MATERIAL name="Misc_pool">
			<DIFFUSE>1.00000000 1.00000000 1.00000000</DIFFUSE>
			<AMBIENT>1.00000000 1.00000000 1.00000000</AMBIENT>
			<SPECULAR>1.00000000 1.00000000 1.00000000</SPECULAR>
			<DIFFUSEMAP>Misc/pool.tga</DIFFUSEMAP>
		</MATERIAL>
		<MATERIAL name="Sky_stone1">
			<DIFFUSE>1.00000000 1.00000000 1.00000000</DIFFUSE>
			<AMBIENT>1.00000000 1.00000000 1.00000000</AMBIENT>
			<SPECULAR>1.00000000 1.00000000 1.00000000</SPECULAR>
			<DIFFUSEMAP>Sky/stone1.tga</DIFFUSEMAP>
		</MATERIAL>
		<MATERIAL name="Walls_Wood_African-Ebony">
			<DIFFUSE>1.00000000 1.00000000 1.00000000</DIFFUSE>
			<AMBIENT>1.00000000 1.00000000 1.00000000</AMBIENT>
			<SPECULAR>1.00000000 1.00000000 1.00000000</SPECULAR>
			<DIFFUSEMAP>Walls/Wood_African-Ebony.tga</DIFFUSEMAP>
		</MATERIAL>
		<MATERIAL name="Sky_wood5">
			<DIFFUSE>1.00000000 1.00000000 1.00000000</DIFFUSE>
			<AMBIENT>1.00000000 1.00000000 1.00000000</AMBIENT>
			<SPECULAR>1.00000000 1.00000000 1.00000000</SPECULAR>
			<DIFFUSEMAP>Sky/wood5.tga</DIFFUSEMAP>
		</MATERIAL>
		<MATERIAL name="Walls_Wood_Oldwood">
			<DIFFUSE>1.00000000 1.00000000 1.00000000</DIFFUSE>
			<AMBIENT>1.00000000 1.00000000 1.00000000</AMBIENT>
			<SPECULAR>1.00000000 1.00000000 1.00000000</SPECULAR>
			<DIFFUSEMAP>Walls/Wood_Oldwood.tga</DIFFUSEMAP>
		</MATERIAL>
		<MATERIAL name="Walls_Wood_Dark-Mahony">
			<DIFFUSE>1.00000000 1.00000000 1.00000000</DIFFUSE>
			<AMBIENT>1.00000000 1.00000000 1.00000000</AMBIENT>
			<SPECULAR>1.00000000 1.00000000 1.00000000</SPECULAR>
			<DIFFUSEMAP>Walls/Wood_Dark-Mahony.tga</DIFFUSEMAP>
		</MATERIAL>
		<MATERIAL name="Misc_Zwall">
			<DIFFUSE>1.00000000 1.00000000 1.00000000</DIFFUSE>
			<AMBIENT>1.00000000 1.00000000 1.00000000</AMBIENT>
			<SPECULAR>1.00000000 1.00000000 1.00000000</SPECULAR>
			<DIFFUSEMAP>Misc/Zwall.tga</DIFFUSEMAP>
		</MATERIAL>
		<MATERIAL name="Walls_Wall015">
			<DIFFUSE>1.00000000 1.00000000 1.00000000</DIFFUSE>
			<AMBIENT>1.00000000 1.00000000 1.00000000</AMBIENT>
			<SPECULAR>1.00000000 1.00000000 1.00000000</SPECULAR>
			<DIFFUSEMAP>Walls/Wall015.tga</DIFFUSEMAP>
		</MATERIAL>
		<MATERIAL name="Floors_Floor043">
			<DIFFUSE>1.00000000 1.00000000 1.00000000</DIFFUSE>
			<AMBIENT>1.00000000 1.00000000 1.00000000</AMBIENT>
			<SPECULAR>1.00000000 1.00000000 1.00000000</SPECULAR>
			<DIFFUSEMAP>Floors/Floor043.tga</DIFFUSEMAP>
		</MATERIAL>
		<MATERIAL name="common_texture">
			<DIFFUSE>1.00000000 1.00000000 1.00000000</DIFFUSE>
			<AMBIENT>1.00000000 1.00000000 1.00000000</AMBIENT>
			<SPECULAR>1.00000000 1.00000000 1.00000000</SPECULAR>
			<DIFFUSEMAP>common/texture.tga</DIFFUSEMAP>
		</MATERIAL>
		<MATERIAL name="Sky_Cloud">
			<DIFFUSE>1.00000000 1.00000000 1.00000000</DIFFUSE>
			<AMBIENT>1.00000000 1.00000000 1.00000000</AMBIENT>
			<SPECULAR>1.00000000 1.00000000 1.00000000</SPECULAR>
			<DIFFUSEMAP>Sky/Cloud.tga</DIFFUSEMAP>
		</MATERIAL>
		<MATERIAL name="common_additivematerial">
			<DIFFUSE>1.00000000 1.00000000 1.00000000</DIFFUSE>
			<AMBIENT>1.00000000 1.00000000 1.00000000</AMBIENT>
			<SPECULAR>1.00000000 1.00000000 1.00000000</SPECULAR>
			<DIFFUSEMAP>common/texture.tga</DIFFUSEMAP>
			<ADDITIVE/>
		</MATERIAL>
		<MATERIAL name="Misc_Black">
			<DIFFUSE>1.00000000 1.00000000 1.00000000</DIFFUSE>
			<AMBIENT>1.00000000 1.00000000 1.00000000</AMBIENT>
			<SPECULAR>1.00000000 1.00000000 1.00000000</SPECULAR>
			<DIFFUSEMAP>Misc/Black.tga</DIFFUSEMAP>
		</MATERIAL>
		<MATERIAL name="Sky_wood4">
			<DIFFUSE>1.00000000 1.00000000 1.00000000</DIFFUSE>
			<AMBIENT>1.00000000 1.00000000 1.00000000</AMBIENT>
			<SPECULAR>1.00000000 1.00000000 1.00000000</SPECULAR>
			<DIFFUSEMAP>Sky/wood4.tga</DIFFUSEMAP>
		</MATERIAL>
		<MATERIAL name="Saloon_gold-texture">
			<DIFFUSE>1.00000000 1.00000000 1.00000000</DIFFUSE>
			<AMBIENT>1.00000000 1.00000000 1.00000000</AMBIENT>
			<SPECULAR>1.00000000 1.00000000 1.00000000</SPECULAR>
			<DIFFUSEMAP>Saloon/gold-texture.tga</DIFFUSEMAP>
		</MATERIAL>
		<MATERIAL name="common_noplayer">
			<DIFFUSE>1.00000000 1.00000000 1.00000000</DIFFUSE>
			<AMBIENT>1.00000000 1.00000000 1.00000000</AMBIENT>
			<SPECULAR>1.00000000 1.00000000 1.00000000</SPECULAR>
			<DIFFUSEMAP>common/noplayer.tga</DIFFUSEMAP>
		</MATERIAL>
		<MATERIAL name="Misc_ZMadeBy">
			<DIFFUSE>1.00000000 1.00000000 1.00000000</DIFFUSE>
			<AMBIENT>1.00000000 1.00000000 1.00000000</AMBIENT>
			<SPECULAR>1.00000000 1.00000000 1.00000000</SPECULAR>
			<DIFFUSEMAP>Misc/ZMadeBy.tga</DIFFUSEMAP>
		</MATERIAL>
		<MATERIAL name="Walls_Wall046">
			<DIFFUSE>1.00000000 1.00000000 1.00000000</DIFFUSE>
			<AMBIENT>1.00000000 1.00000000 1.00000000</AMBIENT>
			<SPECULAR>1.00000000 1.00000000 1.00000000</SPECULAR>
			<DIFFUSEMAP>Walls/Wall046.tga</DIFFUSEMAP>
		</MATERIAL>
		<MATERIAL name="Misc_wood1">
			<DIFFUSE>1.00000000 1.00000000 1.00000000</DIFFUSE>
			<AMBIENT>1.00000000 1.00000000 1.00000000</AMBIENT>
			<SPECULAR>1.00000000 1.00000000 1.00000000</SPECULAR>
			<DIFFUSEMAP>Misc/wood1.tga</DIFFUSEMAP>
		</MATERIAL>
		<MATERIAL name="Walls_Wall010">
			<DIFFUSE>1.00000000 1.00000000 1.00000000</DIFFUSE>
			<AMBIENT>1.00000000 1.00000000 1.00000000</AMBIENT>
			<SPECULAR>1.00000000 1.00000000 1.00000000</SPECULAR>
			<DIFFUSEMAP>Walls/Wall010.tga</DIFFUSEMAP>
		</MATERIAL>
		<MATERIAL name="Walls_Wall006">
			<DIFFUSE>1.00000000 1.00000000 1.00000000</DIFFUSE>
			<AMBIENT>1.00000000 1.00000000 1.00000000</AMBIENT>
			<SPECULAR>1.00000000 1.00000000 1.00000000</SPECULAR>
			<DIFFUSEMAP>Walls/Wall006.tga</DIFFUSEMAP>
		</MATERIAL>
		<MATERIAL name="Floors_Floor012">
			<DIFFUSE>1.00000000 1.00000000 1.00000000</DIFFUSE>
			<AMBIENT>1.00000000 1.00000000 1.00000000</AMBIENT>
			<SPECULAR>1.00000000 1.00000000 1.00000000</SPECULAR>
			<DIFFUSEMAP>Floors/Floor012.tga</DIFFUSEMAP>
		</MATERIAL>
		<MATERIAL name="Misc_DRLOGO1">
			<DIFFUSE>1.00000000 1.00000000 1.00000000</DIFFUSE>
			<AMBIENT>1.00000000 1.00000000 1.00000000</AMBIENT>
			<SPECULAR>1.00000000 1.00000000 1.00000000</SPECULAR>
			<DIFFUSEMAP>Misc/DRLOGO1.tga</DIFFUSEMAP>
		</MATERIAL>
		<MATERIAL name="Misc_Pure1">
			<DIFFUSE>1.00000000 1.00000000 1.00000000</DIFFUSE>
			<AMBIENT>1.00000000 1.00000000 1.00000000</AMBIENT>
			<SPECULAR>1.00000000 1.00000000 1.00000000</SPECULAR>
			<DIFFUSEMAP>Misc/Pure1.tga</DIFFUSEMAP>
		</MATERIAL>
		<MATERIAL name="Floors_Floor005">
			<DIFFUSE>1.00000000 1.00000000 1.00000000</DIFFUSE>
			<AMBIENT>1.00000000 1.00000000 1.00000000</AMBIENT>
			<SPECULAR>1.00000000 1.00000000 1.00000000</SPECULAR>
			<DIFFUSEMAP>Floors/Floor005.tga</DIFFUSEMAP>
		</MATERIAL>
	</MATERIALLIST>
<OBJECTLIST>
		<OBJECT name="WaterHole_obj_sea_01.elu">
		</OBJECT>
		<OBJECT name="WaterHole_obj_sea_01.elu">
		</OBJECT>	
		<OBJECT name="WaterHole_sea_bubble 01.elu">
		</OBJECT>
		<OBJECT name="WaterHole_sea_bubble 02.elu">
		</OBJECT>
		<OBJECT name="WaterHole_obj_ef_coco_tree_b.elu">
		</OBJECT>
		<OBJECT name="WaterHole_obj_sea_01.elu">
		</OBJECT>
		<OBJECT name="WaterHole_obj_seacolor 01.elu">
		</OBJECT>
		<OBJECT name="WaterHole_obj_seacolor 02.elu">
		</OBJECT>
		<OBJECT name="WaterHole_obj_seacolor 03.elu">
		</OBJECT>
		<OBJECT name="WaterHole_obj_seacolor 04.elu">
		</OBJECT>
		<OBJECT name="Battle Arena_obj_sky_daylight.elu">
		</OBJECT>		
	</OBJECTLIST>
	<LIGHTLIST>
		<LIGHT name="main_Omni_a 01">
			<POSITION>-6000.0000000 6000.0000000 5600.0000000</POSITION>
			<COLOR>1.0000000 1.0000000 1.0000000</COLOR>
			<INTENSITY>0.1500000</INTENSITY>
			<ATTENUATIONSTART>14000.0000000</ATTENUATIONSTART>
			<ATTENUATIONEND>20000.0000000</ATTENUATIONEND>
		</LIGHT>
		<LIGHT name="main_Omni_a 02">
			<POSITION>6000.0000000 6000.0000000 5600.0000000</POSITION>
			<COLOR>1.0000000 1.0000000 1.0000000</COLOR>
			<INTENSITY>0.1500000</INTENSITY>
			<ATTENUATIONSTART>14000.0000000</ATTENUATIONSTART>
			<ATTENUATIONEND>20000.0000000</ATTENUATIONEND>
		</LIGHT>
		<LIGHT name="main_Omni_a 04">
			<POSITION>6000.0000000 -6000.0000000 5600.0000000</POSITION>
			<COLOR>1.0000000 1.0000000 1.0000000</COLOR>
			<INTENSITY>0.1500000</INTENSITY>
			<ATTENUATIONSTART>14000.0000000</ATTENUATIONSTART>
			<ATTENUATIONEND>20000.0000000</ATTENUATIONEND>
		</LIGHT>
		<LIGHT name="main_Omni_a 03">
			<POSITION>-6000.0000000 -6000.0000000 5600.0000000</POSITION>
			<COLOR>1.0000000 1.0000000 1.0000000</COLOR>
			<INTENSITY>0.1500000</INTENSITY>
			<ATTENUATIONSTART>14000.0000000</ATTENUATIONSTART>
			<ATTENUATIONEND>20000.0000000</ATTENUATIONEND>
		</LIGHT>
		<LIGHT name="main_Omni_b 01">
			<POSITION>-6000.0000000 -6000.0000000 -4470.4589844</POSITION>
			<COLOR>1.0000000 1.0000000 1.0000000</COLOR>
			<INTENSITY>0.1000000</INTENSITY>
			<ATTENUATIONSTART>14000.0000000</ATTENUATIONSTART>
			<ATTENUATIONEND>20000.0000000</ATTENUATIONEND>
		</LIGHT>
		<LIGHT name="main_Omni_b 02">
			<POSITION>-6000.0000000 6000.0000000 -4470.4589844</POSITION>
			<COLOR>1.0000000 1.0000000 1.0000000</COLOR>
			<INTENSITY>0.1000000</INTENSITY>
			<ATTENUATIONSTART>14000.0000000</ATTENUATIONSTART>
			<ATTENUATIONEND>20000.0000000</ATTENUATIONEND>
		</LIGHT>
		<LIGHT name="main_Omni_b 03">
			<POSITION>6000.0000000 6000.0000000 -4470.4589844</POSITION>
			<COLOR>1.0000000 1.0000000 1.0000000</COLOR>
			<INTENSITY>0.1000000</INTENSITY>
			<ATTENUATIONSTART>14000.0000000</ATTENUATIONSTART>
			<ATTENUATIONEND>20000.0000000</ATTENUATIONEND>
		</LIGHT>
		<LIGHT name="main_Omni_b 04">
			<POSITION>6000.0000000 -6000.0000000 -4470.4589844</POSITION>
			<COLOR>1.0000000 1.0000000 1.0000000</COLOR>
			<INTENSITY>0.1000000</INTENSITY>
			<ATTENUATIONSTART>14000.0000000</ATTENUATIONSTART>
			<ATTENUATIONEND>20000.0000000</ATTENUATIONEND>
		</LIGHT>
		<LIGHT name="sun_Omni">
			<POSITION>4040.3476563 5138.2128906 14104.7919922</POSITION>
			<COLOR>1.0000000 1.0000000 1.0000000</COLOR>
			<INTENSITY>1.2000000</INTENSITY>
			<ATTENUATIONSTART>20000.0000000</ATTENUATIONSTART>
			<ATTENUATIONEND>20000.0000000</ATTENUATIONEND>
			<CASTSHADOW/>
		</LIGHT>
		<LIGHT name="Omni_a 01">
			<POSITION>-3678.0502930 501.2362061 -250.4876099</POSITION>
			<COLOR>1.0000000 0.5725490 0.3372549</COLOR>
			<INTENSITY>1.0000000</INTENSITY>
			<ATTENUATIONSTART>300.0000000</ATTENUATIONSTART>
			<ATTENUATIONEND>800.0000000</ATTENUATIONEND>
			<CASTSHADOW/>
		</LIGHT>
		<LIGHT name="Omni_a 02">
			<POSITION>-4381.7890625 481.0579529 -565.1034546</POSITION>
			<COLOR>1.0000000 0.5725490 0.3372549</COLOR>
			<INTENSITY>1.0000000</INTENSITY>
			<ATTENUATIONSTART>300.0000000</ATTENUATIONSTART>
			<ATTENUATIONEND>800.0000000</ATTENUATIONEND>
			<CASTSHADOW/>
		</LIGHT>
		<LIGHT name="Omni_a 03">
			<POSITION>-5142.0800781 -1.9252942 -712.4284668</POSITION>
			<COLOR>1.0000000 0.5725490 0.3372549</COLOR>
			<INTENSITY>1.0000000</INTENSITY>
			<ATTENUATIONSTART>300.0000000</ATTENUATIONSTART>
			<ATTENUATIONEND>800.0000000</ATTENUATIONEND>
			<CASTSHADOW/>
		</LIGHT>
		<LIGHT name="Omni_a 04">
			<POSITION>-4956.9765625 1509.7456055 -712.4284668</POSITION>
			<COLOR>1.0000000 0.5725490 0.3372549</COLOR>
			<INTENSITY>1.0000000</INTENSITY>
			<ATTENUATIONSTART>300.0000000</ATTENUATIONSTART>
			<ATTENUATIONEND>800.0000000</ATTENUATIONEND>
			<CASTSHADOW/>
		</LIGHT>
		<LIGHT name="Omni_a 05">
			<POSITION>-4960.5566406 2557.1376953 -712.4284668</POSITION>
			<COLOR>1.0000000 0.5725490 0.3372549</COLOR>
			<INTENSITY>1.0000000</INTENSITY>
			<ATTENUATIONSTART>300.0000000</ATTENUATIONSTART>
			<ATTENUATIONEND>800.0000000</ATTENUATIONEND>
			<CASTSHADOW/>
		</LIGHT>
		<LIGHT name="Omni_a 06">
			<POSITION>-2752.0541992 2248.1389160 -712.4284668</POSITION>
			<COLOR>1.0000000 0.5725490 0.3372549</COLOR>
			<INTENSITY>1.0000000</INTENSITY>
			<ATTENUATIONSTART>300.0000000</ATTENUATIONSTART>
			<ATTENUATIONEND>800.0000000</ATTENUATIONEND>
			<CASTSHADOW/>
		</LIGHT>
		<LIGHT name="Omni_a 07">
			<POSITION>-2752.0541992 3975.4975586 -712.4284668</POSITION>
			<COLOR>1.0000000 0.5725490 0.3372549</COLOR>
			<INTENSITY>1.0000000</INTENSITY>
			<ATTENUATIONSTART>300.0000000</ATTENUATIONSTART>
			<ATTENUATIONEND>800.0000000</ATTENUATIONEND>
			<CASTSHADOW/>
		</LIGHT>
		<LIGHT name="Omni_a 08">
			<POSITION>-606.5114136 3819.6911621 -528.2630005</POSITION>
			<COLOR>1.0000000 0.5725490 0.3372549</COLOR>
			<INTENSITY>1.0000000</INTENSITY>
			<ATTENUATIONSTART>300.0000000</ATTENUATIONSTART>
			<ATTENUATIONEND>800.0000000</ATTENUATIONEND>
			<CASTSHADOW/>
		</LIGHT>
		<LIGHT name="Omni_a 09">
			<POSITION>-1811.3671875 2310.4541016 -716.1162720</POSITION>
			<COLOR>1.0000000 0.5725490 0.3372549</COLOR>
			<INTENSITY>1.0000000</INTENSITY>
			<ATTENUATIONSTART>300.0000000</ATTENUATIONSTART>
			<ATTENUATIONEND>800.0000000</ATTENUATIONEND>
			<CASTSHADOW/>
		</LIGHT>
		<LIGHT name="Omni_a 10">
			<POSITION>4960.5566406 2557.1376953 -712.4284668</POSITION>
			<COLOR>1.0000000 0.5725490 0.3372549</COLOR>
			<INTENSITY>1.0000000</INTENSITY>
			<ATTENUATIONSTART>300.0000000</ATTENUATIONSTART>
			<ATTENUATIONEND>800.0000000</ATTENUATIONEND>
			<CASTSHADOW/>
		</LIGHT>
		<LIGHT name="Omni_a 11">
			<POSITION>4381.7890625 481.0579529 -565.1034546</POSITION>
			<COLOR>1.0000000 0.5725490 0.3372549</COLOR>
			<INTENSITY>1.0000000</INTENSITY>
			<ATTENUATIONSTART>300.0000000</ATTENUATIONSTART>
			<ATTENUATIONEND>800.0000000</ATTENUATIONEND>
			<CASTSHADOW/>
		</LIGHT>
		<LIGHT name="Omni_a 12">
			<POSITION>4959.3271484 1509.7456055 -712.4284668</POSITION>
			<COLOR>1.0000000 0.5725490 0.3372549</COLOR>
			<INTENSITY>1.0000000</INTENSITY>
			<ATTENUATIONSTART>300.0000000</ATTENUATIONSTART>
			<ATTENUATIONEND>800.0000000</ATTENUATIONEND>
			<CASTSHADOW/>
		</LIGHT>
		<LIGHT name="Omni_a 13">
			<POSITION>3678.0502930 501.2362061 -250.4876099</POSITION>
			<COLOR>1.0000000 0.5725490 0.3372549</COLOR>
			<INTENSITY>1.0000000</INTENSITY>
			<ATTENUATIONSTART>300.0000000</ATTENUATIONSTART>
			<ATTENUATIONEND>800.0000000</ATTENUATIONEND>
			<CASTSHADOW/>
		</LIGHT>
		<LIGHT name="Omni_a 14">
			<POSITION>2752.0541992 2248.1389160 -712.4284668</POSITION>
			<COLOR>1.0000000 0.5725490 0.3372549</COLOR>
			<INTENSITY>1.0000000</INTENSITY>
			<ATTENUATIONSTART>300.0000000</ATTENUATIONSTART>
			<ATTENUATIONEND>800.0000000</ATTENUATIONEND>
			<CASTSHADOW/>
		</LIGHT>
		<LIGHT name="Omni_a 15">
			<POSITION>606.5114136 3819.6911621 -528.2630005</POSITION>
			<COLOR>1.0000000 0.5725490 0.3372549</COLOR>
			<INTENSITY>1.0000000</INTENSITY>
			<ATTENUATIONSTART>300.0000000</ATTENUATIONSTART>
			<ATTENUATIONEND>800.0000000</ATTENUATIONEND>
			<CASTSHADOW/>
		</LIGHT>
		<LIGHT name="Omni_a 16">
			<POSITION>2752.0541992 3975.4975586 -712.4284668</POSITION>
			<COLOR>1.0000000 0.5725490 0.3372549</COLOR>
			<INTENSITY>1.0000000</INTENSITY>
			<ATTENUATIONSTART>300.0000000</ATTENUATIONSTART>
			<ATTENUATIONEND>800.0000000</ATTENUATIONEND>
			<CASTSHADOW/>
		</LIGHT>
		<LIGHT name="Omni_a 17">
			<POSITION>5142.0800781 -1.9252942 -712.4284668</POSITION>
			<COLOR>1.0000000 0.5725490 0.3372549</COLOR>
			<INTENSITY>1.0000000</INTENSITY>
			<ATTENUATIONSTART>300.0000000</ATTENUATIONSTART>
			<ATTENUATIONEND>800.0000000</ATTENUATIONEND>
			<CASTSHADOW/>
		</LIGHT>
		<LIGHT name="Omni_a 18">
			<POSITION>4960.5566406 -2557.1376953 -712.4284668</POSITION>
			<COLOR>1.0000000 0.5725490 0.3372549</COLOR>
			<INTENSITY>1.0000000</INTENSITY>
			<ATTENUATIONSTART>300.0000000</ATTENUATIONSTART>
			<ATTENUATIONEND>800.0000000</ATTENUATIONEND>
			<CASTSHADOW/>
		</LIGHT>
		<LIGHT name="Omni_a 19">
			<POSITION>4381.7890625 -481.0579529 -565.1034546</POSITION>
			<COLOR>1.0000000 0.5725490 0.3372549</COLOR>
			<INTENSITY>1.0000000</INTENSITY>
			<ATTENUATIONSTART>300.0000000</ATTENUATIONSTART>
			<ATTENUATIONEND>800.0000000</ATTENUATIONEND>
			<CASTSHADOW/>
		</LIGHT>
		<LIGHT name="Omni_a 20">
			<POSITION>4959.3271484 -1509.7456055 -712.4284668</POSITION>
			<COLOR>1.0000000 0.5725490 0.3372549</COLOR>
			<INTENSITY>1.0000000</INTENSITY>
			<ATTENUATIONSTART>300.0000000</ATTENUATIONSTART>
			<ATTENUATIONEND>800.0000000</ATTENUATIONEND>
			<CASTSHADOW/>
		</LIGHT>
		<LIGHT name="Omni_a 21">
			<POSITION>3678.0502930 -501.2362061 -250.4876099</POSITION>
			<COLOR>1.0000000 0.5725490 0.3372549</COLOR>
			<INTENSITY>1.0000000</INTENSITY>
			<ATTENUATIONSTART>300.0000000</ATTENUATIONSTART>
			<ATTENUATIONEND>800.0000000</ATTENUATIONEND>
			<CASTSHADOW/>
		</LIGHT>
		<LIGHT name="Omni_a 22">
			<POSITION>2752.0541992 -2248.1389160 -712.4284668</POSITION>
			<COLOR>1.0000000 0.5725490 0.3372549</COLOR>
			<INTENSITY>1.0000000</INTENSITY>
			<ATTENUATIONSTART>300.0000000</ATTENUATIONSTART>
			<ATTENUATIONEND>800.0000000</ATTENUATIONEND>
			<CASTSHADOW/>
		</LIGHT>
		<LIGHT name="Omni_a 23">
			<POSITION>606.5114136 -3809.9379883 -528.2630005</POSITION>
			<COLOR>1.0000000 0.5725490 0.3372549</COLOR>
			<INTENSITY>1.0000000</INTENSITY>
			<ATTENUATIONSTART>300.0000000</ATTENUATIONSTART>
			<ATTENUATIONEND>800.0000000</ATTENUATIONEND>
			<CASTSHADOW/>
		</LIGHT>
		<LIGHT name="Omni_a 24">
			<POSITION>2752.0541992 -3975.4975586 -712.4284668</POSITION>
			<COLOR>1.0000000 0.5725490 0.3372549</COLOR>
			<INTENSITY>1.0000000</INTENSITY>
			<ATTENUATIONSTART>300.0000000</ATTENUATIONSTART>
			<ATTENUATIONEND>800.0000000</ATTENUATIONEND>
			<CASTSHADOW/>
		</LIGHT>
		<LIGHT name="Omni_a 25">
			<POSITION>-606.5114136 -3809.9379883 -528.2630005</POSITION>
			<COLOR>1.0000000 0.5725490 0.3372549</COLOR>
			<INTENSITY>1.0000000</INTENSITY>
			<ATTENUATIONSTART>300.0000000</ATTENUATIONSTART>
			<ATTENUATIONEND>800.0000000</ATTENUATIONEND>
			<CASTSHADOW/>
		</LIGHT>
		<LIGHT name="Omni_a 26">
			<POSITION>-2752.0541992 -3975.4975586 -712.4284668</POSITION>
			<COLOR>1.0000000 0.5725490 0.3372549</COLOR>
			<INTENSITY>1.0000000</INTENSITY>
			<ATTENUATIONSTART>300.0000000</ATTENUATIONSTART>
			<ATTENUATIONEND>800.0000000</ATTENUATIONEND>
			<CASTSHADOW/>
		</LIGHT>
		<LIGHT name="Omni_a 27">
			<POSITION>-4381.7890625 -481.0579529 -565.1034546</POSITION>
			<COLOR>1.0000000 0.5725490 0.3372549</COLOR>
			<INTENSITY>1.0000000</INTENSITY>
			<ATTENUATIONSTART>300.0000000</ATTENUATIONSTART>
			<ATTENUATIONEND>800.0000000</ATTENUATIONEND>
			<CASTSHADOW/>
		</LIGHT>
		<LIGHT name="Omni_a 28">
			<POSITION>-4956.9765625 -1509.7456055 -712.4284668</POSITION>
			<COLOR>1.0000000 0.5725490 0.3372549</COLOR>
			<INTENSITY>1.0000000</INTENSITY>
			<ATTENUATIONSTART>300.0000000</ATTENUATIONSTART>
			<ATTENUATIONEND>800.0000000</ATTENUATIONEND>
			<CASTSHADOW/>
		</LIGHT>
		<LIGHT name="Omni_a 29">
			<POSITION>-3678.0502930 -501.2362061 -250.4876099</POSITION>
			<COLOR>1.0000000 0.5725490 0.3372549</COLOR>
			<INTENSITY>1.0000000</INTENSITY>
			<ATTENUATIONSTART>300.0000000</ATTENUATIONSTART>
			<ATTENUATIONEND>800.0000000</ATTENUATIONEND>
			<CASTSHADOW/>
		</LIGHT>
		<LIGHT name="Omni_a 30">
			<POSITION>-2752.0541992 -2248.1389160 -712.4284668</POSITION>
			<COLOR>1.0000000 0.5725490 0.3372549</COLOR>
			<INTENSITY>1.0000000</INTENSITY>
			<ATTENUATIONSTART>300.0000000</ATTENUATIONSTART>
			<ATTENUATIONEND>800.0000000</ATTENUATIONEND>
			<CASTSHADOW/>
		</LIGHT>
		<LIGHT name="Omni_a 31">
			<POSITION>-4960.5566406 -2557.1376953 -712.4284668</POSITION>
			<COLOR>1.0000000 0.5725490 0.3372549</COLOR>
			<INTENSITY>1.0000000</INTENSITY>
			<ATTENUATIONSTART>300.0000000</ATTENUATIONSTART>
			<ATTENUATIONEND>800.0000000</ATTENUATIONEND>
			<CASTSHADOW/>
		</LIGHT>
		<LIGHT name="Omni_b 01">
			<POSITION>-1339.2651367 3164.4030762 -272.2699890</POSITION>
			<COLOR>1.0000000 0.5725490 0.3372549</COLOR>
			<INTENSITY>1.0000000</INTENSITY>
			<ATTENUATIONSTART>200.0000000</ATTENUATIONSTART>
			<ATTENUATIONEND>600.0000000</ATTENUATIONEND>
			<CASTSHADOW/>
		</LIGHT>
		<LIGHT name="Omni_b 02">
			<POSITION>1339.2651367 3164.4030762 -272.2699890</POSITION>
			<COLOR>1.0000000 0.5725490 0.3372549</COLOR>
			<INTENSITY>1.0000000</INTENSITY>
			<ATTENUATIONSTART>200.0000000</ATTENUATIONSTART>
			<ATTENUATIONEND>600.0000000</ATTENUATIONEND>
			<CASTSHADOW/>
		</LIGHT>
		<LIGHT name="Omni_b 03">
			<POSITION>1339.2651367 -3164.4030762 -272.2699890</POSITION>
			<COLOR>1.0000000 0.5725490 0.3372549</COLOR>
			<INTENSITY>1.0000000</INTENSITY>
			<ATTENUATIONSTART>200.0000000</ATTENUATIONSTART>
			<ATTENUATIONEND>600.0000000</ATTENUATIONEND>
			<CASTSHADOW/>
		</LIGHT>
		<LIGHT name="Omni_b 04">
			<POSITION>-1339.2651367 -3164.4030762 -272.2699890</POSITION>
			<COLOR>1.0000000 0.5725490 0.3372549</COLOR>
			<INTENSITY>1.0000000</INTENSITY>
			<ATTENUATIONSTART>200.0000000</ATTENUATIONSTART>
			<ATTENUATIONEND>600.0000000</ATTENUATIONEND>
			<CASTSHADOW/>
		</LIGHT>
		<LIGHT name="obj_Omni_a 32">
			<POSITION>-3678.0502930 501.2362061 -260.4876099</POSITION>
			<COLOR>1.0000000 0.5725490 0.3372549</COLOR>
			<INTENSITY>1.0000000</INTENSITY>
			<ATTENUATIONSTART>300.0000000</ATTENUATIONSTART>
			<ATTENUATIONEND>800.0000000</ATTENUATIONEND>
			<CASTSHADOW/>
		</LIGHT>
		<LIGHT name="obj_Omni_a 33">
			<POSITION>-4381.7890625 481.0579529 -575.1034546</POSITION>
			<COLOR>1.0000000 0.5725490 0.3372549</COLOR>
			<INTENSITY>1.0000000</INTENSITY>
			<ATTENUATIONSTART>300.0000000</ATTENUATIONSTART>
			<ATTENUATIONEND>800.0000000</ATTENUATIONEND>
			<CASTSHADOW/>
		</LIGHT>
		<LIGHT name="obj_Omni_a 34">
			<POSITION>4381.7890625 -481.0579529 -575.1034546</POSITION>
			<COLOR>1.0000000 0.5725490 0.3372549</COLOR>
			<INTENSITY>1.0000000</INTENSITY>
			<ATTENUATIONSTART>300.0000000</ATTENUATIONSTART>
			<ATTENUATIONEND>800.0000000</ATTENUATIONEND>
			<CASTSHADOW/>
		</LIGHT>
		<LIGHT name="obj_Omni_b 05">
			<POSITION>-1339.2651367 -3164.4030762 -282.2699890</POSITION>
			<COLOR>1.0000000 0.5725490 0.3372549</COLOR>
			<INTENSITY>1.0000000</INTENSITY>
			<ATTENUATIONSTART>200.0000000</ATTENUATIONSTART>
			<ATTENUATIONEND>600.0000000</ATTENUATIONEND>
			<CASTSHADOW/>
		</LIGHT>
		<LIGHT name="obj_Omni_b 06">
			<POSITION>1339.2651367 -3164.4030762 -282.2699890</POSITION>
			<COLOR>1.0000000 0.5725490 0.3372549</COLOR>
			<INTENSITY>1.0000000</INTENSITY>
			<ATTENUATIONSTART>200.0000000</ATTENUATIONSTART>
			<ATTENUATIONEND>600.0000000</ATTENUATIONEND>
			<CASTSHADOW/>
		</LIGHT>
		<LIGHT name="obj_Omni_a 35">
			<POSITION>606.5114136 3819.6911621 -538.2630005</POSITION>
			<COLOR>1.0000000 0.5725490 0.3372549</COLOR>
			<INTENSITY>1.0000000</INTENSITY>
			<ATTENUATIONSTART>300.0000000</ATTENUATIONSTART>
			<ATTENUATIONEND>800.0000000</ATTENUATIONEND>
			<CASTSHADOW/>
		</LIGHT>
		<LIGHT name="obj_Omni_a 36">
			<POSITION>-4381.7890625 -481.0579529 -575.1034546</POSITION>
			<COLOR>1.0000000 0.5725490 0.3372549</COLOR>
			<INTENSITY>1.0000000</INTENSITY>
			<ATTENUATIONSTART>300.0000000</ATTENUATIONSTART>
			<ATTENUATIONEND>800.0000000</ATTENUATIONEND>
			<CASTSHADOW/>
		</LIGHT>
		<LIGHT name="obj_Omni_a 37">
			<POSITION>-606.5114136 3819.6911621 -538.2630005</POSITION>
			<COLOR>1.0000000 0.5725490 0.3372549</COLOR>
			<INTENSITY>1.0000000</INTENSITY>
			<ATTENUATIONSTART>300.0000000</ATTENUATIONSTART>
			<ATTENUATIONEND>800.0000000</ATTENUATIONEND>
			<CASTSHADOW/>
		</LIGHT>
		<LIGHT name="obj_Omni_a 38">
			<POSITION>-3678.0502930 -501.2362061 -260.4876099</POSITION>
			<COLOR>1.0000000 0.5725490 0.3372549</COLOR>
			<INTENSITY>1.0000000</INTENSITY>
			<ATTENUATIONSTART>300.0000000</ATTENUATIONSTART>
			<ATTENUATIONEND>800.0000000</ATTENUATIONEND>
			<CASTSHADOW/>
		</LIGHT>
		<LIGHT name="obj_Omni_a 39">
			<POSITION>-606.5114136 -3809.9379883 -538.2630005</POSITION>
			<COLOR>1.0000000 0.5725490 0.3372549</COLOR>
			<INTENSITY>1.0000000</INTENSITY>
			<ATTENUATIONSTART>300.0000000</ATTENUATIONSTART>
			<ATTENUATIONEND>800.0000000</ATTENUATIONEND>
			<CASTSHADOW/>
		</LIGHT>
		<LIGHT name="obj_Omni_a 40">
			<POSITION>4381.7890625 481.0579529 -575.1034546</POSITION>
			<COLOR>1.0000000 0.5725490 0.3372549</COLOR>
			<INTENSITY>1.0000000</INTENSITY>
			<ATTENUATIONSTART>300.0000000</ATTENUATIONSTART>
			<ATTENUATIONEND>800.0000000</ATTENUATIONEND>
			<CASTSHADOW/>
		</LIGHT>
		<LIGHT name="obj_Omni_a 41">
			<POSITION>606.5114136 -3809.9379883 -538.2630005</POSITION>
			<COLOR>1.0000000 0.5725490 0.3372549</COLOR>
			<INTENSITY>1.0000000</INTENSITY>
			<ATTENUATIONSTART>300.0000000</ATTENUATIONSTART>
			<ATTENUATIONEND>800.0000000</ATTENUATIONEND>
			<CASTSHADOW/>
		</LIGHT>
		<LIGHT name="obj_Omni_a 42">
			<POSITION>3678.0502930 501.2362061 -260.4876099</POSITION>
			<COLOR>1.0000000 0.5725490 0.3372549</COLOR>
			<INTENSITY>1.0000000</INTENSITY>
			<ATTENUATIONSTART>300.0000000</ATTENUATIONSTART>
			<ATTENUATIONEND>800.0000000</ATTENUATIONEND>
			<CASTSHADOW/>
		</LIGHT>
		<LIGHT name="obj_Omni_a 43">
			<POSITION>3678.0502930 -501.2362061 -260.4876099</POSITION>
			<COLOR>1.0000000 0.5725490 0.3372549</COLOR>
			<INTENSITY>1.0000000</INTENSITY>
			<ATTENUATIONSTART>300.0000000</ATTENUATIONSTART>
			<ATTENUATIONEND>800.0000000</ATTENUATIONEND>
			<CASTSHADOW/>
		</LIGHT>
		<LIGHT name="obj_Omni_b 07">
			<POSITION>1339.2651367 3164.4030762 -282.2699890</POSITION>
			<COLOR>1.0000000 0.5725490 0.3372549</COLOR>
			<INTENSITY>1.0000000</INTENSITY>
			<ATTENUATIONSTART>200.0000000</ATTENUATIONSTART>
			<ATTENUATIONEND>600.0000000</ATTENUATIONEND>
			<CASTSHADOW/>
		</LIGHT>
		<LIGHT name="obj_Omni_b 08">
			<POSITION>-1339.2651367 3164.4030762 -282.2699890</POSITION>
			<COLOR>1.0000000 0.5725490 0.3372549</COLOR>
			<INTENSITY>1.0000000</INTENSITY>
			<ATTENUATIONSTART>200.0000000</ATTENUATIONSTART>
			<ATTENUATIONEND>600.0000000</ATTENUATIONEND>
			<CASTSHADOW/>
		</LIGHT>
		<LIGHT name="obj_Omni_a 44">
			<POSITION>4960.5566406 2557.1376953 -722.4284668</POSITION>
			<COLOR>1.0000000 0.5725490 0.3372549</COLOR>
			<INTENSITY>1.0000000</INTENSITY>
			<ATTENUATIONSTART>300.0000000</ATTENUATIONSTART>
			<ATTENUATIONEND>800.0000000</ATTENUATIONEND>
			<CASTSHADOW/>
		</LIGHT>
		<LIGHT name="obj_Omni_a 45">
			<POSITION>4959.3271484 1509.7456055 -722.4284668</POSITION>
			<COLOR>1.0000000 0.5725490 0.3372549</COLOR>
			<INTENSITY>1.0000000</INTENSITY>
			<ATTENUATIONSTART>300.0000000</ATTENUATIONSTART>
			<ATTENUATIONEND>800.0000000</ATTENUATIONEND>
			<CASTSHADOW/>
		</LIGHT>
		<LIGHT name="obj_Omni_a 46">
			<POSITION>4959.3271484 -1509.7456055 -722.4284668</POSITION>
			<COLOR>1.0000000 0.5725490 0.3372549</COLOR>
			<INTENSITY>1.0000000</INTENSITY>
			<ATTENUATIONSTART>300.0000000</ATTENUATIONSTART>
			<ATTENUATIONEND>800.0000000</ATTENUATIONEND>
			<CASTSHADOW/>
		</LIGHT>
		<LIGHT name="obj_Omni_a 47">
			<POSITION>2752.0541992 2248.1389160 -722.4284668</POSITION>
			<COLOR>1.0000000 0.5725490 0.3372549</COLOR>
			<INTENSITY>1.0000000</INTENSITY>
			<ATTENUATIONSTART>300.0000000</ATTENUATIONSTART>
			<ATTENUATIONEND>800.0000000</ATTENUATIONEND>
			<CASTSHADOW/>
		</LIGHT>
		<LIGHT name="obj_Omni_a 48">
			<POSITION>-2752.0541992 3975.4975586 -722.4284668</POSITION>
			<COLOR>1.0000000 0.5725490 0.3372549</COLOR>
			<INTENSITY>1.0000000</INTENSITY>
			<ATTENUATIONSTART>300.0000000</ATTENUATIONSTART>
			<ATTENUATIONEND>800.0000000</ATTENUATIONEND>
			<CASTSHADOW/>
		</LIGHT>
		<LIGHT name="obj_Omni_a 49">
			<POSITION>2752.0541992 -2248.1389160 -722.4284668</POSITION>
			<COLOR>1.0000000 0.5725490 0.3372549</COLOR>
			<INTENSITY>1.0000000</INTENSITY>
			<ATTENUATIONSTART>300.0000000</ATTENUATIONSTART>
			<ATTENUATIONEND>800.0000000</ATTENUATIONEND>
			<CASTSHADOW/>
		</LIGHT>
		<LIGHT name="obj_Omni_a 50">
			<POSITION>-1811.3671875 2310.4541016 -726.1162720</POSITION>
			<COLOR>1.0000000 0.5725490 0.3372549</COLOR>
			<INTENSITY>1.0000000</INTENSITY>
			<ATTENUATIONSTART>300.0000000</ATTENUATIONSTART>
			<ATTENUATIONEND>800.0000000</ATTENUATIONEND>
			<CASTSHADOW/>
		</LIGHT>
		<LIGHT name="obj_Omni_a 51">
			<POSITION>2752.0541992 -3975.4975586 -722.4284668</POSITION>
			<COLOR>1.0000000 0.5725490 0.3372549</COLOR>
			<INTENSITY>1.0000000</INTENSITY>
			<ATTENUATIONSTART>300.0000000</ATTENUATIONSTART>
			<ATTENUATIONEND>800.0000000</ATTENUATIONEND>
			<CASTSHADOW/>
		</LIGHT>
		<LIGHT name="obj_Omni_a 52">
			<POSITION>2752.0541992 3975.4975586 -722.4284668</POSITION>
			<COLOR>1.0000000 0.5725490 0.3372549</COLOR>
			<INTENSITY>1.0000000</INTENSITY>
			<ATTENUATIONSTART>300.0000000</ATTENUATIONSTART>
			<ATTENUATIONEND>800.0000000</ATTENUATIONEND>
			<CASTSHADOW/>
		</LIGHT>
		<LIGHT name="obj_Omni_a 53">
			<POSITION>-2752.0541992 -3975.4975586 -722.4284668</POSITION>
			<COLOR>1.0000000 0.5725490 0.3372549</COLOR>
			<INTENSITY>1.0000000</INTENSITY>
			<ATTENUATIONSTART>300.0000000</ATTENUATIONSTART>
			<ATTENUATIONEND>800.0000000</ATTENUATIONEND>
			<CASTSHADOW/>
		</LIGHT>
		<LIGHT name="obj_Omni_a 54">
			<POSITION>5142.0800781 -1.9252937 -722.4284668</POSITION>
			<COLOR>1.0000000 0.5725490 0.3372549</COLOR>
			<INTENSITY>1.0000000</INTENSITY>
			<ATTENUATIONSTART>300.0000000</ATTENUATIONSTART>
			<ATTENUATIONEND>800.0000000</ATTENUATIONEND>
			<CASTSHADOW/>
		</LIGHT>
		<LIGHT name="obj_Omni_a 55">
			<POSITION>-4956.9765625 -1509.7456055 -722.4284668</POSITION>
			<COLOR>1.0000000 0.5725490 0.3372549</COLOR>
			<INTENSITY>1.0000000</INTENSITY>
			<ATTENUATIONSTART>300.0000000</ATTENUATIONSTART>
			<ATTENUATIONEND>800.0000000</ATTENUATIONEND>
			<CASTSHADOW/>
		</LIGHT>
		<LIGHT name="obj_Omni_a 56">
			<POSITION>-2752.0541992 2248.1389160 -722.4284668</POSITION>
			<COLOR>1.0000000 0.5725490 0.3372549</COLOR>
			<INTENSITY>1.0000000</INTENSITY>
			<ATTENUATIONSTART>300.0000000</ATTENUATIONSTART>
			<ATTENUATIONEND>800.0000000</ATTENUATIONEND>
			<CASTSHADOW/>
		</LIGHT>
		<LIGHT name="obj_Omni_a 57">
			<POSITION>-2752.0541992 -2248.1389160 -722.4284668</POSITION>
			<COLOR>1.0000000 0.5725490 0.3372549</COLOR>
			<INTENSITY>1.0000000</INTENSITY>
			<ATTENUATIONSTART>300.0000000</ATTENUATIONSTART>
			<ATTENUATIONEND>800.0000000</ATTENUATIONEND>
			<CASTSHADOW/>
		</LIGHT>
		<LIGHT name="obj_Omni_a 58">
			<POSITION>-4960.5566406 -2557.1376953 -722.4284668</POSITION>
			<COLOR>1.0000000 0.5725490 0.3372549</COLOR>
			<INTENSITY>1.0000000</INTENSITY>
			<ATTENUATIONSTART>300.0000000</ATTENUATIONSTART>
			<ATTENUATIONEND>800.0000000</ATTENUATIONEND>
			<CASTSHADOW/>
		</LIGHT>
		<LIGHT name="obj_Omni_a 59">
			<POSITION>-4960.5566406 2557.1376953 -722.4284668</POSITION>
			<COLOR>1.0000000 0.5725490 0.3372549</COLOR>
			<INTENSITY>1.0000000</INTENSITY>
			<ATTENUATIONSTART>300.0000000</ATTENUATIONSTART>
			<ATTENUATIONEND>800.0000000</ATTENUATIONEND>
			<CASTSHADOW/>
		</LIGHT>
		<LIGHT name="obj_Omni_a 60">
			<POSITION>-4956.9765625 1509.7456055 -722.4284668</POSITION>
			<COLOR>1.0000000 0.5725490 0.3372549</COLOR>
			<INTENSITY>1.0000000</INTENSITY>
			<ATTENUATIONSTART>300.0000000</ATTENUATIONSTART>
			<ATTENUATIONEND>800.0000000</ATTENUATIONEND>
			<CASTSHADOW/>
		</LIGHT>
		<LIGHT name="obj_Omni_a 61">
			<POSITION>-5142.0800781 -1.9252937 -722.4284668</POSITION>
			<COLOR>1.0000000 0.5725490 0.3372549</COLOR>
			<INTENSITY>1.0000000</INTENSITY>
			<ATTENUATIONSTART>300.0000000</ATTENUATIONSTART>
			<ATTENUATIONEND>800.0000000</ATTENUATIONEND>
			<CASTSHADOW/>
		</LIGHT>
		<LIGHT name="obj_Omni_a 62">
			<POSITION>4960.5566406 -2557.1376953 -722.4284668</POSITION>
			<COLOR>1.0000000 0.5725490 0.3372549</COLOR>
			<INTENSITY>1.0000000</INTENSITY>
			<ATTENUATIONSTART>300.0000000</ATTENUATIONSTART>
			<ATTENUATIONEND>800.0000000</ATTENUATIONEND>
			<CASTSHADOW/>
		</LIGHT>
	</LIGHTLIST>
	<AMBIENTSOUNDLIST>
		<AMBIENTSOUND ObjName="snd_amb_a1_wind 01" type="a1" filename="amb_wind_hole_2d">
			<CENTER>632.00000000 -5368.00000000 704.00000000</CENTER>
			<RADIUS>1000</RADIUS>
		</AMBIENTSOUND>
		<AMBIENTSOUND ObjName="snd_amb_a1_wind 01" type="a1" filename="amb_wind_hole_2d">
			<CENTER>-1184.00000000 -5408.00000000 704.00000000</CENTER>
			<RADIUS>1000</RADIUS>
		</AMBIENTSOUND>		
	</AMBIENTSOUNDLIST>		
	<DUMMYLIST>
		<DUMMY name="spawn_solo_101">
			<POSITION>632.00000000 -5368.00000000 704.00000000</POSITION>
			<DIRECTION>-0.98529205 0.17087883 0.00000000</DIRECTION>
		</DUMMY>
		<DUMMY name="spawn_solo_102">
			<POSITION>-1008.00000000 -5216.00000000 296.00000000</POSITION>
			<DIRECTION>0.99025835 -0.13924223 0.00000000</DIRECTION>
		</DUMMY>
		<DUMMY name="spawn_solo_103">
			<POSITION>-1936.00000000 -3448.00000000 96.00000000</POSITION>
			<DIRECTION>0.98025737 0.19772578 0.00000000</DIRECTION>
		</DUMMY>
		<DUMMY name="spawn_solo_104">
			<POSITION>1544.00000000 -3944.00000000 -272.00000000</POSITION>
			<DIRECTION>0.20649451 -0.97844776 0.00000000</DIRECTION>
		</DUMMY>
		<DUMMY name="spawn_solo_105">
			<POSITION>-264.00000000 -3192.00000000 -64.00000000</POSITION>
			<DIRECTION>-1.00000000 0.00000000 0.00000000</DIRECTION>
		</DUMMY>
		<DUMMY name="spawn_solo_106">
			<POSITION>-224.00000000 -7632.00000000 -64.00000000</POSITION>
			<DIRECTION>0.00096168 -0.99999954 0.00000000</DIRECTION>
		</DUMMY>
		<DUMMY name="spawn_solo_107">
			<POSITION>-224.00000000 -7632.00000000 -64.00000000</POSITION>
			<DIRECTION>0.00096168 -0.99999954 0.00000000</DIRECTION>
		</DUMMY>
		<DUMMY name="spawn_solo_108">
			<POSITION>1624.00000000 -8232.00000000 -272.00000000</POSITION>
			<DIRECTION>-0.63869799 -0.76945752 0.00000000</DIRECTION>
		</DUMMY>
		<DUMMY name="spawn_solo_109">
			<POSITION>-1632.00000000 -7824.00000000 -272.00000000</POSITION>
			<DIRECTION>0.53048159 -0.84769645 0.00000000</DIRECTION>
		</DUMMY>
		<DUMMY name="spawn_solo_110">
			<POSITION>-2176.00000000 -2920.00000000 -272.00000000</POSITION>
			<DIRECTION>0.53048159 -0.84769645 0.00000000</DIRECTION>
		</DUMMY>
		<DUMMY name="spawn_solo_111">
			<POSITION>-1936.00000000 -3840.00000000 -272.00000000</POSITION>
			<DIRECTION>0.31549998 0.94892558 0.00000000</DIRECTION>
		</DUMMY>
		<DUMMY name="spawn_team1_101">
			<POSITION>-192.00000000 -3296.00000000 -64.00000000</POSITION>
			<DIRECTION>0.96683230 0.25541201 0.00000000</DIRECTION>
		</DUMMY>
		<DUMMY name="spawn_team1_102">
			<POSITION>-176.00000000 -2968.00000000 -64.00000000</POSITION>
			<DIRECTION>0.96683230 0.25541201 0.00000000</DIRECTION>
		</DUMMY>
		<DUMMY name="spawn_team1_103">
			<POSITION>192.00000000 -2536.00000000 -280.00000000</POSITION>
			<DIRECTION>0.11010728 0.99391971 0.00000000</DIRECTION>
		</DUMMY>
		<DUMMY name="spawn_team1_104">
			<POSITION>-368.00000000 -2608.00000000 -280.00000000</POSITION>
			<DIRECTION>-0.95749386 0.28845363 0.00000000</DIRECTION>
		</DUMMY>
		<DUMMY name="spawn_team1_105">
			<POSITION>-888.00000000 -2888.00000000 -280.00000000</POSITION>
			<DIRECTION>-0.99520148 0.09784692 0.00000000</DIRECTION>
		</DUMMY>
		<DUMMY name="spawn_team1_106">
			<POSITION>-104.00000000 -2608.00000000 -280.00000000</POSITION>
			<DIRECTION>0.96683230 0.25541201 0.00000000</DIRECTION>
		</DUMMY>
		<DUMMY name="spawn_team1_107">
			<POSITION>-744.00000000 -2520.00000000 -280.00000000</POSITION>
			<DIRECTION>0.11010728 0.99391971 0.00000000</DIRECTION>
		</DUMMY>
		<DUMMY name="spawn_team1_108">
			<POSITION>320.00000000 -2896.00000000 -280.00000000</POSITION>
			<DIRECTION>0.96195618 0.27320378 0.00000000</DIRECTION>
		</DUMMY>
		<DUMMY name="spawn_team1_109">
			<POSITION>-424.00000000 -3288.00000000 -64.00000000</POSITION>
			<DIRECTION>-1.00000000 0.00000000 0.00000000</DIRECTION>
		</DUMMY>
		<DUMMY name="spawn_team1_110">
			<POSITION>-400.00000000 -2960.00000000 -64.00000000</POSITION>
			<DIRECTION>-1.00000000 0.00000000 0.00000000</DIRECTION>
		</DUMMY>
		<DUMMY name="spawn_team1_111">
			<POSITION>-512.00000000 -3128.00000000 -64.00000000</POSITION>
			<DIRECTION>-1.00000000 0.00000000 0.00000000</DIRECTION>
		</DUMMY>
		<DUMMY name="spawn_team1_112">
			<POSITION>-96.00000000 -3128.00000000 -64.00000000</POSITION>
			<DIRECTION>0.96683230 0.25541201 0.00000000</DIRECTION>
		</DUMMY>
		<DUMMY name="spawn_team2_101">
			<POSITION>-64.00000000 -7520.00000000 -64.00000000</POSITION>
			<DIRECTION>0.97219853 -0.23415809 0.00000000</DIRECTION>
		</DUMMY>
		<DUMMY name="spawn_team2_102">
			<POSITION>96.00000000 -8008.00000000 -280.00000000</POSITION>
			<DIRECTION>-1.00000000 0.00000000 0.00000000</DIRECTION>
		</DUMMY>
		<DUMMY name="spawn_team2_103">
			<POSITION>-432.00000000 -7800.00000000 -64.00000000</POSITION>
			<DIRECTION>-1.00000000 0.00000000 0.00000000</DIRECTION>
		</DUMMY>
		<DUMMY name="spawn_team2_104">
			<POSITION>-144.00000000 -7800.00000000 -64.00000000</POSITION>
			<DIRECTION>0.96797699 -0.25103894 0.00000000</DIRECTION>
		</DUMMY>
		<DUMMY name="spawn_team2_105">
			<POSITION>-424.00000000 -7512.00000000 -64.00000000</POSITION>
			<DIRECTION>-0.99263292 0.12116062 0.00000000</DIRECTION>
		</DUMMY>
		<DUMMY name="spawn_team2_106">
			<POSITION>-912.00000000 -7824.00000000 -280.00000000</POSITION>
			<DIRECTION>-0.99264137 -0.12109132 0.00000000</DIRECTION>
		</DUMMY>
		<DUMMY name="spawn_team2_107">
			<POSITION>408.00000000 -7824.00000000 -280.00000000</POSITION>
			<DIRECTION>0.96966332 -0.24444437 0.00000000</DIRECTION>
		</DUMMY>
		<DUMMY name="spawn_team2_108">
			<POSITION>256.00000000 -8200.00000000 -280.00000000</POSITION>
			<DIRECTION>0.96526773 -0.26126271 0.00000000</DIRECTION>
		</DUMMY>
		<DUMMY name="spawn_team2_109">
			<POSITION>-56.00000000 -8216.00000000 -280.00000000</POSITION>
			<DIRECTION>0.82864698 -0.55977154 0.00000000</DIRECTION>
		</DUMMY>
		<DUMMY name="spawn_team2_110">
			<POSITION>-448.00000000 -8208.00000000 -280.00000000</POSITION>
			<DIRECTION>-0.92191860 -0.38738365 0.00000000</DIRECTION>
		</DUMMY>
		<DUMMY name="spawn_team2_111">
			<POSITION>-752.00000000 -8208.00000000 -280.00000000</POSITION>
			<DIRECTION>-0.63557036 -0.77204295 0.00000000</DIRECTION>
		</DUMMY>
		<DUMMY name="spawn_team2_112">
			<POSITION>-624.00000000 -8016.00000000 -280.00000000</POSITION>
			<DIRECTION>-0.99657052 0.08274785 0.00000000</DIRECTION>
		</DUMMY>
		<DUMMY name="smk_st_01">
			<POSITION>1384.00000000 -3992.00000000 -224.00000000</POSITION>
			<DIRECTION>-1.00000000 0.00000000 0.00000000</DIRECTION>
		</DUMMY>
		<DUMMY name="smk_st_02">
			<POSITION>1704.00000000 -4024.00000000 -224.00000000</POSITION>
			<DIRECTION>-1.00000000 0.00000000 0.00000000</DIRECTION>
		</DUMMY>
		<DUMMY name="smk_st_03">
			<POSITION>1704.00000000 -3928.00000000 -224.00000000</POSITION>
			<DIRECTION>-1.00000000 0.00000000 0.00000000</DIRECTION>
		</DUMMY>
		<DUMMY name="smk_st_04">
			<POSITION>1704.00000000 -3840.00000000 -224.00000000</POSITION>
			<DIRECTION>-1.00000000 0.00000000 0.00000000</DIRECTION>
		</DUMMY>
		<DUMMY name="smk_st_05">
			<POSITION>1704.00000000 -3760.00000000 -224.00000000</POSITION>
			<DIRECTION>-1.00000000 0.00000000 0.00000000</DIRECTION>
		</DUMMY>
		<DUMMY name="smk_st_06">
			<POSITION>1624.00000000 -4080.00000000 -224.00000000</POSITION>
			<DIRECTION>-1.00000000 0.00000000 0.00000000</DIRECTION>
		</DUMMY>
		<DUMMY name="smk_st_07">
			<POSITION>1536.00000000 -4080.00000000 -224.00000000</POSITION>
			<DIRECTION>-1.00000000 0.00000000 0.00000000</DIRECTION>
		</DUMMY>
		<DUMMY name="smk_st_08">
			<POSITION>1448.00000000 -4080.00000000 -224.00000000</POSITION>
			<DIRECTION>-1.00000000 0.00000000 0.00000000</DIRECTION>
		</DUMMY>
		<DUMMY name="smk_st_09">
			<POSITION>1400.00000000 -3736.00000000 -224.00000000</POSITION>
			<DIRECTION>-1.00000000 0.00000000 0.00000000</DIRECTION>
		</DUMMY>
		<DUMMY name="smk_st_10">
			<POSITION>1392.00000000 -3816.00000000 -224.00000000</POSITION>
			<DIRECTION>-1.00000000 0.00000000 0.00000000</DIRECTION>
		</DUMMY>
		<DUMMY name="smk_st_11">
			<POSITION>1392.00000000 -3904.00000000 -224.00000000</POSITION>
			<DIRECTION>-1.00000000 0.00000000 0.00000000</DIRECTION>
		</DUMMY>
		<DUMMY name="smk_st_12">
			<POSITION>1384.00000000 -3992.00000000 -224.00000000</POSITION>
			<DIRECTION>-1.00000000 0.00000000 0.00000000</DIRECTION>
		</DUMMY>
		<DUMMY name="smk_st_13">
			<POSITION>1731.00000000 -6991.00000000 -270.00000000</POSITION>
			<DIRECTION>-1.00000000 0.00000000 0.00000000</DIRECTION>
		</DUMMY>
		<DUMMY name="smk_st_14">
			<POSITION>1705.00000000 -7128.00000000 270.00000000</POSITION>
			<DIRECTION>-1.00000000 0.00000000 0.00000000</DIRECTION>
		</DUMMY>
		<DUMMY name="smk_st_15">
			<POSITION>1675.00000000 -7128.00000000 270.00000000</POSITION>
			<DIRECTION>-1.00000000 0.00000000 0.00000000</DIRECTION>
		</DUMMY>
		<DUMMY name="smk_st_16">
			<POSITION>1689.00000000 -7173.00000000 270.00000000</POSITION>
			<DIRECTION>-1.00000000 0.00000000 0.00000000</DIRECTION>
		</DUMMY>
		<DUMMY name="smk_st_17">
			<POSITION>1668.00000000 -6941.00000000 -270.00000000</POSITION>
			<DIRECTION>-1.00000000 0.00000000 0.00000000</DIRECTION>
		</DUMMY>
		<DUMMY name="smk_st_18">
			<POSITION>1651.00000000 -7014.00000000 -270.00000000</POSITION>
			<DIRECTION>-1.00000000 0.00000000 0.00000000</DIRECTION>
		</DUMMY>		
	</DUMMYLIST>
</XML>
