<?xml version="1.0" encoding="UTF-8"?>
<XML>
	<GAMETYPE id="solo">
<SPAWN item="blueflag" timesec="5000">
<POSITION>5177.00000000 -2166.00000000 -1747.00000000</POSITION>
</SPAWN>
<SPAWN item="redflag" timesec="5000">
<POSITION>-800.00000000 1124.00000000 -2296.00000000</POSITION>
</SPAWN>
		<SPAWN item="bullet02" timesec="45000">
			<POSITION>4608.00000000 3000.00000000 -2288.00000000</POSITION>
		</SPAWN>
		<SPAWN item="bullet02" timesec="45000">
			<POSITION>-1488.00000000 -2280.00000000 -2144.00000000</POSITION>
		</SPAWN>
		<SPAWN item="hp02" timesec="30000">
			<POSITION>528.00000000 2032.00000000 -1000.00000000</POSITION>
		</SPAWN>
		<SPAWN item="ap03" timesec="45000">
			<POSITION>4624.00000000 -4184.00000000 -1488.00000000</POSITION>
		</SPAWN>
		<SPAWN item="hp03" timesec="45000">
			<POSITION>5632.00000000 -1032.00000000 -2040.00000000</POSITION>
		</SPAWN>
		<SPAWN item="ap02" timesec="30000">
			<POSITION>3448.00000000 -824.00000000 -1136.00000000</POSITION>
		</SPAWN>
</GAMETYPE><GAMETYPE id="team">
<SPAWN item="blueflag" timesec="5000">
<POSITION>5177.00000000 -2166.00000000 -1747.00000000</POSITION>
</SPAWN>
<SPAWN item="redflag" timesec="5000">
<POSITION>-800.00000000 1124.00000000 -2296.00000000</POSITION>
</SPAWN>
		<SPAWN item="bullet02" timesec="45000">
			<POSITION>4608.00000000 3000.00000000 -2288.00000000</POSITION>
		</SPAWN>
		<SPAWN item="bullet02" timesec="45000">
			<POSITION>-1488.00000000 -2280.00000000 -2144.00000000</POSITION>
		</SPAWN>
		<SPAWN item="hp02" timesec="30000">
			<POSITION>528.00000000 2032.00000000 -1000.00000000</POSITION>
		</SPAWN>
		<SPAWN item="ap03" timesec="45000">
			<POSITION>4624.00000000 -4184.00000000 -1488.00000000</POSITION>
		</SPAWN>
		<SPAWN item="hp03" timesec="45000">
			<POSITION>5632.00000000 -1032.00000000 -2040.00000000</POSITION>
		</SPAWN>
		<SPAWN item="ap02" timesec="30000">
			<POSITION>3448.00000000 -824.00000000 -1136.00000000</POSITION>
		</SPAWN>
</GAMETYPE>
</XML>