<?xml version="1.0" encoding="UTF-8"?>
<XML>
	<GAMETYPE id="solo">
		<SPAWN item="blueflag" timesec="5000">
			<POSITION>2088 -1656 712</POSITION>
		</SPAWN>
		<SPAWN item="redflag" timesec="5000">
			<POSITION>1680 1016 712</POSITION>
		</SPAWN>
	</GAMETYPE>
	<GAMETYPE id="team">
		<SPAWN item="blueflag" timesec="5000">
			<POSITION>2088 -1656 712</POSITION>
		</SPAWN>
		<SPAWN item="redflag" timesec="5000">
			<POSITION>1680 1016 712</POSITION>
		</SPAWN>
	</GAMETYPE>
	<GAMETYPE id="solo">
		<SPAWN item="bullet02" timesec="45000">
			<POSITION>-256 -160 -848</POSITION>
		</SPAWN>
		<SPAWN item="hp02" timesec="30000">
			<POSITION>-112 872 232</POSITION>
		</SPAWN>
		<SPAWN item="ap02" timesec="30000">
			<POSITION>-936 -520 -8</POSITION>
		</SPAWN>
	</GAMETYPE>
	<GAMETYPE id="team">
		<SPAWN item="bullet02" timesec="45000">
			<POSITION>-256 -160 -848</POSITION>
		</SPAWN>
		<SPAWN item="hp02" timesec="30000">
			<POSITION>-112 872 232</POSITION>
		</SPAWN>
		<SPAWN item="ap02" timesec="30000">
			<POSITION>-936 -520 -8</POSITION>
		</SPAWN>
	</GAMETYPE>
</XML>
