<?xml version="1.0" encoding="UTF-8"?>
<XML>
	<MATERIALLIST>
		<MATERIAL name="DV4_RockGG">
			<DIFFUSE>1.00000000 1.00000000 1.00000000</DIFFUSE>
			<AMBIENT>1.00000000 1.00000000 1.00000000</AMBIENT>
			<SPECULAR>1.00000000 1.00000000 1.00000000</SPECULAR>
			<DIFFUSEMAP>DV4/RockGG.png</DIFFUSEMAP>
		</MATERIAL>
		<MATERIAL name="DV4_Rock2">
			<DIFFUSE>1.00000000 1.00000000 1.00000000</DIFFUSE>
			<AMBIENT>1.00000000 1.00000000 1.00000000</AMBIENT>
			<SPECULAR>1.00000000 1.00000000 1.00000000</SPECULAR>
			<DIFFUSEMAP>DV4/Rock2.png</DIFFUSEMAP>
		</MATERIAL>
		<MATERIAL name="Kerbecs_Floor001">
			<DIFFUSE>1.00000000 1.00000000 1.00000000</DIFFUSE>
			<AMBIENT>1.00000000 1.00000000 1.00000000</AMBIENT>
			<SPECULAR>1.00000000 1.00000000 1.00000000</SPECULAR>
			<DIFFUSEMAP>Kerbecs/Floor001.tga</DIFFUSEMAP>
		</MATERIAL>
		<MATERIAL name="Castle_gzd_map_Castle_wall04.bmp">
			<DIFFUSE>1.00000000 1.00000000 1.00000000</DIFFUSE>
			<AMBIENT>1.00000000 1.00000000 1.00000000</AMBIENT>
			<SPECULAR>1.00000000 1.00000000 1.00000000</SPECULAR>
			<DIFFUSEMAP>Castle/gzd_map_Castle_wall04.bmp</DIFFUSEMAP>
		</MATERIAL>
		<MATERIAL name="symbolcolors_red">
			<DIFFUSE>1.00000000 1.00000000 1.00000000</DIFFUSE>
			<AMBIENT>1.00000000 1.00000000 1.00000000</AMBIENT>
			<SPECULAR>1.00000000 1.00000000 1.00000000</SPECULAR>
			<DIFFUSEMAP>symbolcolors/red.jpg</DIFFUSEMAP>
		</MATERIAL>
		<MATERIAL name="egypt_HIeroglyphBlackPNG">
			<DIFFUSE>1.00000000 1.00000000 1.00000000</DIFFUSE>
			<AMBIENT>1.00000000 1.00000000 1.00000000</AMBIENT>
			<SPECULAR>1.00000000 1.00000000 1.00000000</SPECULAR>
			<DIFFUSEMAP>egypt/HIeroglyphBlackPNG.png</DIFFUSEMAP>
		</MATERIAL>
		<MATERIAL name="Kerbecs_rockblue">
			<DIFFUSE>1.00000000 1.00000000 1.00000000</DIFFUSE>
			<AMBIENT>1.00000000 1.00000000 1.00000000</AMBIENT>
			<SPECULAR>1.00000000 1.00000000 1.00000000</SPECULAR>
			<DIFFUSEMAP>Kerbecs/rockblue.jpg</DIFFUSEMAP>
		</MATERIAL>
		<MATERIAL name="Kerbecs_woodbrutal">
			<DIFFUSE>1.00000000 1.00000000 1.00000000</DIFFUSE>
			<AMBIENT>1.00000000 1.00000000 1.00000000</AMBIENT>
			<SPECULAR>1.00000000 1.00000000 1.00000000</SPECULAR>
			<DIFFUSEMAP>Kerbecs/woodbrutal.jpg</DIFFUSEMAP>
		</MATERIAL>
		<MATERIAL name="Kerbecs_Floor002">
			<DIFFUSE>1.00000000 1.00000000 1.00000000</DIFFUSE>
			<AMBIENT>1.00000000 1.00000000 1.00000000</AMBIENT>
			<SPECULAR>1.00000000 1.00000000 1.00000000</SPECULAR>
			<DIFFUSEMAP>Kerbecs/Floor002.tga</DIFFUSEMAP>
		</MATERIAL>
		<MATERIAL name="egypt_Tegel">
			<DIFFUSE>1.00000000 1.00000000 1.00000000</DIFFUSE>
			<AMBIENT>1.00000000 1.00000000 1.00000000</AMBIENT>
			<SPECULAR>1.00000000 1.00000000 1.00000000</SPECULAR>
			<DIFFUSEMAP>egypt/Tegel.png</DIFFUSEMAP>
		</MATERIAL>
		<MATERIAL name="Kerbecs_stonebrick_normal">
			<DIFFUSE>1.00000000 1.00000000 1.00000000</DIFFUSE>
			<AMBIENT>1.00000000 1.00000000 1.00000000</AMBIENT>
			<SPECULAR>1.00000000 1.00000000 1.00000000</SPECULAR>
			<DIFFUSEMAP>Kerbecs/stonebrick_normal.png</DIFFUSEMAP>
		</MATERIAL>
		<MATERIAL name="Kerbecs_workb">
			<DIFFUSE>1.00000000 1.00000000 1.00000000</DIFFUSE>
			<AMBIENT>1.00000000 1.00000000 1.00000000</AMBIENT>
			<SPECULAR>1.00000000 1.00000000 1.00000000</SPECULAR>
			<DIFFUSEMAP>Kerbecs/workb.jpg</DIFFUSEMAP>
		</MATERIAL>
		<MATERIAL name="Kerbecs_IceBlock">
			<DIFFUSE>1.00000000 1.00000000 1.00000000</DIFFUSE>
			<AMBIENT>1.00000000 1.00000000 1.00000000</AMBIENT>
			<SPECULAR>1.00000000 1.00000000 1.00000000</SPECULAR>
			<DIFFUSEMAP>Kerbecs/IceBlock.png</DIFFUSEMAP>
		</MATERIAL>
		<MATERIAL name="Kerbecs_whiteandblack">
			<DIFFUSE>1.00000000 1.00000000 1.00000000</DIFFUSE>
			<AMBIENT>1.00000000 1.00000000 1.00000000</AMBIENT>
			<SPECULAR>1.00000000 1.00000000 1.00000000</SPECULAR>
			<DIFFUSEMAP>Kerbecs/whiteandblack.jpg</DIFFUSEMAP>
		</MATERIAL>
		<MATERIAL name="banner-credits_bannercredits3">
			<DIFFUSE>1.00000000 1.00000000 1.00000000</DIFFUSE>
			<AMBIENT>1.00000000 1.00000000 1.00000000</AMBIENT>
			<SPECULAR>1.00000000 1.00000000 1.00000000</SPECULAR>
			<DIFFUSEMAP>banner-credits/bannercredits3.tga</DIFFUSEMAP>
		</MATERIAL>
		<MATERIAL name="Kerbecs_^8804478CA0E424B9952C2A26AC907C705A03B01A466C8CBE1D^pimgpsh_thumbnail_win_distr">
			<DIFFUSE>1.00000000 1.00000000 1.00000000</DIFFUSE>
			<AMBIENT>1.00000000 1.00000000 1.00000000</AMBIENT>
			<SPECULAR>1.00000000 1.00000000 1.00000000</SPECULAR>
			<DIFFUSEMAP>Kerbecs/^8804478CA0E424B9952C2A26AC907C705A03B01A466C8CBE1D^pimgpsh_thumbnail_win_distr.tga</DIFFUSEMAP>
		</MATERIAL>
	</MATERIALLIST>
	<DUMMYLIST>
		<DUMMY name="spawn_solo_101">
			<POSITION>8.00000000 0.00000000 0.00000000</POSITION>
			<DIRECTION>-1.00000000 0.00000000 0.00000000</DIRECTION>
		</DUMMY>
	</DUMMYLIST>
<FOG min="0" max="6500">
<R>240</R>
<G>240</G>
<B>240</B>
</FOG>
<GLOBAL>
<fog_enable>TRUE</fog_enable>
<fog_min>0</fog_min>
<fog_max>0</fog_max>
<fog_color>0,0,0</fog_color>
</GLOBAL>
</XML>
