<?xml version="1.0" encoding="UTF-8"?>
<XML>
	<MATERIALLIST>
		<MATERIAL name="common_bg_stars">
			<DIFFUSE>1.00000000 1.00000000 1.00000000</DIFFUSE>
			<AMBIENT>1.00000000 1.00000000 1.00000000</AMBIENT>
			<SPECULAR>1.00000000 1.00000000 1.00000000</SPECULAR>
			<DIFFUSEMAP>common/bg_stars.tga</DIFFUSEMAP>
		</MATERIAL>
		<MATERIAL name="shader1_water2">
			<DIFFUSE>1.00000000 1.00000000 1.00000000</DIFFUSE>
			<AMBIENT>1.00000000 1.00000000 1.00000000</AMBIENT>
			<SPECULAR>1.00000000 1.00000000 1.00000000</SPECULAR>
			<DIFFUSEMAP>shader1/water2.tga</DIFFUSEMAP>
			<ADDITIVE/>
		</MATERIAL>
		<MATERIAL name="shader1_water">
			<DIFFUSE>1.00000000 1.00000000 1.00000000</DIFFUSE>
			<AMBIENT>1.00000000 1.00000000 1.00000000</AMBIENT>
			<SPECULAR>1.00000000 1.00000000 1.00000000</SPECULAR>
			<DIFFUSEMAP>shader1/water.tga</DIFFUSEMAP>
			<ADDITIVE/>
		</MATERIAL>
		<MATERIAL name="gunz_Wall011">
			<DIFFUSE>1.00000000 1.00000000 1.00000000</DIFFUSE>
			<AMBIENT>1.00000000 1.00000000 1.00000000</AMBIENT>
			<SPECULAR>1.00000000 1.00000000 1.00000000</SPECULAR>
			<DIFFUSEMAP>gunz/Wall011.tga</DIFFUSEMAP>
		</MATERIAL>
		<MATERIAL name="gunz_Box001">
			<DIFFUSE>1.00000000 1.00000000 1.00000000</DIFFUSE>
			<AMBIENT>1.00000000 1.00000000 1.00000000</AMBIENT>
			<SPECULAR>1.00000000 1.00000000 1.00000000</SPECULAR>
			<DIFFUSEMAP>gunz/Box001.tga</DIFFUSEMAP>
		</MATERIAL>
		<MATERIAL name="gunz_Wall009">
			<DIFFUSE>1.00000000 1.00000000 1.00000000</DIFFUSE>
			<AMBIENT>1.00000000 1.00000000 1.00000000</AMBIENT>
			<SPECULAR>1.00000000 1.00000000 1.00000000</SPECULAR>
			<DIFFUSEMAP>gunz/Wall009.tga</DIFFUSEMAP>
		</MATERIAL>
		<MATERIAL name="colors_blue2">
			<DIFFUSE>1.00000000 1.00000000 1.00000000</DIFFUSE>
			<AMBIENT>1.00000000 1.00000000 1.00000000</AMBIENT>
			<SPECULAR>1.00000000 1.00000000 1.00000000</SPECULAR>
			<DIFFUSEMAP>colors/blue2.tga</DIFFUSEMAP>
		</MATERIAL>
		<MATERIAL name="shader1_0642_floor">
			<DIFFUSE>1.00000000 1.00000000 1.00000000</DIFFUSE>
			<AMBIENT>1.00000000 1.00000000 1.00000000</AMBIENT>
			<SPECULAR>1.00000000 1.00000000 1.00000000</SPECULAR>
			<DIFFUSEMAP>shader1/0642_floor.tga</DIFFUSEMAP>
		</MATERIAL>
		<MATERIAL name="floors_0642_floor">
			<DIFFUSE>1.00000000 1.00000000 1.00000000</DIFFUSE>
			<AMBIENT>1.00000000 1.00000000 1.00000000</AMBIENT>
			<SPECULAR>1.00000000 1.00000000 1.00000000</SPECULAR>
			<DIFFUSEMAP>floors/0642_floor.jpg</DIFFUSEMAP>
		</MATERIAL>
		<MATERIAL name="shader1_blue">
			<DIFFUSE>1.00000000 1.00000000 1.00000000</DIFFUSE>
			<AMBIENT>1.00000000 1.00000000 1.00000000</AMBIENT>
			<SPECULAR>1.00000000 1.00000000 1.00000000</SPECULAR>
			<DIFFUSEMAP>shader1/blue.tga</DIFFUSEMAP>
			<ADDITIVE/>
		</MATERIAL>
		<MATERIAL name="gunz_Wall023">
			<DIFFUSE>1.00000000 1.00000000 1.00000000</DIFFUSE>
			<AMBIENT>1.00000000 1.00000000 1.00000000</AMBIENT>
			<SPECULAR>1.00000000 1.00000000 1.00000000</SPECULAR>
			<DIFFUSEMAP>gunz/Wall023.tga</DIFFUSEMAP>
		</MATERIAL>
		<MATERIAL name="floors_0132_metal">
			<DIFFUSE>1.00000000 1.00000000 1.00000000</DIFFUSE>
			<AMBIENT>1.00000000 1.00000000 1.00000000</AMBIENT>
			<SPECULAR>1.00000000 1.00000000 1.00000000</SPECULAR>
			<DIFFUSEMAP>floors/0132_metal.jpg</DIFFUSEMAP>
		</MATERIAL>
		<MATERIAL name="floors_arroway.de_tiles-54_s100-g100-r100">
			<DIFFUSE>1.00000000 1.00000000 1.00000000</DIFFUSE>
			<AMBIENT>1.00000000 1.00000000 1.00000000</AMBIENT>
			<SPECULAR>1.00000000 1.00000000 1.00000000</SPECULAR>
			<DIFFUSEMAP>floors/arroway.de_tiles-54_s100-g100-r100.jpg</DIFFUSEMAP>
		</MATERIAL>
		<MATERIAL name="gunz_Wall008">
			<DIFFUSE>1.00000000 1.00000000 1.00000000</DIFFUSE>
			<AMBIENT>1.00000000 1.00000000 1.00000000</AMBIENT>
			<SPECULAR>1.00000000 1.00000000 1.00000000</SPECULAR>
			<DIFFUSEMAP>gunz/Wall008.tga</DIFFUSEMAP>
		</MATERIAL>
		<MATERIAL name="colors_black">
			<DIFFUSE>1.00000000 1.00000000 1.00000000</DIFFUSE>
			<AMBIENT>1.00000000 1.00000000 1.00000000</AMBIENT>
			<SPECULAR>1.00000000 1.00000000 1.00000000</SPECULAR>
			<DIFFUSEMAP>colors/black.jpg</DIFFUSEMAP>
		</MATERIAL>
		<MATERIAL name="signs_finish">
			<DIFFUSE>1.00000000 1.00000000 1.00000000</DIFFUSE>
			<AMBIENT>1.00000000 1.00000000 1.00000000</AMBIENT>
			<SPECULAR>1.00000000 1.00000000 1.00000000</SPECULAR>
			<DIFFUSEMAP>signs/finish.tga</DIFFUSEMAP>
		</MATERIAL>
		<MATERIAL name="gunz_Floor047">
			<DIFFUSE>1.00000000 1.00000000 1.00000000</DIFFUSE>
			<AMBIENT>1.00000000 1.00000000 1.00000000</AMBIENT>
			<SPECULAR>1.00000000 1.00000000 1.00000000</SPECULAR>
			<DIFFUSEMAP>gunz/Floor047.tga</DIFFUSEMAP>
		</MATERIAL>
		<MATERIAL name="walls_0342_wallpaper">
			<DIFFUSE>1.00000000 1.00000000 1.00000000</DIFFUSE>
			<AMBIENT>1.00000000 1.00000000 1.00000000</AMBIENT>
			<SPECULAR>1.00000000 1.00000000 1.00000000</SPECULAR>
			<DIFFUSEMAP>walls/0342_wallpaper.jpg</DIFFUSEMAP>
		</MATERIAL>
		<MATERIAL name="colors_blue">
			<DIFFUSE>1.00000000 1.00000000 1.00000000</DIFFUSE>
			<AMBIENT>1.00000000 1.00000000 1.00000000</AMBIENT>
			<SPECULAR>1.00000000 1.00000000 1.00000000</SPECULAR>
			<DIFFUSEMAP>colors/blue.tga</DIFFUSEMAP>
		</MATERIAL>
		<MATERIAL name="signs_level2">
			<DIFFUSE>1.00000000 1.00000000 1.00000000</DIFFUSE>
			<AMBIENT>1.00000000 1.00000000 1.00000000</AMBIENT>
			<SPECULAR>1.00000000 1.00000000 1.00000000</SPECULAR>
			<DIFFUSEMAP>signs/level2.tga</DIFFUSEMAP>
		</MATERIAL>
		<MATERIAL name="signs_level11">
			<DIFFUSE>1.00000000 1.00000000 1.00000000</DIFFUSE>
			<AMBIENT>1.00000000 1.00000000 1.00000000</AMBIENT>
			<SPECULAR>1.00000000 1.00000000 1.00000000</SPECULAR>
			<DIFFUSEMAP>signs/level11.tga</DIFFUSEMAP>
		</MATERIAL>
		<MATERIAL name="signs_level3">
			<DIFFUSE>1.00000000 1.00000000 1.00000000</DIFFUSE>
			<AMBIENT>1.00000000 1.00000000 1.00000000</AMBIENT>
			<SPECULAR>1.00000000 1.00000000 1.00000000</SPECULAR>
			<DIFFUSEMAP>signs/level3.tga</DIFFUSEMAP>
		</MATERIAL>
		<MATERIAL name="signs_deathclimb2">
			<DIFFUSE>1.00000000 1.00000000 1.00000000</DIFFUSE>
			<AMBIENT>1.00000000 1.00000000 1.00000000</AMBIENT>
			<SPECULAR>1.00000000 1.00000000 1.00000000</SPECULAR>
			<DIFFUSEMAP>signs/deathclimb2.tga</DIFFUSEMAP>
		</MATERIAL>
		<MATERIAL name="colors_white">
			<DIFFUSE>1.00000000 1.00000000 1.00000000</DIFFUSE>
			<AMBIENT>1.00000000 1.00000000 1.00000000</AMBIENT>
			<SPECULAR>1.00000000 1.00000000 1.00000000</SPECULAR>
			<DIFFUSEMAP>colors/white.jpg</DIFFUSEMAP>
		</MATERIAL>
		<MATERIAL name="signs_intro">
			<DIFFUSE>1.00000000 1.00000000 1.00000000</DIFFUSE>
			<AMBIENT>1.00000000 1.00000000 1.00000000</AMBIENT>
			<SPECULAR>1.00000000 1.00000000 1.00000000</SPECULAR>
			<DIFFUSEMAP>signs/intro.tga</DIFFUSEMAP>
		</MATERIAL>
		<MATERIAL name="signs_chimney">
			<DIFFUSE>1.00000000 1.00000000 1.00000000</DIFFUSE>
			<AMBIENT>1.00000000 1.00000000 1.00000000</AMBIENT>
			<SPECULAR>1.00000000 1.00000000 1.00000000</SPECULAR>
			<DIFFUSEMAP>signs/chimney.tga</DIFFUSEMAP>
		</MATERIAL>
		<MATERIAL name="gunz_Floor006">
			<DIFFUSE>1.00000000 1.00000000 1.00000000</DIFFUSE>
			<AMBIENT>1.00000000 1.00000000 1.00000000</AMBIENT>
			<SPECULAR>1.00000000 1.00000000 1.00000000</SPECULAR>
			<DIFFUSEMAP>gunz/Floor006.tga</DIFFUSEMAP>
		</MATERIAL>
		<MATERIAL name="signs_jacuzzi">
			<DIFFUSE>1.00000000 1.00000000 1.00000000</DIFFUSE>
			<AMBIENT>1.00000000 1.00000000 1.00000000</AMBIENT>
			<SPECULAR>1.00000000 1.00000000 1.00000000</SPECULAR>
			<DIFFUSEMAP>signs/jacuzzi.tga</DIFFUSEMAP>
		</MATERIAL>
	</MATERIALLIST>
	<DUMMYLIST>
		<DUMMY name="spawn_team1_101">
			<POSITION>-88.00000000 16.00000000 64.00000000</POSITION>
			<DIRECTION>-1.00000000 0.00000000 0.00000000</DIRECTION>
		</DUMMY>
		<DUMMY name="spawn_team1_102">
			<POSITION>-368.00000000 712.00000000 64.00000000</POSITION>
			<DIRECTION>-1.00000000 0.00000000 0.00000000</DIRECTION>
		</DUMMY>
		<DUMMY name="spawn_team1_103">
			<POSITION>-176.00000000 1104.00000000 64.00000000</POSITION>
			<DIRECTION>-1.00000000 0.00000000 0.00000000</DIRECTION>
		</DUMMY>
		<DUMMY name="spawn_team1_104">
			<POSITION>216.00000000 1160.00000000 64.00000000</POSITION>
			<DIRECTION>-1.00000000 0.00000000 0.00000000</DIRECTION>
		</DUMMY>
		<DUMMY name="spawn_team1_105">
			<POSITION>240.00000000 520.00000000 64.00000000</POSITION>
			<DIRECTION>-1.00000000 0.00000000 0.00000000</DIRECTION>
		</DUMMY>
		<DUMMY name="spawn_team1_106">
			<POSITION>0.00000000 800.00000000 64.00000000</POSITION>
			<DIRECTION>-1.00000000 0.00000000 0.00000000</DIRECTION>
		</DUMMY>
		<DUMMY name="spawn_team1_107">
			<POSITION>288.00000000 248.00000000 64.00000000</POSITION>
			<DIRECTION>-1.00000000 0.00000000 0.00000000</DIRECTION>
		</DUMMY>
		<DUMMY name="spawn_team1_108">
			<POSITION>-288.00000000 296.00000000 64.00000000</POSITION>
			<DIRECTION>-1.00000000 0.00000000 0.00000000</DIRECTION>
		</DUMMY>
		<DUMMY name="spawn_team2_101">
			<POSITION>-112.00000000 -592.00000000 64.00000000</POSITION>
			<DIRECTION>-1.00000000 0.00000000 0.00000000</DIRECTION>
		</DUMMY>
		<DUMMY name="spawn_team2_102">
			<POSITION>-280.00000000 -752.00000000 64.00000000</POSITION>
			<DIRECTION>-1.00000000 0.00000000 0.00000000</DIRECTION>
		</DUMMY>
		<DUMMY name="spawn_team2_103">
			<POSITION>256.00000000 -824.00000000 64.00000000</POSITION>
			<DIRECTION>-1.00000000 0.00000000 0.00000000</DIRECTION>
		</DUMMY>
		<DUMMY name="spawn_team2_104">
			<POSITION>232.00000000 -392.00000000 64.00000000</POSITION>
			<DIRECTION>-1.00000000 0.00000000 0.00000000</DIRECTION>
		</DUMMY>
		<DUMMY name="spawn_team2_105">
			<POSITION>-40.00000000 -1000.00000000 64.00000000</POSITION>
			<DIRECTION>-1.00000000 0.00000000 0.00000000</DIRECTION>
		</DUMMY>
		<DUMMY name="spawn_team2_106">
			<POSITION>-176.00000000 -216.00000000 64.00000000</POSITION>
			<DIRECTION>-1.00000000 0.00000000 0.00000000</DIRECTION>
		</DUMMY>
		<DUMMY name="spawn_solo_101">
			<POSITION>-568.00000000 -488.00000000 64.00000000</POSITION>
			<DIRECTION>-1.00000000 0.00000000 0.00000000</DIRECTION>
		</DUMMY>
		<DUMMY name="spawn_solo_102">
			<POSITION>-160.00000000 448.00000000 64.00000000</POSITION>
			<DIRECTION>-1.00000000 0.00000000 0.00000000</DIRECTION>
		</DUMMY>
		<DUMMY name="spawn_solo_103">
			<POSITION>176.00000000 672.00000000 64.00000000</POSITION>
			<DIRECTION>-1.00000000 0.00000000 0.00000000</DIRECTION>
		</DUMMY>
		<DUMMY name="spawn_solo_104">
			<POSITION>-48.00000000 944.00000000 64.00000000</POSITION>
			<DIRECTION>-1.00000000 0.00000000 0.00000000</DIRECTION>
		</DUMMY>
		<DUMMY name="spawn_solo_105">
			<POSITION>-432.00000000 944.00000000 64.00000000</POSITION>
			<DIRECTION>-1.00000000 0.00000000 0.00000000</DIRECTION>
		</DUMMY>
		<DUMMY name="spawn_solo_106">
			<POSITION>208.00000000 280.00000000 64.00000000</POSITION>
			<DIRECTION>-1.00000000 0.00000000 0.00000000</DIRECTION>
		</DUMMY>
		<DUMMY name="spawn_solo_107">
			<POSITION>-648.00000000 640.00000000 64.00000000</POSITION>
			<DIRECTION>-1.00000000 0.00000000 0.00000000</DIRECTION>
		</DUMMY>
		<DUMMY name="spawn_solo_108">
			<POSITION>-296.00000000 1168.00000000 64.00000000</POSITION>
			<DIRECTION>-1.00000000 0.00000000 0.00000000</DIRECTION>
		</DUMMY>
		<DUMMY name="spawn_solo_109">
			<POSITION>-88.00000000 8.00000000 64.00000000</POSITION>
			<DIRECTION>-1.00000000 0.00000000 0.00000000</DIRECTION>
		</DUMMY>
		<DUMMY name="spawn_solo_110">
			<POSITION>-480.00000000 200.00000000 64.00000000</POSITION>
			<DIRECTION>-1.00000000 0.00000000 0.00000000</DIRECTION>
		</DUMMY>
		<DUMMY name="spawn_solo_111">
			<POSITION>-344.00000000 -288.00000000 64.00000000</POSITION>
			<DIRECTION>-1.00000000 0.00000000 0.00000000</DIRECTION>
		</DUMMY>
		<DUMMY name="spawn_solo_112">
			<POSITION>256.00000000 -40.00000000 64.00000000</POSITION>
			<DIRECTION>-1.00000000 0.00000000 0.00000000</DIRECTION>
		</DUMMY>
		<DUMMY name="spawn_solo_113">
			<POSITION>-632.00000000 -16.00000000 64.00000000</POSITION>
			<DIRECTION>-1.00000000 0.00000000 0.00000000</DIRECTION>
		</DUMMY>
		<DUMMY name="spawn_solo_114">
			<POSITION>144.00000000 -240.00000000 64.00000000</POSITION>
			<DIRECTION>-1.00000000 0.00000000 0.00000000</DIRECTION>
		</DUMMY>
	</DUMMYLIST>
</XML>
