<?xml version="1.0" encoding="UTF-8"?>
<XML>
	<GAMETYPE id="solo">
		<SPAWN item="ap02" timesec="60000">
			<POSITION>-1096.00000000 1752.00000000 -368.00000000</POSITION>
		</SPAWN>
		<SPAWN item="hp02" timesec="60000">
			<POSITION>-120.00000000 680.00000000 -472.00000000</POSITION>
		</SPAWN>
		<SPAWN item="hp02" timesec="60000">
			<POSITION>1304.00000000 1480.00000000 -368.00000000</POSITION>
		</SPAWN>
		<SPAWN item="ap02" timesec="60000">
			<POSITION>-320.00000000 -456.00000000 -40.00000000</POSITION>
		</SPAWN>
		<SPAWN item="bullet02" timesec="80000">
			<POSITION>360.00000000 288.00000000 -584.00000000</POSITION>
		</SPAWN>
		<SPAWN item="bullet02" timesec="80000">
			<POSITION>-232.00000000 1880.00000000 -664.00000000</POSITION>
		</SPAWN>
	</GAMETYPE>

	<GAMETYPE id="team">
		<SPAWN item="ap02" timesec="60000">
			<POSITION>-1096.00000000 1752.00000000 -368.00000000</POSITION>
		</SPAWN>
		<SPAWN item="ap02" timesec="60000">
			<POSITION>-320.00000000 -456.00000000 -40.00000000</POSITION>
		</SPAWN>
		<SPAWN item="bullet02" timesec="80000">
			<POSITION>-232.00000000 1880.00000000 -664.00000000</POSITION>
		</SPAWN>
	</GAMETYPE>
</XML>
