<?xml version="1.0"?>
<XML>
	<MATERIALLIST>
		<MATERIAL name="material_0">
			<DIFFUSE>1.0000000 1.0000000 1.0000000</DIFFUSE>
			<AMBIENT>0.5500000 0.5500000 0.5500000</AMBIENT>
			<SPECULAR>0.9000000 0.9000000 0.9000000</SPECULAR>
			<DIFFUSEMAP>iceworld_material_0.bmp</DIFFUSEMAP>
		</MATERIAL>
		<MATERIAL name="material_1">
			<DIFFUSE>1.0000000 1.0000000 1.0000000</DIFFUSE>
			<AMBIENT>0.5500000 0.5500000 0.5500000</AMBIENT>
			<SPECULAR>0.9000000 0.9000000 0.9000000</SPECULAR>
			<DIFFUSEMAP>iceworld_material_1.bmp</DIFFUSEMAP>
		</MATERIAL>
		<MATERIAL name="material_2">
			<DIFFUSE>1.0000000 1.0000000 1.0000000</DIFFUSE>
			<AMBIENT>0.5500000 0.5500000 0.5500000</AMBIENT>
			<SPECULAR>0.9000000 0.9000000 0.9000000</SPECULAR>
			<DIFFUSEMAP>iceworld_material_2.bmp</DIFFUSEMAP>
		</MATERIAL>
		<MATERIAL name="material_3">
			<DIFFUSE>1.0000000 1.0000000 1.0000000</DIFFUSE>
			<AMBIENT>0.5500000 0.5500000 0.5500000</AMBIENT>
			<SPECULAR>0.9000000 0.9000000 0.9000000</SPECULAR>
			<DIFFUSEMAP>iceworld_material_3.bmp</DIFFUSEMAP>
		</MATERIAL>
		<MATERIAL name="material_4">
			<DIFFUSE>1.0000000 1.0000000 1.0000000</DIFFUSE>
			<AMBIENT>0.5500000 0.5500000 0.5500000</AMBIENT>
			<SPECULAR>0.9000000 0.9000000 0.9000000</SPECULAR>
			<DIFFUSEMAP>iceworld_material_4.bmp</DIFFUSEMAP>
		</MATERIAL>
		<MATERIAL name="material_5">
			<DIFFUSE>1.0000000 1.0000000 1.0000000</DIFFUSE>
			<AMBIENT>0.5500000 0.5500000 0.5500000</AMBIENT>
			<SPECULAR>0.9000000 0.9000000 0.9000000</SPECULAR>
			<DIFFUSEMAP>iceworld_material_5.bmp</DIFFUSEMAP>
		</MATERIAL>
		<MATERIAL name="material_6">
			<DIFFUSE>1.0000000 1.0000000 1.0000000</DIFFUSE>
			<AMBIENT>0.5500000 0.5500000 0.5500000</AMBIENT>
			<SPECULAR>0.9000000 0.9000000 0.9000000</SPECULAR>
			<DIFFUSEMAP>iceworld_material_6.bmp</DIFFUSEMAP>
		</MATERIAL>
		<MATERIAL name="material_7">
			<DIFFUSE>1.0000000 1.0000000 1.0000000</DIFFUSE>
			<AMBIENT>0.5500000 0.5500000 0.5500000</AMBIENT>
			<SPECULAR>0.9000000 0.9000000 0.9000000</SPECULAR>
			<DIFFUSEMAP>iceworld_material_7.bmp</DIFFUSEMAP>
		</MATERIAL>
		<MATERIAL name="material_8">
			<DIFFUSE>1.0000000 1.0000000 1.0000000</DIFFUSE>
			<AMBIENT>0.5500000 0.5500000 0.5500000</AMBIENT>
			<SPECULAR>0.9000000 0.9000000 0.9000000</SPECULAR>
			<DIFFUSEMAP></DIFFUSEMAP>
		</MATERIAL>
		<MATERIAL name="material_9">
			<DIFFUSE>1.0000000 1.0000000 1.0000000</DIFFUSE>
			<AMBIENT>0.5500000 0.5500000 0.5500000</AMBIENT>
			<SPECULAR>0.9000000 0.9000000 0.9000000</SPECULAR>
			<DIFFUSEMAP>iceworld_material_9.bmp</DIFFUSEMAP>
		</MATERIAL>
		<MATERIAL name="material_10">
			<DIFFUSE>1.0000000 1.0000000 1.0000000</DIFFUSE>
			<AMBIENT>0.5500000 0.5500000 0.5500000</AMBIENT>
			<SPECULAR>0.9000000 0.9000000 0.9000000</SPECULAR>
			<DIFFUSEMAP>iceworld_material_10.bmp</DIFFUSEMAP>
		</MATERIAL>
		<MATERIAL name="material_11">
			<DIFFUSE>1.0000000 1.0000000 1.0000000</DIFFUSE>
			<AMBIENT>0.5500000 0.5500000 0.5500000</AMBIENT>
			<SPECULAR>0.9000000 0.9000000 0.9000000</SPECULAR>
			<DIFFUSEMAP>iceworld_material_11.bmp</DIFFUSEMAP>
		</MATERIAL>
	</MATERIALLIST>
	<LIGHTLIST>
		<LIGHT name="Omni01">
			<POSITION>836.1325684 4.8147316 231.3242188</POSITION>
			<COLOR>0.3686275 0.5411765 0.8509805</COLOR>
			<INTENSITY>1.0000000</INTENSITY>
			<ATTENUATIONSTART>195.6159973</ATTENUATIONSTART>
			<ATTENUATIONEND>2273.0991211</ATTENUATIONEND>
		</LIGHT>
		<LIGHT name="Omni02">
			<POSITION>-0.7179260 -34.6714973 255.1680298</POSITION>
			<COLOR>0.3686275 0.5411765 0.8509805</COLOR>
			<INTENSITY>1.0000000</INTENSITY>
			<ATTENUATIONSTART>195.6159973</ATTENUATIONSTART>
			<ATTENUATIONEND>2273.0991211</ATTENUATIONEND>
		</LIGHT>
		<LIGHT name="Omni03">
			<POSITION>-725.1130981 -34.6714973 255.1680298</POSITION>
			<COLOR>0.3686275 0.5411765 0.8509805</COLOR>
			<INTENSITY>1.0000000</INTENSITY>
			<ATTENUATIONSTART>195.6159973</ATTENUATIONSTART>
			<ATTENUATIONEND>2273.0991211</ATTENUATIONEND>
		</LIGHT>
		<LIGHT name="Omni04">
			<POSITION>72.4325714 772.4071655 218.4183807</POSITION>
			<COLOR>0.3686275 0.5411765 0.8509805</COLOR>
			<INTENSITY>1.0000000</INTENSITY>
			<ATTENUATIONSTART>195.6159973</ATTENUATIONSTART>
			<ATTENUATIONEND>2273.0991211</ATTENUATIONEND>
		</LIGHT>
		<LIGHT name="Omni05">
			<POSITION>-0.7179260 -761.3111572 255.1680298</POSITION>
			<COLOR>0.3686275 0.5411765 0.8509805</COLOR>
			<INTENSITY>1.0000000</INTENSITY>
			<ATTENUATIONSTART>195.6159973</ATTENUATIONSTART>
			<ATTENUATIONEND>2273.0991211</ATTENUATIONEND>
		</LIGHT>
	</LIGHTLIST>
	<OBJECTLIST>
	</OBJECTLIST>
	<DUMMYLIST>
		<DUMMY name="spawn_solo_103">
			<POSITION>-35.9420166 561.9252930 146.6157227</POSITION>
			<DIRECTION>0.0000000 1.0000000 0.0000000</DIRECTION>
		</DUMMY>
		<DUMMY name="spawn_team1_101">
			<POSITION>-952.5618896 -10.7963924 146.6157227</POSITION>
			<DIRECTION>0.0000000 1.0000000 0.0000000</DIRECTION>
		</DUMMY>
		<DUMMY name="spawn_team1_102">
			<POSITION>-952.5618896 216.3440247 146.6157227</POSITION>
			<DIRECTION>0.0000000 1.0000000 0.0000000</DIRECTION>
		</DUMMY>
		<DUMMY name="spawn_solo_101">
			<POSITION>-34.2554932 -10.7963924 146.6157227</POSITION>
			<DIRECTION>0.0000000 1.0000000 0.0000000</DIRECTION>
		</DUMMY>
		<DUMMY name="spawn_solo_102">
			<POSITION>-30.4275513 -10.7963924 146.6157227</POSITION>
			<DIRECTION>0.0000000 1.0000000 0.0000000</DIRECTION>
		</DUMMY>
		<DUMMY name="spawn_solo_104">
			<POSITION>-35.9420166 561.9252930 146.6157227</POSITION>
			<DIRECTION>0.0000000 1.0000000 0.0000000</DIRECTION>
		</DUMMY>
		<DUMMY name="spawn_solo_105">
			<POSITION>-35.9420166 561.9252930 146.6157227</POSITION>
			<DIRECTION>0.0000000 1.0000000 0.0000000</DIRECTION>
		</DUMMY>
		<DUMMY name="spawn_solo_106">
			<POSITION>-35.9420166 561.9252930 146.6157227</POSITION>
			<DIRECTION>0.0000000 1.0000000 0.0000000</DIRECTION>
		</DUMMY>
		<DUMMY name="spawn_solo_107">
			<POSITION>-35.9420166 561.9252930 146.6157227</POSITION>
			<DIRECTION>0.0000000 1.0000000 0.0000000</DIRECTION>
		</DUMMY>
		<DUMMY name="spawn_solo_108">
			<POSITION>-35.9420166 828.3765869 146.6157227</POSITION>
			<DIRECTION>0.0000000 1.0000000 0.0000000</DIRECTION>
		</DUMMY>
		<DUMMY name="spawn_solo_109">
			<POSITION>-30.4275513 -741.2711182 146.6157227</POSITION>
			<DIRECTION>0.0000000 1.0000000 0.0000000</DIRECTION>
		</DUMMY>
		<DUMMY name="spawn_solo_110">
			<POSITION>-30.4275513 -741.2711182 146.6157227</POSITION>
			<DIRECTION>0.0000000 1.0000000 0.0000000</DIRECTION>
		</DUMMY>
		<DUMMY name="spawn_solo_111">
			<POSITION>-30.4275513 -741.2711182 146.6157227</POSITION>
			<DIRECTION>0.0000000 1.0000000 0.0000000</DIRECTION>
		</DUMMY>
		<DUMMY name="spawn_solo_112">
			<POSITION>-30.4275513 -741.2711182 146.6157227</POSITION>
			<DIRECTION>0.0000000 1.0000000 0.0000000</DIRECTION>
		</DUMMY>
		<DUMMY name="spawn_solo_113">
			<POSITION>-30.4275513 -741.2711182 146.6157227</POSITION>
			<DIRECTION>0.0000000 1.0000000 0.0000000</DIRECTION>
		</DUMMY>
		<DUMMY name="spawn_solo_114">
			<POSITION>-30.4275513 -741.2711182 146.6157227</POSITION>
			<DIRECTION>0.0000000 1.0000000 0.0000000</DIRECTION>
		</DUMMY>
		<DUMMY name="spawn_solo_115">
			<POSITION>-30.4275513 -741.2711182 146.6157227</POSITION>
			<DIRECTION>0.0000000 1.0000000 0.0000000</DIRECTION>
		</DUMMY>
		<DUMMY name="spawn_solo_116">
			<POSITION>-30.4275513 -741.2711182 146.6157227</POSITION>
			<DIRECTION>0.0000000 1.0000000 0.0000000</DIRECTION>
		</DUMMY>
		<DUMMY name="spawn_team1_103">
			<POSITION>-952.5618896 -216.0896149 146.6157227</POSITION>
			<DIRECTION>0.0000000 1.0000000 0.0000000</DIRECTION>
		</DUMMY>
		<DUMMY name="spawn_team1_104">
			<POSITION>-952.5618896 446.4390869 146.6157227</POSITION>
			<DIRECTION>0.0000000 1.0000000 0.0000000</DIRECTION>
		</DUMMY>
		<DUMMY name="spawn_team1_105">
			<POSITION>-952.5618896 -417.8676758 146.6157227</POSITION>
			<DIRECTION>0.0000000 1.0000000 0.0000000</DIRECTION>
		</DUMMY>
		<DUMMY name="spawn_team1_106">
			<POSITION>-952.5618896 90.6724319 146.6157227</POSITION>
			<DIRECTION>0.0000000 1.0000000 0.0000000</DIRECTION>
		</DUMMY>
		<DUMMY name="spawn_team1_108">
			<POSITION>-952.5618896 -118.5244598 146.6157227</POSITION>
			<DIRECTION>0.0000000 1.0000000 0.0000000</DIRECTION>
		</DUMMY>
		<DUMMY name="spawn_team2_101">
			<POSITION>970.7244873 -10.7963924 146.6157227</POSITION>
			<DIRECTION>0.0000000 1.0000000 0.0000000</DIRECTION>
		</DUMMY>
		<DUMMY name="spawn_team2_102">
			<POSITION>970.7244873 -177.2160187 146.6157227</POSITION>
			<DIRECTION>0.0000000 1.0000000 0.0000000</DIRECTION>
		</DUMMY>
		<DUMMY name="spawn_team2_103">
			<POSITION>970.7244873 163.3708801 146.6157227</POSITION>
			<DIRECTION>0.0000000 1.0000000 0.0000000</DIRECTION>
		</DUMMY>
		<DUMMY name="spawn_team2_104">
			<POSITION>970.7244873 -347.8760986 146.6157227</POSITION>
			<DIRECTION>0.0000000 1.0000000 0.0000000</DIRECTION>
		</DUMMY>
		<DUMMY name="spawn_team2_105">
			<POSITION>970.7244873 338.6272583 146.6157227</POSITION>
			<DIRECTION>0.0000000 1.0000000 0.0000000</DIRECTION>
		</DUMMY>
		<DUMMY name="spawn_team2_106">
			<POSITION>970.7244873 -122.0830841 146.6157227</POSITION>
			<DIRECTION>0.0000000 1.0000000 0.0000000</DIRECTION>
		</DUMMY>
		<DUMMY name="spawn_team2_107">
			<POSITION>970.7244873 94.0556107 146.6157227</POSITION>
			<DIRECTION>0.0000000 1.0000000 0.0000000</DIRECTION>
		</DUMMY>
		<DUMMY name="spawn_team2_108">
			<POSITION>970.7244873 -426.8659973 146.6157227</POSITION>
			<DIRECTION>0.0000000 1.0000000 0.0000000</DIRECTION>
		</DUMMY>
	</DUMMYLIST>
	<OCCLUSIONLIST>
	</OCCLUSIONLIST>
	<AMBIENTSOUNDLIST>
	</AMBIENTSOUNDLIST>
</XML>
