<?xml version="1.0" encoding="UTF-8"?>
<XML>
	<GAMETYPE id="solo">
		<SPAWN item="hp03" timesec="60000">
			<POSITION>2145 -1301 1606</POSITION>
		</SPAWN>
		<SPAWN item="hp02" timesec="40000">
			<POSITION>2164 -5790 1392</POSITION>
		</SPAWN>
		<SPAWN item="ap03" timesec="60000">
			<POSITION>2366 2544 1606</POSITION>
		</SPAWN>
		<SPAWN item="ap02" timesec="40000">
			<POSITION>-2549 5128 2692</POSITION>
		</SPAWN>
		<SPAWN item="bullet02" timesec="45000">
			<POSITION>-98 541 1605</POSITION>
		</SPAWN>
		<SPAWN item="bullet02" timesec="45000">
			<POSITION>-6326 4892 1972</POSITION>
		</SPAWN>
	</GAMETYPE>
 

	<GAMETYPE id="team">
		<SPAWN item="hp03" timesec="45000">
			<POSITION>2145 -1301 1606</POSITION>
		</SPAWN>
		<SPAWN item="hp02" timesec="30000">
			<POSITION>2164 -5790 1392</POSITION>
		</SPAWN>
		<SPAWN item="ap03" timesec="45000">
			<POSITION>2366 2544 1606</POSITION>
		</SPAWN>
		<SPAWN item="ap02" timesec="30000">
			<POSITION>-2549 5128 2692</POSITION>
		</SPAWN>
		<SPAWN item="bullet02" timesec="60000">
			<POSITION>-98 541 1605</POSITION>
		</SPAWN>
		<SPAWN item="bullet02" timesec="45000">
			<POSITION>-6326 4892 1972</POSITION>
		</SPAWN>
	</GAMETYPE>
</XML>
