<?xml version="1.0" encoding="UTF-8"?>
<XML>
	<MATERIALLIST>
		<MATERIAL name="HL2-ROCK_strtset1_winter_fill">
			<DIFFUSE>1.00000000 1.00000000 1.00000000</DIFFUSE>
			<AMBIENT>1.00000000 1.00000000 1.00000000</AMBIENT>
			<SPECULAR>1.00000000 1.00000000 1.00000000</SPECULAR>
			<DIFFUSEMAP>HL2-ROCK/strtset1_winter_fill.tga</DIFFUSEMAP>
		</MATERIAL>
		<MATERIAL name="HL2-ROCK_rockwall_s1wintr">
			<DIFFUSE>1.00000000 1.00000000 1.00000000</DIFFUSE>
			<AMBIENT>1.00000000 1.00000000 1.00000000</AMBIENT>
			<SPECULAR>1.00000000 1.00000000 1.00000000</SPECULAR>
			<DIFFUSEMAP>HL2-ROCK/rockwall_s1wintr.tga</DIFFUSEMAP>
		</MATERIAL>
		<MATERIAL name="HL2-SNOW_tasnow_mines_branches">
			<DIFFUSE>1.00000000 1.00000000 1.00000000</DIFFUSE>
			<AMBIENT>1.00000000 1.00000000 1.00000000</AMBIENT>
			<SPECULAR>1.00000000 1.00000000 1.00000000</SPECULAR>
			<DIFFUSEMAP>HL2-SNOW/tasnow_mines_branches.tga</DIFFUSEMAP>
		</MATERIAL>
		<MATERIAL name="HL2-ROCK_wallsnow2">
			<DIFFUSE>1.00000000 1.00000000 1.00000000</DIFFUSE>
			<AMBIENT>1.00000000 1.00000000 1.00000000</AMBIENT>
			<SPECULAR>1.00000000 1.00000000 1.00000000</SPECULAR>
			<DIFFUSEMAP>HL2-ROCK/wallsnow2.tga</DIFFUSEMAP>
		</MATERIAL>
		<MATERIAL name="HL2-PLASTER_remgn_wallexter1">
			<DIFFUSE>1.00000000 1.00000000 1.00000000</DIFFUSE>
			<AMBIENT>1.00000000 1.00000000 1.00000000</AMBIENT>
			<SPECULAR>1.00000000 1.00000000 1.00000000</SPECULAR>
			<DIFFUSEMAP>HL2-PLASTER/remgn_wallexter1.tga</DIFFUSEMAP>
		</MATERIAL>
		<MATERIAL name="HL2-PLASTER_tudor_set1W_exwall1win">
			<DIFFUSE>1.00000000 1.00000000 1.00000000</DIFFUSE>
			<AMBIENT>1.00000000 1.00000000 1.00000000</AMBIENT>
			<SPECULAR>1.00000000 1.00000000 1.00000000</SPECULAR>
			<DIFFUSEMAP>HL2-PLASTER/tudor_set1W_exwall1win.tga</DIFFUSEMAP>
		</MATERIAL>
		<MATERIAL name="HL2-WOOD_snowywood">
			<DIFFUSE>1.00000000 1.00000000 1.00000000</DIFFUSE>
			<AMBIENT>1.00000000 1.00000000 1.00000000</AMBIENT>
			<SPECULAR>1.00000000 1.00000000 1.00000000</SPECULAR>
			<DIFFUSEMAP>HL2-WOOD/snowywood.tga</DIFFUSEMAP>
		</MATERIAL>
		<MATERIAL name="HL2-WOOD_jh_oldwood1">
			<DIFFUSE>1.00000000 1.00000000 1.00000000</DIFFUSE>
			<AMBIENT>1.00000000 1.00000000 1.00000000</AMBIENT>
			<SPECULAR>1.00000000 1.00000000 1.00000000</SPECULAR>
			<DIFFUSEMAP>HL2-WOOD/jh_oldwood1.tga</DIFFUSEMAP>
		</MATERIAL>
		<MATERIAL name="HL2-PLASTER_tudor_set1W_exwall1b">
			<DIFFUSE>1.00000000 1.00000000 1.00000000</DIFFUSE>
			<AMBIENT>1.00000000 1.00000000 1.00000000</AMBIENT>
			<SPECULAR>1.00000000 1.00000000 1.00000000</SPECULAR>
			<DIFFUSEMAP>HL2-PLASTER/tudor_set1W_exwall1b.tga</DIFFUSEMAP>
		</MATERIAL>
		<MATERIAL name="HL2-PLASTER_tudor_set2b">
			<DIFFUSE>1.00000000 1.00000000 1.00000000</DIFFUSE>
			<AMBIENT>1.00000000 1.00000000 1.00000000</AMBIENT>
			<SPECULAR>1.00000000 1.00000000 1.00000000</SPECULAR>
			<DIFFUSEMAP>HL2-PLASTER/tudor_set2b.tga</DIFFUSEMAP>
		</MATERIAL>
		<MATERIAL name="HL2-PLASTER_tudor_set1_exwall1win">
			<DIFFUSE>1.00000000 1.00000000 1.00000000</DIFFUSE>
			<AMBIENT>1.00000000 1.00000000 1.00000000</AMBIENT>
			<SPECULAR>1.00000000 1.00000000 1.00000000</SPECULAR>
			<DIFFUSEMAP>HL2-PLASTER/tudor_set1_exwall1win.tga</DIFFUSEMAP>
		</MATERIAL>
		<MATERIAL name="HL2-WOOD_trenchwall2">
			<DIFFUSE>1.00000000 1.00000000 1.00000000</DIFFUSE>
			<AMBIENT>1.00000000 1.00000000 1.00000000</AMBIENT>
			<SPECULAR>1.00000000 1.00000000 1.00000000</SPECULAR>
			<DIFFUSEMAP>HL2-WOOD/trenchwall2.tga</DIFFUSEMAP>
		</MATERIAL>
		<MATERIAL name="HL2-PLASTER_tudor_set1_exwall1a">
			<DIFFUSE>1.00000000 1.00000000 1.00000000</DIFFUSE>
			<AMBIENT>1.00000000 1.00000000 1.00000000</AMBIENT>
			<SPECULAR>1.00000000 1.00000000 1.00000000</SPECULAR>
			<DIFFUSEMAP>HL2-PLASTER/tudor_set1_exwall1a.tga</DIFFUSEMAP>
		</MATERIAL>
		<MATERIAL name="HL2-WOOD_jh_portarz_bk">
			<DIFFUSE>1.00000000 1.00000000 1.00000000</DIFFUSE>
			<AMBIENT>1.00000000 1.00000000 1.00000000</AMBIENT>
			<SPECULAR>1.00000000 1.00000000 1.00000000</SPECULAR>
			<DIFFUSEMAP>HL2-WOOD/jh_portarz_bk.tga</DIFFUSEMAP>
		</MATERIAL>
		<MATERIAL name="HL2-WOOD_trenchwall1">
			<DIFFUSE>1.00000000 1.00000000 1.00000000</DIFFUSE>
			<AMBIENT>1.00000000 1.00000000 1.00000000</AMBIENT>
			<SPECULAR>1.00000000 1.00000000 1.00000000</SPECULAR>
			<DIFFUSEMAP>HL2-WOOD/trenchwall1.tga</DIFFUSEMAP>
		</MATERIAL>
		<MATERIAL name="HL2-WOOD_it_i_2-3ceiling">
			<DIFFUSE>1.00000000 1.00000000 1.00000000</DIFFUSE>
			<AMBIENT>1.00000000 1.00000000 1.00000000</AMBIENT>
			<SPECULAR>1.00000000 1.00000000 1.00000000</SPECULAR>
			<DIFFUSEMAP>HL2-WOOD/it_i_2-3ceiling.tga</DIFFUSEMAP>
		</MATERIAL>
		<MATERIAL name="HL2-PLASTER_tudor_set2a">
			<DIFFUSE>1.00000000 1.00000000 1.00000000</DIFFUSE>
			<AMBIENT>1.00000000 1.00000000 1.00000000</AMBIENT>
			<SPECULAR>1.00000000 1.00000000 1.00000000</SPECULAR>
			<DIFFUSEMAP>HL2-PLASTER/tudor_set2a.tga</DIFFUSEMAP>
		</MATERIAL>
		<MATERIAL name="HL2-PLASTER_tudor_set1_exwall1flatW">
			<DIFFUSE>1.00000000 1.00000000 1.00000000</DIFFUSE>
			<AMBIENT>1.00000000 1.00000000 1.00000000</AMBIENT>
			<SPECULAR>1.00000000 1.00000000 1.00000000</SPECULAR>
			<DIFFUSEMAP>HL2-PLASTER/tudor_set1_exwall1flatW.tga</DIFFUSEMAP>
		</MATERIAL>
		<MATERIAL name="HL2-WOOD_Manor_bswbook1">
			<DIFFUSE>1.00000000 1.00000000 1.00000000</DIFFUSE>
			<AMBIENT>1.00000000 1.00000000 1.00000000</AMBIENT>
			<SPECULAR>1.00000000 1.00000000 1.00000000</SPECULAR>
			<DIFFUSEMAP>HL2-WOOD/Manor_bswbook1.tga</DIFFUSEMAP>
		</MATERIAL>
		<MATERIAL name="HL2-WOOD_jh_woodwall2">
			<DIFFUSE>1.00000000 1.00000000 1.00000000</DIFFUSE>
			<AMBIENT>1.00000000 1.00000000 1.00000000</AMBIENT>
			<SPECULAR>1.00000000 1.00000000 1.00000000</SPECULAR>
			<DIFFUSEMAP>HL2-WOOD/jh_woodwall2.tga</DIFFUSEMAP>
		</MATERIAL>
		<MATERIAL name="HL2-PLASTER_tudor_set2dW">
			<DIFFUSE>1.00000000 1.00000000 1.00000000</DIFFUSE>
			<AMBIENT>1.00000000 1.00000000 1.00000000</AMBIENT>
			<SPECULAR>1.00000000 1.00000000 1.00000000</SPECULAR>
			<DIFFUSEMAP>HL2-PLASTER/tudor_set2dW.tga</DIFFUSEMAP>
		</MATERIAL>
		<MATERIAL name="HL2-WOOD_rusticshinglesnow">
			<DIFFUSE>1.00000000 1.00000000 1.00000000</DIFFUSE>
			<AMBIENT>1.00000000 1.00000000 1.00000000</AMBIENT>
			<SPECULAR>1.00000000 1.00000000 1.00000000</SPECULAR>
			<DIFFUSEMAP>HL2-WOOD/rusticshinglesnow.tga</DIFFUSEMAP>
		</MATERIAL>
		<MATERIAL name="HL2-WOOD_telephone_pole">
			<DIFFUSE>1.00000000 1.00000000 1.00000000</DIFFUSE>
			<AMBIENT>1.00000000 1.00000000 1.00000000</AMBIENT>
			<SPECULAR>1.00000000 1.00000000 1.00000000</SPECULAR>
			<DIFFUSEMAP>HL2-WOOD/telephone_pole.tga</DIFFUSEMAP>
		</MATERIAL>
		<MATERIAL name="HL2-WOODSOLID_flrwood2W">
			<DIFFUSE>1.00000000 1.00000000 1.00000000</DIFFUSE>
			<AMBIENT>1.00000000 1.00000000 1.00000000</AMBIENT>
			<SPECULAR>1.00000000 1.00000000 1.00000000</SPECULAR>
			<DIFFUSEMAP>HL2-WOODSOLID/flrwood2W.tga</DIFFUSEMAP>
		</MATERIAL>
		<MATERIAL name="HL2-WOOD_jh_woodshingles1a">
			<DIFFUSE>1.00000000 1.00000000 1.00000000</DIFFUSE>
			<AMBIENT>1.00000000 1.00000000 1.00000000</AMBIENT>
			<SPECULAR>1.00000000 1.00000000 1.00000000</SPECULAR>
			<DIFFUSEMAP>HL2-WOOD/jh_woodshingles1a.tga</DIFFUSEMAP>
		</MATERIAL>
		<MATERIAL name="HL2-WOODSOLID_winterroof_set1aW">
			<DIFFUSE>1.00000000 1.00000000 1.00000000</DIFFUSE>
			<AMBIENT>1.00000000 1.00000000 1.00000000</AMBIENT>
			<SPECULAR>1.00000000 1.00000000 1.00000000</SPECULAR>
			<DIFFUSEMAP>HL2-WOODSOLID/winterroof_set1aW.tga</DIFFUSEMAP>
		</MATERIAL>
		<MATERIAL name="HL2-SNOW_csnowconc">
			<DIFFUSE>1.00000000 1.00000000 1.00000000</DIFFUSE>
			<AMBIENT>1.00000000 1.00000000 1.00000000</AMBIENT>
			<SPECULAR>1.00000000 1.00000000 1.00000000</SPECULAR>
			<DIFFUSEMAP>HL2-SNOW/csnowconc.tga</DIFFUSEMAP>
		</MATERIAL>
		<MATERIAL name="HL2-WOOD_telephone_pole_wood_dark">
			<DIFFUSE>1.00000000 1.00000000 1.00000000</DIFFUSE>
			<AMBIENT>1.00000000 1.00000000 1.00000000</AMBIENT>
			<SPECULAR>1.00000000 1.00000000 1.00000000</SPECULAR>
			<DIFFUSEMAP>HL2-WOOD/telephone_pole_wood_dark.tga</DIFFUSEMAP>
		</MATERIAL>
		<MATERIAL name="HL2-ICE_frozenriver">
			<DIFFUSE>1.00000000 1.00000000 1.00000000</DIFFUSE>
			<AMBIENT>1.00000000 1.00000000 1.00000000</AMBIENT>
			<SPECULAR>1.00000000 1.00000000 1.00000000</SPECULAR>
			<DIFFUSEMAP>HL2-ICE/frozenriver.tga</DIFFUSEMAP>
		</MATERIAL>
		<MATERIAL name="HL2-ROCK_detailstone">
			<DIFFUSE>1.00000000 1.00000000 1.00000000</DIFFUSE>
			<AMBIENT>1.00000000 1.00000000 1.00000000</AMBIENT>
			<SPECULAR>1.00000000 1.00000000 1.00000000</SPECULAR>
			<DIFFUSEMAP>HL2-ROCK/detailstone.tga</DIFFUSEMAP>
		</MATERIAL>
		<MATERIAL name="HL2-WOODSOLID_wlppdrt">
			<DIFFUSE>1.00000000 1.00000000 1.00000000</DIFFUSE>
			<AMBIENT>1.00000000 1.00000000 1.00000000</AMBIENT>
			<SPECULAR>1.00000000 1.00000000 1.00000000</SPECULAR>
			<DIFFUSEMAP>HL2-WOODSOLID/wlppdrt.tga</DIFFUSEMAP>
		</MATERIAL>
		<MATERIAL name="HL2-PLASTER_tudor_set2cW">
			<DIFFUSE>1.00000000 1.00000000 1.00000000</DIFFUSE>
			<AMBIENT>1.00000000 1.00000000 1.00000000</AMBIENT>
			<SPECULAR>1.00000000 1.00000000 1.00000000</SPECULAR>
			<DIFFUSEMAP>HL2-PLASTER/tudor_set2cW.tga</DIFFUSEMAP>
		</MATERIAL>
		<MATERIAL name="HL2-PLASTER_tudor_set1_exwall1flat">
			<DIFFUSE>1.00000000 1.00000000 1.00000000</DIFFUSE>
			<AMBIENT>1.00000000 1.00000000 1.00000000</AMBIENT>
			<SPECULAR>1.00000000 1.00000000 1.00000000</SPECULAR>
			<DIFFUSEMAP>HL2-PLASTER/tudor_set1_exwall1flat.tga</DIFFUSEMAP>
		</MATERIAL>
		<MATERIAL name="HL2-WOOD_telephone_pole_wood_light">
			<DIFFUSE>1.00000000 1.00000000 1.00000000</DIFFUSE>
			<AMBIENT>1.00000000 1.00000000 1.00000000</AMBIENT>
			<SPECULAR>1.00000000 1.00000000 1.00000000</SPECULAR>
			<DIFFUSEMAP>HL2-WOOD/telephone_pole_wood_light.tga</DIFFUSEMAP>
		</MATERIAL>
		<MATERIAL name="liquid_dirtywater">
			<DIFFUSE>1.00000000 1.00000000 1.00000000</DIFFUSE>
			<AMBIENT>1.00000000 1.00000000 1.00000000</AMBIENT>
			<SPECULAR>1.00000000 1.00000000 1.00000000</SPECULAR>
			<DIFFUSEMAP>liquid/dirtywater.tga</DIFFUSEMAP>
			<ADDITIVE/>
		</MATERIAL>
		<MATERIAL name="HL2-PLASTER_tudor_set1W_exwall1a">
			<DIFFUSE>1.00000000 1.00000000 1.00000000</DIFFUSE>
			<AMBIENT>1.00000000 1.00000000 1.00000000</AMBIENT>
			<SPECULAR>1.00000000 1.00000000 1.00000000</SPECULAR>
			<DIFFUSEMAP>HL2-PLASTER/tudor_set1W_exwall1a.tga</DIFFUSEMAP>
		</MATERIAL>
		<MATERIAL name="HL2-WOODTRIM_whitewoodbmtrm">
			<DIFFUSE>1.00000000 1.00000000 1.00000000</DIFFUSE>
			<AMBIENT>1.00000000 1.00000000 1.00000000</AMBIENT>
			<SPECULAR>1.00000000 1.00000000 1.00000000</SPECULAR>
			<DIFFUSEMAP>HL2-WOODTRIM/whitewoodbmtrm.tga</DIFFUSEMAP>
		</MATERIAL>
		<MATERIAL name="HL2-WOODTRIM_shutter_set2W">
			<DIFFUSE>1.00000000 1.00000000 1.00000000</DIFFUSE>
			<AMBIENT>1.00000000 1.00000000 1.00000000</AMBIENT>
			<SPECULAR>1.00000000 1.00000000 1.00000000</SPECULAR>
			<DIFFUSEMAP>HL2-WOODTRIM/shutter_set2W.tga</DIFFUSEMAP>
		</MATERIAL>
		<MATERIAL name="HL2-WOODTRIM_shutter_set2">
			<DIFFUSE>1.00000000 1.00000000 1.00000000</DIFFUSE>
			<AMBIENT>1.00000000 1.00000000 1.00000000</AMBIENT>
			<SPECULAR>1.00000000 1.00000000 1.00000000</SPECULAR>
			<DIFFUSEMAP>HL2-WOODTRIM/shutter_set2.tga</DIFFUSEMAP>
		</MATERIAL>
		<MATERIAL name="HL2-MUD_trench_mud">
			<DIFFUSE>1.00000000 1.00000000 1.00000000</DIFFUSE>
			<AMBIENT>1.00000000 1.00000000 1.00000000</AMBIENT>
			<SPECULAR>1.00000000 1.00000000 1.00000000</SPECULAR>
			<DIFFUSEMAP>HL2-MUD/trench_mud.tga</DIFFUSEMAP>
		</MATERIAL>
		<MATERIAL name="HL2-PLASTER_tudor_set2bW">
			<DIFFUSE>1.00000000 1.00000000 1.00000000</DIFFUSE>
			<AMBIENT>1.00000000 1.00000000 1.00000000</AMBIENT>
			<SPECULAR>1.00000000 1.00000000 1.00000000</SPECULAR>
			<DIFFUSEMAP>HL2-PLASTER/tudor_set2bW.tga</DIFFUSEMAP>
		</MATERIAL>
		<MATERIAL name="HL2-SNOW_natesnow_rough256_ground">
			<DIFFUSE>1.00000000 1.00000000 1.00000000</DIFFUSE>
			<AMBIENT>1.00000000 1.00000000 1.00000000</AMBIENT>
			<SPECULAR>1.00000000 1.00000000 1.00000000</SPECULAR>
			<DIFFUSEMAP>HL2-SNOW/natesnow_rough256_ground.tga</DIFFUSEMAP>
		</MATERIAL>
		<MATERIAL name="HL2-PLASTER_plaster_wall2a">
			<DIFFUSE>1.00000000 1.00000000 1.00000000</DIFFUSE>
			<AMBIENT>1.00000000 1.00000000 1.00000000</AMBIENT>
			<SPECULAR>1.00000000 1.00000000 1.00000000</SPECULAR>
			<DIFFUSEMAP>HL2-PLASTER/plaster_wall2a.tga</DIFFUSEMAP>
		</MATERIAL>
		<MATERIAL name="HL2-ROCK_stonewall1snow">
			<DIFFUSE>1.00000000 1.00000000 1.00000000</DIFFUSE>
			<AMBIENT>1.00000000 1.00000000 1.00000000</AMBIENT>
			<SPECULAR>1.00000000 1.00000000 1.00000000</SPECULAR>
			<DIFFUSEMAP>HL2-ROCK/stonewall1snow.tga</DIFFUSEMAP>
		</MATERIAL>
		<MATERIAL name="HL2-METAL_jh_pipe1">
			<DIFFUSE>1.00000000 1.00000000 1.00000000</DIFFUSE>
			<AMBIENT>1.00000000 1.00000000 1.00000000</AMBIENT>
			<SPECULAR>1.00000000 1.00000000 1.00000000</SPECULAR>
			<DIFFUSEMAP>HL2-METAL/jh_pipe1.tga</DIFFUSEMAP>
		</MATERIAL>
		<MATERIAL name="HL2-METAL_rusty_iron">
			<DIFFUSE>1.00000000 1.00000000 1.00000000</DIFFUSE>
			<AMBIENT>1.00000000 1.00000000 1.00000000</AMBIENT>
			<SPECULAR>1.00000000 1.00000000 1.00000000</SPECULAR>
			<DIFFUSEMAP>HL2-METAL/rusty_iron.tga</DIFFUSEMAP>
		</MATERIAL>
		<MATERIAL name="HL2-WOOD_jh_woodwall_2brn">
			<DIFFUSE>1.00000000 1.00000000 1.00000000</DIFFUSE>
			<AMBIENT>1.00000000 1.00000000 1.00000000</AMBIENT>
			<SPECULAR>1.00000000 1.00000000 1.00000000</SPECULAR>
			<DIFFUSEMAP>HL2-WOOD/jh_woodwall_2brn.tga</DIFFUSEMAP>
		</MATERIAL>
		<MATERIAL name="HL2-METAL_jh_pipeunion2b">
			<DIFFUSE>1.00000000 1.00000000 1.00000000</DIFFUSE>
			<AMBIENT>1.00000000 1.00000000 1.00000000</AMBIENT>
			<SPECULAR>1.00000000 1.00000000 1.00000000</SPECULAR>
			<DIFFUSEMAP>HL2-METAL/jh_pipeunion2b.tga</DIFFUSEMAP>
		</MATERIAL>
		<MATERIAL name="HL2-WOOD_IT_T_2-1TowerCeiling">
			<DIFFUSE>1.00000000 1.00000000 1.00000000</DIFFUSE>
			<AMBIENT>1.00000000 1.00000000 1.00000000</AMBIENT>
			<SPECULAR>1.00000000 1.00000000 1.00000000</SPECULAR>
			<DIFFUSEMAP>HL2-WOOD/IT_T_2-1TowerCeiling.tga</DIFFUSEMAP>
		</MATERIAL>
		<MATERIAL name="HL2-ROCK_stonewall2">
			<DIFFUSE>1.00000000 1.00000000 1.00000000</DIFFUSE>
			<AMBIENT>1.00000000 1.00000000 1.00000000</AMBIENT>
			<SPECULAR>1.00000000 1.00000000 1.00000000</SPECULAR>
			<DIFFUSEMAP>HL2-ROCK/stonewall2.tga</DIFFUSEMAP>
		</MATERIAL>
		<MATERIAL name="HL2-ROCK_ctrckset1_1">
			<DIFFUSE>1.00000000 1.00000000 1.00000000</DIFFUSE>
			<AMBIENT>1.00000000 1.00000000 1.00000000</AMBIENT>
			<SPECULAR>1.00000000 1.00000000 1.00000000</SPECULAR>
			<DIFFUSEMAP>HL2-ROCK/ctrckset1_1.tga</DIFFUSEMAP>
		</MATERIAL>
		<MATERIAL name="HL2-ICE_water_splash2">
			<DIFFUSE>1.00000000 1.00000000 1.00000000</DIFFUSE>
			<AMBIENT>1.00000000 1.00000000 1.00000000</AMBIENT>
			<SPECULAR>1.00000000 1.00000000 1.00000000</SPECULAR>
			<DIFFUSEMAP>HL2-ICE/water_splash2.tga</DIFFUSEMAP>
		</MATERIAL>
		<MATERIAL name="HL2-WOOD_mahogany_panel">
			<DIFFUSE>1.00000000 1.00000000 1.00000000</DIFFUSE>
			<AMBIENT>1.00000000 1.00000000 1.00000000</AMBIENT>
			<SPECULAR>1.00000000 1.00000000 1.00000000</SPECULAR>
			<DIFFUSEMAP>HL2-WOOD/mahogany_panel.tga</DIFFUSEMAP>
		</MATERIAL>
		<MATERIAL name="HL2-METAL_jh_corrdoor2bWntr">
			<DIFFUSE>1.00000000 1.00000000 1.00000000</DIFFUSE>
			<AMBIENT>1.00000000 1.00000000 1.00000000</AMBIENT>
			<SPECULAR>1.00000000 1.00000000 1.00000000</SPECULAR>
			<DIFFUSEMAP>HL2-METAL/jh_corrdoor2bWntr.tga</DIFFUSEMAP>
		</MATERIAL>
		<MATERIAL name="sky_sky_night.bmp">
			<DIFFUSE>1.00000000 1.00000000 1.00000000</DIFFUSE>
			<AMBIENT>1.00000000 1.00000000 1.00000000</AMBIENT>
			<SPECULAR>1.00000000 1.00000000 1.00000000</SPECULAR>
			<DIFFUSEMAP>sky/sky_night.bmp.tga</DIFFUSEMAP>
		</MATERIAL>
		<MATERIAL name="HL2-CARPET_sp_carpet_townhalltrim">
			<DIFFUSE>1.00000000 1.00000000 1.00000000</DIFFUSE>
			<AMBIENT>1.00000000 1.00000000 1.00000000</AMBIENT>
			<SPECULAR>1.00000000 1.00000000 1.00000000</SPECULAR>
			<DIFFUSEMAP>HL2-CARPET/sp_carpet_townhalltrim.tga</DIFFUSEMAP>
		</MATERIAL>
		<MATERIAL name="HL2-WOODTRIM_winterdoor">
			<DIFFUSE>1.00000000 1.00000000 1.00000000</DIFFUSE>
			<AMBIENT>1.00000000 1.00000000 1.00000000</AMBIENT>
			<SPECULAR>1.00000000 1.00000000 1.00000000</SPECULAR>
			<DIFFUSEMAP>HL2-WOODTRIM/winterdoor.tga</DIFFUSEMAP>
		</MATERIAL>
		<MATERIAL name="HL2-TILE_tiledfloor_manor">
			<DIFFUSE>1.00000000 1.00000000 1.00000000</DIFFUSE>
			<AMBIENT>1.00000000 1.00000000 1.00000000</AMBIENT>
			<SPECULAR>1.00000000 1.00000000 1.00000000</SPECULAR>
			<DIFFUSEMAP>HL2-TILE/tiledfloor_manor.tga</DIFFUSEMAP>
		</MATERIAL>
		<MATERIAL name="HL2-BRICK_brick1trimfncy">
			<DIFFUSE>1.00000000 1.00000000 1.00000000</DIFFUSE>
			<AMBIENT>1.00000000 1.00000000 1.00000000</AMBIENT>
			<SPECULAR>1.00000000 1.00000000 1.00000000</SPECULAR>
			<DIFFUSEMAP>HL2-BRICK/brick1trimfncy.tga</DIFFUSEMAP>
		</MATERIAL>
		<MATERIAL name="HL2-BRICK_brick1trim">
			<DIFFUSE>1.00000000 1.00000000 1.00000000</DIFFUSE>
			<AMBIENT>1.00000000 1.00000000 1.00000000</AMBIENT>
			<SPECULAR>1.00000000 1.00000000 1.00000000</SPECULAR>
			<DIFFUSEMAP>HL2-BRICK/brick1trim.tga</DIFFUSEMAP>
		</MATERIAL>
		<MATERIAL name="HL2-CARPET_sp_carpet_townhallworn">
			<DIFFUSE>1.00000000 1.00000000 1.00000000</DIFFUSE>
			<AMBIENT>1.00000000 1.00000000 1.00000000</AMBIENT>
			<SPECULAR>1.00000000 1.00000000 1.00000000</SPECULAR>
			<DIFFUSEMAP>HL2-CARPET/sp_carpet_townhallworn.tga</DIFFUSEMAP>
		</MATERIAL>
		<MATERIAL name="HL2-ROCK_Brest_wal1">
			<DIFFUSE>1.00000000 1.00000000 1.00000000</DIFFUSE>
			<AMBIENT>1.00000000 1.00000000 1.00000000</AMBIENT>
			<SPECULAR>1.00000000 1.00000000 1.00000000</SPECULAR>
			<DIFFUSEMAP>HL2-ROCK/Brest_wal1.tga</DIFFUSEMAP>
		</MATERIAL>
		<MATERIAL name="HL2-ROCK_cliffset2_sandtop2small">
			<DIFFUSE>1.00000000 1.00000000 1.00000000</DIFFUSE>
			<AMBIENT>1.00000000 1.00000000 1.00000000</AMBIENT>
			<SPECULAR>1.00000000 1.00000000 1.00000000</SPECULAR>
			<DIFFUSEMAP>HL2-ROCK/cliffset2_sandtop2small.tga</DIFFUSEMAP>
		</MATERIAL>
		<MATERIAL name="sky_Sky001">
			<DIFFUSE>1.00000000 1.00000000 1.00000000</DIFFUSE>
			<AMBIENT>1.00000000 1.00000000 1.00000000</AMBIENT>
			<SPECULAR>1.00000000 1.00000000 1.00000000</SPECULAR>
			<DIFFUSEMAP>sky/Sky001.tga</DIFFUSEMAP>
		</MATERIAL>
		<MATERIAL name="sky_alien2up">
			<DIFFUSE>1.00000000 1.00000000 1.00000000</DIFFUSE>
			<AMBIENT>1.00000000 1.00000000 1.00000000</AMBIENT>
			<SPECULAR>1.00000000 1.00000000 1.00000000</SPECULAR>
			<DIFFUSEMAP>sky/alien2up.tga</DIFFUSEMAP>
		</MATERIAL>
		<MATERIAL name="HL2-ROCK_cliffset2_sandtop2">
			<DIFFUSE>1.00000000 1.00000000 1.00000000</DIFFUSE>
			<AMBIENT>1.00000000 1.00000000 1.00000000</AMBIENT>
			<SPECULAR>1.00000000 1.00000000 1.00000000</SPECULAR>
			<DIFFUSEMAP>HL2-ROCK/cliffset2_sandtop2.tga</DIFFUSEMAP>
		</MATERIAL>
		<MATERIAL name="HL2-ROCK_cliffset2_sandtop2small_noshded">
			<DIFFUSE>1.00000000 1.00000000 1.00000000</DIFFUSE>
			<AMBIENT>1.00000000 1.00000000 1.00000000</AMBIENT>
			<SPECULAR>1.00000000 1.00000000 1.00000000</SPECULAR>
			<DIFFUSEMAP>HL2-ROCK/cliffset2_sandtop2small_noshded.tga</DIFFUSEMAP>
		</MATERIAL>
	</MATERIALLIST>
	<DUMMYLIST>
		<DUMMY name="spawn_solo_101">
			<POSITION>-672.00000000 -360.00000000 0.00000000</POSITION>
			<DIRECTION>-1.00000000 0.00000000 0.00000000</DIRECTION>
		</DUMMY>
		<DUMMY name="spawn_solo_102">
			<POSITION>3200.00000000 -960.00000000 1152.00000000</POSITION>
			<DIRECTION>-1.00000000 0.00000000 0.00000000</DIRECTION>
		</DUMMY>
		<DUMMY name="spawn_team1_101">
			<POSITION>-4096.00000000 512.00000000 -512.00000000</POSITION>
			<DIRECTION>0.00000000 1.00000000 0.00000000</DIRECTION>
		</DUMMY>
		<DUMMY name="spawn_team1_102">
			<POSITION>-4096.00000000 1280.00000000 -512.00000000</POSITION>
			<DIRECTION>0.00000000 1.00000000 0.00000000</DIRECTION>
		</DUMMY>
		<DUMMY name="spawn_team1_103">
			<POSITION>-4352.00000000 1280.00000000 -512.00000000</POSITION>
			<DIRECTION>0.00000000 1.00000000 0.00000000</DIRECTION>
		</DUMMY>
		<DUMMY name="spawn_team1_104">
			<POSITION>-4608.00000000 1280.00000000 -512.00000000</POSITION>
			<DIRECTION>0.00000000 1.00000000 0.00000000</DIRECTION>
		</DUMMY>
		<DUMMY name="spawn_team1_105">
			<POSITION>-4608.00000000 1024.00000000 -512.00000000</POSITION>
			<DIRECTION>0.00000000 1.00000000 0.00000000</DIRECTION>
		</DUMMY>
		<DUMMY name="spawn_team1_106">
			<POSITION>-4352.00000000 1024.00000000 -512.00000000</POSITION>
			<DIRECTION>0.00000000 1.00000000 0.00000000</DIRECTION>
		</DUMMY>
		<DUMMY name="spawn_team1_107">
			<POSITION>-4096.00000000 1024.00000000 -512.00000000</POSITION>
			<DIRECTION>0.00000000 1.00000000 0.00000000</DIRECTION>
		</DUMMY>
		<DUMMY name="spawn_team1_108">
			<POSITION>-4096.00000000 768.00000000 -512.00000000</POSITION>
			<DIRECTION>0.00000000 1.00000000 0.00000000</DIRECTION>
		</DUMMY>
		<DUMMY name="spawn_team1_109">
			<POSITION>-4352.00000000 768.00000000 -512.00000000</POSITION>
			<DIRECTION>0.00000000 1.00000000 0.00000000</DIRECTION>
		</DUMMY>
		<DUMMY name="spawn_team1_110">
			<POSITION>-4608.00000000 768.00000000 -512.00000000</POSITION>
			<DIRECTION>0.00000000 1.00000000 0.00000000</DIRECTION>
		</DUMMY>
		<DUMMY name="spawn_team1_111">
			<POSITION>-4608.00000000 512.00000000 -512.00000000</POSITION>
			<DIRECTION>0.00000000 1.00000000 0.00000000</DIRECTION>
		</DUMMY>
		<DUMMY name="spawn_team1_112">
			<POSITION>-4352.00000000 512.00000000 -512.00000000</POSITION>
			<DIRECTION>0.00000000 1.00000000 0.00000000</DIRECTION>
		</DUMMY>
		<DUMMY name="spawn_team2_101">
			<POSITION>0.00000000 5376.00000000 416.00000000</POSITION>
			<DIRECTION>0.00000000 1.00000000 0.00000000</DIRECTION>
		</DUMMY>
		<DUMMY name="spawn_team2_102">
			<POSITION>1024.00000000 5888.00000000 416.00000000</POSITION>
			<DIRECTION>0.00000000 1.00000000 0.00000000</DIRECTION>
		</DUMMY>
		<DUMMY name="spawn_team2_103">
			<POSITION>768.00000000 5888.00000000 416.00000000</POSITION>
			<DIRECTION>0.00000000 1.00000000 0.00000000</DIRECTION>
		</DUMMY>
		<DUMMY name="spawn_team2_104">
			<POSITION>512.00000000 5888.00000000 416.00000000</POSITION>
			<DIRECTION>0.00000000 1.00000000 0.00000000</DIRECTION>
		</DUMMY>
		<DUMMY name="spawn_team2_105">
			<POSITION>256.00000000 5888.00000000 416.00000000</POSITION>
			<DIRECTION>0.00000000 1.00000000 0.00000000</DIRECTION>
		</DUMMY>
		<DUMMY name="spawn_team2_106">
			<POSITION>0.00000000 5888.00000000 416.00000000</POSITION>
			<DIRECTION>0.00000000 1.00000000 0.00000000</DIRECTION>
		</DUMMY>
		<DUMMY name="spawn_team2_107">
			<POSITION>-256.00000000 5888.00000000 416.00000000</POSITION>
			<DIRECTION>0.00000000 1.00000000 0.00000000</DIRECTION>
		</DUMMY>
		<DUMMY name="spawn_team2_108">
			<POSITION>-512.00000000 5888.00000000 416.00000000</POSITION>
			<DIRECTION>0.00000000 1.00000000 0.00000000</DIRECTION>
		</DUMMY>
		<DUMMY name="spawn_team2_109">
			<POSITION>-512.00000000 5376.00000000 416.00000000</POSITION>
			<DIRECTION>0.00000000 1.00000000 0.00000000</DIRECTION>
		</DUMMY>
		<DUMMY name="spawn_team2_110">
			<POSITION>1024.00000000 5376.00000000 416.00000000</POSITION>
			<DIRECTION>0.00000000 1.00000000 0.00000000</DIRECTION>
		</DUMMY>
		<DUMMY name="spawn_team2_111">
			<POSITION>512.00000000 5376.00000000 416.00000000</POSITION>
			<DIRECTION>0.00000000 1.00000000 0.00000000</DIRECTION>
		</DUMMY>
		<DUMMY name="spawn_solo_103">
			<POSITION>-1280.00000000 5888.00000000 416.00000000</POSITION>
			<DIRECTION>0.00000000 1.00000000 0.00000000</DIRECTION>
		</DUMMY>
	</DUMMYLIST>
	<FOG min="0" max="4500">
		<R>204</R>
		<G>204</G>
		<B>204</B>
	</FOG>
	<GLOBAL>
		<fog_enable>TRUE</fog_enable>
		<fog_min>0</fog_min>
		<fog_max>4500</fog_max>
		<fog_color>204,204,204</fog_color>
		<far_z>6500</far_z>
	</GLOBAL>
</XML>
