<?xml version="1.0" encoding="UTF-8"?>
<XML>
	<MATERIALLIST>
		<MATERIAL name="ame7q3dm2_e8crete03_blue">
			<DIFFUSE>1.00000000 1.00000000 1.00000000</DIFFUSE>
			<AMBIENT>1.00000000 1.00000000 1.00000000</AMBIENT>
			<SPECULAR>1.00000000 1.00000000 1.00000000</SPECULAR>
			<DIFFUSEMAP>ame7q3dm2/e8crete03_blue.jpg</DIFFUSEMAP>
		</MATERIAL>
		<MATERIAL name="ame7q3dm2_e8_base1">
			<DIFFUSE>1.00000000 1.00000000 1.00000000</DIFFUSE>
			<AMBIENT>1.00000000 1.00000000 1.00000000</AMBIENT>
			<SPECULAR>1.00000000 1.00000000 1.00000000</SPECULAR>
			<DIFFUSEMAP>ame7q3dm2/e8_base1.jpg</DIFFUSEMAP>
		</MATERIAL>
		<MATERIAL name="ame7q3dm2_e8_jumppad02">
			<DIFFUSE>1.00000000 1.00000000 1.00000000</DIFFUSE>
			<AMBIENT>1.00000000 1.00000000 1.00000000</AMBIENT>
			<SPECULAR>1.00000000 1.00000000 1.00000000</SPECULAR>
			<DIFFUSEMAP>ame7q3dm2/e8_jumppad02.tga</DIFFUSEMAP>
		</MATERIAL>
		<MATERIAL name="ame7q3dm2_e8jumpspawn02b">
			<DIFFUSE>1.00000000 1.00000000 1.00000000</DIFFUSE>
			<AMBIENT>1.00000000 1.00000000 1.00000000</AMBIENT>
			<SPECULAR>1.00000000 1.00000000 1.00000000</SPECULAR>
			<DIFFUSEMAP>ame7q3dm2/e8jumpspawn02b.tga</DIFFUSEMAP>
		</MATERIAL>
		<MATERIAL name="ame7q3dm2_e8crete03">
			<DIFFUSE>1.00000000 1.00000000 1.00000000</DIFFUSE>
			<AMBIENT>1.00000000 1.00000000 1.00000000</AMBIENT>
			<SPECULAR>1.00000000 1.00000000 1.00000000</SPECULAR>
			<DIFFUSEMAP>ame7q3dm2/e8crete03.jpg</DIFFUSEMAP>
		</MATERIAL>
		<MATERIAL name="ame7q3dm2_e8trimlight2_blue">
			<DIFFUSE>1.00000000 1.00000000 1.00000000</DIFFUSE>
			<AMBIENT>1.00000000 1.00000000 1.00000000</AMBIENT>
			<SPECULAR>1.00000000 1.00000000 1.00000000</SPECULAR>
			<DIFFUSEMAP>ame7q3dm2/e8trimlight2_blue.jpg</DIFFUSEMAP>
		</MATERIAL>
		<MATERIAL name="ame7q3dm2_e8basictrim2_blue">
			<DIFFUSE>1.00000000 1.00000000 1.00000000</DIFFUSE>
			<AMBIENT>1.00000000 1.00000000 1.00000000</AMBIENT>
			<SPECULAR>1.00000000 1.00000000 1.00000000</SPECULAR>
			<DIFFUSEMAP>ame7q3dm2/e8basictrim2_blue.jpg</DIFFUSEMAP>
		</MATERIAL>
		<MATERIAL name="base_trim_pewter_shiney">
			<DIFFUSE>1.00000000 1.00000000 1.00000000</DIFFUSE>
			<AMBIENT>1.00000000 1.00000000 1.00000000</AMBIENT>
			<SPECULAR>1.00000000 1.00000000 1.00000000</SPECULAR>
			<DIFFUSEMAP>base_trim/pewter_shiney.tga</DIFFUSEMAP>
		</MATERIAL>
		<MATERIAL name="ame7q3dm2_e8clangfloor04b">
			<DIFFUSE>1.00000000 1.00000000 1.00000000</DIFFUSE>
			<AMBIENT>1.00000000 1.00000000 1.00000000</AMBIENT>
			<SPECULAR>1.00000000 1.00000000 1.00000000</SPECULAR>
			<DIFFUSEMAP>ame7q3dm2/e8clangfloor04b.jpg</DIFFUSEMAP>
		</MATERIAL>
		<MATERIAL name="ame7q3dm2_e8_mtlwall2">
			<DIFFUSE>1.00000000 1.00000000 1.00000000</DIFFUSE>
			<AMBIENT>1.00000000 1.00000000 1.00000000</AMBIENT>
			<SPECULAR>1.00000000 1.00000000 1.00000000</SPECULAR>
			<DIFFUSEMAP>ame7q3dm2/e8_mtlwall2.jpg</DIFFUSEMAP>
		</MATERIAL>
		<MATERIAL name="ame7q3dm2_Gamenao">
			<DIFFUSE>1.00000000 1.00000000 1.00000000</DIFFUSE>
			<AMBIENT>1.00000000 1.00000000 1.00000000</AMBIENT>
			<SPECULAR>1.00000000 1.00000000 1.00000000</SPECULAR>
			<DIFFUSEMAP>ame7q3dm2/Gamenao.tga</DIFFUSEMAP>
		</MATERIAL>
		<MATERIAL name="ame7q3dm2_e8_launchpad1">
			<DIFFUSE>1.00000000 1.00000000 1.00000000</DIFFUSE>
			<AMBIENT>1.00000000 1.00000000 1.00000000</AMBIENT>
			<SPECULAR>1.00000000 1.00000000 1.00000000</SPECULAR>
			<DIFFUSEMAP>ame7q3dm2/e8_launchpad1.tga</DIFFUSEMAP>
		</MATERIAL>
	</MATERIALLIST>
	<DUMMYLIST>
		<DUMMY name="spawn_solo_101">
			<POSITION>4147.20000000 4241.60000000 422.40000000</POSITION>
			<DIRECTION>-0.70710678 0.70710678 0.00000000</DIRECTION>
		</DUMMY>
		<DUMMY name="spawn_solo_102">
			<POSITION>2918.40000000 5470.40000000 422.40000000</POSITION>
			<DIRECTION>-0.70710678 0.70710678 0.00000000</DIRECTION>
		</DUMMY>
		<DUMMY name="spawn_solo_103">
			<POSITION>-2918.40000000 5470.40000000 422.40000000</POSITION>
			<DIRECTION>0.70710678 0.70710678 0.00000000</DIRECTION>
		</DUMMY>
		<DUMMY name="spawn_solo_104">
			<POSITION>-4147.20000000 4241.60000000 422.40000000</POSITION>
			<DIRECTION>0.70710678 0.70710678 0.00000000</DIRECTION>
		</DUMMY>
		<DUMMY name="spawn_solo_105">
			<POSITION>2918.40000000 -5896.00000000 422.40000000</POSITION>
			<DIRECTION>-0.70710678 -0.70710678 0.00000000</DIRECTION>
		</DUMMY>
		<DUMMY name="spawn_solo_106">
			<POSITION>4147.20000000 -4667.20000000 422.40000000</POSITION>
			<DIRECTION>-0.70710678 -0.70710678 0.00000000</DIRECTION>
		</DUMMY>
		<DUMMY name="spawn_solo_107">
			<POSITION>-3993.60000000 -4820.80000000 422.40000000</POSITION>
			<DIRECTION>0.70710678 -0.70710678 0.00000000</DIRECTION>
		</DUMMY>
		<DUMMY name="spawn_solo_108">
			<POSITION>-3072.00000000 -5742.40000000 422.40000000</POSITION>
			<DIRECTION>0.70710678 -0.70710678 0.00000000</DIRECTION>
		</DUMMY>
		<DUMMY name="spawn_solo_109">
			<POSITION>0.00000000 -673.60000000 115.20000000</POSITION>
			<DIRECTION>0.00000000 1.00000000 0.00000000</DIRECTION>
		</DUMMY>
		<DUMMY name="spawn_solo_110">
			<POSITION>0.00000000 248.00000000 115.20000000</POSITION>
			<DIRECTION>-0.00000000 -1.00000000 0.00000000</DIRECTION>
		</DUMMY>
		<DUMMY name="spawn_solo_111">
			<POSITION>-921.60000000 1016.00000000 -345.60000000</POSITION>
			<DIRECTION>-0.70710678 0.70710678 0.00000000</DIRECTION>
		</DUMMY>
		<DUMMY name="spawn_solo_112">
			<POSITION>921.60000000 1016.00000000 -345.60000000</POSITION>
			<DIRECTION>0.70710678 0.70710678 0.00000000</DIRECTION>
		</DUMMY>
		<DUMMY name="spawn_solo_113">
			<POSITION>921.60000000 -1441.60000000 -345.60000000</POSITION>
			<DIRECTION>0.70710678 -0.70710678 0.00000000</DIRECTION>
		</DUMMY>
		<DUMMY name="spawn_solo_114">
			<POSITION>-921.60000000 -1441.60000000 -345.60000000</POSITION>
			<DIRECTION>-0.70710678 -0.70710678 0.00000000</DIRECTION>
		</DUMMY>
		<DUMMY name="spawn_team1_101">
			<POSITION>0.00000000 -7504.00000000 984.00000000</POSITION>
			<DIRECTION>-1.00000000 0.00000000 0.00000000</DIRECTION>
		</DUMMY>
		<DUMMY name="spawn_team2_101">
			<POSITION>0.00000000 7640.00000000 584.00000000</POSITION>
			<DIRECTION>-1.00000000 0.00000000 0.00000000</DIRECTION>
		</DUMMY>
	</DUMMYLIST>
</XML>
