<?xml version="1.0"?>
<XML>
	<MATERIALLIST>
		<MATERIAL name="11___Default">
			<DIFFUSE>0.5882000 0.5882000 0.5882000</DIFFUSE>
			<AMBIENT>0.5882000 0.5882000 0.5882000</AMBIENT>
			<SPECULAR>0.9000000 0.9000000 0.9000000</SPECULAR>
			<DIFFUSEMAP>da71bed2.dds</DIFFUSEMAP>
		</MATERIAL>
		<MATERIAL name="10___Default">
			<DIFFUSE>0.5882000 0.5882000 0.5882000</DIFFUSE>
			<AMBIENT>0.5882000 0.5882000 0.5882000</AMBIENT>
			<SPECULAR>0.9000000 0.9000000 0.9000000</SPECULAR>
			<DIFFUSEMAP>c1b4eee3.dds</DIFFUSEMAP>
		</MATERIAL>
		<MATERIAL name="15 - Default">
			<DIFFUSE>0.5882353 0.5882353 0.5882353</DIFFUSE>
			<AMBIENT>0.5882353 0.5882353 0.5882353</AMBIENT>
			<SPECULAR>0.9000000 0.9000000 0.9000000</SPECULAR>
			<DIFFUSEMAP>b81414c9.dds</DIFFUSEMAP>
		</MATERIAL>
		<MATERIAL name="08___Default">
			<DIFFUSE>0.5882000 0.5882000 0.5882000</DIFFUSE>
			<AMBIENT>0.5882000 0.5882000 0.5882000</AMBIENT>
			<SPECULAR>0.9000000 0.9000000 0.9000000</SPECULAR>
			<DIFFUSEMAP>5fe2a31a.dds</DIFFUSEMAP>
			<TWOSIDED/>
		</MATERIAL>
		<MATERIAL name="Material__1029">
			<DIFFUSE>0.9725000 0.9725000 0.9725000</DIFFUSE>
			<AMBIENT>0.7059000 0.7059000 0.7059000</AMBIENT>
			<SPECULAR>0.9000000 0.9000000 0.9000000</SPECULAR>
			<DIFFUSEMAP>f01sky.bmp</DIFFUSEMAP>
			<TWOSIDED/>
		</MATERIAL>
		<MATERIAL name="medwu">
			<DIFFUSE>1.0000000 1.0000000 1.0000000</DIFFUSE>
			<AMBIENT>0.7059000 0.7059000 0.7059000</AMBIENT>
			<SPECULAR>0.9000000 0.9000000 0.9000000</SPECULAR>
			<DIFFUSEMAP>cdld.tga</DIFFUSEMAP>
			<TWOSIDED/>
			<USEOPACITY/>
		</MATERIAL>
		<MATERIAL name="07___Default">
			<DIFFUSE>0.5882000 0.5882000 0.5882000</DIFFUSE>
			<AMBIENT>0.5882000 0.5882000 0.5882000</AMBIENT>
			<SPECULAR>0.9000000 0.9000000 0.9000000</SPECULAR>
			<DIFFUSEMAP>925944a7.dds</DIFFUSEMAP>
		</MATERIAL>
		<MATERIAL name="17 - Default">
			<DIFFUSE>0.5882353 0.5882353 0.5882353</DIFFUSE>
			<AMBIENT>0.5882353 0.5882353 0.5882353</AMBIENT>
			<SPECULAR>0.9000000 0.9000000 0.9000000</SPECULAR>
			<DIFFUSEMAP>925944a7.dds</DIFFUSEMAP>
		</MATERIAL>
	</MATERIALLIST>
	<LIGHTLIST>
		<LIGHT name="Omni_main 01">
			<POSITION>25620.2480469 10400.3007813 32192.7070313</POSITION>
			<COLOR>0.9098040 0.9686275 1.0000000</COLOR>
			<INTENSITY>0.0900000</INTENSITY>
			<ATTENUATIONSTART>76200.0000000</ATTENUATIONSTART>
			<ATTENUATIONEND>76200.0000000</ATTENUATIONEND>
		</LIGHT>
		<LIGHT name="Omni_main 02">
			<POSITION>-17820.4609375 13689.7207031 10571.0791016</POSITION>
			<COLOR>0.9098040 0.9686275 1.0000000</COLOR>
			<INTENSITY>0.0900000</INTENSITY>
			<ATTENUATIONSTART>76200.0000000</ATTENUATIONSTART>
			<ATTENUATIONEND>76200.0000000</ATTENUATIONEND>
		</LIGHT>
		<LIGHT name="Omni_main 03">
			<POSITION>-17820.4609375 -13638.7353516 10571.0791016</POSITION>
			<COLOR>0.9098040 0.9686275 1.0000000</COLOR>
			<INTENSITY>0.0900000</INTENSITY>
			<ATTENUATIONSTART>76200.0000000</ATTENUATIONSTART>
			<ATTENUATIONEND>76200.0000000</ATTENUATIONEND>
		</LIGHT>
		<LIGHT name="Omni_main 04">
			<POSITION>25620.2480469 -10349.3154297 32192.7070313</POSITION>
			<COLOR>0.9098040 0.9686275 1.0000000</COLOR>
			<INTENSITY>0.0900000</INTENSITY>
			<ATTENUATIONSTART>76200.0000000</ATTENUATIONSTART>
			<ATTENUATIONEND>76200.0000000</ATTENUATIONEND>
		</LIGHT>
		<LIGHT name="Omni_main 05">
			<POSITION>-17650.6816406 13689.7207031 -11832.6054688</POSITION>
			<COLOR>0.9098040 0.9686275 1.0000000</COLOR>
			<INTENSITY>0.0900000</INTENSITY>
			<ATTENUATIONSTART>76200.0000000</ATTENUATIONSTART>
			<ATTENUATIONEND>76200.0000000</ATTENUATIONEND>
		</LIGHT>
		<LIGHT name="Omni_main 06">
			<POSITION>-17650.6816406 -13638.7353516 -11832.6054688</POSITION>
			<COLOR>0.9098040 0.9686275 1.0000000</COLOR>
			<INTENSITY>0.0900000</INTENSITY>
			<ATTENUATIONSTART>76200.0000000</ATTENUATIONSTART>
			<ATTENUATIONEND>76200.0000000</ATTENUATIONEND>
		</LIGHT>
		<LIGHT name="Omni_main 07">
			<POSITION>25913.5078125 -10349.3154297 -8637.2939453</POSITION>
			<COLOR>0.9098040 0.9686275 1.0000000</COLOR>
			<INTENSITY>0.0900000</INTENSITY>
			<ATTENUATIONSTART>76200.0000000</ATTENUATIONSTART>
			<ATTENUATIONEND>76200.0000000</ATTENUATIONEND>
		</LIGHT>
		<LIGHT name="Omni_main 08">
			<POSITION>25913.5078125 10400.3007813 -8637.2939453</POSITION>
			<COLOR>0.9098040 0.9686275 1.0000000</COLOR>
			<INTENSITY>0.0900000</INTENSITY>
			<ATTENUATIONSTART>76200.0000000</ATTENUATIONSTART>
			<ATTENUATIONEND>76200.0000000</ATTENUATIONEND>
		</LIGHT>
		<LIGHT name="Omni_main 09">
			<POSITION>30083.3515625 -13153.6435547 29761.2773438</POSITION>
			<COLOR>0.9098040 0.9686275 1.0000000</COLOR>
			<INTENSITY>0.4500000</INTENSITY>
			<ATTENUATIONSTART>76200.0000000</ATTENUATIONSTART>
			<ATTENUATIONEND>76200.0000000</ATTENUATIONEND>
		</LIGHT>
		<LIGHT name="sun_Omni">
			<POSITION>42784.2304688 33506.1484375 19209.5800781</POSITION>
			<COLOR>1.0000000 1.0000000 1.0000000</COLOR>
			<INTENSITY>0.3000000</INTENSITY>
			<ATTENUATIONSTART>254000.0000000</ATTENUATIONSTART>
			<ATTENUATIONEND>254000.0000000</ATTENUATIONEND>
			<CASTSHADOW/>
		</LIGHT>
	</LIGHTLIST>
	<OBJECTLIST>
		<OBJECT name="maps_WU.elu">
		</OBJECT>
	</OBJECTLIST>
	<DUMMYLIST>
		<DUMMY name="spawn_solo_101">
			<POSITION>-170.5170898 321.6837463 327.2222900</POSITION>
			<DIRECTION>0.0000000 0.9999999 0.0000000</DIRECTION>
		</DUMMY>
		<DUMMY name="spawn_team1_101">
			<POSITION>569.6774902 -868.4426270 352.8007813</POSITION>
			<DIRECTION>0.0000001 -0.9999999 0.0000000</DIRECTION>
		</DUMMY>
		<DUMMY name="spawn_solo_101">
			<POSITION>-727.5975952 723.4389648 184.6539307</POSITION>
			<DIRECTION>-0.9999999 -0.0000001 0.0000000</DIRECTION>
		</DUMMY>
		<DUMMY name="spawn_team2_101">
			<POSITION>-508.9228516 368.1560974 352.7998047</POSITION>
			<DIRECTION>0.0000000 0.9999999 0.0000000</DIRECTION>
		</DUMMY>
		<DUMMY name="spawn_solo_102">
			<POSITION>-538.6483765 -1242.6046143 494.3406982</POSITION>
			<DIRECTION>-0.9999999 -0.0000001 0.0000000</DIRECTION>
		</DUMMY>
		<DUMMY name="spawn_solo_103">
			<POSITION>577.5947876 801.8024902 494.3406982</POSITION>
			<DIRECTION>0.0000001 -0.9999999 0.0000000</DIRECTION>
		</DUMMY>
		<DUMMY name="spawn_solo_104">
			<POSITION>43.7973633 -720.7780151 494.3397217</POSITION>
			<DIRECTION>0.0000000 0.9999999 0.0000000</DIRECTION>
		</DUMMY>
		<DUMMY name="spawn_solo_105">
			<POSITION>-722.0692749 887.2847290 452.1168213</POSITION>
			<DIRECTION>0.0000001 -0.9999999 0.0000000</DIRECTION>
		</DUMMY>
		<DUMMY name="spawn_solo_106">
			<POSITION>-134.8159180 921.4987793 184.6539307</POSITION>
			<DIRECTION>-0.0000001 -0.9999999 0.0000000</DIRECTION>
		</DUMMY>
		<DUMMY name="spawn_solo_107">
			<POSITION>-842.3280640 -907.6016235 494.3397217</POSITION>
			<DIRECTION>0.9999999 -0.0000001 0.0000000</DIRECTION>
		</DUMMY>
		<DUMMY name="spawn_solo_108">
			<POSITION>764.0195923 257.7866516 184.6539307</POSITION>
			<DIRECTION>0.0000000 0.9999999 0.0000000</DIRECTION>
		</DUMMY>
		<DUMMY name="spawn_solo_109">
			<POSITION>155.5293427 -780.0937500 368.6534424</POSITION>
			<DIRECTION>0.0000000 0.9999999 0.0000000</DIRECTION>
		</DUMMY>
		<DUMMY name="spawn_solo_110">
			<POSITION>-121.9565430 -1282.0439453 184.6539307</POSITION>
			<DIRECTION>0.0000000 0.9999999 0.0000000</DIRECTION>
		</DUMMY>
		<DUMMY name="spawn_solo_111">
			<POSITION>-218.1112823 -454.6375732 494.3397217</POSITION>
			<DIRECTION>-0.9999999 -0.0000001 0.0000000</DIRECTION>
		</DUMMY>
		<DUMMY name="spawn_solo_112">
			<POSITION>1454.8105469 -81.1839905 494.3397217</POSITION>
			<DIRECTION>0.0000000 0.9999999 0.0000000</DIRECTION>
		</DUMMY>
		<DUMMY name="spawn_solo_113">
			<POSITION>888.0127563 875.9194946 111.1490479</POSITION>
			<DIRECTION>-0.9999999 -0.0000001 0.0000000</DIRECTION>
		</DUMMY>
		<DUMMY name="spawn_solo_114">
			<POSITION>142.6709442 -1702.5305176 620.3966064</POSITION>
			<DIRECTION>0.0000001 -0.9999999 0.0000000</DIRECTION>
		</DUMMY>
		<DUMMY name="spawn_solo_115">
			<POSITION>186.4790039 1013.8693848 184.6539307</POSITION>
			<DIRECTION>0.0000001 -0.9999999 0.0000000</DIRECTION>
		</DUMMY>
		<DUMMY name="spawn_solo_116">
			<POSITION>334.1074829 1449.6143799 494.3406982</POSITION>
			<DIRECTION>0.0000001 -0.9999999 0.0000000</DIRECTION>
		</DUMMY>
		<DUMMY name="spawn_solo_117">
			<POSITION>32.8774414 -341.2787781 225.6429443</POSITION>
			<DIRECTION>0.0000001 -0.9999999 0.0000000</DIRECTION>
		</DUMMY>
		<DUMMY name="spawn_solo_118">
			<POSITION>-252.3427277 -1314.8306885 494.3397217</POSITION>
			<DIRECTION>-0.9999999 -0.0000001 0.0000000</DIRECTION>
		</DUMMY>
		<DUMMY name="spawn_solo_119">
			<POSITION>1338.9921875 320.0819702 494.3397217</POSITION>
			<DIRECTION>0.0000000 0.9999999 0.0000000</DIRECTION>
		</DUMMY>
		<DUMMY name="spawn_solo_120">
			<POSITION>1006.7520142 -231.1311798 184.6539307</POSITION>
			<DIRECTION>0.0000000 0.9999999 0.0000000</DIRECTION>
		</DUMMY>
		<DUMMY name="spawn_solo_121">
			<POSITION>432.3526001 -14.4835281 368.6534424</POSITION>
			<DIRECTION>-0.9999999 -0.0000001 0.0000000</DIRECTION>
		</DUMMY>
		<DUMMY name="spawn_solo_122">
			<POSITION>642.0293579 -2081.4057617 494.3397217</POSITION>
			<DIRECTION>-0.0000001 -0.9999999 0.0000000</DIRECTION>
		</DUMMY>
		<DUMMY name="spawn_solo_123">
			<POSITION>-63.3554230 1023.7098999 111.1490479</POSITION>
			<DIRECTION>0.9999999 -0.0000001 0.0000000</DIRECTION>
		</DUMMY>
		<DUMMY name="spawn_solo_124">
			<POSITION>-48748.6210938 1100.4316406 -1804.9968262</POSITION>
			<DIRECTION>0.0000000 0.9999999 0.0000000</DIRECTION>
		</DUMMY>
		<DUMMY name="spawn_solo_125">
			<POSITION>487.7568970 -1267.7672119 169.2391357</POSITION>
			<DIRECTION>0.0000001 -0.9999999 0.0000000</DIRECTION>
		</DUMMY>
		<DUMMY name="spawn_solo_126">
			<POSITION>-650.4100952 -1805.8846436 494.3397217</POSITION>
			<DIRECTION>0.0000001 -0.9999999 0.0000000</DIRECTION>
		</DUMMY>
		<DUMMY name="spawn_solo_127">
			<POSITION>658.6299438 -441.0634155 494.3397217</POSITION>
			<DIRECTION>-0.0000001 -0.9999999 0.0000000</DIRECTION>
		</DUMMY>
		<DUMMY name="spawn_solo_128">
			<POSITION>-1250.8964844 284.4579468 494.3397217</POSITION>
			<DIRECTION>0.0000000 0.9999999 0.0000000</DIRECTION>
		</DUMMY>
		<DUMMY name="spawn_solo_129">
			<POSITION>566.0645142 -1554.3515625 184.6539307</POSITION>
			<DIRECTION>0.0000000 0.9999999 0.0000000</DIRECTION>
		</DUMMY>
		<DUMMY name="spawn_solo_130">
			<POSITION>-185.7675323 258.8916321 184.6539307</POSITION>
			<DIRECTION>-0.0000001 -0.9999999 0.0000000</DIRECTION>
		</DUMMY>
		<DUMMY name="spawn_solo_131">
			<POSITION>1179.2207031 785.9265137 184.6539307</POSITION>
			<DIRECTION>0.0000000 0.9999999 0.0000000</DIRECTION>
		</DUMMY>
		<DUMMY name="spawn_solo_132">
			<POSITION>746.7168579 -914.9091187 494.3402100</POSITION>
			<DIRECTION>-0.9999999 -0.0000001 0.0000000</DIRECTION>
		</DUMMY>
		<DUMMY name="spawn_team2_102">
			<POSITION>-842.4355469 368.1560974 352.7998047</POSITION>
			<DIRECTION>0.0000000 0.9999999 0.0000000</DIRECTION>
		</DUMMY>
		<DUMMY name="spawn_team1_102">
			<POSITION>903.1892090 -868.4426270 352.8007813</POSITION>
			<DIRECTION>0.0000001 -0.9999999 0.0000000</DIRECTION>
		</DUMMY>
		<DUMMY name="spawn_team2_103">
			<POSITION>-1175.9492188 368.1560974 352.7998047</POSITION>
			<DIRECTION>0.0000000 0.9999999 0.0000000</DIRECTION>
		</DUMMY>
		<DUMMY name="spawn_team1_103">
			<POSITION>1236.7009277 -868.4426270 352.8007813</POSITION>
			<DIRECTION>0.0000001 -0.9999999 0.0000000</DIRECTION>
		</DUMMY>
		<DUMMY name="spawn_team2_104">
			<POSITION>-1509.4619141 368.1560974 352.7998047</POSITION>
			<DIRECTION>0.0000000 0.9999999 0.0000000</DIRECTION>
		</DUMMY>
		<DUMMY name="spawn_team1_104">
			<POSITION>1570.2165527 -868.4426270 352.8007813</POSITION>
			<DIRECTION>0.0000001 -0.9999999 0.0000000</DIRECTION>
		</DUMMY>
		<DUMMY name="spawn_team2_105">
			<POSITION>-494.7089844 -7.8048429 352.7998047</POSITION>
			<DIRECTION>0.0000000 0.9999999 0.0000000</DIRECTION>
		</DUMMY>
		<DUMMY name="spawn_team1_105">
			<POSITION>557.3728027 -467.5163269 352.8007813</POSITION>
			<DIRECTION>0.0000001 -0.9999999 0.0000000</DIRECTION>
		</DUMMY>
		<DUMMY name="spawn_team2_106">
			<POSITION>-828.2226563 -7.8048429 352.7998047</POSITION>
			<DIRECTION>0.0000000 0.9999999 0.0000000</DIRECTION>
		</DUMMY>
		<DUMMY name="spawn_team1_106">
			<POSITION>890.8884277 -467.5163269 352.8007813</POSITION>
			<DIRECTION>0.0000001 -0.9999999 0.0000000</DIRECTION>
		</DUMMY>
		<DUMMY name="spawn_team2_107">
			<POSITION>-1161.7353516 -7.8048429 352.7998047</POSITION>
			<DIRECTION>0.0000000 0.9999999 0.0000000</DIRECTION>
		</DUMMY>
		<DUMMY name="spawn_team1_107">
			<POSITION>1224.4040527 -467.5163269 352.8007813</POSITION>
			<DIRECTION>0.0000001 -0.9999999 0.0000000</DIRECTION>
		</DUMMY>
		<DUMMY name="spawn_team2_108">
			<POSITION>-1495.2480469 -7.8048429 352.7998047</POSITION>
			<DIRECTION>0.0000000 0.9999999 0.0000000</DIRECTION>
		</DUMMY>
		<DUMMY name="spawn_team1_108">
			<POSITION>1557.9118652 -467.5163269 352.8007813</POSITION>
			<DIRECTION>0.0000001 -0.9999999 0.0000000</DIRECTION>
		</DUMMY>
		<DUMMY name="spawn_team2_109">
			<POSITION>-508.5283203 -382.9591370 352.7998047</POSITION>
			<DIRECTION>0.0000000 0.9999999 0.0000000</DIRECTION>
		</DUMMY>
		<DUMMY name="spawn_team1_109">
			<POSITION>570.9196777 -92.7008972 352.8007813</POSITION>
			<DIRECTION>0.0000001 -0.9999999 0.0000000</DIRECTION>
		</DUMMY>
		<DUMMY name="spawn_team2_110">
			<POSITION>-842.0410156 -382.9591370 352.7998047</POSITION>
			<DIRECTION>0.0000000 0.9999999 0.0000000</DIRECTION>
		</DUMMY>
		<DUMMY name="spawn_team1_110">
			<POSITION>904.4353027 -92.7008972 352.8007813</POSITION>
			<DIRECTION>0.0000001 -0.9999999 0.0000000</DIRECTION>
		</DUMMY>
		<DUMMY name="spawn_team2_111">
			<POSITION>-1175.5546875 -382.9591370 352.7998047</POSITION>
			<DIRECTION>0.0000000 0.9999999 0.0000000</DIRECTION>
		</DUMMY>
		<DUMMY name="spawn_team1_111">
			<POSITION>1237.9470215 -92.7008972 352.8007813</POSITION>
			<DIRECTION>0.0000001 -0.9999999 0.0000000</DIRECTION>
		</DUMMY>
		<DUMMY name="spawn_team2_112">
			<POSITION>-1509.0673828 -382.9591370 352.7998047</POSITION>
			<DIRECTION>0.0000000 0.9999999 0.0000000</DIRECTION>
		</DUMMY>
		<DUMMY name="spawn_team1_112">
			<POSITION>1571.4587402 -92.7008972 352.8007813</POSITION>
			<DIRECTION>0.0000001 -0.9999999 0.0000000</DIRECTION>
		</DUMMY>
		<DUMMY name="spawn_team2_113">
			<POSITION>-523.4189453 -784.2228394 352.7998047</POSITION>
			<DIRECTION>0.0000000 0.9999999 0.0000000</DIRECTION>
		</DUMMY>
		<DUMMY name="spawn_team1_113">
			<POSITION>583.3923340 309.8967590 352.8007813</POSITION>
			<DIRECTION>0.0000001 -0.9999999 0.0000000</DIRECTION>
		</DUMMY>
		<DUMMY name="spawn_team2_114">
			<POSITION>-856.9316406 -784.2228394 352.7998047</POSITION>
			<DIRECTION>0.0000000 0.9999999 0.0000000</DIRECTION>
		</DUMMY>
		<DUMMY name="spawn_team1_114">
			<POSITION>916.9040527 309.8967590 352.8007813</POSITION>
			<DIRECTION>0.0000001 -0.9999999 0.0000000</DIRECTION>
		</DUMMY>
		<DUMMY name="spawn_team2_115">
			<POSITION>-1190.4462891 -784.2228394 352.7998047</POSITION>
			<DIRECTION>0.0000000 0.9999999 0.0000000</DIRECTION>
		</DUMMY>
		<DUMMY name="spawn_team1_115">
			<POSITION>1250.4196777 309.8967590 352.8007813</POSITION>
			<DIRECTION>0.0000001 -0.9999999 0.0000000</DIRECTION>
		</DUMMY>
		<DUMMY name="spawn_team2_116">
			<POSITION>-1523.9589844 -784.2228394 352.7998047</POSITION>
			<DIRECTION>0.0000000 0.9999999 0.0000000</DIRECTION>
		</DUMMY>
		<DUMMY name="spawn_team1_116">
			<POSITION>1583.9313965 309.8967590 352.8007813</POSITION>
			<DIRECTION>0.0000001 -0.9999999 0.0000000</DIRECTION>
		</DUMMY>
		<DUMMY name="spawn_item_team_bullet02_02">
			<POSITION>142.5820313 -703.6735229 0.0000000</POSITION>
			<DIRECTION>0.0000000 0.9999999 0.0000000</DIRECTION>
		</DUMMY>
		<DUMMY name="spawn_item_team_bullet02_01">
			<POSITION>1474.3380127 -359.4478455 187.7263184</POSITION>
			<DIRECTION>0.0000000 0.9999999 0.0000000</DIRECTION>
		</DUMMY>
		<DUMMY name="spawn_item_solo_bullet02_01">
			<POSITION>-1611.1228027 -249.4148712 185.9625854</POSITION>
			<DIRECTION>0.0000000 0.9999999 0.0000000</DIRECTION>
		</DUMMY>
		<DUMMY name="spawn_item_solo_ap03_01">
			<POSITION>-23.1227417 -313.9640503 191.1951904</POSITION>
			<DIRECTION>0.0000000 0.9999999 0.0000000</DIRECTION>
		</DUMMY>
		<DUMMY name="spawn_item_solo_hp03_01">
			<POSITION>74.5383911 1417.6429443 468.9531860</POSITION>
			<DIRECTION>0.0000000 0.9999999 0.0000000</DIRECTION>
		</DUMMY>
		<DUMMY name="spawn_item_solo_hp02_01">
			<POSITION>42.9512329 -2188.7382813 472.7662354</POSITION>
			<DIRECTION>0.0000000 0.9999999 0.0000000</DIRECTION>
		</DUMMY>
		<DUMMY name="snd_amb_b1_engine 01">
			<POSITION>717.2187500 272.5586243 628.8714600</POSITION>
			<DIRECTION>0.0000000 0.9999999 0.0000000</DIRECTION>
		</DUMMY>
		<DUMMY name="snd_amb_b1_engine 02">
			<POSITION>748.1347656 -1069.5841064 628.8710938</POSITION>
			<DIRECTION>0.0000000 0.9999999 0.0000000</DIRECTION>
		</DUMMY>
		<DUMMY name="snd_amb_b1_engine 03">
			<POSITION>-675.3173828 259.1347961 628.8710938</POSITION>
			<DIRECTION>0.0000000 0.9999999 0.0000000</DIRECTION>
		</DUMMY>
		<DUMMY name="snd_amb_b1_engine 04">
			<POSITION>-719.8320313 -1127.8216553 628.8710938</POSITION>
			<DIRECTION>0.0000000 0.9999999 0.0000000</DIRECTION>
		</DUMMY>
		<DUMMY name="snd_amb_b1_flapping 01">
			<POSITION>723.7045898 -667.1957397 966.6710205</POSITION>
			<DIRECTION>0.0000000 0.9999999 0.0000000</DIRECTION>
		</DUMMY>
		<DUMMY name="snd_amb_b1_flapping 02">
			<POSITION>112.8852539 678.2368774 966.6710205</POSITION>
			<DIRECTION>0.0000000 0.9999999 0.0000000</DIRECTION>
		</DUMMY>
		<DUMMY name="snd_amb_b1_flapping 03">
			<POSITION>71.6381836 -342.6378479 658.2011719</POSITION>
			<DIRECTION>0.0000000 0.9999999 0.0000000</DIRECTION>
		</DUMMY>
		<DUMMY name="snd_amb_b1_flapping 04">
			<POSITION>-740.1269531 -825.4818115 800.4520264</POSITION>
			<DIRECTION>0.0000000 0.9999999 0.0000000</DIRECTION>
		</DUMMY>
		<DUMMY name="WU">
			<POSITION>-0.6499770 -480366577709807330000000000000000.0000000 -1.8749999</POSITION>
			<DIRECTION>279756413648163050000.0000000 4.7246284 0.0000000</DIRECTION>
		</DUMMY>
	</DUMMYLIST>
	<OCCLUSIONLIST>
	</OCCLUSIONLIST>
	<AMBIENTSOUNDLIST>
		<AMBIENTSOUND ObjName="snd_amb_b1_engine 01" type="b1" filename="amb_engine">
			<CENTER>717.2187500 272.5586243 628.8714600</CENTER>
			<RADIUS>1200</RADIUS>
		</AMBIENTSOUND>
		<AMBIENTSOUND ObjName="snd_amb_b1_engine 02" type="b1" filename="amb_engine">
			<CENTER>748.1347656 -1069.5841064 628.8710938</CENTER>
			<RADIUS>1200</RADIUS>
		</AMBIENTSOUND>
		<AMBIENTSOUND ObjName="snd_amb_b1_engine 03" type="b1" filename="amb_engine">
			<CENTER>-675.3173828 259.1347961 628.8710938</CENTER>
			<RADIUS>1200</RADIUS>
		</AMBIENTSOUND>
		<AMBIENTSOUND ObjName="snd_amb_b1_engine 04" type="b1" filename="amb_engine">
			<CENTER>-719.8320313 -1127.8216553 628.8710938</CENTER>
			<RADIUS>1200</RADIUS>
		</AMBIENTSOUND>
		<AMBIENTSOUND ObjName="snd_amb_b1_flapping 01" type="b1" filename="amb_flapping">
			<CENTER>723.7045898 -667.1957397 966.6710205</CENTER>
			<RADIUS>800</RADIUS>
		</AMBIENTSOUND>
		<AMBIENTSOUND ObjName="snd_amb_b1_flapping 02" type="b1" filename="amb_flapping">
			<CENTER>112.8852539 678.2368774 966.6710205</CENTER>
			<RADIUS>800</RADIUS>
		</AMBIENTSOUND>
		<AMBIENTSOUND ObjName="snd_amb_b1_flapping 03" type="b1" filename="amb_flapping">
			<CENTER>71.6381836 -342.6378479 658.2011719</CENTER>
			<RADIUS>800</RADIUS>
		</AMBIENTSOUND>
		<AMBIENTSOUND ObjName="snd_amb_b1_flapping 04" type="b1" filename="amb_flapping">
			<CENTER>-740.1269531 -825.4818115 800.4520264</CENTER>
			<RADIUS>800</RADIUS>
		</AMBIENTSOUND>
	</AMBIENTSOUNDLIST>
</XML>
