<?xml version="1.0"?>
<XML>
	<GAMETYPE id="solo">
		<SPAWN item="bullet02" timesec="45000">
			<POSITION>-1611.1228027 -249.4148712 185.9625854</POSITION>
		</SPAWN>
		<SPAWN item="ap03" timesec="45000">
			<POSITION>-23.1227417 -313.9640503 191.1951904</POSITION>
		</SPAWN>
		<SPAWN item="hp03" timesec="45000">
			<POSITION>74.5383911 1417.6429443 468.9531860</POSITION>
		</SPAWN>
		<SPAWN item="hp02" timesec="30000">
			<POSITION>42.9512329 -2188.7382813 472.7662354</POSITION>
		</SPAWN>
</GAMETYPE><GAMETYPE id="team">
		<SPAWN item="bullet02" timesec="45000">
			<POSITION>142.5820313 -703.6735229 0.0000000</POSITION>
		</SPAWN>
		<SPAWN item="bullet02" timesec="45000">
			<POSITION>1474.3380127 -359.4478455 187.7263184</POSITION>
		</SPAWN>
</GAMETYPE>
</XML>
