<?xml version="1.0" encoding="UTF-8"?>
<XML>
	<MATERIALLIST>
		<MATERIAL name="VTHGRN_Momar_drkmtlt_bord11_www.playgunz.com">
			<DIFFUSE>1.00000000 1.00000000 1.00000000</DIFFUSE>
			<AMBIENT>1.00000000 1.00000000 1.00000000</AMBIENT>
			<SPECULAR>1.00000000 1.00000000 1.00000000</SPECULAR>
			<DIFFUSEMAP>VTHGRN_Momar/drkmtlt_bord11_www.playgunz.com.bmp</DIFFUSEMAP>
		</MATERIAL>
		<MATERIAL name="VTHGRN_Momar_+0~tnnl_lgt1_www.playgunz.com">
			<DIFFUSE>1.00000000 1.00000000 1.00000000</DIFFUSE>
			<AMBIENT>1.00000000 1.00000000 1.00000000</AMBIENT>
			<SPECULAR>1.00000000 1.00000000 1.00000000</SPECULAR>
			<DIFFUSEMAP>VTHGRN_Momar/+0~tnnl_lgt1_www.playgunz.com.bmp</DIFFUSEMAP>
		</MATERIAL>
		<MATERIAL name="VTHGRN_Momar_sge_out_grs_www.playgunz.com">
			<DIFFUSE>1.00000000 1.00000000 1.00000000</DIFFUSE>
			<AMBIENT>1.00000000 1.00000000 1.00000000</AMBIENT>
			<SPECULAR>1.00000000 1.00000000 1.00000000</SPECULAR>
			<DIFFUSEMAP>VTHGRN_Momar/sge_out_grs_www.playgunz.com.bmp</DIFFUSEMAP>
		</MATERIAL>
		<MATERIAL name="Floors_gzd_map_town_floor03">
			<DIFFUSE>1.00000000 1.00000000 1.00000000</DIFFUSE>
			<AMBIENT>1.00000000 1.00000000 1.00000000</AMBIENT>
			<SPECULAR>1.00000000 1.00000000 1.00000000</SPECULAR>
			<DIFFUSEMAP>Floors/gzd_map_town_floor03.bmp</DIFFUSEMAP>
		</MATERIAL>
		<MATERIAL name="VTHGRN_Momar_Brick05_www.playgunz.com">
			<DIFFUSE>1.00000000 1.00000000 1.00000000</DIFFUSE>
			<AMBIENT>1.00000000 1.00000000 1.00000000</AMBIENT>
			<SPECULAR>1.00000000 1.00000000 1.00000000</SPECULAR>
			<DIFFUSEMAP>VTHGRN_Momar/Brick05_www.playgunz.com.bmp</DIFFUSEMAP>
		</MATERIAL>
		<MATERIAL name="VTHGRN_Momar_crete1_wall01_www.playgunz.com">
			<DIFFUSE>1.00000000 1.00000000 1.00000000</DIFFUSE>
			<AMBIENT>1.00000000 1.00000000 1.00000000</AMBIENT>
			<SPECULAR>1.00000000 1.00000000 1.00000000</SPECULAR>
			<DIFFUSEMAP>VTHGRN_Momar/crete1_wall01_www.playgunz.com.bmp</DIFFUSEMAP>
		</MATERIAL>
		<MATERIAL name="VTHGRN_Momar_Ceiling01_www.playgunz.com">
			<DIFFUSE>1.00000000 1.00000000 1.00000000</DIFFUSE>
			<AMBIENT>1.00000000 1.00000000 1.00000000</AMBIENT>
			<SPECULAR>1.00000000 1.00000000 1.00000000</SPECULAR>
			<DIFFUSEMAP>VTHGRN_Momar/Ceiling01_www.playgunz.com.bmp</DIFFUSEMAP>
		</MATERIAL>
		<MATERIAL name="VTHGRN_Momar_Concrete02_www.playgunz.com">
			<DIFFUSE>1.00000000 1.00000000 1.00000000</DIFFUSE>
			<AMBIENT>1.00000000 1.00000000 1.00000000</AMBIENT>
			<SPECULAR>1.00000000 1.00000000 1.00000000</SPECULAR>
			<DIFFUSEMAP>VTHGRN_Momar/Concrete02_www.playgunz.com.bmp</DIFFUSEMAP>
		</MATERIAL>
		<MATERIAL name="VTHGRN_Momar_Concrete01_www.playgunz.com">
			<DIFFUSE>1.00000000 1.00000000 1.00000000</DIFFUSE>
			<AMBIENT>1.00000000 1.00000000 1.00000000</AMBIENT>
			<SPECULAR>1.00000000 1.00000000 1.00000000</SPECULAR>
			<DIFFUSEMAP>VTHGRN_Momar/Concrete01_www.playgunz.com.bmp</DIFFUSEMAP>
		</MATERIAL>
		<MATERIAL name="VTHGRN_Momar_CinderBlock01a_www.playgunz.com">
			<DIFFUSE>1.00000000 1.00000000 1.00000000</DIFFUSE>
			<AMBIENT>1.00000000 1.00000000 1.00000000</AMBIENT>
			<SPECULAR>1.00000000 1.00000000 1.00000000</SPECULAR>
			<DIFFUSEMAP>VTHGRN_Momar/CinderBlock01a_www.playgunz.com.bmp</DIFFUSEMAP>
		</MATERIAL>
		<MATERIAL name="VTHGRN_Momar_Window05_www.playgunz.com">
			<DIFFUSE>1.00000000 1.00000000 1.00000000</DIFFUSE>
			<AMBIENT>1.00000000 1.00000000 1.00000000</AMBIENT>
			<SPECULAR>1.00000000 1.00000000 1.00000000</SPECULAR>
			<DIFFUSEMAP>VTHGRN_Momar/Window05_www.playgunz.com.bmp</DIFFUSEMAP>
		</MATERIAL>
		<MATERIAL name="VTHGRN_Momar_Concrete01-2_www.playgunz.com">
			<DIFFUSE>1.00000000 1.00000000 1.00000000</DIFFUSE>
			<AMBIENT>1.00000000 1.00000000 1.00000000</AMBIENT>
			<SPECULAR>1.00000000 1.00000000 1.00000000</SPECULAR>
			<DIFFUSEMAP>VTHGRN_Momar/Concrete01-2_www.playgunz.com.bmp</DIFFUSEMAP>
		</MATERIAL>
		<MATERIAL name="VTHGRN_Momar_generic64b_www.playgunz.com">
			<DIFFUSE>1.00000000 1.00000000 1.00000000</DIFFUSE>
			<AMBIENT>1.00000000 1.00000000 1.00000000</AMBIENT>
			<SPECULAR>1.00000000 1.00000000 1.00000000</SPECULAR>
			<DIFFUSEMAP>VTHGRN_Momar/generic64b_www.playgunz.com.bmp</DIFFUSEMAP>
		</MATERIAL>
		<MATERIAL name="VTHGRN_Momar_wall_stone_sm_www.playgunz.com">
			<DIFFUSE>1.00000000 1.00000000 1.00000000</DIFFUSE>
			<AMBIENT>1.00000000 1.00000000 1.00000000</AMBIENT>
			<SPECULAR>1.00000000 1.00000000 1.00000000</SPECULAR>
			<DIFFUSEMAP>VTHGRN_Momar/wall_stone_sm_www.playgunz.com.bmp</DIFFUSEMAP>
		</MATERIAL>
		<MATERIAL name="photorealistic_door_door074">
			<DIFFUSE>1.00000000 1.00000000 1.00000000</DIFFUSE>
			<AMBIENT>1.00000000 1.00000000 1.00000000</AMBIENT>
			<SPECULAR>1.00000000 1.00000000 1.00000000</SPECULAR>
			<DIFFUSEMAP>photorealistic_door/door074.jpg</DIFFUSEMAP>
		</MATERIAL>
		<MATERIAL name="VTHGRN_Momar_pi_woodceil_www.playgunz.com">
			<DIFFUSE>1.00000000 1.00000000 1.00000000</DIFFUSE>
			<AMBIENT>1.00000000 1.00000000 1.00000000</AMBIENT>
			<SPECULAR>1.00000000 1.00000000 1.00000000</SPECULAR>
			<DIFFUSEMAP>VTHGRN_Momar/pi_woodceil_www.playgunz.com.bmp</DIFFUSEMAP>
		</MATERIAL>
		<MATERIAL name="VTHGRN_Momar_WDDOOR_www.playgunz.com">
			<DIFFUSE>1.00000000 1.00000000 1.00000000</DIFFUSE>
			<AMBIENT>1.00000000 1.00000000 1.00000000</AMBIENT>
			<SPECULAR>1.00000000 1.00000000 1.00000000</SPECULAR>
			<DIFFUSEMAP>VTHGRN_Momar/WDDOOR_www.playgunz.com.bmp</DIFFUSEMAP>
		</MATERIAL>
		<MATERIAL name="Floors_Floor014">
			<DIFFUSE>1.00000000 1.00000000 1.00000000</DIFFUSE>
			<AMBIENT>1.00000000 1.00000000 1.00000000</AMBIENT>
			<SPECULAR>1.00000000 1.00000000 1.00000000</SPECULAR>
			<DIFFUSEMAP>Floors/Floor014.tga</DIFFUSEMAP>
		</MATERIAL>
		<MATERIAL name="photorealistic_wood_wood020">
			<DIFFUSE>1.00000000 1.00000000 1.00000000</DIFFUSE>
			<AMBIENT>1.00000000 1.00000000 1.00000000</AMBIENT>
			<SPECULAR>1.00000000 1.00000000 1.00000000</SPECULAR>
			<DIFFUSEMAP>photorealistic_wood/wood020.jpg</DIFFUSEMAP>
		</MATERIAL>
		<MATERIAL name="Town_gzd_map_town_floor03">
			<DIFFUSE>1.00000000 1.00000000 1.00000000</DIFFUSE>
			<AMBIENT>1.00000000 1.00000000 1.00000000</AMBIENT>
			<SPECULAR>1.00000000 1.00000000 1.00000000</SPECULAR>
			<DIFFUSEMAP>Town/gzd_map_town_floor03.bmp</DIFFUSEMAP>
		</MATERIAL>
		<MATERIAL name="VTHGRN_Momar_CSTRIKE_WR4CCVT_www.playgunz.com">
			<DIFFUSE>1.00000000 1.00000000 1.00000000</DIFFUSE>
			<AMBIENT>1.00000000 1.00000000 1.00000000</AMBIENT>
			<SPECULAR>1.00000000 1.00000000 1.00000000</SPECULAR>
			<DIFFUSEMAP>VTHGRN_Momar/CSTRIKE_WR4CCVT_www.playgunz.com.bmp</DIFFUSEMAP>
		</MATERIAL>
		<MATERIAL name="VTHGRN_Momar_CSTRIKE_WR4CCDR_www.playgunz.com">
			<DIFFUSE>1.00000000 1.00000000 1.00000000</DIFFUSE>
			<AMBIENT>1.00000000 1.00000000 1.00000000</AMBIENT>
			<SPECULAR>1.00000000 1.00000000 1.00000000</SPECULAR>
			<DIFFUSEMAP>VTHGRN_Momar/CSTRIKE_WR4CCDR_www.playgunz.com.bmp</DIFFUSEMAP>
		</MATERIAL>
		<MATERIAL name="VTHGRN_Momar_CSTRIKE_WR4CCWD_www.playgunz.com">
			<DIFFUSE>1.00000000 1.00000000 1.00000000</DIFFUSE>
			<AMBIENT>1.00000000 1.00000000 1.00000000</AMBIENT>
			<SPECULAR>1.00000000 1.00000000 1.00000000</SPECULAR>
			<DIFFUSEMAP>VTHGRN_Momar/CSTRIKE_WR4CCWD_www.playgunz.com.bmp</DIFFUSEMAP>
		</MATERIAL>
		<MATERIAL name="VTHGRN_Momar_blueRug_www.playgunz.com">
			<DIFFUSE>1.00000000 1.00000000 1.00000000</DIFFUSE>
			<AMBIENT>1.00000000 1.00000000 1.00000000</AMBIENT>
			<SPECULAR>1.00000000 1.00000000 1.00000000</SPECULAR>
			<DIFFUSEMAP>VTHGRN_Momar/blueRug_www.playgunz.com.bmp</DIFFUSEMAP>
		</MATERIAL>
		<MATERIAL name="VTHGRN_Momar_clayTile1_www.playgunz.com">
			<DIFFUSE>1.00000000 1.00000000 1.00000000</DIFFUSE>
			<AMBIENT>1.00000000 1.00000000 1.00000000</AMBIENT>
			<SPECULAR>1.00000000 1.00000000 1.00000000</SPECULAR>
			<DIFFUSEMAP>VTHGRN_Momar/clayTile1_www.playgunz.com.bmp</DIFFUSEMAP>
		</MATERIAL>
		<MATERIAL name="VTHGRN_Momar_CstlCncr_www.playgunz.com">
			<DIFFUSE>1.00000000 1.00000000 1.00000000</DIFFUSE>
			<AMBIENT>1.00000000 1.00000000 1.00000000</AMBIENT>
			<SPECULAR>1.00000000 1.00000000 1.00000000</SPECULAR>
			<DIFFUSEMAP>VTHGRN_Momar/CstlCncr_www.playgunz.com.bmp</DIFFUSEMAP>
		</MATERIAL>
		<MATERIAL name="VTHGRN_Momar_tsibeam_www.playgunz.com">
			<DIFFUSE>1.00000000 1.00000000 1.00000000</DIFFUSE>
			<AMBIENT>1.00000000 1.00000000 1.00000000</AMBIENT>
			<SPECULAR>1.00000000 1.00000000 1.00000000</SPECULAR>
			<DIFFUSEMAP>VTHGRN_Momar/tsibeam_www.playgunz.com.bmp</DIFFUSEMAP>
		</MATERIAL>
		<MATERIAL name="VTHGRN_Momar_tk_greyroof_www.playgunz.com">
			<DIFFUSE>1.00000000 1.00000000 1.00000000</DIFFUSE>
			<AMBIENT>1.00000000 1.00000000 1.00000000</AMBIENT>
			<SPECULAR>1.00000000 1.00000000 1.00000000</SPECULAR>
			<DIFFUSEMAP>VTHGRN_Momar/tk_greyroof_www.playgunz.com.bmp</DIFFUSEMAP>
		</MATERIAL>
		<MATERIAL name="VTHGRN_Momar_redRug_www.playgunz.com">
			<DIFFUSE>1.00000000 1.00000000 1.00000000</DIFFUSE>
			<AMBIENT>1.00000000 1.00000000 1.00000000</AMBIENT>
			<SPECULAR>1.00000000 1.00000000 1.00000000</SPECULAR>
			<DIFFUSEMAP>VTHGRN_Momar/redRug_www.playgunz.com.bmp</DIFFUSEMAP>
		</MATERIAL>
		<MATERIAL name="VTHGRN_Momar_-0bStucco_www.playgunz.com">
			<DIFFUSE>1.00000000 1.00000000 1.00000000</DIFFUSE>
			<AMBIENT>1.00000000 1.00000000 1.00000000</AMBIENT>
			<SPECULAR>1.00000000 1.00000000 1.00000000</SPECULAR>
			<DIFFUSEMAP>VTHGRN_Momar/-0bStucco_www.playgunz.com.bmp</DIFFUSEMAP>
		</MATERIAL>
		<MATERIAL name="VTHGRN_Momar_shutteredWindow_www.playgunz.com">
			<DIFFUSE>1.00000000 1.00000000 1.00000000</DIFFUSE>
			<AMBIENT>1.00000000 1.00000000 1.00000000</AMBIENT>
			<SPECULAR>1.00000000 1.00000000 1.00000000</SPECULAR>
			<DIFFUSEMAP>VTHGRN_Momar/shutteredWindow_www.playgunz.com.bmp</DIFFUSEMAP>
		</MATERIAL>
		<MATERIAL name="VTHGRN_Momar_-0clayRoof_www.playgunz.com">
			<DIFFUSE>1.00000000 1.00000000 1.00000000</DIFFUSE>
			<AMBIENT>1.00000000 1.00000000 1.00000000</AMBIENT>
			<SPECULAR>1.00000000 1.00000000 1.00000000</SPECULAR>
			<DIFFUSEMAP>VTHGRN_Momar/-0clayRoof_www.playgunz.com.bmp</DIFFUSEMAP>
		</MATERIAL>
		<MATERIAL name="VTHGRN_Momar_clayRoofSide_www.playgunz.com">
			<DIFFUSE>1.00000000 1.00000000 1.00000000</DIFFUSE>
			<AMBIENT>1.00000000 1.00000000 1.00000000</AMBIENT>
			<SPECULAR>1.00000000 1.00000000 1.00000000</SPECULAR>
			<DIFFUSEMAP>VTHGRN_Momar/clayRoofSide_www.playgunz.com.bmp</DIFFUSEMAP>
		</MATERIAL>
		<MATERIAL name="VTHGRN_Momar_bStuccoBrdr_www.playgunz.com">
			<DIFFUSE>1.00000000 1.00000000 1.00000000</DIFFUSE>
			<AMBIENT>1.00000000 1.00000000 1.00000000</AMBIENT>
			<SPECULAR>1.00000000 1.00000000 1.00000000</SPECULAR>
			<DIFFUSEMAP>VTHGRN_Momar/bStuccoBrdr_www.playgunz.com.bmp</DIFFUSEMAP>
		</MATERIAL>
		<MATERIAL name="VTHGRN_Momar_oakDoor_www.playgunz.com">
			<DIFFUSE>1.00000000 1.00000000 1.00000000</DIFFUSE>
			<AMBIENT>1.00000000 1.00000000 1.00000000</AMBIENT>
			<SPECULAR>1.00000000 1.00000000 1.00000000</SPECULAR>
			<DIFFUSEMAP>VTHGRN_Momar/oakDoor_www.playgunz.com.bmp</DIFFUSEMAP>
		</MATERIAL>
		<MATERIAL name="VTHGRN_Momar_sideLight_www.playgunz.com">
			<DIFFUSE>1.00000000 1.00000000 1.00000000</DIFFUSE>
			<AMBIENT>1.00000000 1.00000000 1.00000000</AMBIENT>
			<SPECULAR>1.00000000 1.00000000 1.00000000</SPECULAR>
			<DIFFUSEMAP>VTHGRN_Momar/sideLight_www.playgunz.com.bmp</DIFFUSEMAP>
		</MATERIAL>
		<MATERIAL name="photorealistic_concrete_concrete062">
			<DIFFUSE>1.00000000 1.00000000 1.00000000</DIFFUSE>
			<AMBIENT>1.00000000 1.00000000 1.00000000</AMBIENT>
			<SPECULAR>1.00000000 1.00000000 1.00000000</SPECULAR>
			<DIFFUSEMAP>photorealistic_concrete/concrete062.jpg</DIFFUSEMAP>
		</MATERIAL>
		<MATERIAL name="VTHGRN_Momar_wlStuccoBrdr_www.playgunz.com">
			<DIFFUSE>1.00000000 1.00000000 1.00000000</DIFFUSE>
			<AMBIENT>1.00000000 1.00000000 1.00000000</AMBIENT>
			<SPECULAR>1.00000000 1.00000000 1.00000000</SPECULAR>
			<DIFFUSEMAP>VTHGRN_Momar/wlStuccoBrdr_www.playgunz.com.bmp</DIFFUSEMAP>
		</MATERIAL>
		<MATERIAL name="VTHGRN_Momar_~blueRug_www.playgunz.com">
			<DIFFUSE>1.00000000 1.00000000 1.00000000</DIFFUSE>
			<AMBIENT>1.00000000 1.00000000 1.00000000</AMBIENT>
			<SPECULAR>1.00000000 1.00000000 1.00000000</SPECULAR>
			<DIFFUSEMAP>VTHGRN_Momar/~blueRug_www.playgunz.com.bmp</DIFFUSEMAP>
		</MATERIAL>
		<MATERIAL name="VTHGRN_Momar_bStuccoWnd_www.playgunz.com">
			<DIFFUSE>1.00000000 1.00000000 1.00000000</DIFFUSE>
			<AMBIENT>1.00000000 1.00000000 1.00000000</AMBIENT>
			<SPECULAR>1.00000000 1.00000000 1.00000000</SPECULAR>
			<DIFFUSEMAP>VTHGRN_Momar/bStuccoWnd_www.playgunz.com.bmp</DIFFUSEMAP>
		</MATERIAL>
		<MATERIAL name="VTHGRN_Momar_rWallgBrick_www.playgunz.com">
			<DIFFUSE>1.00000000 1.00000000 1.00000000</DIFFUSE>
			<AMBIENT>1.00000000 1.00000000 1.00000000</AMBIENT>
			<SPECULAR>1.00000000 1.00000000 1.00000000</SPECULAR>
			<DIFFUSEMAP>VTHGRN_Momar/rWallgBrick_www.playgunz.com.bmp</DIFFUSEMAP>
		</MATERIAL>
		<MATERIAL name="VTHGRN_Momar_-0wlStucco_www.playgunz.com">
			<DIFFUSE>1.00000000 1.00000000 1.00000000</DIFFUSE>
			<AMBIENT>1.00000000 1.00000000 1.00000000</AMBIENT>
			<SPECULAR>1.00000000 1.00000000 1.00000000</SPECULAR>
			<DIFFUSEMAP>VTHGRN_Momar/-0wlStucco_www.playgunz.com.bmp</DIFFUSEMAP>
		</MATERIAL>
		<MATERIAL name="photorealistic_roof_roof04">
			<DIFFUSE>1.00000000 1.00000000 1.00000000</DIFFUSE>
			<AMBIENT>1.00000000 1.00000000 1.00000000</AMBIENT>
			<SPECULAR>1.00000000 1.00000000 1.00000000</SPECULAR>
			<DIFFUSEMAP>photorealistic_roof/roof04.jpg</DIFFUSEMAP>
		</MATERIAL>
		<MATERIAL name="VTHGRN_Momar_tk_doorreflect_www.playgunz.com">
			<DIFFUSE>1.00000000 1.00000000 1.00000000</DIFFUSE>
			<AMBIENT>1.00000000 1.00000000 1.00000000</AMBIENT>
			<SPECULAR>1.00000000 1.00000000 1.00000000</SPECULAR>
			<DIFFUSEMAP>VTHGRN_Momar/tk_doorreflect_www.playgunz.com.bmp</DIFFUSEMAP>
		</MATERIAL>
		<MATERIAL name="photorealistic_window_window024">
			<DIFFUSE>1.00000000 1.00000000 1.00000000</DIFFUSE>
			<AMBIENT>1.00000000 1.00000000 1.00000000</AMBIENT>
			<SPECULAR>1.00000000 1.00000000 1.00000000</SPECULAR>
			<DIFFUSEMAP>photorealistic_window/window024.jpg</DIFFUSEMAP>
		</MATERIAL>
		<MATERIAL name="VTHGRN_Momar_tk_doorpanel_www.playgunz.com">
			<DIFFUSE>1.00000000 1.00000000 1.00000000</DIFFUSE>
			<AMBIENT>1.00000000 1.00000000 1.00000000</AMBIENT>
			<SPECULAR>1.00000000 1.00000000 1.00000000</SPECULAR>
			<DIFFUSEMAP>VTHGRN_Momar/tk_doorpanel_www.playgunz.com.bmp</DIFFUSEMAP>
		</MATERIAL>
		<MATERIAL name="photorealistic_window_window027">
			<DIFFUSE>1.00000000 1.00000000 1.00000000</DIFFUSE>
			<AMBIENT>1.00000000 1.00000000 1.00000000</AMBIENT>
			<SPECULAR>1.00000000 1.00000000 1.00000000</SPECULAR>
			<DIFFUSEMAP>photorealistic_window/window027.jpg</DIFFUSEMAP>
		</MATERIAL>
		<MATERIAL name="VTHGRN_Momar_tk_greybrick_www.playgunz.com">
			<DIFFUSE>1.00000000 1.00000000 1.00000000</DIFFUSE>
			<AMBIENT>1.00000000 1.00000000 1.00000000</AMBIENT>
			<SPECULAR>1.00000000 1.00000000 1.00000000</SPECULAR>
			<DIFFUSEMAP>VTHGRN_Momar/tk_greybrick_www.playgunz.com.bmp</DIFFUSEMAP>
		</MATERIAL>
		<MATERIAL name="VTHGRN_Momar_tk_ceiling_www.playgunz.com">
			<DIFFUSE>1.00000000 1.00000000 1.00000000</DIFFUSE>
			<AMBIENT>1.00000000 1.00000000 1.00000000</AMBIENT>
			<SPECULAR>1.00000000 1.00000000 1.00000000</SPECULAR>
			<DIFFUSEMAP>VTHGRN_Momar/tk_ceiling_www.playgunz.com.bmp</DIFFUSEMAP>
		</MATERIAL>
		<MATERIAL name="Town_gzd_map_town_build16.bmp">
			<DIFFUSE>1.00000000 1.00000000 1.00000000</DIFFUSE>
			<AMBIENT>1.00000000 1.00000000 1.00000000</AMBIENT>
			<SPECULAR>1.00000000 1.00000000 1.00000000</SPECULAR>
			<DIFFUSEMAP>Town/gzd_map_town_build16.bmp</DIFFUSEMAP>
		</MATERIAL>
		<MATERIAL name="VTHGRN_Momar_tk_clayroof_www.playgunz.com">
			<DIFFUSE>1.00000000 1.00000000 1.00000000</DIFFUSE>
			<AMBIENT>1.00000000 1.00000000 1.00000000</AMBIENT>
			<SPECULAR>1.00000000 1.00000000 1.00000000</SPECULAR>
			<DIFFUSEMAP>VTHGRN_Momar/tk_clayroof_www.playgunz.com.bmp</DIFFUSEMAP>
		</MATERIAL>
		<MATERIAL name="VTHGRN_Momar_3dmhouse2_www.playgunz.com">
			<DIFFUSE>1.00000000 1.00000000 1.00000000</DIFFUSE>
			<AMBIENT>1.00000000 1.00000000 1.00000000</AMBIENT>
			<SPECULAR>1.00000000 1.00000000 1.00000000</SPECULAR>
			<DIFFUSEMAP>VTHGRN_Momar/3dmhouse2_www.playgunz.com.bmp</DIFFUSEMAP>
		</MATERIAL>
		<MATERIAL name="Town_gzd_map_town_build29">
			<DIFFUSE>1.00000000 1.00000000 1.00000000</DIFFUSE>
			<AMBIENT>1.00000000 1.00000000 1.00000000</AMBIENT>
			<SPECULAR>1.00000000 1.00000000 1.00000000</SPECULAR>
			<DIFFUSEMAP>Town/gzd_map_town_build29.bmp</DIFFUSEMAP>
		</MATERIAL>
		<MATERIAL name="Chao_img07">
			<DIFFUSE>1.00000000 1.00000000 1.00000000</DIFFUSE>
			<AMBIENT>1.00000000 1.00000000 1.00000000</AMBIENT>
			<SPECULAR>1.00000000 1.00000000 1.00000000</SPECULAR>
			<DIFFUSEMAP>Chao/img07.png</DIFFUSEMAP>
		</MATERIAL>
		<MATERIAL name="VTHGRN_Momar_cxgroundi_www.playgunz.com">
			<DIFFUSE>1.00000000 1.00000000 1.00000000</DIFFUSE>
			<AMBIENT>1.00000000 1.00000000 1.00000000</AMBIENT>
			<SPECULAR>1.00000000 1.00000000 1.00000000</SPECULAR>
			<DIFFUSEMAP>VTHGRN_Momar/cxgroundi_www.playgunz.com.bmp</DIFFUSEMAP>
		</MATERIAL>
		<MATERIAL name="VTHGRN_Momar_stoneWall_www.playgunz.com">
			<DIFFUSE>1.00000000 1.00000000 1.00000000</DIFFUSE>
			<AMBIENT>1.00000000 1.00000000 1.00000000</AMBIENT>
			<SPECULAR>1.00000000 1.00000000 1.00000000</SPECULAR>
			<DIFFUSEMAP>VTHGRN_Momar/stoneWall_www.playgunz.com.bmp</DIFFUSEMAP>
		</MATERIAL>
		<MATERIAL name="photorealistic_concrete_concrete058">
			<DIFFUSE>1.00000000 1.00000000 1.00000000</DIFFUSE>
			<AMBIENT>1.00000000 1.00000000 1.00000000</AMBIENT>
			<SPECULAR>1.00000000 1.00000000 1.00000000</SPECULAR>
			<DIFFUSEMAP>photorealistic_concrete/concrete058.jpg</DIFFUSEMAP>
		</MATERIAL>
		<MATERIAL name="photorealistic_roof_roof06">
			<DIFFUSE>1.00000000 1.00000000 1.00000000</DIFFUSE>
			<AMBIENT>1.00000000 1.00000000 1.00000000</AMBIENT>
			<SPECULAR>1.00000000 1.00000000 1.00000000</SPECULAR>
			<DIFFUSEMAP>photorealistic_roof/roof06.jpg</DIFFUSEMAP>
		</MATERIAL>
		<MATERIAL name="VTHGRN_Momar_tk_concyelwin6_www.playgunz.com">
			<DIFFUSE>1.00000000 1.00000000 1.00000000</DIFFUSE>
			<AMBIENT>1.00000000 1.00000000 1.00000000</AMBIENT>
			<SPECULAR>1.00000000 1.00000000 1.00000000</SPECULAR>
			<DIFFUSEMAP>VTHGRN_Momar/tk_concyelwin6_www.playgunz.com.bmp</DIFFUSEMAP>
		</MATERIAL>
		<MATERIAL name="photorealistic_concrete_concrete049">
			<DIFFUSE>1.00000000 1.00000000 1.00000000</DIFFUSE>
			<AMBIENT>1.00000000 1.00000000 1.00000000</AMBIENT>
			<SPECULAR>1.00000000 1.00000000 1.00000000</SPECULAR>
			<DIFFUSEMAP>photorealistic_concrete/concrete049.jpg</DIFFUSEMAP>
		</MATERIAL>
		<MATERIAL name="VTHGRN_Momar_cxbrickiend_www.playgunz.com">
			<DIFFUSE>1.00000000 1.00000000 1.00000000</DIFFUSE>
			<AMBIENT>1.00000000 1.00000000 1.00000000</AMBIENT>
			<SPECULAR>1.00000000 1.00000000 1.00000000</SPECULAR>
			<DIFFUSEMAP>VTHGRN_Momar/cxbrickiend_www.playgunz.com.bmp</DIFFUSEMAP>
		</MATERIAL>
		<MATERIAL name="VTHGRN_Momar_cxbricki_www.playgunz.com">
			<DIFFUSE>1.00000000 1.00000000 1.00000000</DIFFUSE>
			<AMBIENT>1.00000000 1.00000000 1.00000000</AMBIENT>
			<SPECULAR>1.00000000 1.00000000 1.00000000</SPECULAR>
			<DIFFUSEMAP>VTHGRN_Momar/cxbricki_www.playgunz.com.bmp</DIFFUSEMAP>
		</MATERIAL>
		<MATERIAL name="VTHGRN_Momar_-0CSTRIKE_MJ2SG_www.playgunz.com">
			<DIFFUSE>1.00000000 1.00000000 1.00000000</DIFFUSE>
			<AMBIENT>1.00000000 1.00000000 1.00000000</AMBIENT>
			<SPECULAR>1.00000000 1.00000000 1.00000000</SPECULAR>
			<DIFFUSEMAP>VTHGRN_Momar/-0CSTRIKE_MJ2SG_www.playgunz.com.bmp</DIFFUSEMAP>
		</MATERIAL>
		<MATERIAL name="VTHGRN_Momar_windowWhite_www.playgunz.com">
			<DIFFUSE>1.00000000 1.00000000 1.00000000</DIFFUSE>
			<AMBIENT>1.00000000 1.00000000 1.00000000</AMBIENT>
			<SPECULAR>1.00000000 1.00000000 1.00000000</SPECULAR>
			<DIFFUSEMAP>VTHGRN_Momar/windowWhite_www.playgunz.com.bmp</DIFFUSEMAP>
		</MATERIAL>
		<MATERIAL name="Floors_Floor001">
			<DIFFUSE>1.00000000 1.00000000 1.00000000</DIFFUSE>
			<AMBIENT>1.00000000 1.00000000 1.00000000</AMBIENT>
			<SPECULAR>1.00000000 1.00000000 1.00000000</SPECULAR>
			<DIFFUSEMAP>Floors/Floor001.tga</DIFFUSEMAP>
		</MATERIAL>
		<MATERIAL name="VTHGRN_Momar_wlStuccoWnd_www.playgunz.com">
			<DIFFUSE>1.00000000 1.00000000 1.00000000</DIFFUSE>
			<AMBIENT>1.00000000 1.00000000 1.00000000</AMBIENT>
			<SPECULAR>1.00000000 1.00000000 1.00000000</SPECULAR>
			<DIFFUSEMAP>VTHGRN_Momar/wlStuccoWnd_www.playgunz.com.bmp</DIFFUSEMAP>
		</MATERIAL>
		<MATERIAL name="VTHGRN_Momar_floweredWindow_www.playgunz.com">
			<DIFFUSE>1.00000000 1.00000000 1.00000000</DIFFUSE>
			<AMBIENT>1.00000000 1.00000000 1.00000000</AMBIENT>
			<SPECULAR>1.00000000 1.00000000 1.00000000</SPECULAR>
			<DIFFUSEMAP>VTHGRN_Momar/floweredWindow_www.playgunz.com.bmp</DIFFUSEMAP>
		</MATERIAL>
		<MATERIAL name="VTHGRN_Momar_oldDoor_www.playgunz.com">
			<DIFFUSE>1.00000000 1.00000000 1.00000000</DIFFUSE>
			<AMBIENT>1.00000000 1.00000000 1.00000000</AMBIENT>
			<SPECULAR>1.00000000 1.00000000 1.00000000</SPECULAR>
			<DIFFUSEMAP>VTHGRN_Momar/oldDoor_www.playgunz.com.bmp</DIFFUSEMAP>
		</MATERIAL>
		<MATERIAL name="VTHGRN_Momar_drkWood_www.playgunz.com">
			<DIFFUSE>1.00000000 1.00000000 1.00000000</DIFFUSE>
			<AMBIENT>1.00000000 1.00000000 1.00000000</AMBIENT>
			<SPECULAR>1.00000000 1.00000000 1.00000000</SPECULAR>
			<DIFFUSEMAP>VTHGRN_Momar/drkWood_www.playgunz.com.bmp</DIFFUSEMAP>
		</MATERIAL>
		<MATERIAL name="VTHGRN_Momar_concrete_www.playgunz.com">
			<DIFFUSE>1.00000000 1.00000000 1.00000000</DIFFUSE>
			<AMBIENT>1.00000000 1.00000000 1.00000000</AMBIENT>
			<SPECULAR>1.00000000 1.00000000 1.00000000</SPECULAR>
			<DIFFUSEMAP>VTHGRN_Momar/concrete_www.playgunz.com.bmp</DIFFUSEMAP>
		</MATERIAL>
		<MATERIAL name="VTHGRN_Momar_-0gryStucco_www.playgunz.com">
			<DIFFUSE>1.00000000 1.00000000 1.00000000</DIFFUSE>
			<AMBIENT>1.00000000 1.00000000 1.00000000</AMBIENT>
			<SPECULAR>1.00000000 1.00000000 1.00000000</SPECULAR>
			<DIFFUSEMAP>VTHGRN_Momar/-0gryStucco_www.playgunz.com.bmp</DIFFUSEMAP>
		</MATERIAL>
		<MATERIAL name="photorealistic_bricks_brick002">
			<DIFFUSE>1.00000000 1.00000000 1.00000000</DIFFUSE>
			<AMBIENT>1.00000000 1.00000000 1.00000000</AMBIENT>
			<SPECULAR>1.00000000 1.00000000 1.00000000</SPECULAR>
			<DIFFUSEMAP>photorealistic_bricks/brick002.jpg</DIFFUSEMAP>
		</MATERIAL>
		<MATERIAL name="photorealistic_roof_roof05">
			<DIFFUSE>1.00000000 1.00000000 1.00000000</DIFFUSE>
			<AMBIENT>1.00000000 1.00000000 1.00000000</AMBIENT>
			<SPECULAR>1.00000000 1.00000000 1.00000000</SPECULAR>
			<DIFFUSEMAP>photorealistic_roof/roof05.jpg</DIFFUSEMAP>
		</MATERIAL>
		<MATERIAL name="VTHGRN_Momar_black_www.playgunz.com">
			<DIFFUSE>1.00000000 1.00000000 1.00000000</DIFFUSE>
			<AMBIENT>1.00000000 1.00000000 1.00000000</AMBIENT>
			<SPECULAR>1.00000000 1.00000000 1.00000000</SPECULAR>
			<DIFFUSEMAP>VTHGRN_Momar/black_www.playgunz.com.bmp</DIFFUSEMAP>
		</MATERIAL>
		<MATERIAL name="VTHGRN_Momar_steel_www.playgunz.com">
			<DIFFUSE>1.00000000 1.00000000 1.00000000</DIFFUSE>
			<AMBIENT>1.00000000 1.00000000 1.00000000</AMBIENT>
			<SPECULAR>1.00000000 1.00000000 1.00000000</SPECULAR>
			<DIFFUSEMAP>VTHGRN_Momar/steel_www.playgunz.com.bmp</DIFFUSEMAP>
		</MATERIAL>
		<MATERIAL name="VTHGRN_Momar_trrm_wood_www.playgunz.com">
			<DIFFUSE>1.00000000 1.00000000 1.00000000</DIFFUSE>
			<AMBIENT>1.00000000 1.00000000 1.00000000</AMBIENT>
			<SPECULAR>1.00000000 1.00000000 1.00000000</SPECULAR>
			<DIFFUSEMAP>VTHGRN_Momar/trrm_wood_www.playgunz.com.bmp</DIFFUSEMAP>
		</MATERIAL>
		<MATERIAL name="VTHGRN_Momar_wlPaper1_www.playgunz.com">
			<DIFFUSE>1.00000000 1.00000000 1.00000000</DIFFUSE>
			<AMBIENT>1.00000000 1.00000000 1.00000000</AMBIENT>
			<SPECULAR>1.00000000 1.00000000 1.00000000</SPECULAR>
			<DIFFUSEMAP>VTHGRN_Momar/wlPaper1_www.playgunz.com.bmp</DIFFUSEMAP>
		</MATERIAL>
		<MATERIAL name="VTHGRN_Momar_wlPaper_www.playgunz.com">
			<DIFFUSE>1.00000000 1.00000000 1.00000000</DIFFUSE>
			<AMBIENT>1.00000000 1.00000000 1.00000000</AMBIENT>
			<SPECULAR>1.00000000 1.00000000 1.00000000</SPECULAR>
			<DIFFUSEMAP>VTHGRN_Momar/wlPaper_www.playgunz.com.bmp</DIFFUSEMAP>
		</MATERIAL>
		<MATERIAL name="VTHGRN_Momar_generic012_www.playgunz.com">
			<DIFFUSE>1.00000000 1.00000000 1.00000000</DIFFUSE>
			<AMBIENT>1.00000000 1.00000000 1.00000000</AMBIENT>
			<SPECULAR>1.00000000 1.00000000 1.00000000</SPECULAR>
			<DIFFUSEMAP>VTHGRN_Momar/generic012_www.playgunz.com.bmp</DIFFUSEMAP>
		</MATERIAL>
		<MATERIAL name="VTHGRN_Momar_cstrike_wg1ofce_www.playgunz.com">
			<DIFFUSE>1.00000000 1.00000000 1.00000000</DIFFUSE>
			<AMBIENT>1.00000000 1.00000000 1.00000000</AMBIENT>
			<SPECULAR>1.00000000 1.00000000 1.00000000</SPECULAR>
			<DIFFUSEMAP>VTHGRN_Momar/cstrike_wg1ofce_www.playgunz.com.bmp</DIFFUSEMAP>
		</MATERIAL>
		<MATERIAL name="VTHGRN_Momar_cstrike_dj2old_www.playgunz.com">
			<DIFFUSE>1.00000000 1.00000000 1.00000000</DIFFUSE>
			<AMBIENT>1.00000000 1.00000000 1.00000000</AMBIENT>
			<SPECULAR>1.00000000 1.00000000 1.00000000</SPECULAR>
			<DIFFUSEMAP>VTHGRN_Momar/cstrike_dj2old_www.playgunz.com.bmp</DIFFUSEMAP>
		</MATERIAL>
		<MATERIAL name="VTHGRN_Momar_-0cstrike_mr2dr_www.playgunz.com">
			<DIFFUSE>1.00000000 1.00000000 1.00000000</DIFFUSE>
			<AMBIENT>1.00000000 1.00000000 1.00000000</AMBIENT>
			<SPECULAR>1.00000000 1.00000000 1.00000000</SPECULAR>
			<DIFFUSEMAP>VTHGRN_Momar/-0cstrike_mr2dr_www.playgunz.com.bmp</DIFFUSEMAP>
		</MATERIAL>
		<MATERIAL name="VTHGRN_Momar_glassblue1_www.playgunz.com">
			<DIFFUSE>1.00000000 1.00000000 1.00000000</DIFFUSE>
			<AMBIENT>1.00000000 1.00000000 1.00000000</AMBIENT>
			<SPECULAR>1.00000000 1.00000000 1.00000000</SPECULAR>
			<DIFFUSEMAP>VTHGRN_Momar/glassblue1_www.playgunz.com.bmp</DIFFUSEMAP>
		</MATERIAL>
		<MATERIAL name="VTHGRN_Momar_rockWall_www.playgunz.com">
			<DIFFUSE>1.00000000 1.00000000 1.00000000</DIFFUSE>
			<AMBIENT>1.00000000 1.00000000 1.00000000</AMBIENT>
			<SPECULAR>1.00000000 1.00000000 1.00000000</SPECULAR>
			<DIFFUSEMAP>VTHGRN_Momar/rockWall_www.playgunz.com.bmp</DIFFUSEMAP>
		</MATERIAL>
		<MATERIAL name="VTHGRN_Momar_sge_trk_bk_www.playgunz.com">
			<DIFFUSE>1.00000000 1.00000000 1.00000000</DIFFUSE>
			<AMBIENT>1.00000000 1.00000000 1.00000000</AMBIENT>
			<SPECULAR>1.00000000 1.00000000 1.00000000</SPECULAR>
			<DIFFUSEMAP>VTHGRN_Momar/sge_trk_bk_www.playgunz.com.bmp</DIFFUSEMAP>
		</MATERIAL>
		<MATERIAL name="VTHGRN_Momar_sge_trk_sde_www.playgunz.com">
			<DIFFUSE>1.00000000 1.00000000 1.00000000</DIFFUSE>
			<AMBIENT>1.00000000 1.00000000 1.00000000</AMBIENT>
			<SPECULAR>1.00000000 1.00000000 1.00000000</SPECULAR>
			<DIFFUSEMAP>VTHGRN_Momar/sge_trk_sde_www.playgunz.com.bmp</DIFFUSEMAP>
		</MATERIAL>
		<MATERIAL name="VTHGRN_Momar_sge_in_pav_www.playgunz.com">
			<DIFFUSE>1.00000000 1.00000000 1.00000000</DIFFUSE>
			<AMBIENT>1.00000000 1.00000000 1.00000000</AMBIENT>
			<SPECULAR>1.00000000 1.00000000 1.00000000</SPECULAR>
			<DIFFUSEMAP>VTHGRN_Momar/sge_in_pav_www.playgunz.com.bmp</DIFFUSEMAP>
		</MATERIAL>
		<MATERIAL name="VTHGRN_Momar_trk_tread_www.playgunz.com">
			<DIFFUSE>1.00000000 1.00000000 1.00000000</DIFFUSE>
			<AMBIENT>1.00000000 1.00000000 1.00000000</AMBIENT>
			<SPECULAR>1.00000000 1.00000000 1.00000000</SPECULAR>
			<DIFFUSEMAP>VTHGRN_Momar/trk_tread_www.playgunz.com.bmp</DIFFUSEMAP>
		</MATERIAL>
		<MATERIAL name="Car_sge_trk_bk_www.playgunz.com">
			<DIFFUSE>1.00000000 1.00000000 1.00000000</DIFFUSE>
			<AMBIENT>1.00000000 1.00000000 1.00000000</AMBIENT>
			<SPECULAR>1.00000000 1.00000000 1.00000000</SPECULAR>
			<DIFFUSEMAP>Car/sge_trk_bk_www.playgunz.com.bmp</DIFFUSEMAP>
		</MATERIAL>
		<MATERIAL name="Car_sge_trk_sde_www.playgunz.com">
			<DIFFUSE>1.00000000 1.00000000 1.00000000</DIFFUSE>
			<AMBIENT>1.00000000 1.00000000 1.00000000</AMBIENT>
			<SPECULAR>1.00000000 1.00000000 1.00000000</SPECULAR>
			<DIFFUSEMAP>Car/sge_trk_sde_www.playgunz.com.bmp</DIFFUSEMAP>
		</MATERIAL>
		<MATERIAL name="Car_trk2_roof_www.playgunz.com">
			<DIFFUSE>1.00000000 1.00000000 1.00000000</DIFFUSE>
			<AMBIENT>1.00000000 1.00000000 1.00000000</AMBIENT>
			<SPECULAR>1.00000000 1.00000000 1.00000000</SPECULAR>
			<DIFFUSEMAP>Car/trk2_roof_www.playgunz.com.bmp</DIFFUSEMAP>
		</MATERIAL>
		<MATERIAL name="Car_trk2_front_www.playgunz.com">
			<DIFFUSE>1.00000000 1.00000000 1.00000000</DIFFUSE>
			<AMBIENT>1.00000000 1.00000000 1.00000000</AMBIENT>
			<SPECULAR>1.00000000 1.00000000 1.00000000</SPECULAR>
			<DIFFUSEMAP>Car/trk2_front_www.playgunz.com.bmp</DIFFUSEMAP>
		</MATERIAL>
		<MATERIAL name="VTHGRN_Momar_trk2_front_www.playgunz.com">
			<DIFFUSE>1.00000000 1.00000000 1.00000000</DIFFUSE>
			<AMBIENT>1.00000000 1.00000000 1.00000000</AMBIENT>
			<SPECULAR>1.00000000 1.00000000 1.00000000</SPECULAR>
			<DIFFUSEMAP>VTHGRN_Momar/trk2_front_www.playgunz.com.bmp</DIFFUSEMAP>
		</MATERIAL>
		<MATERIAL name="Car_trk2_hood_www.playgunz.com">
			<DIFFUSE>1.00000000 1.00000000 1.00000000</DIFFUSE>
			<AMBIENT>1.00000000 1.00000000 1.00000000</AMBIENT>
			<SPECULAR>1.00000000 1.00000000 1.00000000</SPECULAR>
			<DIFFUSEMAP>Car/trk2_hood_www.playgunz.com.bmp</DIFFUSEMAP>
		</MATERIAL>
		<MATERIAL name="VTHGRN_Momar_trk2_hood_www.playgunz.com">
			<DIFFUSE>1.00000000 1.00000000 1.00000000</DIFFUSE>
			<AMBIENT>1.00000000 1.00000000 1.00000000</AMBIENT>
			<SPECULAR>1.00000000 1.00000000 1.00000000</SPECULAR>
			<DIFFUSEMAP>VTHGRN_Momar/trk2_hood_www.playgunz.com.bmp</DIFFUSEMAP>
		</MATERIAL>
		<MATERIAL name="VTHGRN_Momar_bStuccoWidePost_www.playgunz.com">
			<DIFFUSE>1.00000000 1.00000000 1.00000000</DIFFUSE>
			<AMBIENT>1.00000000 1.00000000 1.00000000</AMBIENT>
			<SPECULAR>1.00000000 1.00000000 1.00000000</SPECULAR>
			<DIFFUSEMAP>VTHGRN_Momar/bStuccoWidePost_www.playgunz.com.bmp</DIFFUSEMAP>
		</MATERIAL>
		<MATERIAL name="VTHGRN_Momar_bStuccoPost_www.playgunz.com">
			<DIFFUSE>1.00000000 1.00000000 1.00000000</DIFFUSE>
			<AMBIENT>1.00000000 1.00000000 1.00000000</AMBIENT>
			<SPECULAR>1.00000000 1.00000000 1.00000000</SPECULAR>
			<DIFFUSEMAP>VTHGRN_Momar/bStuccoPost_www.playgunz.com.bmp</DIFFUSEMAP>
		</MATERIAL>
		<MATERIAL name="VTHGRN_Momar_white_www.playgunz.com">
			<DIFFUSE>1.00000000 1.00000000 1.00000000</DIFFUSE>
			<AMBIENT>1.00000000 1.00000000 1.00000000</AMBIENT>
			<SPECULAR>1.00000000 1.00000000 1.00000000</SPECULAR>
			<DIFFUSEMAP>VTHGRN_Momar/white_www.playgunz.com.bmp</DIFFUSEMAP>
		</MATERIAL>
		<MATERIAL name="VTHGRN_Momar_metal_bord03_www.playgunz.com">
			<DIFFUSE>1.00000000 1.00000000 1.00000000</DIFFUSE>
			<AMBIENT>1.00000000 1.00000000 1.00000000</AMBIENT>
			<SPECULAR>1.00000000 1.00000000 1.00000000</SPECULAR>
			<DIFFUSEMAP>VTHGRN_Momar/metal_bord03_www.playgunz.com.bmp</DIFFUSEMAP>
		</MATERIAL>
		<MATERIAL name="VTHGRN_Momar_out_dmp4c_www.playgunz.com">
			<DIFFUSE>1.00000000 1.00000000 1.00000000</DIFFUSE>
			<AMBIENT>1.00000000 1.00000000 1.00000000</AMBIENT>
			<SPECULAR>1.00000000 1.00000000 1.00000000</SPECULAR>
			<DIFFUSEMAP>VTHGRN_Momar/out_dmp4c_www.playgunz.com.bmp</DIFFUSEMAP>
		</MATERIAL>
		<MATERIAL name="VTHGRN_Momar_out_dmp4a_www.playgunz.com">
			<DIFFUSE>1.00000000 1.00000000 1.00000000</DIFFUSE>
			<AMBIENT>1.00000000 1.00000000 1.00000000</AMBIENT>
			<SPECULAR>1.00000000 1.00000000 1.00000000</SPECULAR>
			<DIFFUSEMAP>VTHGRN_Momar/out_dmp4a_www.playgunz.com.bmp</DIFFUSEMAP>
		</MATERIAL>
		<MATERIAL name="VTHGRN_Momar_out_dmp4b_www.playgunz.com">
			<DIFFUSE>1.00000000 1.00000000 1.00000000</DIFFUSE>
			<AMBIENT>1.00000000 1.00000000 1.00000000</AMBIENT>
			<SPECULAR>1.00000000 1.00000000 1.00000000</SPECULAR>
			<DIFFUSEMAP>VTHGRN_Momar/out_dmp4b_www.playgunz.com.bmp</DIFFUSEMAP>
		</MATERIAL>
		<MATERIAL name="VTHGRN_Momar_out_dmplid_www.playgunz.com">
			<DIFFUSE>1.00000000 1.00000000 1.00000000</DIFFUSE>
			<AMBIENT>1.00000000 1.00000000 1.00000000</AMBIENT>
			<SPECULAR>1.00000000 1.00000000 1.00000000</SPECULAR>
			<DIFFUSEMAP>VTHGRN_Momar/out_dmplid_www.playgunz.com.bmp</DIFFUSEMAP>
		</MATERIAL>
		<MATERIAL name="VTHGRN_Momar_djCrateSm_www.playgunz.com">
			<DIFFUSE>1.00000000 1.00000000 1.00000000</DIFFUSE>
			<AMBIENT>1.00000000 1.00000000 1.00000000</AMBIENT>
			<SPECULAR>1.00000000 1.00000000 1.00000000</SPECULAR>
			<DIFFUSEMAP>VTHGRN_Momar/djCrateSm_www.playgunz.com.bmp</DIFFUSEMAP>
		</MATERIAL>
		<MATERIAL name="photorealistic_parquet_Ladder07">
			<DIFFUSE>1.00000000 1.00000000 1.00000000</DIFFUSE>
			<AMBIENT>1.00000000 1.00000000 1.00000000</AMBIENT>
			<SPECULAR>1.00000000 1.00000000 1.00000000</SPECULAR>
			<DIFFUSEMAP>photorealistic_parquet/Ladder07.jpg</DIFFUSEMAP>
		</MATERIAL>
		<MATERIAL name="Caminhao_trk_fender_www.playgunz.com">
			<DIFFUSE>1.00000000 1.00000000 1.00000000</DIFFUSE>
			<AMBIENT>1.00000000 1.00000000 1.00000000</AMBIENT>
			<SPECULAR>1.00000000 1.00000000 1.00000000</SPECULAR>
			<DIFFUSEMAP>Caminhao/trk_fender_www.playgunz.com.bmp</DIFFUSEMAP>
		</MATERIAL>
		<MATERIAL name="VTHGRN_Momar_trk_bumper_www.playgunz.com">
			<DIFFUSE>1.00000000 1.00000000 1.00000000</DIFFUSE>
			<AMBIENT>1.00000000 1.00000000 1.00000000</AMBIENT>
			<SPECULAR>1.00000000 1.00000000 1.00000000</SPECULAR>
			<DIFFUSEMAP>VTHGRN_Momar/trk_bumper_www.playgunz.com.bmp</DIFFUSEMAP>
		</MATERIAL>
		<MATERIAL name="Caminhao_c1a1_bktb_www.playgunz.com">
			<DIFFUSE>1.00000000 1.00000000 1.00000000</DIFFUSE>
			<AMBIENT>1.00000000 1.00000000 1.00000000</AMBIENT>
			<SPECULAR>1.00000000 1.00000000 1.00000000</SPECULAR>
			<DIFFUSEMAP>Caminhao/c1a1_bktb_www.playgunz.com.bmp</DIFFUSEMAP>
		</MATERIAL>
		<MATERIAL name="Caminhao_trk_grille_www.playgunz.com">
			<DIFFUSE>1.00000000 1.00000000 1.00000000</DIFFUSE>
			<AMBIENT>1.00000000 1.00000000 1.00000000</AMBIENT>
			<SPECULAR>1.00000000 1.00000000 1.00000000</SPECULAR>
			<DIFFUSEMAP>Caminhao/trk_grille_www.playgunz.com.bmp</DIFFUSEMAP>
		</MATERIAL>
		<MATERIAL name="Caminhao_trk_door_www.playgunz.com">
			<DIFFUSE>1.00000000 1.00000000 1.00000000</DIFFUSE>
			<AMBIENT>1.00000000 1.00000000 1.00000000</AMBIENT>
			<SPECULAR>1.00000000 1.00000000 1.00000000</SPECULAR>
			<DIFFUSEMAP>Caminhao/trk_door_www.playgunz.com.bmp</DIFFUSEMAP>
		</MATERIAL>
		<MATERIAL name="Caminhao_trk_hood_www.playgunz.com">
			<DIFFUSE>1.00000000 1.00000000 1.00000000</DIFFUSE>
			<AMBIENT>1.00000000 1.00000000 1.00000000</AMBIENT>
			<SPECULAR>1.00000000 1.00000000 1.00000000</SPECULAR>
			<DIFFUSEMAP>Caminhao/trk_hood_www.playgunz.com.bmp</DIFFUSEMAP>
		</MATERIAL>
		<MATERIAL name="VTHGRN_Momar_trk_door_www.playgunz.com">
			<DIFFUSE>1.00000000 1.00000000 1.00000000</DIFFUSE>
			<AMBIENT>1.00000000 1.00000000 1.00000000</AMBIENT>
			<SPECULAR>1.00000000 1.00000000 1.00000000</SPECULAR>
			<DIFFUSEMAP>VTHGRN_Momar/trk_door_www.playgunz.com.bmp</DIFFUSEMAP>
		</MATERIAL>
		<MATERIAL name="Caminhao_trk_tire_www.playgunz.com">
			<DIFFUSE>1.00000000 1.00000000 1.00000000</DIFFUSE>
			<AMBIENT>1.00000000 1.00000000 1.00000000</AMBIENT>
			<SPECULAR>1.00000000 1.00000000 1.00000000</SPECULAR>
			<DIFFUSEMAP>Caminhao/trk_tire_www.playgunz.com.bmp</DIFFUSEMAP>
		</MATERIAL>
		<MATERIAL name="VTHGRN_Momar_trk_side_www.playgunz.com">
			<DIFFUSE>1.00000000 1.00000000 1.00000000</DIFFUSE>
			<AMBIENT>1.00000000 1.00000000 1.00000000</AMBIENT>
			<SPECULAR>1.00000000 1.00000000 1.00000000</SPECULAR>
			<DIFFUSEMAP>VTHGRN_Momar/trk_side_www.playgunz.com.bmp</DIFFUSEMAP>
		</MATERIAL>
		<MATERIAL name="Caminhao_trk_side_www.playgunz.com">
			<DIFFUSE>1.00000000 1.00000000 1.00000000</DIFFUSE>
			<AMBIENT>1.00000000 1.00000000 1.00000000</AMBIENT>
			<SPECULAR>1.00000000 1.00000000 1.00000000</SPECULAR>
			<DIFFUSEMAP>Caminhao/trk_side_www.playgunz.com.bmp</DIFFUSEMAP>
		</MATERIAL>
		<MATERIAL name="VTHGRN_Momar_trk_bed_www.playgunz.com">
			<DIFFUSE>1.00000000 1.00000000 1.00000000</DIFFUSE>
			<AMBIENT>1.00000000 1.00000000 1.00000000</AMBIENT>
			<SPECULAR>1.00000000 1.00000000 1.00000000</SPECULAR>
			<DIFFUSEMAP>VTHGRN_Momar/trk_bed_www.playgunz.com.bmp</DIFFUSEMAP>
		</MATERIAL>
		<MATERIAL name="VTHGRN_Momar_trk_seat_www.playgunz.com">
			<DIFFUSE>1.00000000 1.00000000 1.00000000</DIFFUSE>
			<AMBIENT>1.00000000 1.00000000 1.00000000</AMBIENT>
			<SPECULAR>1.00000000 1.00000000 1.00000000</SPECULAR>
			<DIFFUSEMAP>VTHGRN_Momar/trk_seat_www.playgunz.com.bmp</DIFFUSEMAP>
		</MATERIAL>
		<MATERIAL name="VTHGRN_Momar_train_und2_www.playgunz.com">
			<DIFFUSE>1.00000000 1.00000000 1.00000000</DIFFUSE>
			<AMBIENT>1.00000000 1.00000000 1.00000000</AMBIENT>
			<SPECULAR>1.00000000 1.00000000 1.00000000</SPECULAR>
			<DIFFUSEMAP>VTHGRN_Momar/train_und2_www.playgunz.com.bmp</DIFFUSEMAP>
		</MATERIAL>
		<MATERIAL name="Caminhao_trk_canvas_www.playgunz.com">
			<DIFFUSE>1.00000000 1.00000000 1.00000000</DIFFUSE>
			<AMBIENT>1.00000000 1.00000000 1.00000000</AMBIENT>
			<SPECULAR>1.00000000 1.00000000 1.00000000</SPECULAR>
			<DIFFUSEMAP>Caminhao/trk_canvas_www.playgunz.com.bmp</DIFFUSEMAP>
		</MATERIAL>
		<MATERIAL name="VTHGRN_Momar_trk_fender_www.playgunz.com">
			<DIFFUSE>1.00000000 1.00000000 1.00000000</DIFFUSE>
			<AMBIENT>1.00000000 1.00000000 1.00000000</AMBIENT>
			<SPECULAR>1.00000000 1.00000000 1.00000000</SPECULAR>
			<DIFFUSEMAP>VTHGRN_Momar/trk_fender_www.playgunz.com.bmp</DIFFUSEMAP>
		</MATERIAL>
		<MATERIAL name="VTHGRN_Momar_trk_pipe_www.playgunz.com">
			<DIFFUSE>1.00000000 1.00000000 1.00000000</DIFFUSE>
			<AMBIENT>1.00000000 1.00000000 1.00000000</AMBIENT>
			<SPECULAR>1.00000000 1.00000000 1.00000000</SPECULAR>
			<DIFFUSEMAP>VTHGRN_Momar/trk_pipe_www.playgunz.com.bmp</DIFFUSEMAP>
		</MATERIAL>
		<MATERIAL name="Caminhao_train_und2_www.playgunz.com">
			<DIFFUSE>1.00000000 1.00000000 1.00000000</DIFFUSE>
			<AMBIENT>1.00000000 1.00000000 1.00000000</AMBIENT>
			<SPECULAR>1.00000000 1.00000000 1.00000000</SPECULAR>
			<DIFFUSEMAP>Caminhao/train_und2_www.playgunz.com.bmp</DIFFUSEMAP>
		</MATERIAL>
		<MATERIAL name="Caminhao_trk_bed_www.playgunz.com">
			<DIFFUSE>1.00000000 1.00000000 1.00000000</DIFFUSE>
			<AMBIENT>1.00000000 1.00000000 1.00000000</AMBIENT>
			<SPECULAR>1.00000000 1.00000000 1.00000000</SPECULAR>
			<DIFFUSEMAP>Caminhao/trk_bed_www.playgunz.com.bmp</DIFFUSEMAP>
		</MATERIAL>
		<MATERIAL name="Caminhao_trk_shocks_www.playgunz.com">
			<DIFFUSE>1.00000000 1.00000000 1.00000000</DIFFUSE>
			<AMBIENT>1.00000000 1.00000000 1.00000000</AMBIENT>
			<SPECULAR>1.00000000 1.00000000 1.00000000</SPECULAR>
			<DIFFUSEMAP>Caminhao/trk_shocks_www.playgunz.com.bmp</DIFFUSEMAP>
		</MATERIAL>
		<MATERIAL name="VTHGRN_Momar_trk_shocks_www.playgunz.com">
			<DIFFUSE>1.00000000 1.00000000 1.00000000</DIFFUSE>
			<AMBIENT>1.00000000 1.00000000 1.00000000</AMBIENT>
			<SPECULAR>1.00000000 1.00000000 1.00000000</SPECULAR>
			<DIFFUSEMAP>VTHGRN_Momar/trk_shocks_www.playgunz.com.bmp</DIFFUSEMAP>
		</MATERIAL>
		<MATERIAL name="Town_gzd_map_town_build13">
			<DIFFUSE>1.00000000 1.00000000 1.00000000</DIFFUSE>
			<AMBIENT>1.00000000 1.00000000 1.00000000</AMBIENT>
			<SPECULAR>1.00000000 1.00000000 1.00000000</SPECULAR>
			<DIFFUSEMAP>Town/gzd_map_town_build13.bmp</DIFFUSEMAP>
		</MATERIAL>
		<MATERIAL name="VTHGRN_Momar_cxbarrela_www.playgunz.com">
			<DIFFUSE>1.00000000 1.00000000 1.00000000</DIFFUSE>
			<AMBIENT>1.00000000 1.00000000 1.00000000</AMBIENT>
			<SPECULAR>1.00000000 1.00000000 1.00000000</SPECULAR>
			<DIFFUSEMAP>VTHGRN_Momar/cxbarrela_www.playgunz.com.bmp</DIFFUSEMAP>
		</MATERIAL>
		<MATERIAL name="photorealistic_wood_wood028">
			<DIFFUSE>1.00000000 1.00000000 1.00000000</DIFFUSE>
			<AMBIENT>1.00000000 1.00000000 1.00000000</AMBIENT>
			<SPECULAR>1.00000000 1.00000000 1.00000000</SPECULAR>
			<DIFFUSEMAP>photorealistic_wood/wood028.jpg</DIFFUSEMAP>
		</MATERIAL>
		<MATERIAL name="VTHGRN_Momar_CLOCK1_www.playgunz.com">
			<DIFFUSE>1.00000000 1.00000000 1.00000000</DIFFUSE>
			<AMBIENT>1.00000000 1.00000000 1.00000000</AMBIENT>
			<SPECULAR>1.00000000 1.00000000 1.00000000</SPECULAR>
			<DIFFUSEMAP>VTHGRN_Momar/CLOCK1_www.playgunz.com.bmp</DIFFUSEMAP>
		</MATERIAL>
		<MATERIAL name="VTHGRN_Momar_t_crate07_www.playgunz.com">
			<DIFFUSE>1.00000000 1.00000000 1.00000000</DIFFUSE>
			<AMBIENT>1.00000000 1.00000000 1.00000000</AMBIENT>
			<SPECULAR>1.00000000 1.00000000 1.00000000</SPECULAR>
			<DIFFUSEMAP>VTHGRN_Momar/t_crate07_www.playgunz.com.bmp</DIFFUSEMAP>
		</MATERIAL>
		<MATERIAL name="VTHGRN_Momar_t_crate09_www.playgunz.com">
			<DIFFUSE>1.00000000 1.00000000 1.00000000</DIFFUSE>
			<AMBIENT>1.00000000 1.00000000 1.00000000</AMBIENT>
			<SPECULAR>1.00000000 1.00000000 1.00000000</SPECULAR>
			<DIFFUSEMAP>VTHGRN_Momar/t_crate09_www.playgunz.com.bmp</DIFFUSEMAP>
		</MATERIAL>
		<MATERIAL name="VTHGRN_Momar_t_wall26_www.playgunz.com">
			<DIFFUSE>1.00000000 1.00000000 1.00000000</DIFFUSE>
			<AMBIENT>1.00000000 1.00000000 1.00000000</AMBIENT>
			<SPECULAR>1.00000000 1.00000000 1.00000000</SPECULAR>
			<DIFFUSEMAP>VTHGRN_Momar/t_wall26_www.playgunz.com.bmp</DIFFUSEMAP>
		</MATERIAL>
		<MATERIAL name="VTHGRN_Momar_t_crate10_www.playgunz.com">
			<DIFFUSE>1.00000000 1.00000000 1.00000000</DIFFUSE>
			<AMBIENT>1.00000000 1.00000000 1.00000000</AMBIENT>
			<SPECULAR>1.00000000 1.00000000 1.00000000</SPECULAR>
			<DIFFUSEMAP>VTHGRN_Momar/t_crate10_www.playgunz.com.bmp</DIFFUSEMAP>
		</MATERIAL>
	</MATERIALLIST>
	<DUMMYLIST>
		<DUMMY name="spawn_solo_101">
			<POSITION>-2432.13000000 -4193.37000000 321.75000000</POSITION>
			<DIRECTION>-1.00000000 0.00000000 0.00000000</DIRECTION>
		</DUMMY>
		<DUMMY name="spawn_solo_102">
			<POSITION>5039.87000000 -241.37000000 33.75000000</POSITION>
			<DIRECTION>-1.00000000 0.00000000 0.00000000</DIRECTION>
		</DUMMY>
		<DUMMY name="spawn_solo_103">
			<POSITION>1463.13000000 3644.37000000 -504.25000000</POSITION>
			<DIRECTION>1.00000000 -0.00000000 0.00000000</DIRECTION>
		</DUMMY>
		<DUMMY name="spawn_solo_104">
			<POSITION>1424.13000000 4401.37000000 33.75000000</POSITION>
			<DIRECTION>1.00000000 -0.00000000 0.00000000</DIRECTION>
		</DUMMY>
		<DUMMY name="spawn_solo_105">
			<POSITION>-2865.37000000 -367.87000000 33.75000000</POSITION>
			<DIRECTION>-0.00000000 -1.00000000 0.00000000</DIRECTION>
		</DUMMY>
		<DUMMY name="spawn_solo_106">
			<POSITION>-4593.37000000 -1647.87000000 33.75000000</POSITION>
			<DIRECTION>-0.00000000 -1.00000000 0.00000000</DIRECTION>
		</DUMMY>
		<DUMMY name="spawn_solo_107">
			<POSITION>-208.13000000 -2753.37000000 673.75000000</POSITION>
			<DIRECTION>-1.00000000 0.00000000 0.00000000</DIRECTION>
		</DUMMY>
		<DUMMY name="spawn_solo_108">
			<POSITION>4719.87000000 1678.63000000 33.75000000</POSITION>
			<DIRECTION>-1.00000000 0.00000000 0.00000000</DIRECTION>
		</DUMMY>
		<DUMMY name="spawn_team1_101">
			<POSITION>-5484.00000000 1900.00000000 36.00000000</POSITION>
			<DIRECTION>-0.00000000 -1.00000000 0.00000000</DIRECTION>
		</DUMMY>
		<DUMMY name="spawn_team1_102">
			<POSITION>-5100.00000000 1900.00000000 36.00000000</POSITION>
			<DIRECTION>-0.00000000 -1.00000000 0.00000000</DIRECTION>
		</DUMMY>
		<DUMMY name="spawn_team1_103">
			<POSITION>-5228.00000000 1900.00000000 36.00000000</POSITION>
			<DIRECTION>-0.00000000 -1.00000000 0.00000000</DIRECTION>
		</DUMMY>
		<DUMMY name="spawn_team1_104">
			<POSITION>-5356.00000000 1900.00000000 36.00000000</POSITION>
			<DIRECTION>-0.00000000 -1.00000000 0.00000000</DIRECTION>
		</DUMMY>
		<DUMMY name="spawn_team2_101">
			<POSITION>7136.00000000 -3456.00000000 -256.00000000</POSITION>
			<DIRECTION>0.00000000 1.00000000 0.00000000</DIRECTION>
		</DUMMY>
		<DUMMY name="spawn_team2_102">
			<POSITION>6752.00000000 -3456.00000000 -256.00000000</POSITION>
			<DIRECTION>0.00000000 1.00000000 0.00000000</DIRECTION>
		</DUMMY>
		<DUMMY name="spawn_team2_103">
			<POSITION>6880.00000000 -3456.00000000 -256.00000000</POSITION>
			<DIRECTION>0.00000000 1.00000000 0.00000000</DIRECTION>
		</DUMMY>
		<DUMMY name="spawn_team2_104">
			<POSITION>7008.00000000 -3456.00000000 -256.00000000</POSITION>
			<DIRECTION>0.00000000 1.00000000 0.00000000</DIRECTION>
		</DUMMY>
	</DUMMYLIST>
	<OBJECTLIST>
		<OBJECT name="Burgh_obj_sky_daylight.elu">
		</OBJECT>
	</OBJECTLIST>
</XML>
