<?xml version="1.0" encoding="UTF-8"?>
<XML>
	<GAMETYPE id="solo">
		<SPAWN item="bullet02" timesec="45000">
			<POSITION>980.3000000 -1396.3000000 298.6000000</POSITION>
		</SPAWN>
		<SPAWN item="bullet02" timesec="45000">
			<POSITION>3847.2000000 795.1000000 -516.000000</POSITION>
		</SPAWN>
		<SPAWN item="ap01" timesec="45000">
			<POSITION>1823.3000000 4852.6000000 26.3000000</POSITION>
		</SPAWN>
		<SPAWN item="ap02" timesec="45000">
			<POSITION>162.8000000 -3199.5000000 671.8000000</POSITION>
		</SPAWN>
		<SPAWN item="hp02" timesec="45000">
			<POSITION>2096.9000000 12.3000000 436.3000000</POSITION>
		</SPAWN>


	</GAMETYPE>

	<GAMETYPE id="team">
		<SPAWN item="bullet02" timesec="45000">
			<POSITION>980.3000000 -1396.3000000 298.6000000</POSITION>
		</SPAWN>
		<SPAWN item="bullet02" timesec="45000">
			<POSITION>3847.2000000 795.1000000 -516.000000</POSITION>
		</SPAWN>
		<SPAWN item="ap01" timesec="45000">
			<POSITION>1823.3000000 4852.6000000 26.3000000</POSITION>
		</SPAWN>
		<SPAWN item="ap02" timesec="45000">
			<POSITION>162.8000000 -3199.5000000 671.8000000</POSITION>
		</SPAWN>
		<SPAWN item="hp02" timesec="45000">
			<POSITION>2096.9000000 12.3000000 436.3000000</POSITION>
		</SPAWN>
	</GAMETYPE>
</XML>
