<?xml version="1.0" encoding="UTF-8"?>
<XML>
	<GAMETYPE id="solo">
		<SPAWN item="bullet02" timesec="35000">
			<POSITION>-57.6000000 3771.8000000 -340.6000000</POSITION>
		</SPAWN>
		<SPAWN item="bullet02" timesec="35000">
			<POSITION>-57.6000000 -3863.1000000 -340.6000000</POSITION>
		</SPAWN>
		<SPAWN item="ap02" timesec="35000">
			<POSITION>-2666.0000000 -45.8000000 -541.9000000</POSITION>*
		</SPAWN>
		<SPAWN item="ap02" timesec="35000">
			<POSITION>1237.3000000 -41.6000000 -541.9000000</POSITION>*
		</SPAWN>
		<SPAWN item="hp03" timesec="35000">
			<POSITION>-733.1000000 -34.1000000 -541.9000000</POSITION>*
		</SPAWN>
	</GAMETYPE>

	<GAMETYPE id="team">
		<SPAWN item="bullet02" timesec="35000">
			<POSITION>-57.6000000 3771.8000000 -340.6000000</POSITION>
		</SPAWN>
		<SPAWN item="bullet02" timesec="35000">
			<POSITION>-57.6000000 -3863.1000000 -340.6000000</POSITION>
		</SPAWN>
		<SPAWN item="ap02" timesec="35000">
			<POSITION>-2666.0000000 -45.8000000 -541.9000000</POSITION>*
		</SPAWN>
		<SPAWN item="ap02" timesec="35000">
			<POSITION>1237.3000000 -41.6000000 -541.9000000</POSITION>*
		</SPAWN>
		<SPAWN item="hp03" timesec="35000">
			<POSITION>-733.1000000 -34.1000000 -541.9000000</POSITION>*
		</SPAWN>
	</GAMETYPE>
</XML>
