<?xml version="1.0" encoding="UTF-8"?>
<XML>
	<GAMETYPE id="solo">
		<SPAWN item="bullet02" timesec="35000">
			<POSITION>-931.8000000 65.9000000 8.3000000</POSITION>
		</SPAWN>
		<SPAWN item="bullet02" timesec="35000">
			<POSITION>1797.4000000 15.0000000 8.6000000</POSITION>
		</SPAWN>
		<SPAWN item="ap03" timesec="35000">
			<POSITION>-2597.5000000 1953.2000000 156.1000000</POSITION>
		</SPAWN>
		<SPAWN item="ap03" timesec="35000">
			<POSITION>-2597.5000000 -1897.0000000 156.1000000</POSITION>
		</SPAWN>
		<SPAWN item="hp02" timesec="35000">
			<POSITION>-121.4000000 19.5000000 360.3000000</POSITION>
		</SPAWN>
		<SPAWN item="hp03" timesec="35000">
			<POSITION>-90.8000000 -4220.8000000 8.4000000</POSITION>
		</SPAWN>
		<SPAWN item="hp03" timesec="35000">
			<POSITION>-90.8000000 4297.6000000 8.3000000</POSITION>
		</SPAWN>
	</GAMETYPE>

	<GAMETYPE id="team">
		<SPAWN item="bullet02" timesec="35000">
			<POSITION>-931.8000000 65.9000000 8.3000000</POSITION>
		</SPAWN>
		<SPAWN item="bullet02" timesec="35000">
			<POSITION>1797.4000000 15.0000000 8.6000000</POSITION>
		</SPAWN>
		<SPAWN item="ap03" timesec="35000">
			<POSITION>-2597.5000000 1953.2000000 156.1000000</POSITION>
		</SPAWN>
		<SPAWN item="ap03" timesec="35000">
			<POSITION>-2597.5000000 -1897.0000000 156.1000000</POSITION>
		</SPAWN>
		<SPAWN item="hp02" timesec="35000">
			<POSITION>-121.4000000 19.5000000 360.3000000</POSITION>
		</SPAWN>
		<SPAWN item="hp03" timesec="35000">
			<POSITION>-90.8000000 -4220.8000000 8.4000000</POSITION>
		</SPAWN>
		<SPAWN item="hp03" timesec="35000">
			<POSITION>-90.8000000 4297.6000000 8.3000000</POSITION>
		</SPAWN>
	</GAMETYPE>
</XML>
