<?xml version="1.0" encoding="UTF-8"?>
<XML>
	<MATERIALLIST>
		<MATERIAL name="Gzp_gzd_map_Prison_water001.bmp_mt_wat">
			<DIFFUSE>0.5880000 0.5880000 0.5880000</DIFFUSE>
			<AMBIENT>0.5880000 0.5880000 0.5880000</AMBIENT>
			<SPECULAR>0.9000000 0.9000000 0.9000000</SPECULAR>
			<DIFFUSEMAP>Gzp/gzd_map_Prison_water001.bmp</DIFFUSEMAP>
		</MATERIAL>
		<MATERIAL name="Walls_Stone003_mt_con">
			<DIFFUSE>1.00000000 1.00000000 1.00000000</DIFFUSE>
			<AMBIENT>1.00000000 1.00000000 1.00000000</AMBIENT>
			<SPECULAR>1.00000000 1.00000000 1.00000000</SPECULAR>
			<DIFFUSEMAP>Walls/Stone003.jpg</DIFFUSEMAP>
		</MATERIAL>
		<MATERIAL name="Misc_wirePNG">
			<DIFFUSE>1.00000000 1.00000000 1.00000000</DIFFUSE>
			<AMBIENT>1.00000000 1.00000000 1.00000000</AMBIENT>
			<SPECULAR>1.00000000 1.00000000 1.00000000</SPECULAR>
			<DIFFUSEMAP>Misc/wirePNG.png</DIFFUSEMAP>
			<USEOPACITY/>
		</MATERIAL>
		<MATERIAL name="common_Zimykori">
			<DIFFUSE>1.00000000 1.00000000 1.00000000</DIFFUSE>
			<AMBIENT>1.00000000 1.00000000 1.00000000</AMBIENT>
			<SPECULAR>1.00000000 1.00000000 1.00000000</SPECULAR>
			<DIFFUSEMAP>common/Zimykori.png</DIFFUSEMAP>
			<USEOPACITY/>
		</MATERIAL>
		<MATERIAL name="common_ZimykoriBaliktad">
			<DIFFUSE>1.00000000 1.00000000 1.00000000</DIFFUSE>
			<AMBIENT>1.00000000 1.00000000 1.00000000</AMBIENT>
			<SPECULAR>1.00000000 1.00000000 1.00000000</SPECULAR>
			<DIFFUSEMAP>common/ZimykoriBaliktad.png</DIFFUSEMAP>
			<USEOPACITY/>
		</MATERIAL>
		<MATERIAL name="common_Naruto">
			<DIFFUSE>1.00000000 1.00000000 1.00000000</DIFFUSE>
			<AMBIENT>1.00000000 1.00000000 1.00000000</AMBIENT>
			<SPECULAR>1.00000000 1.00000000 1.00000000</SPECULAR>
			<DIFFUSEMAP>common/Naruto.png</DIFFUSEMAP>
			<USEOPACITY/>
		</MATERIAL>
		<MATERIAL name="common_NarutoBaliktad">
			<DIFFUSE>1.00000000 1.00000000 1.00000000</DIFFUSE>
			<AMBIENT>1.00000000 1.00000000 1.00000000</AMBIENT>
			<SPECULAR>1.00000000 1.00000000 1.00000000</SPECULAR>
			<DIFFUSEMAP>common/NarutoBaliktad.png</DIFFUSEMAP>
			<USEOPACITY/>
		</MATERIAL>
	</MATERIALLIST>
	<OBJECTLIST>
		<OBJECT name="Tunnel_obj_water_a 01.elu">
		</OBJECT>
		<OBJECT name="Tunnel_obj_water_a 02.elu">
		</OBJECT>
	</OBJECTLIST>
	<DUMMYLIST>
		<DUMMY name="spawn_solo_101">
			<POSITION>-47.57790000 2759.09000000 208.00000000</POSITION>
			<DIRECTION>-0.05589295 0.99843677 0.00000000</DIRECTION>
		</DUMMY>
		<DUMMY name="spawn_solo_102">
			<POSITION>2720.00000000 64.00000000 224.00000000</POSITION>
			<DIRECTION>-1.00000000 0.00000000 0.00000000</DIRECTION>
		</DUMMY>
		<DUMMY name="spawn_solo_103">
			<POSITION>-2784.00000000 -64.00000000 224.00000000</POSITION>
			<DIRECTION>0.99613974 -0.08778165 0.00000000</DIRECTION>
		</DUMMY>
		<DUMMY name="spawn_team1_101">
			<POSITION>-2528.00000000 32.00000000 224.00000000</POSITION>
			<DIRECTION>0.99984216 -0.01776652 0.00000000</DIRECTION>
		</DUMMY>
		<DUMMY name="spawn_team1_102">
			<POSITION>-2656.00000000 32.00000000 224.00000000</POSITION>
			<DIRECTION>0.99984216 -0.01776652 0.00000000</DIRECTION>
		</DUMMY>
		<DUMMY name="spawn_team1_103">
			<POSITION>-2656.00000000 -96.00000000 224.00000000</POSITION>
			<DIRECTION>0.99984216 -0.01776652 0.00000000</DIRECTION>
		</DUMMY>
		<DUMMY name="spawn_team1_104">
			<POSITION>-2528.00000000 -96.00000000 224.00000000</POSITION>
			<DIRECTION>0.99984216 -0.01776652 0.00000000</DIRECTION>
		</DUMMY>
		<DUMMY name="spawn_team2_101">
			<POSITION>-32.00000000 2496.00000000 224.00000000</POSITION>
			<DIRECTION>-0.00512775 0.99998685 0.00000000</DIRECTION>
		</DUMMY>
		<DUMMY name="spawn_team2_102">
			<POSITION>32.00000000 2624.00000000 224.00000000</POSITION>
			<DIRECTION>-0.00512775 0.99998685 0.00000000</DIRECTION>
		</DUMMY>
		<DUMMY name="spawn_team2_103">
			<POSITION>-96.00000000 2624.00000000 224.00000000</POSITION>
			<DIRECTION>-0.00512775 0.99998685 0.00000000</DIRECTION>
		</DUMMY>
		<DUMMY name="spawn_team2_104">
			<POSITION>-256.00000000 2624.00000000 224.00000000</POSITION>
			<DIRECTION>-0.00512775 0.99998685 0.00000000</DIRECTION>
		</DUMMY>
		<DUMMY name="spawn_team2_105">
			<POSITION>-192.00000000 2496.00000000 224.00000000</POSITION>
			<DIRECTION>-0.00512775 0.99998685 0.00000000</DIRECTION>
		</DUMMY>
		<DUMMY name="spawn_solo_104">
			<POSITION>0.00000000 0.00000000 -32.00000000</POSITION>
			<DIRECTION>-0.00961836 -0.99995374 0.00000000</DIRECTION>
		</DUMMY>
		<DUMMY name="snd_amb_b1_dropwater 01">
			<POSITION>0.00000000 0.00000000 -32.00000000</POSITION>
			<DIRECTION>0.0000000 0.9999999 0.0000000</DIRECTION>
		</DUMMY>
		<DUMMY name="spawn_solo_105">
			<POSITION>-104.00000000 -1088.00000000 224.00000000</POSITION>
			<DIRECTION>-0.00961836 -0.99995374 0.00000000</DIRECTION>
		</DUMMY>
	</DUMMYLIST>
	<AMBIENTSOUNDLIST>
		<AMBIENTSOUND ObjName="snd_amb_b1_dropwater 01" type="b1" filename="amb_dropwater">
			<CENTER>0.0000000 4915.2763672 -16169.4921875</CENTER>
			<RADIUS>20000</RADIUS>
		</AMBIENTSOUND>
	</AMBIENTSOUNDLIST>
	<FOG min="2500" max="6000">
		<R>36</R>
		<G>36</G>
		<B>36</B>
	</FOG>
	<GLOBAL>
		<fog_enable>TRUE</fog_enable>
		<fog_min>2500</fog_min>
		<fog_max>6000</fog_max>
		<fog_color>36,36,36</fog_color>
		<far_z>9000</far_z>
	</GLOBAL>
</XML>
