<?xml version="1.0"?>
<XML>
	<MATERIALLIST>
		<MATERIAL name="material_0">
			<DIFFUSE>1.0000000 1.0000000 1.0000000</DIFFUSE>
			<AMBIENT>0.5500000 0.5500000 0.5500000</AMBIENT>
			<SPECULAR>0.9000000 0.9000000 0.9000000</SPECULAR>
			<DIFFUSEMAP>space_material_0.tga</DIFFUSEMAP>
		</MATERIAL>
		<MATERIAL name="material_1">
			<DIFFUSE>1.0000000 1.0000000 1.0000000</DIFFUSE>
			<AMBIENT>0.5500000 0.5500000 0.5500000</AMBIENT>
			<SPECULAR>0.9000000 0.9000000 0.9000000</SPECULAR>
			<DIFFUSEMAP>space_material_1.tga</DIFFUSEMAP>
		</MATERIAL>
		<MATERIAL name="material_2">
			<DIFFUSE>1.0000000 1.0000000 1.0000000</DIFFUSE>
			<AMBIENT>0.5500000 0.5500000 0.5500000</AMBIENT>
			<SPECULAR>0.9000000 0.9000000 0.9000000</SPECULAR>
			<DIFFUSEMAP>space_material_2.tga</DIFFUSEMAP>
		</MATERIAL>
		<MATERIAL name="material_3">
			<DIFFUSE>1.0000000 1.0000000 1.0000000</DIFFUSE>
			<AMBIENT>0.5500000 0.5500000 0.5500000</AMBIENT>
			<SPECULAR>0.9000000 0.9000000 0.9000000</SPECULAR>
			<DIFFUSEMAP>space_material_3.tga</DIFFUSEMAP>
		</MATERIAL>
		<MATERIAL name="material_4">
			<DIFFUSE>1.0000000 1.0000000 1.0000000</DIFFUSE>
			<AMBIENT>0.5500000 0.5500000 0.5500000</AMBIENT>
			<SPECULAR>0.9000000 0.9000000 0.9000000</SPECULAR>
			<DIFFUSEMAP>space_material_4.tga</DIFFUSEMAP>
		</MATERIAL>
		<MATERIAL name="material_5">
			<DIFFUSE>1.0000000 1.0000000 1.0000000</DIFFUSE>
			<AMBIENT>0.5500000 0.5500000 0.5500000</AMBIENT>
			<SPECULAR>0.9000000 0.9000000 0.9000000</SPECULAR>
			<DIFFUSEMAP>space_material_5.tga</DIFFUSEMAP>
		</MATERIAL>
		<MATERIAL name="material_6">
			<DIFFUSE>1.0000000 1.0000000 1.0000000</DIFFUSE>
			<AMBIENT>0.5500000 0.5500000 0.5500000</AMBIENT>
			<SPECULAR>0.9000000 0.9000000 0.9000000</SPECULAR>
			<DIFFUSEMAP></DIFFUSEMAP>
		</MATERIAL>
		<MATERIAL name="material_7">
			<DIFFUSE>1.0000000 1.0000000 1.0000000</DIFFUSE>
			<AMBIENT>0.5500000 0.5500000 0.5500000</AMBIENT>
			<SPECULAR>0.9000000 0.9000000 0.9000000</SPECULAR>
			<DIFFUSEMAP>space_material_7.tga</DIFFUSEMAP>
		</MATERIAL>
		<MATERIAL name="material_8">
			<DIFFUSE>1.0000000 1.0000000 1.0000000</DIFFUSE>
			<AMBIENT>0.5500000 0.5500000 0.5500000</AMBIENT>
			<SPECULAR>0.9000000 0.9000000 0.9000000</SPECULAR>
			<DIFFUSEMAP>space_material_8.tga</DIFFUSEMAP>
		</MATERIAL>
		<MATERIAL name="material_9">
			<DIFFUSE>1.0000000 1.0000000 1.0000000</DIFFUSE>
			<AMBIENT>0.5500000 0.5500000 0.5500000</AMBIENT>
			<SPECULAR>0.9000000 0.9000000 0.9000000</SPECULAR>
			<DIFFUSEMAP>space_material_9.tga</DIFFUSEMAP>
		</MATERIAL>
		<MATERIAL name="material_10">
			<DIFFUSE>1.0000000 1.0000000 1.0000000</DIFFUSE>
			<AMBIENT>0.5500000 0.5500000 0.5500000</AMBIENT>
			<SPECULAR>0.9000000 0.9000000 0.9000000</SPECULAR>
			<DIFFUSEMAP>space_material_10.tga</DIFFUSEMAP>
		</MATERIAL>
		<MATERIAL name="material_11">
			<DIFFUSE>1.0000000 1.0000000 1.0000000</DIFFUSE>
			<AMBIENT>0.5500000 0.5500000 0.5500000</AMBIENT>
			<SPECULAR>0.9000000 0.9000000 0.9000000</SPECULAR>
			<DIFFUSEMAP>space_material_11.tga</DIFFUSEMAP>
		</MATERIAL>
		<MATERIAL name="material_12">
			<DIFFUSE>1.0000000 1.0000000 1.0000000</DIFFUSE>
			<AMBIENT>0.5500000 0.5500000 0.5500000</AMBIENT>
			<SPECULAR>0.9000000 0.9000000 0.9000000</SPECULAR>
			<DIFFUSEMAP>space_material_12.tga</DIFFUSEMAP>
		</MATERIAL>
		<MATERIAL name="material_13">
			<DIFFUSE>1.0000000 1.0000000 1.0000000</DIFFUSE>
			<AMBIENT>0.5500000 0.5500000 0.5500000</AMBIENT>
			<SPECULAR>0.9000000 0.9000000 0.9000000</SPECULAR>
			<DIFFUSEMAP>space_material_13.tga</DIFFUSEMAP>
		</MATERIAL>
		<MATERIAL name="material_14">
			<DIFFUSE>1.0000000 1.0000000 1.0000000</DIFFUSE>
			<AMBIENT>0.5500000 0.5500000 0.5500000</AMBIENT>
			<SPECULAR>0.9000000 0.9000000 0.9000000</SPECULAR>
			<DIFFUSEMAP>space_material_14.tga</DIFFUSEMAP>
		</MATERIAL>
		<MATERIAL name="material_15">
			<DIFFUSE>1.0000000 1.0000000 1.0000000</DIFFUSE>
			<AMBIENT>0.5500000 0.5500000 0.5500000</AMBIENT>
			<SPECULAR>0.9000000 0.9000000 0.9000000</SPECULAR>
			<DIFFUSEMAP>space_material_15.tga</DIFFUSEMAP>
		</MATERIAL>
		<MATERIAL name="material_16">
			<DIFFUSE>1.0000000 1.0000000 1.0000000</DIFFUSE>
			<AMBIENT>0.5500000 0.5500000 0.5500000</AMBIENT>
			<SPECULAR>0.9000000 0.9000000 0.9000000</SPECULAR>
			<DIFFUSEMAP>space_material_16.tga</DIFFUSEMAP>
		</MATERIAL>
		<MATERIAL name="material_17">
			<DIFFUSE>1.0000000 1.0000000 1.0000000</DIFFUSE>
			<AMBIENT>0.5500000 0.5500000 0.5500000</AMBIENT>
			<SPECULAR>0.9000000 0.9000000 0.9000000</SPECULAR>
			<DIFFUSEMAP>space_material_17.tga</DIFFUSEMAP>
		</MATERIAL>
		<MATERIAL name="material_18">
			<DIFFUSE>1.0000000 1.0000000 1.0000000</DIFFUSE>
			<AMBIENT>0.5500000 0.5500000 0.5500000</AMBIENT>
			<SPECULAR>0.9000000 0.9000000 0.9000000</SPECULAR>
			<DIFFUSEMAP>space_material_18.tga</DIFFUSEMAP>
		</MATERIAL>
		<MATERIAL name="material_19">
			<DIFFUSE>1.0000000 1.0000000 1.0000000</DIFFUSE>
			<AMBIENT>0.5500000 0.5500000 0.5500000</AMBIENT>
			<SPECULAR>0.9000000 0.9000000 0.9000000</SPECULAR>
			<DIFFUSEMAP>space_material_19.tga</DIFFUSEMAP>
		</MATERIAL>
		<MATERIAL name="material_20">
			<DIFFUSE>1.0000000 1.0000000 1.0000000</DIFFUSE>
			<AMBIENT>0.5500000 0.5500000 0.5500000</AMBIENT>
			<SPECULAR>0.9000000 0.9000000 0.9000000</SPECULAR>
			<DIFFUSEMAP>space_material_20.tga</DIFFUSEMAP>
		</MATERIAL>
		<MATERIAL name="material_21">
			<DIFFUSE>1.0000000 1.0000000 1.0000000</DIFFUSE>
			<AMBIENT>0.5500000 0.5500000 0.5500000</AMBIENT>
			<SPECULAR>0.9000000 0.9000000 0.9000000</SPECULAR>
			<DIFFUSEMAP>space_material_21.tga</DIFFUSEMAP>
		</MATERIAL>
		<MATERIAL name="material_22">
			<DIFFUSE>1.0000000 1.0000000 1.0000000</DIFFUSE>
			<AMBIENT>0.5500000 0.5500000 0.5500000</AMBIENT>
			<SPECULAR>0.9000000 0.9000000 0.9000000</SPECULAR>
			<DIFFUSEMAP>space_material_22.tga</DIFFUSEMAP>
		</MATERIAL>
		<MATERIAL name="material_23">
			<DIFFUSE>1.0000000 1.0000000 1.0000000</DIFFUSE>
			<AMBIENT>0.5500000 0.5500000 0.5500000</AMBIENT>
			<SPECULAR>0.9000000 0.9000000 0.9000000</SPECULAR>
			<DIFFUSEMAP>space_material_23.tga</DIFFUSEMAP>
		</MATERIAL>
		<MATERIAL name="material_24">
			<DIFFUSE>1.0000000 1.0000000 1.0000000</DIFFUSE>
			<AMBIENT>0.5500000 0.5500000 0.5500000</AMBIENT>
			<SPECULAR>0.9000000 0.9000000 0.9000000</SPECULAR>
			<DIFFUSEMAP>space_material_24.tga</DIFFUSEMAP>
		</MATERIAL>
		<MATERIAL name="material_25">
			<DIFFUSE>1.0000000 1.0000000 1.0000000</DIFFUSE>
			<AMBIENT>0.5500000 0.5500000 0.5500000</AMBIENT>
			<SPECULAR>0.9000000 0.9000000 0.9000000</SPECULAR>
			<DIFFUSEMAP>space_material_25.tga</DIFFUSEMAP>
		</MATERIAL>
		<MATERIAL name="material_26">
			<DIFFUSE>1.0000000 1.0000000 1.0000000</DIFFUSE>
			<AMBIENT>0.5500000 0.5500000 0.5500000</AMBIENT>
			<SPECULAR>0.9000000 0.9000000 0.9000000</SPECULAR>
			<DIFFUSEMAP>space_material_26.tga</DIFFUSEMAP>
		</MATERIAL>
		<MATERIAL name="material_27">
			<DIFFUSE>1.0000000 1.0000000 1.0000000</DIFFUSE>
			<AMBIENT>0.5500000 0.5500000 0.5500000</AMBIENT>
			<SPECULAR>0.9000000 0.9000000 0.9000000</SPECULAR>
			<DIFFUSEMAP>space_material_27.tga</DIFFUSEMAP>
		</MATERIAL>
		<MATERIAL name="material_29">
			<DIFFUSE>1.0000000 1.0000000 1.0000000</DIFFUSE>
			<AMBIENT>0.5500000 0.5500000 0.5500000</AMBIENT>
			<SPECULAR>0.9000000 0.9000000 0.9000000</SPECULAR>
			<DIFFUSEMAP>space_material_29.tga</DIFFUSEMAP>
		</MATERIAL>
		<MATERIAL name="material_30">
			<DIFFUSE>1.0000000 1.0000000 1.0000000</DIFFUSE>
			<AMBIENT>0.5500000 0.5500000 0.5500000</AMBIENT>
			<SPECULAR>0.9000000 0.9000000 0.9000000</SPECULAR>
			<DIFFUSEMAP>space_material_30.tga</DIFFUSEMAP>
		</MATERIAL>
	</MATERIALLIST>
	<LIGHTLIST>
	</LIGHTLIST>
	<OBJECTLIST>
	</OBJECTLIST>
	<DUMMYLIST>
		<DUMMY name="spawn_team1_101">
			<POSITION>1336.1359863 -1158.3857422 872.1896973</POSITION>
			<DIRECTION>0.0000000 1.0000000 0.0000000</DIRECTION>
		</DUMMY>
		<DUMMY name="spawn_team1_102">
			<POSITION>1336.1359863 -1182.1466064 872.1896973</POSITION>
			<DIRECTION>0.0000000 1.0000000 0.0000000</DIRECTION>
		</DUMMY>
		<DUMMY name="spawn_team1_103">
			<POSITION>1336.1359863 -1205.5922852 872.1896973</POSITION>
			<DIRECTION>0.0000000 1.0000000 0.0000000</DIRECTION>
		</DUMMY>
		<DUMMY name="spawn_team1_104">
			<POSITION>1336.1359863 -1228.6777344 872.1896973</POSITION>
			<DIRECTION>0.0000000 1.0000000 0.0000000</DIRECTION>
		</DUMMY>
		<DUMMY name="spawn_team1_105">
			<POSITION>1336.1359863 927.7032471 872.1896973</POSITION>
			<DIRECTION>0.0000000 1.0000000 0.0000000</DIRECTION>
		</DUMMY>
		<DUMMY name="spawn_team1_106">
			<POSITION>1336.1359863 950.7951050 872.1896973</POSITION>
			<DIRECTION>0.0000000 1.0000000 0.0000000</DIRECTION>
		</DUMMY>
		<DUMMY name="spawn_team1_107">
			<POSITION>1336.1359863 985.1679688 872.1896973</POSITION>
			<DIRECTION>0.0000000 1.0000000 0.0000000</DIRECTION>
		</DUMMY>
		<DUMMY name="spawn_team1_108">
			<POSITION>1336.1359863 1042.4470215 872.1896973</POSITION>
			<DIRECTION>0.0000000 1.0000000 0.0000000</DIRECTION>
		</DUMMY>
		<DUMMY name="spawn_team2_101">
			<POSITION>-1579.4541016 1042.4470215 872.1896973</POSITION>
			<DIRECTION>0.0000000 1.0000000 0.0000000</DIRECTION>
		</DUMMY>
		<DUMMY name="spawn_team2_102">
			<POSITION>-1579.4541016 1016.8161011 872.1896973</POSITION>
			<DIRECTION>0.0000000 1.0000000 0.0000000</DIRECTION>
		</DUMMY>
		<DUMMY name="spawn_team2_103">
			<POSITION>-1579.4541016 978.3228760 872.1896973</POSITION>
			<DIRECTION>0.0000000 1.0000000 0.0000000</DIRECTION>
		</DUMMY>
		<DUMMY name="spawn_team2_104">
			<POSITION>-1579.4541016 939.3200073 872.1896973</POSITION>
			<DIRECTION>0.0000000 1.0000000 0.0000000</DIRECTION>
		</DUMMY>
		<DUMMY name="spawn_team2_105">
			<POSITION>-1368.5351563 -1165.5350342 872.1896973</POSITION>
			<DIRECTION>0.0000000 1.0000000 0.0000000</DIRECTION>
		</DUMMY>
		<DUMMY name="spawn_team2_106">
			<POSITION>-1368.5351563 -1234.9434814 872.1896973</POSITION>
			<DIRECTION>0.0000000 1.0000000 0.0000000</DIRECTION>
		</DUMMY>
		<DUMMY name="spawn_team2_107">
			<POSITION>-1368.5351563 -1296.0227051 872.1896973</POSITION>
			<DIRECTION>0.0000000 1.0000000 0.0000000</DIRECTION>
		</DUMMY>
		<DUMMY name="spawn_team2_108">
			<POSITION>-1368.5351563 -1367.2021484 872.1896973</POSITION>
			<DIRECTION>0.0000000 1.0000000 0.0000000</DIRECTION>
		</DUMMY>
		<DUMMY name="spawn_solo_101">
			<POSITION>1336.1359863 -1158.3857422 872.1896973</POSITION>
			<DIRECTION>0.0000000 1.0000000 0.0000000</DIRECTION>
		</DUMMY>
		<DUMMY name="spawn_solo_102">
			<POSITION>1336.1359863 -1182.1466064 872.1896973</POSITION>
			<DIRECTION>0.0000000 1.0000000 0.0000000</DIRECTION>
		</DUMMY>
		<DUMMY name="spawn_solo_103">
			<POSITION>1336.1359863 -1205.5922852 872.1896973</POSITION>
			<DIRECTION>0.0000000 1.0000000 0.0000000</DIRECTION>
		</DUMMY>
		<DUMMY name="spawn_solo_104">
			<POSITION>1336.1359863 -1228.6777344 872.1896973</POSITION>
			<DIRECTION>0.0000000 1.0000000 0.0000000</DIRECTION>
		</DUMMY>
		<DUMMY name="spawn_solo_105">
			<POSITION>1336.1359863 927.7032471 872.1896973</POSITION>
			<DIRECTION>0.0000000 1.0000000 0.0000000</DIRECTION>
		</DUMMY>
		<DUMMY name="spawn_solo_106">
			<POSITION>1336.1359863 950.7951050 872.1896973</POSITION>
			<DIRECTION>0.0000000 1.0000000 0.0000000</DIRECTION>
		</DUMMY>
		<DUMMY name="spawn_solo_107">
			<POSITION>1336.1359863 985.1679688 872.1896973</POSITION>
			<DIRECTION>0.0000000 1.0000000 0.0000000</DIRECTION>
		</DUMMY>
		<DUMMY name="spawn_solo_108">
			<POSITION>1336.1359863 1042.4470215 872.1896973</POSITION>
			<DIRECTION>0.0000000 1.0000000 0.0000000</DIRECTION>
		</DUMMY>
		<DUMMY name="spawn_solo_109">
			<POSITION>-1579.4541016 1042.4470215 872.1896973</POSITION>
			<DIRECTION>0.0000000 1.0000000 0.0000000</DIRECTION>
		</DUMMY>
		<DUMMY name="spawn_solo_110">
			<POSITION>-1579.4541016 1016.8161011 872.1896973</POSITION>
			<DIRECTION>0.0000000 1.0000000 0.0000000</DIRECTION>
		</DUMMY>
		<DUMMY name="spawn_solo_111">
			<POSITION>-1579.4541016 978.3228760 872.1896973</POSITION>
			<DIRECTION>0.0000000 1.0000000 0.0000000</DIRECTION>
		</DUMMY>
		<DUMMY name="spawn_solo_112">
			<POSITION>-1579.4541016 939.3200073 872.1896973</POSITION>
			<DIRECTION>0.0000000 1.0000000 0.0000000</DIRECTION>
		</DUMMY>
		<DUMMY name="spawn_solo_113">
			<POSITION>-1368.5351563 -1165.5350342 872.1896973</POSITION>
			<DIRECTION>0.0000000 1.0000000 0.0000000</DIRECTION>
		</DUMMY>
		<DUMMY name="spawn_solo_114">
			<POSITION>-1368.5351563 -1234.9434814 872.1896973</POSITION>
			<DIRECTION>0.0000000 1.0000000 0.0000000</DIRECTION>
		</DUMMY>
		<DUMMY name="spawn_solo_115">
			<POSITION>-1368.5351563 -1296.0227051 872.1896973</POSITION>
			<DIRECTION>0.0000000 1.0000000 0.0000000</DIRECTION>
		</DUMMY>
		<DUMMY name="spawn_solo_116">
			<POSITION>-1368.5351563 -1367.2021484 872.1896973</POSITION>
			<DIRECTION>0.0000000 1.0000000 0.0000000</DIRECTION>
		</DUMMY>
	</DUMMYLIST>
	<OCCLUSIONLIST>
	</OCCLUSIONLIST>
	<AMBIENTSOUNDLIST>
	</AMBIENTSOUNDLIST>
</XML>
