<?xml version="1.0" encoding="UTF-8"?>
<XML>
	<MATERIALLIST>
		<MATERIAL name="High_Haven_gzd_map_Haven_floor05.bmp">
			<DIFFUSE>1.00000000 1.00000000 1.00000000</DIFFUSE>
			<AMBIENT>1.00000000 1.00000000 1.00000000</AMBIENT>
			<SPECULAR>1.00000000 1.00000000 1.00000000</SPECULAR>
			<DIFFUSEMAP>High_Haven/gzd_map_Haven_floor05.bmp</DIFFUSEMAP>
		</MATERIAL>
		<MATERIAL name="common_M961r">
			<DIFFUSE>1.00000000 1.00000000 1.00000000</DIFFUSE>
			<AMBIENT>1.00000000 1.00000000 1.00000000</AMBIENT>
			<SPECULAR>1.00000000 1.00000000 1.00000000</SPECULAR>
			<DIFFUSEMAP>common/M961r.jpg</DIFFUSEMAP>
		</MATERIAL>
		<MATERIAL name="Island_gzd_map_island_cloth01.bmp">
			<DIFFUSE>1.00000000 1.00000000 1.00000000</DIFFUSE>
			<AMBIENT>1.00000000 1.00000000 1.00000000</AMBIENT>
			<SPECULAR>1.00000000 1.00000000 1.00000000</SPECULAR>
			<DIFFUSEMAP>Island/gzd_map_island_cloth01.bmp</DIFFUSEMAP>
		</MATERIAL>
		<MATERIAL name="Dungeon_gzd_map_DG_floor01.bmp">
			<DIFFUSE>1.00000000 1.00000000 1.00000000</DIFFUSE>
			<AMBIENT>1.00000000 1.00000000 1.00000000</AMBIENT>
			<SPECULAR>1.00000000 1.00000000 1.00000000</SPECULAR>
			<DIFFUSEMAP>Dungeon/gzd_map_DG_floor01.bmp</DIFFUSEMAP>
		</MATERIAL>
		<MATERIAL name="Garden_gzd_map_Garden_mask.tga">
			<DIFFUSE>1.00000000 1.00000000 1.00000000</DIFFUSE>
			<AMBIENT>1.00000000 1.00000000 1.00000000</AMBIENT>
			<SPECULAR>1.00000000 1.00000000 1.00000000</SPECULAR>
			<DIFFUSEMAP>Garden/gzd_map_Garden_mask.tga</DIFFUSEMAP>
		</MATERIAL>
		<MATERIAL name="mansion_gzd_map_Mansion_drum02.bmp">
			<DIFFUSE>1.00000000 1.00000000 1.00000000</DIFFUSE>
			<AMBIENT>1.00000000 1.00000000 1.00000000</AMBIENT>
			<SPECULAR>1.00000000 1.00000000 1.00000000</SPECULAR>
			<DIFFUSEMAP>mansion/gzd_map_Mansion_drum02.bmp</DIFFUSEMAP>
		</MATERIAL>
		<MATERIAL name="Factory_gzd_map_Factory_fx01.bmp">
			<DIFFUSE>1.00000000 1.00000000 1.00000000</DIFFUSE>
			<AMBIENT>1.00000000 1.00000000 1.00000000</AMBIENT>
			<SPECULAR>1.00000000 1.00000000 1.00000000</SPECULAR>
			<DIFFUSEMAP>Factory/gzd_map_Factory_fx01.bmp</DIFFUSEMAP>
		</MATERIAL>
		<MATERIAL name="mansion_gzd_map_Mansion_fx00.bmp">
			<DIFFUSE>1.00000000 1.00000000 1.00000000</DIFFUSE>
			<AMBIENT>1.00000000 1.00000000 1.00000000</AMBIENT>
			<SPECULAR>1.00000000 1.00000000 1.00000000</SPECULAR>
			<DIFFUSEMAP>mansion/gzd_map_Mansion_fx00.bmp</DIFFUSEMAP>
		</MATERIAL>
		<MATERIAL name="High_Haven_gzd_map_Haven_wood01.bmp">
			<DIFFUSE>1.00000000 1.00000000 1.00000000</DIFFUSE>
			<AMBIENT>1.00000000 1.00000000 1.00000000</AMBIENT>
			<SPECULAR>1.00000000 1.00000000 1.00000000</SPECULAR>
			<DIFFUSEMAP>High_Haven/gzd_map_Haven_wood01.bmp</DIFFUSEMAP>
		</MATERIAL>
		<MATERIAL name="Stairway_gzd_map_Stairway_wall03.bmp">
			<DIFFUSE>1.00000000 1.00000000 1.00000000</DIFFUSE>
			<AMBIENT>1.00000000 1.00000000 1.00000000</AMBIENT>
			<SPECULAR>1.00000000 1.00000000 1.00000000</SPECULAR>
			<DIFFUSEMAP>Stairway/gzd_map_Stairway_wall03.bmp</DIFFUSEMAP>
		</MATERIAL>
		<MATERIAL name="Dungeon_gzd_map_DG_wood01.bmp">
			<DIFFUSE>1.00000000 1.00000000 1.00000000</DIFFUSE>
			<AMBIENT>1.00000000 1.00000000 1.00000000</AMBIENT>
			<SPECULAR>1.00000000 1.00000000 1.00000000</SPECULAR>
			<DIFFUSEMAP>Dungeon/gzd_map_DG_wood01.bmp</DIFFUSEMAP>
		</MATERIAL>
		<MATERIAL name="Dungeon_gzd_map_DG_fx00.bmp">
			<DIFFUSE>1.00000000 1.00000000 1.00000000</DIFFUSE>
			<AMBIENT>1.00000000 1.00000000 1.00000000</AMBIENT>
			<SPECULAR>1.00000000 1.00000000 1.00000000</SPECULAR>
			<DIFFUSEMAP>Dungeon/gzd_map_DG_fx00.bmp</DIFFUSEMAP>
		</MATERIAL>
		<MATERIAL name="Snow_Town_gzd_map_Snow_town_snow01.bmp">
			<DIFFUSE>1.00000000 1.00000000 1.00000000</DIFFUSE>
			<AMBIENT>1.00000000 1.00000000 1.00000000</AMBIENT>
			<SPECULAR>1.00000000 1.00000000 1.00000000</SPECULAR>
			<DIFFUSEMAP>Snow_Town/gzd_map_Snow_town_snow01.bmp</DIFFUSEMAP>
		</MATERIAL>
		<MATERIAL name="Common_letdash.jpg">
			<DIFFUSE>1.00000000 1.00000000 1.00000000</DIFFUSE>
			<AMBIENT>1.00000000 1.00000000 1.00000000</AMBIENT>
			<SPECULAR>1.00000000 1.00000000 1.00000000</SPECULAR>
			<DIFFUSEMAP>Common/letdash.jpg.png</DIFFUSEMAP>
		</MATERIAL>
		<MATERIAL name="Castle_gzd_map_Castle_wall04.bmp">
			<DIFFUSE>1.00000000 1.00000000 1.00000000</DIFFUSE>
			<AMBIENT>1.00000000 1.00000000 1.00000000</AMBIENT>
			<SPECULAR>1.00000000 1.00000000 1.00000000</SPECULAR>
			<DIFFUSEMAP>Castle/gzd_map_Castle_wall04.bmp</DIFFUSEMAP>
		</MATERIAL>
		<MATERIAL name="Common_end">
			<DIFFUSE>1.00000000 1.00000000 1.00000000</DIFFUSE>
			<AMBIENT>1.00000000 1.00000000 1.00000000</AMBIENT>
			<SPECULAR>1.00000000 1.00000000 1.00000000</SPECULAR>
			<DIFFUSEMAP>Common/end.jpg</DIFFUSEMAP>
		</MATERIAL>
	</MATERIALLIST>
	<DUMMYLIST>
		<DUMMY name="spawn_solo_101">
			<POSITION>16.00000000 -784.00000000 32.00000000</POSITION>
			<DIRECTION>-1.00000000 0.00000000 0.00000000</DIRECTION>
		</DUMMY>
		<DUMMY name="spawn_solo_102">
			<POSITION>1312.00000000 -784.00000000 40.00000000</POSITION>
			<DIRECTION>-1.00000000 0.00000000 0.00000000</DIRECTION>
		</DUMMY>
		<DUMMY name="spawn_solo_103">
			<POSITION>-1696.00000000 -768.00000000 32.00000000</POSITION>
			<DIRECTION>-1.00000000 0.00000000 0.00000000</DIRECTION>
		</DUMMY>
	</DUMMYLIST> <FOG min="0" max="14000"> 
        <R>186</R> 
        <G>186</G> 
        <B>186</B> 
        </FOG>
</XML>
