<?xml version="1.0" encoding="UTF-8"?>
<XML>
	<MATERIALLIST>
		<MATERIAL name="mercy_floor_concrete_white3">
			<DIFFUSE>1.00000000 1.00000000 1.00000000</DIFFUSE>
			<AMBIENT>1.00000000 1.00000000 1.00000000</AMBIENT>
			<SPECULAR>1.00000000 1.00000000 1.00000000</SPECULAR>
			<DIFFUSEMAP>mercy/floor_concrete_white3.jpg</DIFFUSEMAP>
		</MATERIAL>
		<MATERIAL name="mercy_wall_brick_green">
			<DIFFUSE>1.00000000 1.00000000 1.00000000</DIFFUSE>
			<AMBIENT>1.00000000 1.00000000 1.00000000</AMBIENT>
			<SPECULAR>1.00000000 1.00000000 1.00000000</SPECULAR>
			<DIFFUSEMAP>mercy/wall_brick_green.jpg</DIFFUSEMAP>
		</MATERIAL>
		<MATERIAL name="mercy_light_basic">
			<DIFFUSE>1.00000000 1.00000000 1.00000000</DIFFUSE>
			<AMBIENT>1.00000000 1.00000000 1.00000000</AMBIENT>
			<SPECULAR>1.00000000 1.00000000 1.00000000</SPECULAR>
			<DIFFUSEMAP>mercy/light_basic.jpg</DIFFUSEMAP>
		</MATERIAL>
		<MATERIAL name="mercy_wall_brick_blue">
			<DIFFUSE>1.00000000 1.00000000 1.00000000</DIFFUSE>
			<AMBIENT>1.00000000 1.00000000 1.00000000</AMBIENT>
			<SPECULAR>1.00000000 1.00000000 1.00000000</SPECULAR>
			<DIFFUSEMAP>mercy/wall_brick_blue.jpg</DIFFUSEMAP>
		</MATERIAL>
		<MATERIAL name="mercy_wall_brick_white">
			<DIFFUSE>1.00000000 1.00000000 1.00000000</DIFFUSE>
			<AMBIENT>1.00000000 1.00000000 1.00000000</AMBIENT>
			<SPECULAR>1.00000000 1.00000000 1.00000000</SPECULAR>
			<DIFFUSEMAP>mercy/wall_brick_white.jpg</DIFFUSEMAP>
		</MATERIAL>
		<MATERIAL name="mercy_banner_bluebase">
			<DIFFUSE>1.00000000 1.00000000 1.00000000</DIFFUSE>
			<AMBIENT>1.00000000 1.00000000 1.00000000</AMBIENT>
			<SPECULAR>1.00000000 1.00000000 1.00000000</SPECULAR>
			<DIFFUSEMAP>mercy/banner_bluebase.tga</DIFFUSEMAP>
			<USEOPACITY/> 
			<USEALPHATEST/> 
			<ADDITIVE/>
		</MATERIAL>
		<MATERIAL name="mercy_wall_concrete_blue_dark">
			<DIFFUSE>1.00000000 1.00000000 1.00000000</DIFFUSE>
			<AMBIENT>1.00000000 1.00000000 1.00000000</AMBIENT>
			<SPECULAR>1.00000000 1.00000000 1.00000000</SPECULAR>
			<DIFFUSEMAP>mercy/wall_concrete_blue_dark.jpg</DIFFUSEMAP>
		</MATERIAL>
		<MATERIAL name="mercy_wall_brick_red">
			<DIFFUSE>1.00000000 1.00000000 1.00000000</DIFFUSE>
			<AMBIENT>1.00000000 1.00000000 1.00000000</AMBIENT>
			<SPECULAR>1.00000000 1.00000000 1.00000000</SPECULAR>
			<DIFFUSEMAP>mercy/wall_brick_red.jpg</DIFFUSEMAP>
		</MATERIAL>
		<MATERIAL name="mercy_banner_redbase">
			<DIFFUSE>1.00000000 1.00000000 1.00000000</DIFFUSE>
			<AMBIENT>1.00000000 1.00000000 1.00000000</AMBIENT>
			<SPECULAR>1.00000000 1.00000000 1.00000000</SPECULAR>
			<DIFFUSEMAP>mercy/banner_redbase.tga</DIFFUSEMAP>
			<USEOPACITY/> 
			<USEALPHATEST/> 
			<ADDITIVE/>
		</MATERIAL>
		<MATERIAL name="mercy_wall_concrete_red">
			<DIFFUSE>1.00000000 1.00000000 1.00000000</DIFFUSE>
			<AMBIENT>1.00000000 1.00000000 1.00000000</AMBIENT>
			<SPECULAR>1.00000000 1.00000000 1.00000000</SPECULAR>
			<DIFFUSEMAP>mercy/wall_concrete_red.jpg</DIFFUSEMAP>
		</MATERIAL>
		<MATERIAL name="mercy_decal_arrow_red">
			<DIFFUSE>1.00000000 1.00000000 1.00000000</DIFFUSE>
			<AMBIENT>1.00000000 1.00000000 1.00000000</AMBIENT>
			<SPECULAR>1.00000000 1.00000000 1.00000000</SPECULAR>
			<DIFFUSEMAP>mercy/decal_arrow_red.tga</DIFFUSEMAP>
			<USEOPACITY/> 
			<USEALPHATEST/> 
			<ADDITIVE/>
		</MATERIAL>
		<MATERIAL name="mercy_decal_arrow_blue">
			<DIFFUSE>1.00000000 1.00000000 1.00000000</DIFFUSE>
			<AMBIENT>1.00000000 1.00000000 1.00000000</AMBIENT>
			<SPECULAR>1.00000000 1.00000000 1.00000000</SPECULAR>
			<DIFFUSEMAP>mercy/decal_arrow_blue.tga</DIFFUSEMAP>
			<USEOPACITY/> 
			<USEALPHATEST/> 
			<ADDITIVE/>
		</MATERIAL>
		<MATERIAL name="mercy_decal_trin_green">
			<DIFFUSE>1.00000000 1.00000000 1.00000000</DIFFUSE>
			<AMBIENT>1.00000000 1.00000000 1.00000000</AMBIENT>
			<SPECULAR>1.00000000 1.00000000 1.00000000</SPECULAR>
			<DIFFUSEMAP>mercy/decal_trin_green.tga</DIFFUSEMAP>
			<USEOPACITY/> 
			<ADDITIVE/>
		</MATERIAL>
		<MATERIAL name="mercy_decal_trin_blue">
			<DIFFUSE>1.00000000 1.00000000 1.00000000</DIFFUSE>
			<AMBIENT>1.00000000 1.00000000 1.00000000</AMBIENT>
			<SPECULAR>1.00000000 1.00000000 1.00000000</SPECULAR>
			<DIFFUSEMAP>mercy/decal_trin_blue.tga</DIFFUSEMAP>
			<USEALPHATEST/> 
			<ADDITIVE/>
		</MATERIAL>
		<MATERIAL name="mercy_decal_trin_red">
			<DIFFUSE>1.00000000 1.00000000 1.00000000</DIFFUSE>
			<AMBIENT>1.00000000 1.00000000 1.00000000</AMBIENT>
			<SPECULAR>1.00000000 1.00000000 1.00000000</SPECULAR>
			<DIFFUSEMAP>mercy/decal_trin_red.tga</DIFFUSEMAP>
			<ADDITIVE/>
		</MATERIAL>
		<MATERIAL name="mercy_banner_nickmapbase">
			<DIFFUSE>1.00000000 1.00000000 1.00000000</DIFFUSE>
			<AMBIENT>1.00000000 1.00000000 1.00000000</AMBIENT>
			<SPECULAR>1.00000000 1.00000000 1.00000000</SPECULAR>
			<DIFFUSEMAP>mercy/banner_nickmapbase.tga</DIFFUSEMAP>
			<USEOPACITY/> 
			<USEALPHATEST/> 
			<ADDITIVE/>
		</MATERIAL>
		<MATERIAL name="mercy_banner_nickbase">
			<DIFFUSE>1.00000000 1.00000000 1.00000000</DIFFUSE>
			<AMBIENT>1.00000000 1.00000000 1.00000000</AMBIENT>
			<SPECULAR>1.00000000 1.00000000 1.00000000</SPECULAR>
			<DIFFUSEMAP>mercy/banner_nickbase.tga</DIFFUSEMAP>
			<USEOPACITY/> 
			<USEALPHATEST/> 
			<ADDITIVE/>
		</MATERIAL>
	</MATERIALLIST>
	<DUMMYLIST>
		<DUMMY name="spawn_solo_101">
			<POSITION>-8.00000000 0.00000000 32.00000000</POSITION>
			<DIRECTION>-1.00000000 0.00000000 0.00000000</DIRECTION>
		</DUMMY>
		<DUMMY name="spawn_solo_102">
			<POSITION>-1768.00000000 0.00000000 288.00000000</POSITION>
			<DIRECTION>-1.00000000 0.00000000 0.00000000</DIRECTION>
		</DUMMY>
		<DUMMY name="spawn_solo_103">
			<POSITION>1768.00000000 0.00000000 288.00000000</POSITION>
			<DIRECTION>-1.00000000 0.00000000 0.00000000</DIRECTION>
		</DUMMY>
		<DUMMY name="spawn_solo_104">
			<POSITION>1192.00000000 0.00000000 1024.00000000</POSITION>
			<DIRECTION>-1.00000000 0.00000000 0.00000000</DIRECTION>
		</DUMMY>
		<DUMMY name="spawn_team1_101">
			<POSITION>2472.00000000 192.00000000 288.00000000</POSITION>
			<DIRECTION>-1.00000000 0.00000000 0.00000000</DIRECTION>
		</DUMMY>
		<DUMMY name="spawn_team1_102">
			<POSITION>2472.00000000 56.00000000 288.00000000</POSITION>
			<DIRECTION>-1.00000000 0.00000000 0.00000000</DIRECTION>
		</DUMMY>
		<DUMMY name="spawn_team1_103">
			<POSITION>2472.00000000 -104.00000000 288.00000000</POSITION>
			<DIRECTION>-1.00000000 0.00000000 0.00000000</DIRECTION>
		</DUMMY>
		<DUMMY name="spawn_team1_104">
			<POSITION>-2376.00000000 192.00000000 288.00000000</POSITION>
			<DIRECTION>0.99877179 -0.04954706 0.00000000</DIRECTION>
		</DUMMY>
		<DUMMY name="spawn_team1_105">
			<POSITION>-2384.00000000 -8.00000000 288.00000000</POSITION>
			<DIRECTION>0.99877179 -0.04954706 0.00000000</DIRECTION>
		</DUMMY>
		<DUMMY name="spawn_team1_106">
			<POSITION>-2376.00000000 -240.00000000 288.00000000</POSITION>
			<DIRECTION>0.99877179 -0.04954706 0.00000000</DIRECTION>
		</DUMMY>
		<DUMMY name="spawn_solo_105">
			<POSITION>-1256.00000000 0.00000000 1024.00000000</POSITION>
			<DIRECTION>-1.00000000 0.00000000 0.00000000</DIRECTION>
		</DUMMY>
	</DUMMYLIST>
</XML>
