<?xml version="1.0" encoding="UTF-8" ?>
<XML id="shop">
   <SELL itemid="650017" />
   <SELL itemid="650018" />
   <SELL itemid="650019" />
   <SELL itemid="24857" />
   <SELL itemid="650016" />
   <SELL itemid="24860" />
   <SELL itemid="525931" />
   <SELL itemid="400014" />
   <SELL itemid="38876" />
   <SELL itemid="650043" />
   <SELL itemid="650044" />
   <SELL itemid="2006" />
   <SELL itemid="2014" />
   <SELL itemid="2041" />
   <SELL itemid="2042" />
   <SELL itemid="2047" />
   <SELL itemid="20354" />
   <SELL itemid="400011" />
   <SELL itemid="375858" />
   <SELL itemid="175096" />
   <SELL itemid="168461" />
   <SELL itemid="259653" />
   <SELL itemid="480771" />
   <SELL itemid="155317" />
   <SELL itemid="176325" />
   <SELL itemid="154039" />
   <SELL itemid="225757" />
   <SELL itemid="1788" />
   <SELL itemid="172257" />
   <SELL itemid="151601" />
   <SELL itemid="78979" />
   <SELL itemid="444041" />
   <SELL itemid="487030" />
   <SELL itemid="142762" />
   <SELL itemid="240568" />
   <SELL itemid="255935" />
   <SELL itemid="34851" />
   <SELL itemid="130316" />
   <SELL itemid="176722" />
   <SELL itemid="391845" />
   <SELL itemid="162827" />
   <SELL itemid="252141" />
   <SELL itemid="461765" />
   <SELL itemid="343363" />
   <SELL itemid="422675" />
   <SELL itemid="331722" />
   <SELL itemid="197191" />
   <SELL itemid="435949" />
   <SELL itemid="237865" />
   <SELL itemid="385715" />
   <SELL itemid="366524" />
   <SELL itemid="155272" />
   <SELL itemid="330239" />
   <SELL itemid="180576" />
   <SELL itemid="109290" />
   <SELL itemid="474543" />
   <SELL itemid="170248" />
   <SELL itemid="3691" />
   <SELL itemid="3692" />
   <SELL itemid="2050" />
   <SELL itemid="175654" />
   <SELL itemid="400012" />
   <SELL itemid="63339" />
   <SELL itemid="143187" />
   <SELL itemid="239225" />
   <SELL itemid="3651" />
   <SELL itemid="202512" />
   <SELL itemid="228768" />
   <SELL itemid="251930" />
   <SELL itemid="486500" />
   <SELL itemid="127277" />
   <SELL itemid="16196" />
   <SELL itemid="361768" />
   <SELL itemid="217129" />
   <SELL itemid="459192" />
   <SELL itemid="379866" />
   <SELL itemid="36248" />
   <SELL itemid="138299" />
   <SELL itemid="292268" />
   <SELL itemid="456524" />
   <SELL itemid="8411" />
   <SELL itemid="111" />
   <SELL itemid="28879" />
   <SELL itemid="28965" />
   <SELL itemid="236903" />
   <SELL itemid="162045" />
   <SELL itemid="280863" />
   <SELL itemid="370697" />
   <SELL itemid="10632" />
   <SELL itemid="37397" />
   <SELL itemid="11113" />
   <SELL itemid="11118" />
   <SELL itemid="1359" />
   <SELL itemid="1360" />
   <SELL itemid="1361" />
   <SELL itemid="1362" />
   <SELL itemid="1363" />
   <SELL itemid="3693" />
   <SELL itemid="3694" />
   <SELL itemid="2020" />
   <SELL itemid="2025" />
   <SELL itemid="2030" />
   <SELL itemid="2070" />
   <SELL itemid="101" />
   <SELL itemid="102" />
   <SELL itemid="21001" />
   <SELL itemid="21002" />
   <SELL itemid="21003" />
   <SELL itemid="21004" />
   <SELL itemid="21005" />
   <SELL itemid="21006" />
   <SELL itemid="21007" />
   <SELL itemid="21008" />
   <SELL itemid="21509" />
   <SELL itemid="21514" />
   <SELL itemid="21510" />
   <SELL itemid="650037" />
   <SELL itemid="400008" />
   <SELL itemid="401687" />
   <SELL itemid="213349" />
   <SELL itemid="276002" />
   <SELL itemid="176277" />
   <SELL itemid="117018" />
   <SELL itemid="451665" />
   <SELL itemid="313479" />
   <SELL itemid="57065" />
   <SELL itemid="444034" />
   <SELL itemid="45969" />
   <SELL itemid="383104" />
   <SELL itemid="297425" />
   <SELL itemid="39071" />
   <SELL itemid="376419" />
   <SELL itemid="188759" />
   <SELL itemid="394453" />
   <SELL itemid="124593" />
   <SELL itemid="8230" />
   <SELL itemid="733" />
   <SELL itemid="72751" />
   <SELL itemid="178918" />
   <SELL itemid="169443" />
   <SELL itemid="180335" />
   <SELL itemid="276379" />
   <SELL itemid="184841" />
   <SELL itemid="45283" />
   <SELL itemid="163538" />
   <SELL itemid="75531" />
   <SELL itemid="260267" />
   <SELL itemid="58096" />
   <SELL itemid="74370" />
   <SELL itemid="19929" />
   <SELL itemid="2051" />
   <SELL itemid="2060" />
   <SELL itemid="2068" />
   <SELL itemid="20000" />
   <SELL itemid="20001" />
   <SELL itemid="20601" />
   <SELL itemid="2043" />
   <SELL itemid="2044" />
   <SELL itemid="2045" />
   <SELL itemid="21501" />
   <SELL itemid="21502" />
   <SELL itemid="21504" />
   <SELL itemid="21503" />
   <SELL itemid="21505" />
   <SELL itemid="21506" />
   <SELL itemid="21507" />
   <SELL itemid="21508" />
   <SELL itemid="21515" />
   <SELL itemid="650038" />
   <SELL itemid="400009" />
   <SELL itemid="495101" />
   <SELL itemid="449015" />
   <SELL itemid="240190" />
   <SELL itemid="19258" />
   <SELL itemid="128541" />
   <SELL itemid="409632" />
   <SELL itemid="354454" />
   <SELL itemid="321306" />
   <SELL itemid="305094" />
   <SELL itemid="237838" />
   <SELL itemid="34694" />
   <SELL itemid="143515" />
   <SELL itemid="135307" />
   <SELL itemid="356124" />
   <SELL itemid="232273" />
   <SELL itemid="112" />
   <SELL itemid="17090" />
   <SELL itemid="255" />
   <SELL itemid="64323" />
   <SELL itemid="356235" />
   <SELL itemid="210714" />
   <SELL itemid="368395" />
   <SELL itemid="106108" />
   <SELL itemid="11114" />
   <SELL itemid="11119" />
   <SELL itemid="1334" />
   <SELL itemid="1338" />
   <SELL itemid="1339" />
   <SELL itemid="1340" />
   <SELL itemid="1341" />
   <SELL itemid="1342" />
   <SELL itemid="2016" />
   <SELL itemid="2009" />
   <SELL itemid="2071" />
   <SELL itemid="2081" />
   <SELL itemid="20811" />
   <SELL itemid="20812" />
   <SELL itemid="20813" />
   <SELL itemid="20814" />
   <SELL itemid="20815" />
   <SELL itemid="20816" />
   <SELL itemid="20817" />
   <SELL itemid="20818" />
   <SELL itemid="20819" />
   <SELL itemid="20820" />
   <SELL itemid="2021" />
   <SELL itemid="2026" />
   <SELL itemid="103" />
   <SELL itemid="104" />
   <SELL itemid="22001" />
   <SELL itemid="22002" />
   <SELL itemid="22003" />
   <SELL itemid="22004" />
   <SELL itemid="22005" />
   <SELL itemid="487690" />
   <SELL itemid="414894" />
   <SELL itemid="165400" />
   <SELL itemid="249663" />
   <SELL itemid="215180" />
   <SELL itemid="360346" />
   <SELL itemid="272275" />
   <SELL itemid="205789" />
   <SELL itemid="227657" />
   <SELL itemid="467442" />
   <SELL itemid="452928" />
   <SELL itemid="51313" />
   <SELL itemid="137946" />
   <SELL itemid="386429" />
   <SELL itemid="438573" />
   <SELL itemid="423766" />
   <SELL itemid="12337" />
   <SELL itemid="167838" />
   <SELL itemid="39095" />
   <SELL itemid="229909" />
   <SELL itemid="163815" />
   <SELL itemid="471185" />
   <SELL itemid="488834" />
   <SELL itemid="288126" />
   <SELL itemid="97236" />
   <SELL itemid="279468" />
   <SELL itemid="26447" />
   <SELL itemid="445611" />
   <SELL itemid="400505" />
   <SELL itemid="2052" />
   <SELL itemid="2061" />
   <SELL itemid="20611" />
   <SELL itemid="22501" />
   <SELL itemid="22502" />
   <SELL itemid="22503" />
   <SELL itemid="22504" />
   <SELL itemid="22505" />
   <SELL itemid="164286" />
   <SELL itemid="147193" />
   <SELL itemid="27663" />
   <SELL itemid="485526" />
   <SELL itemid="456322" />
   <SELL itemid="433484" />
   <SELL itemid="326797" />
   <SELL itemid="484243" />
   <SELL itemid="362890" />
   <SELL itemid="215407" />
   <SELL itemid="166385" />
   <SELL itemid="16207" />
   <SELL itemid="343018" />
   <SELL itemid="5257" />
   <SELL itemid="113" />
   <SELL itemid="49315" />
   <SELL itemid="331430" />
   <SELL itemid="181084" />
   <SELL itemid="11117" />
   <SELL itemid="11112" />
   <SELL itemid="1337" />
   <SELL itemid="1354" />
   <SELL itemid="1355" />
   <SELL itemid="1356" />
   <SELL itemid="1357" />
   <SELL itemid="1358" />
   <SELL itemid="400506" />
   <SELL itemid="2011" />
   <SELL itemid="2017" />
   <SELL itemid="2022" />
   <SELL itemid="2027" />
   <SELL itemid="2072" />
   <SELL itemid="2082" />
   <SELL itemid="105" />
   <SELL itemid="106" />
   <SELL itemid="23001" />
   <SELL itemid="23005" />
   <SELL itemid="23002" />
   <SELL itemid="23004" />
   <SELL itemid="23003" />
   <SELL itemid="23006" />
   <SELL itemid="23007" />
   <SELL itemid="70141" />
   <SELL itemid="205220" />
   <SELL itemid="142014" />
   <SELL itemid="28523" />
   <SELL itemid="479718" />
   <SELL itemid="306315" />
   <SELL itemid="383480" />
   <SELL itemid="281520" />
   <SELL itemid="49998" />
   <SELL itemid="46624" />
   <SELL itemid="496787" />
   <SELL itemid="106110" />
   <SELL itemid="354378" />
   <SELL itemid="185661" />
   <SELL itemid="122272" />
   <SELL itemid="328004" />
   <SELL itemid="262559" />
   <SELL itemid="273879" />
   <SELL itemid="238031" />
   <SELL itemid="498752" />
   <SELL itemid="7843" />
   <SELL itemid="71483" />
   <SELL itemid="358964" />
   <SELL itemid="323981" />
   <SELL itemid="453562" />
   <SELL itemid="32142" />
   <SELL itemid="370627" />
   <SELL itemid="178016" />
   <SELL itemid="118080" />
   <SELL itemid="54736" />
   <SELL itemid="497935" />
   <SELL itemid="400511" />
   <SELL itemid="2053" />
   <SELL itemid="2062" />
   <SELL itemid="20621" />
   <SELL itemid="23501" />
   <SELL itemid="23508" />
   <SELL itemid="23502" />
   <SELL itemid="23503" />
   <SELL itemid="23504" />
   <SELL itemid="23505" />
   <SELL itemid="23506" />
   <SELL itemid="23507" />
   <SELL itemid="23509" />
   <SELL itemid="23510" />
   <SELL itemid="157474" />
   <SELL itemid="239634" />
   <SELL itemid="422076" />
   <SELL itemid="202041" />
   <SELL itemid="333521" />
   <SELL itemid="339484" />
   <SELL itemid="307580" />
   <SELL itemid="341389" />
   <SELL itemid="470811" />
   <SELL itemid="463564" />
   <SELL itemid="188121" />
   <SELL itemid="465502" />
   <SELL itemid="128682" />
   <SELL itemid="48635" />
   <SELL itemid="114" />
   <SELL itemid="115919" />
   <SELL itemid="84749" />
   <SELL itemid="78543" />
   <SELL itemid="295330" />
   <SELL itemid="37418" />
   <SELL itemid="420717" />
   <SELL itemid="11116" />
   <SELL itemid="11111" />
   <SELL itemid="1336" />
   <SELL itemid="1344" />
   <SELL itemid="1345" />
   <SELL itemid="1346" />
   <SELL itemid="1347" />
   <SELL itemid="1348" />
   <SELL itemid="400512" />
   <SELL itemid="2012" />
   <SELL itemid="2023" />
   <SELL itemid="2028" />
   <SELL itemid="2073" />
   <SELL itemid="2083" />
   <SELL itemid="107" />
   <SELL itemid="108" />
   <SELL itemid="24001" />
   <SELL itemid="24002" />
   <SELL itemid="24003" />
   <SELL itemid="24004" />
   <SELL itemid="24005" />
   <SELL itemid="24006" />
   <SELL itemid="24508" />
   <SELL itemid="331054" />
   <SELL itemid="242534" />
   <SELL itemid="17674" />
   <SELL itemid="34164" />
   <SELL itemid="200583" />
   <SELL itemid="58264" />
   <SELL itemid="183557" />
   <SELL itemid="188433" />
   <SELL itemid="125037" />
   <SELL itemid="170937" />
   <SELL itemid="446657" />
   <SELL itemid="97218" />
   <SELL itemid="299608" />
   <SELL itemid="450538" />
   <SELL itemid="264679" />
   <SELL itemid="455047" />
   <SELL itemid="456573" />
   <SELL itemid="483737" />
   <SELL itemid="38510" />
   <SELL itemid="37810" />
   <SELL itemid="448772" />
   <SELL itemid="6844" />
   <SELL itemid="152880" />
   <SELL itemid="330263" />
   <SELL itemid="204091" />
   <SELL itemid="218292" />
   <SELL itemid="399292" />
   <SELL itemid="337891" />
   <SELL itemid="346996" />
   <SELL itemid="400509" />
   <SELL itemid="2054" />
   <SELL itemid="2063" />
   <SELL itemid="20631" />
   <SELL itemid="24501" />
   <SELL itemid="24502" />
   <SELL itemid="24503" />
   <SELL itemid="24504" />
   <SELL itemid="24505" />
   <SELL itemid="24506" />
   <SELL itemid="355149" />
   <SELL itemid="237703" />
   <SELL itemid="300513" />
   <SELL itemid="311838" />
   <SELL itemid="279512" />
   <SELL itemid="221137" />
   <SELL itemid="203302" />
   <SELL itemid="98205" />
   <SELL itemid="450021" />
   <SELL itemid="364826" />
   <SELL itemid="257033" />
   <SELL itemid="33484" />
   <SELL itemid="65449" />
   <SELL itemid="137264" />
   <SELL itemid="114" />
   <SELL itemid="178470" />
   <SELL itemid="307812" />
   <SELL itemid="394103" />
   <SELL itemid="97680" />
   <SELL itemid="400675" />
   <SELL itemid="360622" />
   <SELL itemid="11115" />
   <SELL itemid="11110" />
   <SELL itemid="1349" />
   <SELL itemid="1350" />
   <SELL itemid="1351" />
   <SELL itemid="1352" />
   <SELL itemid="1353" />
   <SELL itemid="2010" />
   <SELL itemid="2024" />
   <SELL itemid="2074" />
   <SELL itemid="2084" />
   <SELL itemid="109" />
   <SELL itemid="110" />
   <SELL itemid="1" />
   <SELL itemid="11" />
   <SELL itemid="3" />
   <SELL itemid="4" />
   <SELL itemid="5" />
   <SELL itemid="6" />
   <SELL itemid="7" />
   <SELL itemid="8" />
   <SELL itemid="9" />
   <SELL itemid="10" />
   <SELL itemid="2090" />
   <SELL itemid="2001" />
   <SELL itemid="65" />
   <SELL itemid="431255" />
   <SELL itemid="435742" />
   <SELL itemid="495403" />
   <SELL itemid="180025" />
   <SELL itemid="2" />
   <SELL itemid="12" />
   <SELL itemid="13" />
   <SELL itemid="14" />
   <SELL itemid="15" />
   <SELL itemid="16" />
   <SELL itemid="17" />
   <SELL itemid="18" />
   <SELL itemid="19" />
   <SELL itemid="201" />
   <SELL itemid="20" />
   <SELL itemid="39" />
   <SELL itemid="40" />
   <SELL itemid="41" />
   <SELL itemid="43" />
   <SELL itemid="44" />
   <SELL itemid="2018" />
   <SELL itemid="2019" />
   <SELL itemid="2002" />
   <SELL itemid="3001" />
   <SELL itemid="3002" />
   <SELL itemid="3003" />
   <SELL itemid="3004" />
   <SELL itemid="3005" />
   <SELL itemid="3007" />
   <SELL itemid="3008" />
   <SELL itemid="327978" />
   <SELL itemid="314317" />
   <SELL itemid="184007" />
   <SELL itemid="44525" />
   <SELL itemid="488434" />
   <SELL itemid="77759" />
   <SELL itemid="153012" />
   <SELL itemid="251829" />
   <SELL itemid="28588" />
   <SELL itemid="250005" />
   <SELL itemid="4332" />
   <SELL itemid="104530" />
   <SELL itemid="400513" />
   <SELL itemid="31" />
   <SELL itemid="32" />
   <SELL itemid="33" />
   <SELL itemid="34" />
   <SELL itemid="35" />
   <SELL itemid="36" />
   <SELL itemid="37" />
   <SELL itemid="38" />
   <SELL itemid="3006" />
   <SELL itemid="51" />
   <SELL itemid="52" />
   <SELL itemid="53" />
   <SELL itemid="54" />
   <SELL itemid="55" />
   <SELL itemid="56" />
   <SELL itemid="561" />
   <SELL itemid="562" />
   <SELL itemid="20061" />
   <SELL itemid="67" />
   <SELL itemid="57" />
   <SELL itemid="58" />
   <SELL itemid="59" />
   <SELL itemid="60" />
   <SELL itemid="61" />
   <SELL itemid="62" />
   <SELL itemid="621" />
   <SELL itemid="622" />
   <SELL itemid="66" />
   <SELL itemid="21" />
   <SELL itemid="22" />
   <SELL itemid="23" />
   <SELL itemid="24" />
   <SELL itemid="25" />
   <SELL itemid="26" />
   <SELL itemid="27" />
   <SELL itemid="28" />
   <SELL itemid="29" />
   <SELL itemid="63" />
   <SELL itemid="2004" />
   <SELL itemid="64" />
   <SELL itemid="4001" />
   <SELL itemid="4009" />
   <SELL itemid="4011" />
   <SELL itemid="4003" />
   <SELL itemid="4013" />
   <SELL itemid="4015" />
   <SELL itemid="4017" />
   <SELL itemid="4019" />
   <SELL itemid="4002" />
   <SELL itemid="4010" />
   <SELL itemid="4012" />
   <SELL itemid="4004" />
   <SELL itemid="4014" />
   <SELL itemid="4016" />
   <SELL itemid="4018" />
   <SELL itemid="4020" />
   <SELL itemid="4021" />
   <SELL itemid="4022" />
   <SELL itemid="4023" />
   <SELL itemid="4024" />
   <SELL itemid="4025" />
   <SELL itemid="171147" />
   <SELL itemid="230233" />
   <SELL itemid="226255" />
   <SELL itemid="492137" />
   <SELL itemid="400507" />
   <SELL itemid="4005" />
   <SELL itemid="4501" />
   <SELL itemid="4503" />
   <SELL itemid="4007" />
   <SELL itemid="4505" />
   <SELL itemid="4507" />
   <SELL itemid="4509" />
   <SELL itemid="4511" />
   <SELL itemid="4513" />
   <SELL itemid="4006" />
   <SELL itemid="4502" />
   <SELL itemid="4504" />
   <SELL itemid="4008" />
   <SELL itemid="4506" />
   <SELL itemid="4508" />
   <SELL itemid="4510" />
   <SELL itemid="4512" />
   <SELL itemid="4514" />
   <SELL itemid="4515" />
   <SELL itemid="4516" />
   <SELL itemid="45161" />
   <SELL itemid="4517" />
   <SELL itemid="4519" />
   <SELL itemid="4520" />
   <SELL itemid="409230" />
   <SELL itemid="392188" />
   <SELL itemid="334878" />
   <SELL itemid="5001" />
   <SELL itemid="5003" />
   <SELL itemid="5005" />
   <SELL itemid="5007" />
   <SELL itemid="5009" />
   <SELL itemid="5011" />
   <SELL itemid="5013" />
   <SELL itemid="5015" />
   <SELL itemid="5017" />
   <SELL itemid="5002" />
   <SELL itemid="5004" />
   <SELL itemid="5006" />
   <SELL itemid="5008" />
   <SELL itemid="5010" />
   <SELL itemid="5012" />
   <SELL itemid="5014" />
   <SELL itemid="5016" />
   <SELL itemid="5018" />
   <SELL itemid="5019" />
   <SELL itemid="5020" />
   <SELL itemid="5021" />
   <SELL itemid="5022" />
   <SELL itemid="5023" />
   <SELL itemid="5024" />
   <SELL itemid="181270" />
   <SELL itemid="126511" />
   <SELL itemid="418024" />
   <SELL itemid="6001" />
   <SELL itemid="6002" />
   <SELL itemid="6003" />
   <SELL itemid="6004" />
   <SELL itemid="6005" />
   <SELL itemid="6006" />
   <SELL itemid="6007" />
   <SELL itemid="6008" />
   <SELL itemid="6009" />
   <SELL itemid="6010" />
   <SELL itemid="6011" />
   <SELL itemid="6012" />
   <SELL itemid="6013" />
   <SELL itemid="52760" />
   <SELL itemid="104864" />
   <SELL itemid="336244" />
   <SELL itemid="92011" />
   <SELL itemid="347431" />
   <SELL itemid="422714" />
   <SELL itemid="374397" />
   <SELL itemid="128459" />
   <SELL itemid="205767" />
   <SELL itemid="117396" />
   <SELL itemid="241145" />
   <SELL itemid="147412" />
   <SELL itemid="118486" />
   <SELL itemid="419932" />
   <SELL itemid="295302" />
   <SELL itemid="450777" />
   <SELL itemid="50042" />
   <SELL itemid="7001" />
   <SELL itemid="7002" />
   <SELL itemid="7003" />
   <SELL itemid="7004" />
   <SELL itemid="7005" />
   <SELL itemid="7006" />
   <SELL itemid="7007" />
   <SELL itemid="7008" />
   <SELL itemid="7009" />
   <SELL itemid="7010" />
   <SELL itemid="7011" />
   <SELL itemid="7013" />
   <SELL itemid="7014" />
   <SELL itemid="7018" />
   <SELL itemid="7019" />
   <SELL itemid="7020" />
   <SELL itemid="7021" />
   <SELL itemid="168022" />
   <SELL itemid="316163" />
   <SELL itemid="292602" />
   <SELL itemid="8001" />
   <SELL itemid="8002" />
   <SELL itemid="8003" />
   <SELL itemid="8004" />
   <SELL itemid="8005" />
   <SELL itemid="80051" />
   <SELL itemid="8006" />
   <SELL itemid="8007" />
   <SELL itemid="8008" />
   <SELL itemid="420575" />
   <SELL itemid="9006" />
   <SELL itemid="9001" />
   <SELL itemid="9002" />
   <SELL itemid="9003" />
   <SELL itemid="9004" />
   <SELL itemid="9005" />
   <SELL itemid="9006" />
   <SELL itemid="9007" />
   <SELL itemid="9008" />
   <SELL itemid="9009" />
   <SELL itemid="9091" />
   <SELL itemid="9010" />
   <SELL itemid="9011" />
   <SELL itemid="207380" />
   <SELL itemid="308319" />
   <SELL itemid="10001" />
   <SELL itemid="7017" />
   <SELL itemid="30301" />
   <SELL itemid="30302" />
   <SELL itemid="30303" />
   <SELL itemid="30304" />
   <SELL itemid="30305" />
   <SELL itemid="650040" />
   <SELL itemid="2005" />
   <SELL itemid="30306" />
   <SELL itemid="30201" />
   <SELL itemid="30202" />
   <SELL itemid="30203" />
   <SELL itemid="30204" />
   <SELL itemid="30205" />
   <SELL itemid="30401" />
   <SELL itemid="30402" />
   <SELL itemid="30403" />
   <SELL itemid="30404" />
   <SELL itemid="30405" />
   <SELL itemid="30001" />
   <SELL itemid="30002" />
   <SELL itemid="30003" />
   <SELL itemid="30320" />
   <SELL itemid="30321" />
   <SELL itemid="303211" />
   <SELL itemid="303212" />
   <SELL itemid="303213" />
   <SELL itemid="303214" />
   <SELL itemid="30101" />
   <SELL itemid="30102" />
   <SELL itemid="30103" />
   <SELL itemid="30104" />
   <SELL itemid="30105" />
   <SELL itemid="672064" />
   <SELL itemid="671064" />
   <SELL itemid="400007" />
   <SELL itemid="400017" />
   <SELL itemid="400010" />
   <SELL itemid="132758" />
   <SELL itemid="30447" />
   <SELL itemid="113194" />
   <SELL itemid="4362" />
   <SELL itemid="226150" />
   <SELL itemid="57386" />
   <SELL itemid="415011" />
   <SELL itemid="231913" />
   <SELL itemid="360979" />
   <SELL itemid="421217" />
   <SELL itemid="118821" />
   <SELL itemid="124957" />
   <SELL itemid="151431" />
   <SELL itemid="71910" />
   <SELL itemid="363626" />
   <SELL itemid="366620" />
   <SELL itemid="208185" />
   <SELL itemid="45174" />
   <SELL itemid="261145" />
   <SELL itemid="453772" />
   <SELL itemid="193011" />
   <SELL itemid="240759" />
   <SELL itemid="13244" />
   <SELL itemid="25006" />
   <SELL itemid="25007" />
   <SELL itemid="25008" />
   <SELL itemid="25009" />
   <SELL itemid="25010" />
   <SELL itemid="25011" />
   <SELL itemid="25012" />
   <SELL itemid="25013" />
   <SELL itemid="25014" />
   <SELL itemid="25015" />
   <SELL itemid="25016" />
   <SELL itemid="652225" />
   <SELL itemid="289955" />
   <SELL itemid="213548" />
   <SELL itemid="650030" />
   <SELL itemid="250036" />
   <SELL itemid="250037" />
   <SELL itemid="250038" />
   <SELL itemid="650020" />
   <SELL itemid="650021" />
   <SELL itemid="650022" />
   <SELL itemid="650023" />
   <SELL itemid="650024" />
   <SELL itemid="650025" />
   <SELL itemid="650026" />
   <SELL itemid="650027" />
   <SELL itemid="650028" />
   <SELL itemid="650029" />
   <SELL itemid="21516" />
   <SELL itemid="21511" />
   <SELL itemid="650015" />
   <SELL itemid="670005" />
   <SELL itemid="670025" />
   <SELL itemid="650036" />
   <SELL itemid="650033" />
   <SELL itemid="650032" />
   <SELL itemid="400005" />
   <SELL itemid="400004" />
   <SELL itemid="497007" />
   <SELL itemid="1343" />
   <SELL itemid="134311" />
   <SELL itemid="4518" />
   <SELL itemid="7012" />
   <SELL itemid="400013" />
   <SELL itemid="20901" />
   <SELL itemid="20902" />
   <SELL itemid="2013" />
   <SELL itemid="2031" />
   <SELL itemid="2032" />
   <SELL itemid="2033" />
   <SELL itemid="2034" />
   <SELL itemid="650031" />
   <SELL itemid="303215" />
   <SELL itemid="400501" />
   <SELL itemid="400502" />
   <SELL itemid="400503" />
   <SELL itemid="400504" />
   <SELL itemid="400505" />
   <SELL itemid="400506" />
   <SELL itemid="400507" />
   <SELL itemid="400508" />
   <SELL itemid="400509" />
   <SELL itemid="400510" />
   <SELL itemid="400511" />
   <SELL itemid="400512" />
   <SELL itemid="400515" />
   <SELL itemid="400514" />
   <SELL itemid="300011" />
   <SELL itemid="300012" />
   <SELL itemid="300013" />
   <SELL itemid="300014" />
   <SELL itemid="300015" />
   <SELL itemid="300016" />
   <SELL itemid="300021" />
   <SELL itemid="300022" />
   <SELL itemid="300023" />
   <SELL itemid="300024" />
   <SELL itemid="300025" />
   <SELL itemid="300026" />
   <SELL itemid="300031" />
   <SELL itemid="300032" />
   <SELL itemid="300033" />
   <SELL itemid="300034" />
   <SELL itemid="300035" />
   <SELL itemid="300036" />
   <SELL itemid="300037" />
   <SELL itemid="300039" />
   <SELL itemid="100100" />
   <SELL itemid="100101" />
   <SELL itemid="100102" />
   <SELL itemid="100103" />
   <SELL itemid="100104" />
   <SELL itemid="100105" />
   <SELL itemid="100106" />
   <SELL itemid="100107" />
   <SELL itemid="100108" />
   <SELL itemid="100109" />
   <SELL itemid="49001" />
   <SELL itemid="49002" />
   <SELL itemid="49003" />
   <SELL itemid="49004" />
   <SELL itemid="49005" />
   <SELL itemid="49006" />
   <SELL itemid="49007" />
   <SELL itemid="49008" />
   <SELL itemid="49009" />
   <SELL itemid="49010" />
   <SELL itemid="48001" />
   <SELL itemid="48002" />
   <SELL itemid="48003" />
   <SELL itemid="48004" />
   <SELL itemid="48005" />
   <SELL itemid="48006" />
   <SELL itemid="48007" />
   <SELL itemid="48008" />
   <SELL itemid="48009" />
   <SELL itemid="48010" />
   <SELL itemid="100000" />
   <SELL itemid="19900" />
   <SELL itemid="19910" />
   <SELL itemid="19911" />
   <SELL itemid="19912" />
   <SELL itemid="19913" />
   <SELL itemid="19914" />
   <SELL itemid="19915" />
   <SELL itemid="650035" />
   <SELL itemid="650034" />
   <SELL itemid="19918" />
   <SELL itemid="19919" />
   <SELL itemid="19920" />
   <SELL itemid="19921" />
   <SELL itemid="19922" />
   <SELL itemid="19923" />
   <SELL itemid="19924" />
   <SELL itemid="19925" />
   <SELL itemid="400531" />
   <SELL itemid="400528" />
   <SELL itemid="37006" />
   <SELL itemid="670001" />
   <SELL itemid="670003" />
   <SELL itemid="670000" />
   <SELL itemid="670002" />
   <SELL itemid="670007" />
   <SELL itemid="650039" />
   <SELL itemid="670004" />
   <SELL itemid="22334455" />
   <SELL itemid="22334456" />
   <SELL itemid="22334457" />
   <SELL itemid="22334458" />
   <SELL itemid="22334459" />
   <SELL itemid="34532453" />
   <SELL itemid="22334460" />
   <SELL itemid="22334461" />
   <SELL itemid="22334462" />
   <SELL itemid="22334463" />
   <SELL itemid="22334464" />
   <SELL itemid="22444464" />
   <SELL itemid="22334465" />
   <SELL itemid="22334466" />
   <SELL itemid="22334467" />
   <SELL itemid="22334468" />
   <SELL itemid="22334480" />
   <SELL itemid="22334469" />
   <SELL itemid="151515" />
   <SELL itemid="151516" />
   <SELL itemid="650041" />
   <SELL itemid="650042" />
   <SELL itemid="22334" />
   <SELL itemid="22335" />
   <SELL itemid="22336" />
   <SELL itemid="22337" />
   <SELL itemid="670006" />
   <SELL itemid="30927" />
   <SELL itemid="30928" />
   <SELL itemid="30923" />
   <SELL itemid="30924" />
   <SELL itemid="50017" />
   <SELL itemid="92350" />
   <SELL itemid="50016" />
   <SELL itemid="92351" />
   <SELL itemid="30929" />
   <SELL itemid="1044" />
   <SELL itemid="1045" />
   <SELL itemid="30930" />
   <SELL itemid="30931" />
   <SELL itemid="30932" />
   <SELL itemid="30933" />
   <SELL itemid="30934" />
   <SELL itemid="30935" />
   <SELL itemid="30936" />
   <SELL itemid="30937" />
   <SELL itemid="30938" />
   <SELL itemid="30939" />
   <SELL itemid="30940" />
   <SELL itemid="30941" />
   <SELL itemid="30942" />
   <SELL itemid="30943" />
   <SELL itemid="30944" />
   <SELL itemid="30945" />
   <SELL itemid="30946" />
   <SELL itemid="30947" />
   <SELL itemid="30948" />
   <SELL itemid="30949" />
   <SELL itemid="30950" />
   <SELL itemid="30951" />
   <SELL itemid="400033" />
   <SELL itemid="400034" />
   <SELL itemid="650001" />
   <SELL itemid="650002" />
   <SELL itemid="650003" />
   <SELL itemid="650004" />
   <SELL itemid="30952" />
   <SELL itemid="30953" />
   <SELL itemid="30954" />
   <SELL itemid="30955" />
   <SELL itemid="30956" />
   <SELL itemid="30957" />
   <SELL itemid="650005" />
   <SELL itemid="650006" />
   <SELL itemid="650007" />
   <SELL itemid="650008" />
   <SELL itemid="650009" />
   <SELL itemid="650010" />
   <SELL itemid="650011" />
   <SELL itemid="650012" />
   <SELL itemid="650013" />
   <SELL itemid="650014" />
   <SELL itemid="12996" />
   <SELL itemid="12997" />
   <SELL itemid="12998" />
   <SELL itemid="12999" />
   <SELL itemid="13000" />
   <SELL itemid="13001" />
   <SELL itemid="13002" />
   <SELL itemid="13003" />
   <SELL itemid="13004" />
   <SELL itemid="13005" />
   <SELL itemid="13006" />
   <SELL itemid="13007" />
   <SELL itemid="13008" />
   <SELL itemid="13009" />
   <SELL itemid="13010" />
   <SELL itemid="13011" />
   <SELL itemid="13012" />
   <SELL itemid="13013" />
   <SELL itemid="13014" />
   <SELL itemid="13015" />
   <SELL itemid="13016" />
   <SELL itemid="13018" />
   <SELL itemid="13019" />
   <SELL itemid="13020" />
   <SELL itemid="13021" />
   <SELL itemid="13023" />
   <SELL itemid="13024" />
   <SELL itemid="13025" />
   <SELL itemid="6036" />
   <SELL itemid="6037" />
   <SELL itemid="650050" />
   <SELL itemid="6038" />
   <SELL itemid="3614" />
   <SELL itemid="3615" />
   <SELL itemid="3616" />
   <SELL itemid="3617" />
   <SELL itemid="3618" />
   <SELL itemid="3619" />
   <SELL itemid="3620" />
   <SELL itemid="3621" />
   <SELL itemid="650051" />
   <SELL itemid="650052" />
   <SELL itemid="650053" />
   <SELL itemid="650054" />
   <SELL itemid="650055" />
   <SELL itemid="650056" />
   <SELL itemid="650057" />
   <SELL itemid="650058" />
   <SELL itemid="650059" />
   <SELL itemid="650060" />
   <SELL itemid="650061" />
   <SELL itemid="650062" />
   <SELL itemid="650063" />
   <SELL itemid="650064" />
   <SELL itemid="650065" />
   <SELL itemid="650066" />
   <SELL itemid="650067" />
   <SELL itemid="650068" />
   <SELL itemid="650069" />
   <SELL itemid="650070" />
</XML>
