<?xml version="1.0"?>
<XML>
	<MATERIALLIST>
		<MATERIAL name="material_0">
			<DIFFUSE>1.0000000 1.0000000 1.0000000</DIFFUSE>
			<AMBIENT>0.5500000 0.5500000 0.5500000</AMBIENT>
			<SPECULAR>0.9000000 0.9000000 0.9000000</SPECULAR>
			<DIFFUSEMAP>toy_room_material_0.tga</DIFFUSEMAP>
		</MATERIAL>
		<MATERIAL name="material_1">
			<DIFFUSE>1.0000000 1.0000000 1.0000000</DIFFUSE>
			<AMBIENT>0.5500000 0.5500000 0.5500000</AMBIENT>
			<SPECULAR>0.9000000 0.9000000 0.9000000</SPECULAR>
			<DIFFUSEMAP>toy_room_material_1.tga</DIFFUSEMAP>
		</MATERIAL>
		<MATERIAL name="material_2">
			<DIFFUSE>1.0000000 1.0000000 1.0000000</DIFFUSE>
			<AMBIENT>0.5500000 0.5500000 0.5500000</AMBIENT>
			<SPECULAR>0.9000000 0.9000000 0.9000000</SPECULAR>
			<DIFFUSEMAP>toy_room_material_2.tga</DIFFUSEMAP>
		</MATERIAL>
		<MATERIAL name="material_3">
			<DIFFUSE>1.0000000 1.0000000 1.0000000</DIFFUSE>
			<AMBIENT>0.5500000 0.5500000 0.5500000</AMBIENT>
			<SPECULAR>0.9000000 0.9000000 0.9000000</SPECULAR>
			<DIFFUSEMAP>toy_room_material_3.tga</DIFFUSEMAP>
		</MATERIAL>
		<MATERIAL name="material_4">
			<DIFFUSE>1.0000000 1.0000000 1.0000000</DIFFUSE>
			<AMBIENT>0.5500000 0.5500000 0.5500000</AMBIENT>
			<SPECULAR>0.9000000 0.9000000 0.9000000</SPECULAR>
			<DIFFUSEMAP>toy_room_material_4.tga</DIFFUSEMAP>
		</MATERIAL>
		<MATERIAL name="material_5">
			<DIFFUSE>1.0000000 1.0000000 1.0000000</DIFFUSE>
			<AMBIENT>0.5500000 0.5500000 0.5500000</AMBIENT>
			<SPECULAR>0.9000000 0.9000000 0.9000000</SPECULAR>
			<DIFFUSEMAP>toy_room_material_5.tga</DIFFUSEMAP>
		</MATERIAL>
		<MATERIAL name="material_6">
			<DIFFUSE>1.0000000 1.0000000 1.0000000</DIFFUSE>
			<AMBIENT>0.5500000 0.5500000 0.5500000</AMBIENT>
			<SPECULAR>0.9000000 0.9000000 0.9000000</SPECULAR>
			<DIFFUSEMAP>toy_room_material_6.tga</DIFFUSEMAP>
		</MATERIAL>
		<MATERIAL name="material_7">
			<DIFFUSE>1.0000000 1.0000000 1.0000000</DIFFUSE>
			<AMBIENT>0.5500000 0.5500000 0.5500000</AMBIENT>
			<SPECULAR>0.9000000 0.9000000 0.9000000</SPECULAR>
			<DIFFUSEMAP>toy_room_material_7.tga</DIFFUSEMAP>
		</MATERIAL>
		<MATERIAL name="material_8">
			<DIFFUSE>1.0000000 1.0000000 1.0000000</DIFFUSE>
			<AMBIENT>0.5500000 0.5500000 0.5500000</AMBIENT>
			<SPECULAR>0.9000000 0.9000000 0.9000000</SPECULAR>
			<DIFFUSEMAP>toy_room_material_8.tga</DIFFUSEMAP>
		</MATERIAL>
		<MATERIAL name="material_9">
			<DIFFUSE>1.0000000 1.0000000 1.0000000</DIFFUSE>
			<AMBIENT>0.5500000 0.5500000 0.5500000</AMBIENT>
			<SPECULAR>0.9000000 0.9000000 0.9000000</SPECULAR>
			<DIFFUSEMAP>toy_room_material_9.tga</DIFFUSEMAP>
		</MATERIAL>
		<MATERIAL name="material_10">
			<DIFFUSE>1.0000000 1.0000000 1.0000000</DIFFUSE>
			<AMBIENT>0.5500000 0.5500000 0.5500000</AMBIENT>
			<SPECULAR>0.9000000 0.9000000 0.9000000</SPECULAR>
			<DIFFUSEMAP>toy_room_material_10.tga</DIFFUSEMAP>
		</MATERIAL>
		<MATERIAL name="material_11">
			<DIFFUSE>1.0000000 1.0000000 1.0000000</DIFFUSE>
			<AMBIENT>0.5500000 0.5500000 0.5500000</AMBIENT>
			<SPECULAR>0.9000000 0.9000000 0.9000000</SPECULAR>
			<DIFFUSEMAP>toy_room_material_11.tga</DIFFUSEMAP>
		</MATERIAL>
		<MATERIAL name="material_12">
			<DIFFUSE>1.0000000 1.0000000 1.0000000</DIFFUSE>
			<AMBIENT>0.5500000 0.5500000 0.5500000</AMBIENT>
			<SPECULAR>0.9000000 0.9000000 0.9000000</SPECULAR>
			<DIFFUSEMAP>toy_room_material_12.tga</DIFFUSEMAP>
		</MATERIAL>
		<MATERIAL name="material_13">
			<DIFFUSE>1.0000000 1.0000000 1.0000000</DIFFUSE>
			<AMBIENT>0.5500000 0.5500000 0.5500000</AMBIENT>
			<SPECULAR>0.9000000 0.9000000 0.9000000</SPECULAR>
			<DIFFUSEMAP>toy_room_material_13.tga</DIFFUSEMAP>
		</MATERIAL>
		<MATERIAL name="material_14">
			<DIFFUSE>1.0000000 1.0000000 1.0000000</DIFFUSE>
			<AMBIENT>0.5500000 0.5500000 0.5500000</AMBIENT>
			<SPECULAR>0.9000000 0.9000000 0.9000000</SPECULAR>
			<DIFFUSEMAP>toy_room_material_14.tga</DIFFUSEMAP>
		</MATERIAL>
		<MATERIAL name="material_15">
			<DIFFUSE>1.0000000 1.0000000 1.0000000</DIFFUSE>
			<AMBIENT>0.5500000 0.5500000 0.5500000</AMBIENT>
			<SPECULAR>0.9000000 0.9000000 0.9000000</SPECULAR>
			<DIFFUSEMAP>toy_room_material_15.tga</DIFFUSEMAP>
		</MATERIAL>
		<MATERIAL name="material_16">
			<DIFFUSE>1.0000000 1.0000000 1.0000000</DIFFUSE>
			<AMBIENT>0.5500000 0.5500000 0.5500000</AMBIENT>
			<SPECULAR>0.9000000 0.9000000 0.9000000</SPECULAR>
			<DIFFUSEMAP>toy_room_material_16.tga</DIFFUSEMAP>
		</MATERIAL>
		<MATERIAL name="material_17">
			<DIFFUSE>1.0000000 1.0000000 1.0000000</DIFFUSE>
			<AMBIENT>0.5500000 0.5500000 0.5500000</AMBIENT>
			<SPECULAR>0.9000000 0.9000000 0.9000000</SPECULAR>
			<DIFFUSEMAP>toy_room_material_17.tga</DIFFUSEMAP>
		</MATERIAL>
		<MATERIAL name="material_18">
			<DIFFUSE>1.0000000 1.0000000 1.0000000</DIFFUSE>
			<AMBIENT>0.5500000 0.5500000 0.5500000</AMBIENT>
			<SPECULAR>0.9000000 0.9000000 0.9000000</SPECULAR>
			<DIFFUSEMAP>toy_room_material_18.tga</DIFFUSEMAP>
		</MATERIAL>
		<MATERIAL name="material_19">
			<DIFFUSE>1.0000000 1.0000000 1.0000000</DIFFUSE>
			<AMBIENT>0.5500000 0.5500000 0.5500000</AMBIENT>
			<SPECULAR>0.9000000 0.9000000 0.9000000</SPECULAR>
			<DIFFUSEMAP>toy_room_material_19.tga</DIFFUSEMAP>
		</MATERIAL>
		<MATERIAL name="material_20">
			<DIFFUSE>1.0000000 1.0000000 1.0000000</DIFFUSE>
			<AMBIENT>0.5500000 0.5500000 0.5500000</AMBIENT>
			<SPECULAR>0.9000000 0.9000000 0.9000000</SPECULAR>
			<DIFFUSEMAP>toy_room_material_20.tga</DIFFUSEMAP>
		</MATERIAL>
		<MATERIAL name="material_21">
			<DIFFUSE>1.0000000 1.0000000 1.0000000</DIFFUSE>
			<AMBIENT>0.5500000 0.5500000 0.5500000</AMBIENT>
			<SPECULAR>0.9000000 0.9000000 0.9000000</SPECULAR>
			<DIFFUSEMAP>toy_room_material_21.tga</DIFFUSEMAP>
		</MATERIAL>
		<MATERIAL name="material_22">
			<DIFFUSE>1.0000000 1.0000000 1.0000000</DIFFUSE>
			<AMBIENT>0.5500000 0.5500000 0.5500000</AMBIENT>
			<SPECULAR>0.9000000 0.9000000 0.9000000</SPECULAR>
			<DIFFUSEMAP>toy_room_material_22.tga</DIFFUSEMAP>
		</MATERIAL>
		<MATERIAL name="material_23">
			<DIFFUSE>1.0000000 1.0000000 1.0000000</DIFFUSE>
			<AMBIENT>0.5500000 0.5500000 0.5500000</AMBIENT>
			<SPECULAR>0.9000000 0.9000000 0.9000000</SPECULAR>
			<DIFFUSEMAP>toy_room_material_23.tga</DIFFUSEMAP>
		</MATERIAL>
		<MATERIAL name="material_24">
			<DIFFUSE>1.0000000 1.0000000 1.0000000</DIFFUSE>
			<AMBIENT>0.5500000 0.5500000 0.5500000</AMBIENT>
			<SPECULAR>0.9000000 0.9000000 0.9000000</SPECULAR>
			<DIFFUSEMAP>toy_room_material_24.tga</DIFFUSEMAP>
		</MATERIAL>
		<MATERIAL name="material_25">
			<DIFFUSE>1.0000000 1.0000000 1.0000000</DIFFUSE>
			<AMBIENT>0.5500000 0.5500000 0.5500000</AMBIENT>
			<SPECULAR>0.9000000 0.9000000 0.9000000</SPECULAR>
			<DIFFUSEMAP>toy_room_material_25.tga</DIFFUSEMAP>
		</MATERIAL>
		<MATERIAL name="material_26">
			<DIFFUSE>1.0000000 1.0000000 1.0000000</DIFFUSE>
			<AMBIENT>0.5500000 0.5500000 0.5500000</AMBIENT>
			<SPECULAR>0.9000000 0.9000000 0.9000000</SPECULAR>
			<DIFFUSEMAP>toy_room_material_26.tga</DIFFUSEMAP>
		</MATERIAL>
		<MATERIAL name="material_27">
			<DIFFUSE>1.0000000 1.0000000 1.0000000</DIFFUSE>
			<AMBIENT>0.5500000 0.5500000 0.5500000</AMBIENT>
			<SPECULAR>0.9000000 0.9000000 0.9000000</SPECULAR>
			<DIFFUSEMAP>toy_room_material_27.tga</DIFFUSEMAP>
		</MATERIAL>
		<MATERIAL name="material_28">
			<DIFFUSE>1.0000000 1.0000000 1.0000000</DIFFUSE>
			<AMBIENT>0.5500000 0.5500000 0.5500000</AMBIENT>
			<SPECULAR>0.9000000 0.9000000 0.9000000</SPECULAR>
			<DIFFUSEMAP>toy_room_material_28.tga</DIFFUSEMAP>
		</MATERIAL>
		<MATERIAL name="material_29">
			<DIFFUSE>1.0000000 1.0000000 1.0000000</DIFFUSE>
			<AMBIENT>0.5500000 0.5500000 0.5500000</AMBIENT>
			<SPECULAR>0.9000000 0.9000000 0.9000000</SPECULAR>
			<DIFFUSEMAP>toy_room_material_29.tga</DIFFUSEMAP>
		</MATERIAL>
		<MATERIAL name="material_30">
			<DIFFUSE>1.0000000 1.0000000 1.0000000</DIFFUSE>
			<AMBIENT>0.5500000 0.5500000 0.5500000</AMBIENT>
			<SPECULAR>0.9000000 0.9000000 0.9000000</SPECULAR>
			<DIFFUSEMAP>toy_room_material_30.tga</DIFFUSEMAP>
		</MATERIAL>
		<MATERIAL name="material_31">
			<DIFFUSE>1.0000000 1.0000000 1.0000000</DIFFUSE>
			<AMBIENT>0.5500000 0.5500000 0.5500000</AMBIENT>
			<SPECULAR>0.9000000 0.9000000 0.9000000</SPECULAR>
			<DIFFUSEMAP>toy_room_material_31.tga</DIFFUSEMAP>
		</MATERIAL>
		<MATERIAL name="material_32">
			<DIFFUSE>1.0000000 1.0000000 1.0000000</DIFFUSE>
			<AMBIENT>0.5500000 0.5500000 0.5500000</AMBIENT>
			<SPECULAR>0.9000000 0.9000000 0.9000000</SPECULAR>
			<DIFFUSEMAP>toy_room_material_32.tga</DIFFUSEMAP>
		</MATERIAL>
		<MATERIAL name="material_33">
			<DIFFUSE>1.0000000 1.0000000 1.0000000</DIFFUSE>
			<AMBIENT>0.5500000 0.5500000 0.5500000</AMBIENT>
			<SPECULAR>0.9000000 0.9000000 0.9000000</SPECULAR>
			<DIFFUSEMAP>toy_room_material_33.tga</DIFFUSEMAP>
		</MATERIAL>
		<MATERIAL name="material_34">
			<DIFFUSE>1.0000000 1.0000000 1.0000000</DIFFUSE>
			<AMBIENT>0.5500000 0.5500000 0.5500000</AMBIENT>
			<SPECULAR>0.9000000 0.9000000 0.9000000</SPECULAR>
			<DIFFUSEMAP>toy_room_material_34.tga</DIFFUSEMAP>
		</MATERIAL>
		<MATERIAL name="material_35">
			<DIFFUSE>1.0000000 1.0000000 1.0000000</DIFFUSE>
			<AMBIENT>0.5500000 0.5500000 0.5500000</AMBIENT>
			<SPECULAR>0.9000000 0.9000000 0.9000000</SPECULAR>
			<DIFFUSEMAP>toy_room_material_35.tga</DIFFUSEMAP>
		</MATERIAL>
		<MATERIAL name="material_36">
			<DIFFUSE>1.0000000 1.0000000 1.0000000</DIFFUSE>
			<AMBIENT>0.5500000 0.5500000 0.5500000</AMBIENT>
			<SPECULAR>0.9000000 0.9000000 0.9000000</SPECULAR>
			<DIFFUSEMAP>toy_room_material_36.tga</DIFFUSEMAP>
		</MATERIAL>
		<MATERIAL name="material_37">
			<DIFFUSE>1.0000000 1.0000000 1.0000000</DIFFUSE>
			<AMBIENT>0.5500000 0.5500000 0.5500000</AMBIENT>
			<SPECULAR>0.9000000 0.9000000 0.9000000</SPECULAR>
			<DIFFUSEMAP>toy_room_material_37.tga</DIFFUSEMAP>
		</MATERIAL>
		<MATERIAL name="material_38">
			<DIFFUSE>1.0000000 1.0000000 1.0000000</DIFFUSE>
			<AMBIENT>0.5500000 0.5500000 0.5500000</AMBIENT>
			<SPECULAR>0.9000000 0.9000000 0.9000000</SPECULAR>
			<DIFFUSEMAP>toy_room_material_38.tga</DIFFUSEMAP>
		</MATERIAL>
		<MATERIAL name="material_39">
			<DIFFUSE>1.0000000 1.0000000 1.0000000</DIFFUSE>
			<AMBIENT>0.5500000 0.5500000 0.5500000</AMBIENT>
			<SPECULAR>0.9000000 0.9000000 0.9000000</SPECULAR>
			<DIFFUSEMAP>toy_room_material_39.tga</DIFFUSEMAP>
		</MATERIAL>
		<MATERIAL name="material_40">
			<DIFFUSE>1.0000000 1.0000000 1.0000000</DIFFUSE>
			<AMBIENT>0.5500000 0.5500000 0.5500000</AMBIENT>
			<SPECULAR>0.9000000 0.9000000 0.9000000</SPECULAR>
			<DIFFUSEMAP>toy_room_material_40.tga</DIFFUSEMAP>
		</MATERIAL>
		<MATERIAL name="material_41">
			<DIFFUSE>1.0000000 1.0000000 1.0000000</DIFFUSE>
			<AMBIENT>0.5500000 0.5500000 0.5500000</AMBIENT>
			<SPECULAR>0.9000000 0.9000000 0.9000000</SPECULAR>
			<DIFFUSEMAP>toy_room_material_41.tga</DIFFUSEMAP>
		</MATERIAL>
		<MATERIAL name="material_42">
			<DIFFUSE>1.0000000 1.0000000 1.0000000</DIFFUSE>
			<AMBIENT>0.5500000 0.5500000 0.5500000</AMBIENT>
			<SPECULAR>0.9000000 0.9000000 0.9000000</SPECULAR>
			<DIFFUSEMAP>toy_room_material_42.tga</DIFFUSEMAP>
		</MATERIAL>
		<MATERIAL name="material_43">
			<DIFFUSE>1.0000000 1.0000000 1.0000000</DIFFUSE>
			<AMBIENT>0.5500000 0.5500000 0.5500000</AMBIENT>
			<SPECULAR>0.9000000 0.9000000 0.9000000</SPECULAR>
			<DIFFUSEMAP>toy_room_material_43.tga</DIFFUSEMAP>
		</MATERIAL>
		<MATERIAL name="material_44">
			<DIFFUSE>1.0000000 1.0000000 1.0000000</DIFFUSE>
			<AMBIENT>0.5500000 0.5500000 0.5500000</AMBIENT>
			<SPECULAR>0.9000000 0.9000000 0.9000000</SPECULAR>
			<DIFFUSEMAP>toy_room_material_44.tga</DIFFUSEMAP>
		</MATERIAL>
		<MATERIAL name="material_45">
			<DIFFUSE>1.0000000 1.0000000 1.0000000</DIFFUSE>
			<AMBIENT>0.5500000 0.5500000 0.5500000</AMBIENT>
			<SPECULAR>0.9000000 0.9000000 0.9000000</SPECULAR>
			<DIFFUSEMAP>toy_room_material_45.tga</DIFFUSEMAP>
		</MATERIAL>
		<MATERIAL name="material_46">
			<DIFFUSE>1.0000000 1.0000000 1.0000000</DIFFUSE>
			<AMBIENT>0.5500000 0.5500000 0.5500000</AMBIENT>
			<SPECULAR>0.9000000 0.9000000 0.9000000</SPECULAR>
			<DIFFUSEMAP>toy_room_material_46.tga</DIFFUSEMAP>
		</MATERIAL>
		<MATERIAL name="material_47">
			<DIFFUSE>1.0000000 1.0000000 1.0000000</DIFFUSE>
			<AMBIENT>0.5500000 0.5500000 0.5500000</AMBIENT>
			<SPECULAR>0.9000000 0.9000000 0.9000000</SPECULAR>
			<DIFFUSEMAP>toy_room_material_47.tga</DIFFUSEMAP>
		</MATERIAL>
		<MATERIAL name="material_48">
			<DIFFUSE>1.0000000 1.0000000 1.0000000</DIFFUSE>
			<AMBIENT>0.5500000 0.5500000 0.5500000</AMBIENT>
			<SPECULAR>0.9000000 0.9000000 0.9000000</SPECULAR>
			<DIFFUSEMAP>toy_room_material_48.tga</DIFFUSEMAP>
		</MATERIAL>
		<MATERIAL name="material_49">
			<DIFFUSE>1.0000000 1.0000000 1.0000000</DIFFUSE>
			<AMBIENT>0.5500000 0.5500000 0.5500000</AMBIENT>
			<SPECULAR>0.9000000 0.9000000 0.9000000</SPECULAR>
			<DIFFUSEMAP>toy_room_material_49.tga</DIFFUSEMAP>
		</MATERIAL>
		<MATERIAL name="material_50">
			<DIFFUSE>1.0000000 1.0000000 1.0000000</DIFFUSE>
			<AMBIENT>0.5500000 0.5500000 0.5500000</AMBIENT>
			<SPECULAR>0.9000000 0.9000000 0.9000000</SPECULAR>
			<DIFFUSEMAP>toy_room_material_50.tga</DIFFUSEMAP>
		</MATERIAL>
		<MATERIAL name="material_51">
			<DIFFUSE>1.0000000 1.0000000 1.0000000</DIFFUSE>
			<AMBIENT>0.5500000 0.5500000 0.5500000</AMBIENT>
			<SPECULAR>0.9000000 0.9000000 0.9000000</SPECULAR>
			<DIFFUSEMAP>toy_room_material_51.tga</DIFFUSEMAP>
		</MATERIAL>
		<MATERIAL name="material_52">
			<DIFFUSE>1.0000000 1.0000000 1.0000000</DIFFUSE>
			<AMBIENT>0.5500000 0.5500000 0.5500000</AMBIENT>
			<SPECULAR>0.9000000 0.9000000 0.9000000</SPECULAR>
			<DIFFUSEMAP>toy_room_material_52.tga</DIFFUSEMAP>
		</MATERIAL>
		<MATERIAL name="material_53">
			<DIFFUSE>1.0000000 1.0000000 1.0000000</DIFFUSE>
			<AMBIENT>0.5500000 0.5500000 0.5500000</AMBIENT>
			<SPECULAR>0.9000000 0.9000000 0.9000000</SPECULAR>
			<DIFFUSEMAP>toy_room_material_53.tga</DIFFUSEMAP>
		</MATERIAL>
		<MATERIAL name="material_54">
			<DIFFUSE>1.0000000 1.0000000 1.0000000</DIFFUSE>
			<AMBIENT>0.5500000 0.5500000 0.5500000</AMBIENT>
			<SPECULAR>0.9000000 0.9000000 0.9000000</SPECULAR>
			<DIFFUSEMAP>toy_room_material_54.tga</DIFFUSEMAP>
		</MATERIAL>
		<MATERIAL name="material_55">
			<DIFFUSE>1.0000000 1.0000000 1.0000000</DIFFUSE>
			<AMBIENT>0.5500000 0.5500000 0.5500000</AMBIENT>
			<SPECULAR>0.9000000 0.9000000 0.9000000</SPECULAR>
			<DIFFUSEMAP>toy_room_material_55.tga</DIFFUSEMAP>
		</MATERIAL>
		<MATERIAL name="material_56">
			<DIFFUSE>1.0000000 1.0000000 1.0000000</DIFFUSE>
			<AMBIENT>0.5500000 0.5500000 0.5500000</AMBIENT>
			<SPECULAR>0.9000000 0.9000000 0.9000000</SPECULAR>
			<DIFFUSEMAP>toy_room_material_56.tga</DIFFUSEMAP>
		</MATERIAL>
		<MATERIAL name="material_57">
			<DIFFUSE>1.0000000 1.0000000 1.0000000</DIFFUSE>
			<AMBIENT>0.5500000 0.5500000 0.5500000</AMBIENT>
			<SPECULAR>0.9000000 0.9000000 0.9000000</SPECULAR>
			<DIFFUSEMAP>toy_room_material_57.tga</DIFFUSEMAP>
		</MATERIAL>
		<MATERIAL name="material_58">
			<DIFFUSE>1.0000000 1.0000000 1.0000000</DIFFUSE>
			<AMBIENT>0.5500000 0.5500000 0.5500000</AMBIENT>
			<SPECULAR>0.9000000 0.9000000 0.9000000</SPECULAR>
			<DIFFUSEMAP>toy_room_material_58.tga</DIFFUSEMAP>
		</MATERIAL>
		<MATERIAL name="material_59">
			<DIFFUSE>1.0000000 1.0000000 1.0000000</DIFFUSE>
			<AMBIENT>0.5500000 0.5500000 0.5500000</AMBIENT>
			<SPECULAR>0.9000000 0.9000000 0.9000000</SPECULAR>
			<DIFFUSEMAP>toy_room_material_59.tga</DIFFUSEMAP>
		</MATERIAL>
		<MATERIAL name="material_60">
			<DIFFUSE>1.0000000 1.0000000 1.0000000</DIFFUSE>
			<AMBIENT>0.5500000 0.5500000 0.5500000</AMBIENT>
			<SPECULAR>0.9000000 0.9000000 0.9000000</SPECULAR>
			<DIFFUSEMAP>toy_room_material_60.tga</DIFFUSEMAP>
		</MATERIAL>
		<MATERIAL name="material_61">
			<DIFFUSE>1.0000000 1.0000000 1.0000000</DIFFUSE>
			<AMBIENT>0.5500000 0.5500000 0.5500000</AMBIENT>
			<SPECULAR>0.9000000 0.9000000 0.9000000</SPECULAR>
			<DIFFUSEMAP>toy_room_material_61.tga</DIFFUSEMAP>
		</MATERIAL>
		<MATERIAL name="material_62">
			<DIFFUSE>1.0000000 1.0000000 1.0000000</DIFFUSE>
			<AMBIENT>0.5500000 0.5500000 0.5500000</AMBIENT>
			<SPECULAR>0.9000000 0.9000000 0.9000000</SPECULAR>
			<DIFFUSEMAP>toy_room_material_62.tga</DIFFUSEMAP>
		</MATERIAL>
		<MATERIAL name="material_63">
			<DIFFUSE>1.0000000 1.0000000 1.0000000</DIFFUSE>
			<AMBIENT>0.5500000 0.5500000 0.5500000</AMBIENT>
			<SPECULAR>0.9000000 0.9000000 0.9000000</SPECULAR>
			<DIFFUSEMAP>toy_room_material_63.tga</DIFFUSEMAP>
		</MATERIAL>
		<MATERIAL name="material_64">
			<DIFFUSE>1.0000000 1.0000000 1.0000000</DIFFUSE>
			<AMBIENT>0.5500000 0.5500000 0.5500000</AMBIENT>
			<SPECULAR>0.9000000 0.9000000 0.9000000</SPECULAR>
			<DIFFUSEMAP>toy_room_material_64.tga</DIFFUSEMAP>
		</MATERIAL>
		<MATERIAL name="material_65">
			<DIFFUSE>1.0000000 1.0000000 1.0000000</DIFFUSE>
			<AMBIENT>0.5500000 0.5500000 0.5500000</AMBIENT>
			<SPECULAR>0.9000000 0.9000000 0.9000000</SPECULAR>
			<DIFFUSEMAP>toy_room_material_65.tga</DIFFUSEMAP>
		</MATERIAL>
		<MATERIAL name="material_66">
			<DIFFUSE>1.0000000 1.0000000 1.0000000</DIFFUSE>
			<AMBIENT>0.5500000 0.5500000 0.5500000</AMBIENT>
			<SPECULAR>0.9000000 0.9000000 0.9000000</SPECULAR>
			<DIFFUSEMAP>toy_room_material_66.tga</DIFFUSEMAP>
		</MATERIAL>
		<MATERIAL name="material_67">
			<DIFFUSE>1.0000000 1.0000000 1.0000000</DIFFUSE>
			<AMBIENT>0.5500000 0.5500000 0.5500000</AMBIENT>
			<SPECULAR>0.9000000 0.9000000 0.9000000</SPECULAR>
			<DIFFUSEMAP>toy_room_material_67.tga</DIFFUSEMAP>
		</MATERIAL>
		<MATERIAL name="material_68">
			<DIFFUSE>1.0000000 1.0000000 1.0000000</DIFFUSE>
			<AMBIENT>0.5500000 0.5500000 0.5500000</AMBIENT>
			<SPECULAR>0.9000000 0.9000000 0.9000000</SPECULAR>
			<DIFFUSEMAP>toy_room_material_68.tga</DIFFUSEMAP>
		</MATERIAL>
		<MATERIAL name="material_69">
			<DIFFUSE>1.0000000 1.0000000 1.0000000</DIFFUSE>
			<AMBIENT>0.5500000 0.5500000 0.5500000</AMBIENT>
			<SPECULAR>0.9000000 0.9000000 0.9000000</SPECULAR>
			<DIFFUSEMAP>toy_room_material_69.tga</DIFFUSEMAP>
		</MATERIAL>
		<MATERIAL name="material_70">
			<DIFFUSE>1.0000000 1.0000000 1.0000000</DIFFUSE>
			<AMBIENT>0.5500000 0.5500000 0.5500000</AMBIENT>
			<SPECULAR>0.9000000 0.9000000 0.9000000</SPECULAR>
			<DIFFUSEMAP>toy_room_material_70.tga</DIFFUSEMAP>
		</MATERIAL>
		<MATERIAL name="material_71">
			<DIFFUSE>1.0000000 1.0000000 1.0000000</DIFFUSE>
			<AMBIENT>0.5500000 0.5500000 0.5500000</AMBIENT>
			<SPECULAR>0.9000000 0.9000000 0.9000000</SPECULAR>
			<DIFFUSEMAP>toy_room_material_71.tga</DIFFUSEMAP>
		</MATERIAL>
		<MATERIAL name="material_72">
			<DIFFUSE>1.0000000 1.0000000 1.0000000</DIFFUSE>
			<AMBIENT>0.5500000 0.5500000 0.5500000</AMBIENT>
			<SPECULAR>0.9000000 0.9000000 0.9000000</SPECULAR>
			<DIFFUSEMAP>toy_room_material_72.tga</DIFFUSEMAP>
		</MATERIAL>
		<MATERIAL name="material_73">
			<DIFFUSE>1.0000000 1.0000000 1.0000000</DIFFUSE>
			<AMBIENT>0.5500000 0.5500000 0.5500000</AMBIENT>
			<SPECULAR>0.9000000 0.9000000 0.9000000</SPECULAR>
			<DIFFUSEMAP>toy_room_material_73.tga</DIFFUSEMAP>
		</MATERIAL>
		<MATERIAL name="material_74">
			<DIFFUSE>1.0000000 1.0000000 1.0000000</DIFFUSE>
			<AMBIENT>0.5500000 0.5500000 0.5500000</AMBIENT>
			<SPECULAR>0.9000000 0.9000000 0.9000000</SPECULAR>
			<DIFFUSEMAP>toy_room_material_74.tga</DIFFUSEMAP>
		</MATERIAL>
		<MATERIAL name="material_75">
			<DIFFUSE>1.0000000 1.0000000 1.0000000</DIFFUSE>
			<AMBIENT>0.5500000 0.5500000 0.5500000</AMBIENT>
			<SPECULAR>0.9000000 0.9000000 0.9000000</SPECULAR>
			<DIFFUSEMAP>toy_room_material_75.tga</DIFFUSEMAP>
		</MATERIAL>
		<MATERIAL name="material_76">
			<DIFFUSE>1.0000000 1.0000000 1.0000000</DIFFUSE>
			<AMBIENT>0.5500000 0.5500000 0.5500000</AMBIENT>
			<SPECULAR>0.9000000 0.9000000 0.9000000</SPECULAR>
			<DIFFUSEMAP>toy_room_material_76.tga</DIFFUSEMAP>
		</MATERIAL>
		<MATERIAL name="material_77">
			<DIFFUSE>1.0000000 1.0000000 1.0000000</DIFFUSE>
			<AMBIENT>0.5500000 0.5500000 0.5500000</AMBIENT>
			<SPECULAR>0.9000000 0.9000000 0.9000000</SPECULAR>
			<DIFFUSEMAP>toy_room_material_77.tga</DIFFUSEMAP>
		</MATERIAL>
		<MATERIAL name="material_78">
			<DIFFUSE>1.0000000 1.0000000 1.0000000</DIFFUSE>
			<AMBIENT>0.5500000 0.5500000 0.5500000</AMBIENT>
			<SPECULAR>0.9000000 0.9000000 0.9000000</SPECULAR>
			<DIFFUSEMAP>toy_room_material_78.tga</DIFFUSEMAP>
		</MATERIAL>
		<MATERIAL name="material_79">
			<DIFFUSE>1.0000000 1.0000000 1.0000000</DIFFUSE>
			<AMBIENT>0.5500000 0.5500000 0.5500000</AMBIENT>
			<SPECULAR>0.9000000 0.9000000 0.9000000</SPECULAR>
			<DIFFUSEMAP>toy_room_material_79.tga</DIFFUSEMAP>
		</MATERIAL>
		<MATERIAL name="material_80">
			<DIFFUSE>1.0000000 1.0000000 1.0000000</DIFFUSE>
			<AMBIENT>0.5500000 0.5500000 0.5500000</AMBIENT>
			<SPECULAR>0.9000000 0.9000000 0.9000000</SPECULAR>
			<DIFFUSEMAP>toy_room_material_80.tga</DIFFUSEMAP>
		</MATERIAL>
		<MATERIAL name="material_81">
			<DIFFUSE>1.0000000 1.0000000 1.0000000</DIFFUSE>
			<AMBIENT>0.5500000 0.5500000 0.5500000</AMBIENT>
			<SPECULAR>0.9000000 0.9000000 0.9000000</SPECULAR>
			<DIFFUSEMAP>toy_room_material_81.tga</DIFFUSEMAP>
		</MATERIAL>
		<MATERIAL name="material_82">
			<DIFFUSE>1.0000000 1.0000000 1.0000000</DIFFUSE>
			<AMBIENT>0.5500000 0.5500000 0.5500000</AMBIENT>
			<SPECULAR>0.9000000 0.9000000 0.9000000</SPECULAR>
			<DIFFUSEMAP>toy_room_material_82.tga</DIFFUSEMAP>
		</MATERIAL>
		<MATERIAL name="material_83">
			<DIFFUSE>1.0000000 1.0000000 1.0000000</DIFFUSE>
			<AMBIENT>0.5500000 0.5500000 0.5500000</AMBIENT>
			<SPECULAR>0.9000000 0.9000000 0.9000000</SPECULAR>
			<DIFFUSEMAP>toy_room_material_83.tga</DIFFUSEMAP>
		</MATERIAL>
		<MATERIAL name="material_84">
			<DIFFUSE>1.0000000 1.0000000 1.0000000</DIFFUSE>
			<AMBIENT>0.5500000 0.5500000 0.5500000</AMBIENT>
			<SPECULAR>0.9000000 0.9000000 0.9000000</SPECULAR>
			<DIFFUSEMAP>toy_room_material_84.tga</DIFFUSEMAP>
		</MATERIAL>
		<MATERIAL name="material_85">
			<DIFFUSE>1.0000000 1.0000000 1.0000000</DIFFUSE>
			<AMBIENT>0.5500000 0.5500000 0.5500000</AMBIENT>
			<SPECULAR>0.9000000 0.9000000 0.9000000</SPECULAR>
			<DIFFUSEMAP>toy_room_material_85.tga</DIFFUSEMAP>
		</MATERIAL>
		<MATERIAL name="material_86">
			<DIFFUSE>1.0000000 1.0000000 1.0000000</DIFFUSE>
			<AMBIENT>0.5500000 0.5500000 0.5500000</AMBIENT>
			<SPECULAR>0.9000000 0.9000000 0.9000000</SPECULAR>
			<DIFFUSEMAP>toy_room_material_86.tga</DIFFUSEMAP>
		</MATERIAL>
		<MATERIAL name="material_87">
			<DIFFUSE>1.0000000 1.0000000 1.0000000</DIFFUSE>
			<AMBIENT>0.5500000 0.5500000 0.5500000</AMBIENT>
			<SPECULAR>0.9000000 0.9000000 0.9000000</SPECULAR>
			<DIFFUSEMAP>toy_room_material_87.tga</DIFFUSEMAP>
		</MATERIAL>
		<MATERIAL name="material_88">
			<DIFFUSE>1.0000000 1.0000000 1.0000000</DIFFUSE>
			<AMBIENT>0.5500000 0.5500000 0.5500000</AMBIENT>
			<SPECULAR>0.9000000 0.9000000 0.9000000</SPECULAR>
			<DIFFUSEMAP>toy_room_material_88.tga</DIFFUSEMAP>
		</MATERIAL>
		<MATERIAL name="material_89">
			<DIFFUSE>1.0000000 1.0000000 1.0000000</DIFFUSE>
			<AMBIENT>0.5500000 0.5500000 0.5500000</AMBIENT>
			<SPECULAR>0.9000000 0.9000000 0.9000000</SPECULAR>
			<DIFFUSEMAP>toy_room_material_89.tga</DIFFUSEMAP>
		</MATERIAL>
		<MATERIAL name="material_90">
			<DIFFUSE>1.0000000 1.0000000 1.0000000</DIFFUSE>
			<AMBIENT>0.5500000 0.5500000 0.5500000</AMBIENT>
			<SPECULAR>0.9000000 0.9000000 0.9000000</SPECULAR>
			<DIFFUSEMAP>toy_room_material_90.tga</DIFFUSEMAP>
		</MATERIAL>
		<MATERIAL name="material_91">
			<DIFFUSE>1.0000000 1.0000000 1.0000000</DIFFUSE>
			<AMBIENT>0.5500000 0.5500000 0.5500000</AMBIENT>
			<SPECULAR>0.9000000 0.9000000 0.9000000</SPECULAR>
			<DIFFUSEMAP>toy_room_material_91.tga</DIFFUSEMAP>
		</MATERIAL>
	</MATERIALLIST>
	<LIGHTLIST>
	</LIGHTLIST>
	<OBJECTLIST>
	</OBJECTLIST>
	<DUMMYLIST>
		<DUMMY name="spawn_solo_101">
			<POSITION>-1954.5480957 -2863.0490723 1521.5844727</POSITION>
			<DIRECTION>0.0000000 1.0000000 0.0000000</DIRECTION>
		</DUMMY>
		<DUMMY name="spawn_team1_101">
			<POSITION>-3988.3437500 2605.0854492 340.7902832</POSITION>
			<DIRECTION>0.0000000 1.0000000 0.0000000</DIRECTION>
		</DUMMY>
		<DUMMY name="spawn_team1_102">
			<POSITION>-3928.8200684 2474.9885254 340.7902832</POSITION>
			<DIRECTION>0.0000000 1.0000000 0.0000000</DIRECTION>
		</DUMMY>
		<DUMMY name="spawn_team1_103">
			<POSITION>-3928.8200684 2323.1499023 340.7902832</POSITION>
			<DIRECTION>0.0000000 1.0000000 0.0000000</DIRECTION>
		</DUMMY>
		<DUMMY name="spawn_team1_104">
			<POSITION>-3928.8200684 2191.4091797 340.7902832</POSITION>
			<DIRECTION>0.0000000 1.0000000 0.0000000</DIRECTION>
		</DUMMY>
		<DUMMY name="spawn_team1_105">
			<POSITION>-3769.6818848 2191.4091797 340.7902832</POSITION>
			<DIRECTION>0.0000000 1.0000000 0.0000000</DIRECTION>
		</DUMMY>
		<DUMMY name="spawn_team1_106">
			<POSITION>-3769.6818848 2315.2846680 340.7902832</POSITION>
			<DIRECTION>0.0000000 1.0000000 0.0000000</DIRECTION>
		</DUMMY>
		<DUMMY name="spawn_team1_107">
			<POSITION>-3769.6818848 2462.8725586 348.4754333</POSITION>
			<DIRECTION>0.0000000 1.0000000 0.0000000</DIRECTION>
		</DUMMY>
		<DUMMY name="spawn_team1_108">
			<POSITION>-3769.6818848 2624.5637207 348.4754333</POSITION>
			<DIRECTION>0.0000000 1.0000000 0.0000000</DIRECTION>
		</DUMMY>
		<DUMMY name="spawn_team2_101">
			<POSITION>3819.1577148 -5326.2299805 365.9007874</POSITION>
			<DIRECTION>0.0000000 1.0000000 0.0000000</DIRECTION>
		</DUMMY>
		<DUMMY name="spawn_team2_102">
			<POSITION>3618.2958984 -5326.2299805 365.9007874</POSITION>
			<DIRECTION>0.0000000 1.0000000 0.0000000</DIRECTION>
		</DUMMY>
		<DUMMY name="spawn_team2_103">
			<POSITION>3419.1716309 -5326.2299805 365.9007874</POSITION>
			<DIRECTION>0.0000000 1.0000000 0.0000000</DIRECTION>
		</DUMMY>
		<DUMMY name="spawn_team2_104">
			<POSITION>3211.2736816 -5326.2299805 365.9007874</POSITION>
			<DIRECTION>0.0000000 1.0000000 0.0000000</DIRECTION>
		</DUMMY>
		<DUMMY name="spawn_team2_105">
			<POSITION>2999.9594727 -5326.2299805 365.9007874</POSITION>
			<DIRECTION>0.0000000 1.0000000 0.0000000</DIRECTION>
		</DUMMY>
		<DUMMY name="spawn_team2_106">
			<POSITION>2788.4687500 -5326.2299805 365.9007874</POSITION>
			<DIRECTION>0.0000000 1.0000000 0.0000000</DIRECTION>
		</DUMMY>
		<DUMMY name="spawn_team2_108">
			<POSITION>2788.4687500 -5326.2299805 365.9007874</POSITION>
			<DIRECTION>0.0000000 1.0000000 0.0000000</DIRECTION>
		</DUMMY>
		<DUMMY name="spawn_team2_107">
			<POSITION>2542.7590332 -5326.2299805 365.9007874</POSITION>
			<DIRECTION>0.0000000 1.0000000 0.0000000</DIRECTION>
		</DUMMY>
		<DUMMY name="spawn_solo_102">
			<POSITION>-595.1466064 1032.4196777 1354.6165771</POSITION>
			<DIRECTION>0.0000000 1.0000000 0.0000000</DIRECTION>
		</DUMMY>
		<DUMMY name="spawn_solo_103">
			<POSITION>-836.3913574 1548.6624756 0.0000000</POSITION>
			<DIRECTION>0.0000000 1.0000000 0.0000000</DIRECTION>
		</DUMMY>
		<DUMMY name="spawn_solo_104">
			<POSITION>2486.2075195 375.3355103 0.0000000</POSITION>
			<DIRECTION>0.0000000 1.0000000 0.0000000</DIRECTION>
		</DUMMY>
		<DUMMY name="spawn_solo_105">
			<POSITION>-1593.0228271 945.5505371 0.0000000</POSITION>
			<DIRECTION>0.0000000 1.0000000 0.0000000</DIRECTION>
		</DUMMY>
		<DUMMY name="spawn_solo_106">
			<POSITION>-1647.8511963 35.3996468 0.0000000</POSITION>
			<DIRECTION>0.0000000 1.0000000 0.0000000</DIRECTION>
		</DUMMY>
		<DUMMY name="spawn_solo_109">
			<POSITION>-447.1099854 -2914.3664551 0.0000000</POSITION>
			<DIRECTION>0.0000000 1.0000000 0.0000000</DIRECTION>
		</DUMMY>
		<DUMMY name="spawn_solo_110">
			<POSITION>4619.0307617 813.9624634 0.0000000</POSITION>
			<DIRECTION>0.0000000 1.0000000 0.0000000</DIRECTION>
		</DUMMY>
		<DUMMY name="spawn_solo_111">
			<POSITION>2645.2097168 -1444.9661865 0.0000000</POSITION>
			<DIRECTION>0.0000000 1.0000000 0.0000000</DIRECTION>
		</DUMMY>
		<DUMMY name="spawn_solo_112">
			<POSITION>2513.6218262 2941.3029785 0.0000000</POSITION>
			<DIRECTION>0.0000000 1.0000000 0.0000000</DIRECTION>
		</DUMMY>
		<DUMMY name="spawn_solo_113">
			<POSITION>-1346.2951660 2897.4401855 0.0000000</POSITION>
			<DIRECTION>0.0000000 1.0000000 0.0000000</DIRECTION>
		</DUMMY>
		<DUMMY name="spawn_solo_114">
			<POSITION>1746.0303955 3072.8920898 0.0000000</POSITION>
			<DIRECTION>0.0000000 1.0000000 0.0000000</DIRECTION>
		</DUMMY>
		<DUMMY name="spawn_solo_115">
			<POSITION>737.1884766 24.4348145 0.0000000</POSITION>
			<DIRECTION>0.0000000 1.0000000 0.0000000</DIRECTION>
		</DUMMY>
		<DUMMY name="spawn_solo_116">
			<POSITION>5320.8398438 2151.7753906 0.0000000</POSITION>
			<DIRECTION>0.0000000 1.0000000 0.0000000</DIRECTION>
		</DUMMY>
	</DUMMYLIST>
	<OCCLUSIONLIST>
	</OCCLUSIONLIST>
	<AMBIENTSOUNDLIST>
	</AMBIENTSOUNDLIST>
</XML>
