<?xml version="1.0"?>
<XML>
	<MATERIALLIST>
		<MATERIAL name="01 - Default_mt_drt">
			<DIFFUSE>0.5882353 0.5882353 0.5882353</DIFFUSE>
			<AMBIENT>0.5882353 0.5882353 0.5882353</AMBIENT>
			<SPECULAR>0.9000000 0.9000000 0.9000000</SPECULAR>
			<DIFFUSEMAP>gzd_map_Dojo_Mat.dds</DIFFUSEMAP>
		</MATERIAL>
		<MATERIAL name="04 - Default_mt_wod">
			<DIFFUSE>0.5882353 0.5882353 0.5882353</DIFFUSE>
			<AMBIENT>0.5882353 0.5882353 0.5882353</AMBIENT>
			<SPECULAR>0.9000000 0.9000000 0.9000000</SPECULAR>
			<DIFFUSEMAP>gzd_map_Dojo_Wall.dds</DIFFUSEMAP>
		</MATERIAL>
		<MATERIAL name="02 - Default_mt_wod">
			<DIFFUSE>0.5882353 0.5882353 0.5882353</DIFFUSE>
			<AMBIENT>0.5882353 0.5882353 0.5882353</AMBIENT>
			<SPECULAR>0.9000000 0.9000000 0.9000000</SPECULAR>
			<DIFFUSEMAP>../weaponshop/weaponshop_floow.tga</DIFFUSEMAP>
		</MATERIAL>
		<MATERIAL name="06 - Default_mt_wod">
			<DIFFUSE>0.5882353 0.5882353 0.5882353</DIFFUSE>
			<AMBIENT>0.5882353 0.5882353 0.5882353</AMBIENT>
			<SPECULAR>0.9000000 0.9000000 0.9000000</SPECULAR>
			<DIFFUSEMAP>gzd_map_Dojo_Shoji_2.dds</DIFFUSEMAP>
		</MATERIAL>
		<MATERIAL name="03 - Default_mt_wod">
			<DIFFUSE>0.5882353 0.5882353 0.5882353</DIFFUSE>
			<AMBIENT>0.5882353 0.5882353 0.5882353</AMBIENT>
			<SPECULAR>0.9000000 0.9000000 0.9000000</SPECULAR>
			<DIFFUSEMAP>gzd_map_Dojo_Shoji.dds</DIFFUSEMAP>
		</MATERIAL>
		<MATERIAL name="05 - Default_mt_wod">
			<DIFFUSE>0.5882353 0.5882353 0.5882353</DIFFUSE>
			<AMBIENT>0.5882353 0.5882353 0.5882353</AMBIENT>
			<SPECULAR>0.9000000 0.9000000 0.9000000</SPECULAR>
			<DIFFUSEMAP>../weaponshop/weaponshop_stairs01.tga</DIFFUSEMAP>
		</MATERIAL>
		<MATERIAL name="07 - Default_mt_wod">
			<DIFFUSE>0.5882353 0.5882353 0.5882353</DIFFUSE>
			<AMBIENT>0.5882353 0.5882353 0.5882353</AMBIENT>
			<SPECULAR>0.9000000 0.9000000 0.9000000</SPECULAR>
			<DIFFUSEMAP>gzd_map_Dojo_Shoji_3.dds</DIFFUSEMAP>
		</MATERIAL>
		<MATERIAL name="08 - Default_mt_wod">
			<DIFFUSE>0.5882353 0.5882353 0.5882353</DIFFUSE>
			<AMBIENT>0.5882353 0.5882353 0.5882353</AMBIENT>
			<SPECULAR>0.9000000 0.9000000 0.9000000</SPECULAR>
			<DIFFUSEMAP>../citadel/gzd_map_Citadel_woodstair00_01.bmp</DIFFUSEMAP>
		</MATERIAL>
		<MATERIAL name="10 - Default_mt_wod">
			<DIFFUSE>0.5882353 0.5882353 0.5882353</DIFFUSE>
			<AMBIENT>0.5882353 0.5882353 0.5882353</AMBIENT>
			<SPECULAR>0.9000000 0.9000000 0.9000000</SPECULAR>
			<DIFFUSEMAP>../citadel/gzd_map_Citadel_wuding2.bmp</DIFFUSEMAP>
		</MATERIAL>
		<MATERIAL name="09 - Default_mt_wod">
			<DIFFUSE>0.5882353 0.5882353 0.5882353</DIFFUSE>
			<AMBIENT>0.5882353 0.5882353 0.5882353</AMBIENT>
			<SPECULAR>0.9000000 0.9000000 0.9000000</SPECULAR>
			<DIFFUSEMAP>../citadel/gzd_map_Citadel_beams2.bmp</DIFFUSEMAP>
		</MATERIAL>
		<MATERIAL name="11 - Default">
			<DIFFUSE>0.5882353 0.5882353 0.5882353</DIFFUSE>
			<AMBIENT>0.5882353 0.5882353 0.5882353</AMBIENT>
			<SPECULAR>0.9000000 0.9000000 0.9000000</SPECULAR>
			<DIFFUSEMAP>../pavilion/gzd_map_Pavilion_Grass.jpg</DIFFUSEMAP>
		</MATERIAL>
		<MATERIAL name="12 - Default">
			<DIFFUSE>0.5882353 0.5882353 0.5882353</DIFFUSE>
			<AMBIENT>0.5882353 0.5882353 0.5882353</AMBIENT>
			<SPECULAR>0.9000000 0.9000000 0.9000000</SPECULAR>
			<DIFFUSEMAP>../citadel/gzd_map_Citadel_wall2.bmp</DIFFUSEMAP>
		</MATERIAL>
		<MATERIAL name="13 - Default">
			<DIFFUSE>0.5882353 0.5882353 0.5882353</DIFFUSE>
			<AMBIENT>0.5882353 0.5882353 0.5882353</AMBIENT>
			<SPECULAR>0.9000000 0.9000000 0.9000000</SPECULAR>
			<DIFFUSEMAP>../citadel/gzd_map_Citadel_wall1.bmp</DIFFUSEMAP>
		</MATERIAL>
		<MATERIAL name="14 - Default">
			<DIFFUSE>0.5882353 0.5882353 0.5882353</DIFFUSE>
			<AMBIENT>0.5882353 0.5882353 0.5882353</AMBIENT>
			<SPECULAR>0.9000000 0.9000000 0.9000000</SPECULAR>
			<DIFFUSEMAP>../citadel/gzd_map_Citadel_shitou1.bmp</DIFFUSEMAP>
		</MATERIAL>
		<MATERIAL name="15 - Default">
			<DIFFUSE>0.5882353 0.5882353 0.5882353</DIFFUSE>
			<AMBIENT>0.5882353 0.5882353 0.5882353</AMBIENT>
			<SPECULAR>0.9000000 0.9000000 0.9000000</SPECULAR>
			<DIFFUSEMAP>../citadel/gzd_map_Citadel_hedi1.bmp</DIFFUSEMAP>
		</MATERIAL>
		<MATERIAL name="Material #673">
			<DIFFUSE>0.5880000 0.5880000 0.5880000</DIFFUSE>
			<AMBIENT>0.5880000 0.5880000 0.5880000</AMBIENT>
			<SPECULAR>0.9000000 0.9000000 0.9000000</SPECULAR>
			<DIFFUSEMAP></DIFFUSEMAP>
		</MATERIAL>
		<MATERIAL name="17 - Default">
			<DIFFUSE>0.5880000 0.5880000 0.5880000</DIFFUSE>
			<AMBIENT>0.5880000 0.5880000 0.5880000</AMBIENT>
			<SPECULAR>0.9000000 0.9000000 0.9000000</SPECULAR>
			<DIFFUSEMAP>gzd_map_Dojo_Scroll.dds</DIFFUSEMAP>
		</MATERIAL>
		<MATERIAL name="18 - Default">
			<DIFFUSE>0.5882353 0.5882353 0.5882353</DIFFUSE>
			<AMBIENT>0.5882353 0.5882353 0.5882353</AMBIENT>
			<SPECULAR>0.9000000 0.9000000 0.9000000</SPECULAR>
			<DIFFUSEMAP>gzd_map_Dojo_Glass.dds</DIFFUSEMAP>
			<TWOSIDED/>
			<USEOPACITY/>
		</MATERIAL>
		<MATERIAL name="Material #670">
			<DIFFUSE>0.5880000 0.5880000 0.5880000</DIFFUSE>
			<AMBIENT>0.5880000 0.5880000 0.5880000</AMBIENT>
			<SPECULAR>0.9000000 0.9000000 0.9000000</SPECULAR>
			<DIFFUSEMAP>../prison/gzd_map_Prison_deco002.bmp</DIFFUSEMAP>
		</MATERIAL>
		<MATERIAL name="Material #671">
			<DIFFUSE>0.5880000 0.5880000 0.5880000</DIFFUSE>
			<AMBIENT>0.5880000 0.5880000 0.5880000</AMBIENT>
			<SPECULAR>0.9000000 0.9000000 0.9000000</SPECULAR>
			<DIFFUSEMAP>../weaponshop/at_weaponshop_ ironchain.tga</DIFFUSEMAP>
			<TWOSIDED/>
			<USEOPACITY/>
			<USEALPHATEST/>
		</MATERIAL>
		<MATERIAL name="Material #672">
			<DIFFUSE>0.5880000 0.5880000 0.5880000</DIFFUSE>
			<AMBIENT>0.5880000 0.5880000 0.5880000</AMBIENT>
			<SPECULAR>0.9000000 0.9000000 0.9000000</SPECULAR>
			<DIFFUSEMAP>gzd_map_Dojo_Window.dds</DIFFUSEMAP>
		</MATERIAL>
		<MATERIAL name="16 - Default">
			<DIFFUSE>0.5880000 0.5880000 0.5880000</DIFFUSE>
			<AMBIENT>0.5880000 0.5880000 0.5880000</AMBIENT>
			<SPECULAR>0.9000000 0.9000000 0.9000000</SPECULAR>
			<DIFFUSEMAP>../prison/gzd_map_Prison_water001.bmp</DIFFUSEMAP>
		</MATERIAL>
		<MATERIAL name="Material #674">
			<DIFFUSE>0.5880000 0.5880000 0.5880000</DIFFUSE>
			<AMBIENT>0.5880000 0.5880000 0.5880000</AMBIENT>
			<SPECULAR>0.9000000 0.9000000 0.9000000</SPECULAR>
			<DIFFUSEMAP>gzd_map_Dojo_Cherry.dds</DIFFUSEMAP>
			<TWOSIDED/>
			<USEOPACITY/>
			<USEALPHATEST/>
		</MATERIAL>
		<MATERIAL name="Material #675">
			<DIFFUSE>0.5880000 0.5880000 0.5880000</DIFFUSE>
			<AMBIENT>0.5880000 0.5880000 0.5880000</AMBIENT>
			<SPECULAR>0.9000000 0.9000000 0.9000000</SPECULAR>
			<DIFFUSEMAP>gzd_map_Dojo_Shrub.dds</DIFFUSEMAP>
			<USEOPACITY/>
		</MATERIAL>
		<MATERIAL name="Material #958">
			<DIFFUSE>0.5880000 0.5880000 0.5880000</DIFFUSE>
			<AMBIENT>0.5880000 0.5880000 0.5880000</AMBIENT>
			<SPECULAR>0.9000000 0.9000000 0.9000000</SPECULAR>
			<DIFFUSEMAP>katana01.bmp.dds</DIFFUSEMAP>
		</MATERIAL>
		<MATERIAL name="Material #959">
			<DIFFUSE>0.5880000 0.5880000 0.5880000</DIFFUSE>
			<AMBIENT>0.5880000 0.5880000 0.5880000</AMBIENT>
			<SPECULAR>0.9000000 0.9000000 0.9000000</SPECULAR>
			<DIFFUSEMAP>gzd_map_sta_fx001.bmp</DIFFUSEMAP>
			<ADDITIVE/>
		</MATERIAL>
		<MATERIAL name="Material #961">
			<DIFFUSE>0.5880000 0.5880000 0.5880000</DIFFUSE>
			<AMBIENT>0.5880000 0.5880000 0.5880000</AMBIENT>
			<SPECULAR>0.9000000 0.9000000 0.9000000</SPECULAR>
			<DIFFUSEMAP>gzd_map_Mansion_fx00.bmp</DIFFUSEMAP>
			<TWOSIDED/>
		</MATERIAL>
		<MATERIAL name="Material #960">
			<DIFFUSE>1.0000000 1.0000000 1.0000000</DIFFUSE>
			<AMBIENT>1.0000000 1.0000000 1.0000000</AMBIENT>
			<SPECULAR>1.0000000 1.0000000 1.0000000</SPECULAR>
			<DIFFUSEMAP>sky_daylight.bmp</DIFFUSEMAP>
		</MATERIAL>
	</MATERIALLIST>
	<LIGHTLIST>
		<LIGHT name="GlobalIllu_00">
			<POSITION>-6828.2714844 7006.2553711 -6813.4394531</POSITION>
			<COLOR>1.0000000 1.0000000 1.0000000</COLOR>
			<INTENSITY>0.6000000</INTENSITY>
			<ATTENUATIONSTART>0.0000000</ATTENUATIONSTART>
			<ATTENUATIONEND>20000.0000000</ATTENUATIONEND>
		</LIGHT>
		<LIGHT name="GlobalIllu_01">
			<POSITION>-6828.2714844 -6620.6230469 -6813.4394531</POSITION>
			<COLOR>1.0000000 1.0000000 1.0000000</COLOR>
			<INTENSITY>0.6000000</INTENSITY>
			<ATTENUATIONSTART>0.0000000</ATTENUATIONSTART>
			<ATTENUATIONEND>20000.0000000</ATTENUATIONEND>
		</LIGHT>
		<LIGHT name="GlobalIllu_02">
			<POSITION>6798.6074219 -6620.6230469 -6813.4394531</POSITION>
			<COLOR>1.0000000 1.0000000 1.0000000</COLOR>
			<INTENSITY>0.6000000</INTENSITY>
			<ATTENUATIONSTART>0.0000000</ATTENUATIONSTART>
			<ATTENUATIONEND>20000.0000000</ATTENUATIONEND>
		</LIGHT>
		<LIGHT name="GlobalIllu_03">
			<POSITION>6798.6074219 7006.2553711 -6813.4394531</POSITION>
			<COLOR>1.0000000 1.0000000 1.0000000</COLOR>
			<INTENSITY>0.6000000</INTENSITY>
			<ATTENUATIONSTART>0.0000000</ATTENUATIONSTART>
			<ATTENUATIONEND>20000.0000000</ATTENUATIONEND>
		</LIGHT>
		<LIGHT name="GlobalIllu_04">
			<POSITION>6798.6074219 -6620.6230469 6813.4394531</POSITION>
			<COLOR>1.0000000 1.0000000 1.0000000</COLOR>
			<INTENSITY>0.6000000</INTENSITY>
			<ATTENUATIONSTART>0.0000000</ATTENUATIONSTART>
			<ATTENUATIONEND>20000.0000000</ATTENUATIONEND>
		</LIGHT>
		<LIGHT name="GlobalIllu_05">
			<POSITION>6798.6074219 7006.2553711 6813.4394531</POSITION>
			<COLOR>1.0000000 1.0000000 1.0000000</COLOR>
			<INTENSITY>0.6000000</INTENSITY>
			<ATTENUATIONSTART>0.0000000</ATTENUATIONSTART>
			<ATTENUATIONEND>20000.0000000</ATTENUATIONEND>
		</LIGHT>
		<LIGHT name="GlobalIllu_06">
			<POSITION>-6828.2714844 -6620.6230469 6813.4394531</POSITION>
			<COLOR>1.0000000 1.0000000 1.0000000</COLOR>
			<INTENSITY>0.6000000</INTENSITY>
			<ATTENUATIONSTART>0.0000000</ATTENUATIONSTART>
			<ATTENUATIONEND>20000.0000000</ATTENUATIONEND>
		</LIGHT>
		<LIGHT name="GlobalIllu_07">
			<POSITION>-6828.2714844 7006.2553711 6813.4394531</POSITION>
			<COLOR>1.0000000 1.0000000 1.0000000</COLOR>
			<INTENSITY>0.6000000</INTENSITY>
			<ATTENUATIONSTART>0.0000000</ATTENUATIONSTART>
			<ATTENUATIONEND>20000.0000000</ATTENUATIONEND>
		</LIGHT>
		<LIGHT name="Sun">
			<POSITION>-5976.5913086 6154.5756836 9368.4794922</POSITION>
			<COLOR>1.0000000 1.0000000 1.0000000</COLOR>
			<INTENSITY>1.4000000</INTENSITY>
			<ATTENUATIONSTART>0.0000000</ATTENUATIONSTART>
			<ATTENUATIONEND>24000.0000000</ATTENUATIONEND>
			<CASTSHADOW/>
		</LIGHT>
		<LIGHT name="Omni_00">
			<POSITION>1748.1453857 1129.6640625 289.5711670</POSITION>
			<COLOR>1.0000000 0.9372550 0.7490196</COLOR>
			<INTENSITY>1.2000000</INTENSITY>
			<ATTENUATIONSTART>0.0000000</ATTENUATIONSTART>
			<ATTENUATIONEND>220.0000000</ATTENUATIONEND>
			<CASTSHADOW/>
		</LIGHT>
		<LIGHT name="Omni_01">
			<POSITION>1748.1453857 874.1600342 289.5711670</POSITION>
			<COLOR>1.0000000 0.9372550 0.7490196</COLOR>
			<INTENSITY>1.2000000</INTENSITY>
			<ATTENUATIONSTART>0.0000000</ATTENUATIONSTART>
			<ATTENUATIONEND>220.0000000</ATTENUATIONEND>
			<CASTSHADOW/>
		</LIGHT>
		<LIGHT name="Omni_02">
			<POSITION>1748.1453857 -1084.7038574 289.5711670</POSITION>
			<COLOR>1.0000000 0.9372550 0.7490196</COLOR>
			<INTENSITY>1.2000000</INTENSITY>
			<ATTENUATIONSTART>0.0000000</ATTENUATIONSTART>
			<ATTENUATIONEND>220.0000000</ATTENUATIONEND>
			<CASTSHADOW/>
		</LIGHT>
		<LIGHT name="Omni_03">
			<POSITION>1748.1453857 -829.1997070 289.5711670</POSITION>
			<COLOR>1.0000000 0.9372550 0.7490196</COLOR>
			<INTENSITY>1.2000000</INTENSITY>
			<ATTENUATIONSTART>0.0000000</ATTENUATIONSTART>
			<ATTENUATIONEND>220.0000000</ATTENUATIONEND>
			<CASTSHADOW/>
		</LIGHT>
		<LIGHT name="Omni_04">
			<POSITION>-1777.8094482 -1084.7038574 289.5711670</POSITION>
			<COLOR>1.0000000 0.9372550 0.7490196</COLOR>
			<INTENSITY>1.2000000</INTENSITY>
			<ATTENUATIONSTART>0.0000000</ATTENUATIONSTART>
			<ATTENUATIONEND>220.0000000</ATTENUATIONEND>
			<CASTSHADOW/>
		</LIGHT>
		<LIGHT name="Omni_05">
			<POSITION>-1777.8094482 -829.1997070 289.5711670</POSITION>
			<COLOR>1.0000000 0.9372550 0.7490196</COLOR>
			<INTENSITY>1.2000000</INTENSITY>
			<ATTENUATIONSTART>0.0000000</ATTENUATIONSTART>
			<ATTENUATIONEND>220.0000000</ATTENUATIONEND>
			<CASTSHADOW/>
		</LIGHT>
		<LIGHT name="Omni_06">
			<POSITION>-1777.8094482 874.1600342 289.5711670</POSITION>
			<COLOR>1.0000000 0.9372550 0.7490196</COLOR>
			<INTENSITY>1.2000000</INTENSITY>
			<ATTENUATIONSTART>0.0000000</ATTENUATIONSTART>
			<ATTENUATIONEND>220.0000000</ATTENUATIONEND>
			<CASTSHADOW/>
		</LIGHT>
		<LIGHT name="Omni_07">
			<POSITION>-1777.8094482 1129.6640625 289.5711670</POSITION>
			<COLOR>1.0000000 0.9372550 0.7490196</COLOR>
			<INTENSITY>1.2000000</INTENSITY>
			<ATTENUATIONSTART>0.0000000</ATTENUATIONSTART>
			<ATTENUATIONEND>220.0000000</ATTENUATIONEND>
			<CASTSHADOW/>
		</LIGHT>
		<LIGHT name="Obj_Omni01">
			<POSITION>-5976.5913086 6154.5756836 9368.4794922</POSITION>
			<COLOR>1.0000000 1.0000000 1.0000000</COLOR>
			<INTENSITY>3.0000000</INTENSITY>
			<ATTENUATIONSTART>24000.0000000</ATTENUATIONSTART>
			<ATTENUATIONEND>24000.0000000</ATTENUATIONEND>
			<CASTSHADOW/>
		</LIGHT>
	</LIGHTLIST>
	<OBJECTLIST>
		<OBJECT name="Wall2Wall_obj_window_01.elu">
		</OBJECT>
		<OBJECT name="Wall2Wall_obj_sea_01.elu">
		</OBJECT>
		<OBJECT name="Wall2Wall_obj_shrub_01.elu">
		</OBJECT>
		<OBJECT name="Wall2Wall_obj_rusty_01.elu">
		</OBJECT>
		<OBJECT name="Wall2Wall_obj_glow_01.elu">
		</OBJECT>
		<OBJECT name="Wall2Wall_obj_sky.elu">
		</OBJECT>
	</OBJECTLIST>
	<DUMMYLIST>
		<DUMMY name="Spawn_Solo_101">
			<POSITION>-14.8320084 192.8161621 0.0000000</POSITION>
			<DIRECTION>0.0000000 1.0000000 0.0000000</DIRECTION>
		</DUMMY>
		<DUMMY name="Spawn_Team1_101">
			<POSITION>-14.8320084 192.8161621 0.0000000</POSITION>
			<DIRECTION>0.0000000 1.0000000 0.0000000</DIRECTION>
		</DUMMY>
		<DUMMY name="Spawn_Team2_101">
			<POSITION>1850.3470459 150.2320557 562.1087646</POSITION>
			<DIRECTION>-1.0000000 -0.0000001 0.0000000</DIRECTION>
		</DUMMY>
		<DUMMY name="Spawn_Team2_102">
			<POSITION>2020.6831055 150.2320557 562.1087646</POSITION>
			<DIRECTION>-1.0000000 -0.0000001 0.0000000</DIRECTION>
		</DUMMY>
		<DUMMY name="Spawn_Team2_103">
			<POSITION>2020.6831055 -105.2718506 562.1087646</POSITION>
			<DIRECTION>-1.0000000 -0.0000001 0.0000000</DIRECTION>
		</DUMMY>
		<DUMMY name="Spawn_Team2_104">
			<POSITION>1850.3470459 -105.2718506 562.1087646</POSITION>
			<DIRECTION>-1.0000000 -0.0000001 0.0000000</DIRECTION>
		</DUMMY>
		<DUMMY name="Spawn_Team2_105">
			<POSITION>2020.6831055 320.5681152 562.1087646</POSITION>
			<DIRECTION>-1.0000000 -0.0000001 0.0000000</DIRECTION>
		</DUMMY>
		<DUMMY name="Spawn_Team2_106">
			<POSITION>1850.3470459 320.5681152 562.1087646</POSITION>
			<DIRECTION>-1.0000000 -0.0000001 0.0000000</DIRECTION>
		</DUMMY>
		<DUMMY name="Spawn_Team2_107">
			<POSITION>2020.6831055 -275.6079102 562.1087646</POSITION>
			<DIRECTION>-1.0000000 -0.0000001 0.0000000</DIRECTION>
		</DUMMY>
		<DUMMY name="Spawn_Team2_108">
			<POSITION>1850.3470459 -275.6079102 562.1087646</POSITION>
			<DIRECTION>-1.0000000 -0.0000001 0.0000000</DIRECTION>
		</DUMMY>
		<DUMMY name="Spawn_Team2_109">
			<POSITION>2020.6831055 490.9040527 562.1087646</POSITION>
			<DIRECTION>-1.0000000 -0.0000001 0.0000000</DIRECTION>
		</DUMMY>
		<DUMMY name="Spawn_Team2_110">
			<POSITION>1850.3470459 490.9040527 562.1087646</POSITION>
			<DIRECTION>-1.0000000 -0.0000001 0.0000000</DIRECTION>
		</DUMMY>
		<DUMMY name="Spawn_Team2_111">
			<POSITION>2020.6831055 -445.9438477 562.1087646</POSITION>
			<DIRECTION>-1.0000000 -0.0000001 0.0000000</DIRECTION>
		</DUMMY>
		<DUMMY name="Spawn_Team2_112">
			<POSITION>1850.3470459 -445.9438477 562.1087646</POSITION>
			<DIRECTION>-1.0000000 -0.0000001 0.0000000</DIRECTION>
		</DUMMY>
		<DUMMY name="Spawn_Team2_113">
			<POSITION>2020.6831055 661.2400513 562.1087646</POSITION>
			<DIRECTION>-1.0000000 -0.0000001 0.0000000</DIRECTION>
		</DUMMY>
		<DUMMY name="Spawn_Team2_114">
			<POSITION>1850.3470459 661.2400513 562.1087646</POSITION>
			<DIRECTION>-1.0000000 -0.0000001 0.0000000</DIRECTION>
		</DUMMY>
		<DUMMY name="Spawn_Team2_115">
			<POSITION>2020.6831055 -616.2797852 562.1087646</POSITION>
			<DIRECTION>-1.0000000 -0.0000001 0.0000000</DIRECTION>
		</DUMMY>
		<DUMMY name="Spawn_Team2_116">
			<POSITION>1850.3470459 -616.2797852 562.1087646</POSITION>
			<DIRECTION>-1.0000000 -0.0000001 0.0000000</DIRECTION>
		</DUMMY>
		<DUMMY name="Spawn_Team2_117">
			<POSITION>2020.6831055 831.5760498 562.1087646</POSITION>
			<DIRECTION>-1.0000000 -0.0000001 0.0000000</DIRECTION>
		</DUMMY>
		<DUMMY name="Spawn_Team2_118">
			<POSITION>1850.3470459 831.5760498 562.1087646</POSITION>
			<DIRECTION>-1.0000000 -0.0000001 0.0000000</DIRECTION>
		</DUMMY>
		<DUMMY name="Spawn_Team2_119">
			<POSITION>2020.6831055 -786.6157227 562.1087646</POSITION>
			<DIRECTION>-1.0000000 -0.0000001 0.0000000</DIRECTION>
		</DUMMY>
		<DUMMY name="Spawn_Team2_120">
			<POSITION>1850.3470459 -786.6157227 562.1087646</POSITION>
			<DIRECTION>-1.0000000 -0.0000001 0.0000000</DIRECTION>
		</DUMMY>
		<DUMMY name="Spawn_Team2_121">
			<POSITION>1850.3470459 -956.9519043 562.1087646</POSITION>
			<DIRECTION>-1.0000000 -0.0000001 0.0000000</DIRECTION>
		</DUMMY>
		<DUMMY name="Spawn_Team2_122">
			<POSITION>2020.6831055 -956.9519043 562.1087646</POSITION>
			<DIRECTION>-1.0000000 -0.0000001 0.0000000</DIRECTION>
		</DUMMY>
		<DUMMY name="Spawn_Team2_123">
			<POSITION>1850.3470459 1001.9119873 562.1087646</POSITION>
			<DIRECTION>-1.0000000 -0.0000001 0.0000000</DIRECTION>
		</DUMMY>
		<DUMMY name="Spawn_Team2_124">
			<POSITION>2020.6831055 1001.9119873 562.1087646</POSITION>
			<DIRECTION>-1.0000000 -0.0000001 0.0000000</DIRECTION>
		</DUMMY>
		<DUMMY name="Spawn_Team2_125">
			<POSITION>1850.3470459 1172.2480469 562.1087646</POSITION>
			<DIRECTION>-1.0000000 -0.0000001 0.0000000</DIRECTION>
		</DUMMY>
		<DUMMY name="Spawn_Team2_126">
			<POSITION>1850.3470459 1342.5839844 562.1087646</POSITION>
			<DIRECTION>-1.0000000 -0.0000001 0.0000000</DIRECTION>
		</DUMMY>
		<DUMMY name="Spawn_Team2_127">
			<POSITION>2020.6831055 1342.5839844 562.1087646</POSITION>
			<DIRECTION>-1.0000000 -0.0000001 0.0000000</DIRECTION>
		</DUMMY>
		<DUMMY name="Spawn_Team2_128">
			<POSITION>2020.6831055 1172.2480469 562.1087646</POSITION>
			<DIRECTION>-1.0000000 -0.0000001 0.0000000</DIRECTION>
		</DUMMY>
		<DUMMY name="Spawn_Team2_129">
			<POSITION>1850.3470459 -1127.2878418 562.1087646</POSITION>
			<DIRECTION>-1.0000000 -0.0000001 0.0000000</DIRECTION>
		</DUMMY>
		<DUMMY name="Spawn_Team2_130">
			<POSITION>1850.3470459 -1297.6237793 562.1087646</POSITION>
			<DIRECTION>-1.0000000 -0.0000001 0.0000000</DIRECTION>
		</DUMMY>
		<DUMMY name="Spawn_Team2_131">
			<POSITION>2020.6831055 -1297.6237793 562.1087646</POSITION>
			<DIRECTION>-1.0000000 -0.0000001 0.0000000</DIRECTION>
		</DUMMY>
		<DUMMY name="Spawn_Team2_132">
			<POSITION>2020.6831055 -1127.2878418 562.1087646</POSITION>
			<DIRECTION>-1.0000000 -0.0000001 0.0000000</DIRECTION>
		</DUMMY>
		<DUMMY name="obj_window_01">
			<POSITION>1.8749999 0.0000000 0.0000000</POSITION>
			<DIRECTION>-1.#QNAN00 4.3363314 0.0000000</DIRECTION>
		</DUMMY>
		<DUMMY name="obj_sea_01">
			<POSITION>1.8749999 0.0000000 0.0000000</POSITION>
			<DIRECTION>-1.#QNAN00 4.3363314 0.0000000</DIRECTION>
		</DUMMY>
		<DUMMY name="obj_shrub_01">
			<POSITION>1.8749999 0.0000000 0.0000000</POSITION>
			<DIRECTION>-1.#QNAN00 4.3363314 0.0000000</DIRECTION>
		</DUMMY>
		<DUMMY name="obj_rusty_01">
			<POSITION>-1.8749999 0.0000000 0.0000000</POSITION>
			<DIRECTION>1.#QNAN00 -4.2831016 0.0000000</DIRECTION>
		</DUMMY>
		<DUMMY name="obj_glow_01">
			<POSITION>1.8749999 0.0000000 0.0000000</POSITION>
			<DIRECTION>-1.#QNAN00 4.3363314 0.0000000</DIRECTION>
		</DUMMY>
		<DUMMY name="obj_sky">
			<POSITION>1.8749999 0.0000000 0.0000000</POSITION>
			<DIRECTION>-1.#QNAN00 4.3363314 0.0000000</DIRECTION>
		</DUMMY>
	</DUMMYLIST>
	<OCCLUSIONLIST>
	</OCCLUSIONLIST>
	<AMBIENTSOUNDLIST>
	</AMBIENTSOUNDLIST>
</XML>
