<?xml version="1.0"?>
<XML>
	<MATERIALLIST>
		<MATERIAL name="gzd_map_town_build20_mt_con">
			<DIFFUSE>0.5882353 0.5882353 0.5882353</DIFFUSE>
			<AMBIENT>0.5882353 0.5882353 0.5882353</AMBIENT>
			<SPECULAR>0.9000000 0.9000000 0.9000000</SPECULAR>
			<DIFFUSEMAP>gzd_map_town_build20.bmp</DIFFUSEMAP>
		</MATERIAL>
		<MATERIAL name="gzd_map_town_roof17_mt_wod">
			<DIFFUSE>0.5882353 0.5882353 0.5882353</DIFFUSE>
			<AMBIENT>0.5882353 0.5882353 0.5882353</AMBIENT>
			<SPECULAR>0.9000000 0.9000000 0.9000000</SPECULAR>
			<DIFFUSEMAP>gzd_map_town_roof17.bmp</DIFFUSEMAP>
		</MATERIAL>
		<MATERIAL name="gzd_map_town_build16_mt_con">
			<DIFFUSE>0.5882353 0.5882353 0.5882353</DIFFUSE>
			<AMBIENT>0.5882353 0.5882353 0.5882353</AMBIENT>
			<SPECULAR>0.9000000 0.9000000 0.9000000</SPECULAR>
			<DIFFUSEMAP>gzd_map_town_build16.bmp</DIFFUSEMAP>
		</MATERIAL>
		<MATERIAL name="gzd_map_town_watch03_mt_con">
			<DIFFUSE>0.5882353 0.5882353 0.5882353</DIFFUSE>
			<AMBIENT>0.5882353 0.5882353 0.5882353</AMBIENT>
			<SPECULAR>0.9000000 0.9000000 0.9000000</SPECULAR>
			<DIFFUSEMAP>gzd_map_town_watch03.bmp</DIFFUSEMAP>
		</MATERIAL>
		<MATERIAL name="gzd_map_town_watch01_mt_con">
			<DIFFUSE>0.5882353 0.5882353 0.5882353</DIFFUSE>
			<AMBIENT>0.5882353 0.5882353 0.5882353</AMBIENT>
			<SPECULAR>0.9000000 0.9000000 0.9000000</SPECULAR>
			<DIFFUSEMAP>gzd_map_town_watch01.bmp</DIFFUSEMAP>
		</MATERIAL>
		<MATERIAL name="gzd_map_town_floor04_mt_con">
			<DIFFUSE>0.5882353 0.5882353 0.5882353</DIFFUSE>
			<AMBIENT>0.5882353 0.5882353 0.5882353</AMBIENT>
			<SPECULAR>0.9000000 0.9000000 0.9000000</SPECULAR>
			<DIFFUSEMAP>gzd_map_town_floor04.bmp</DIFFUSEMAP>
		</MATERIAL>
		<MATERIAL name="gzd_map_town_build30_mt_con">
			<DIFFUSE>0.5882353 0.5882353 0.5882353</DIFFUSE>
			<AMBIENT>0.5882353 0.5882353 0.5882353</AMBIENT>
			<SPECULAR>0.9000000 0.9000000 0.9000000</SPECULAR>
			<DIFFUSEMAP>gzd_map_town_build30.bmp</DIFFUSEMAP>
		</MATERIAL>
		<MATERIAL name="gzd_map_town_roof19_mt_wod">
			<DIFFUSE>0.5882353 0.5882353 0.5882353</DIFFUSE>
			<AMBIENT>0.5882353 0.5882353 0.5882353</AMBIENT>
			<SPECULAR>0.9000000 0.9000000 0.9000000</SPECULAR>
			<DIFFUSEMAP>gzd_map_town_roof19.bmp</DIFFUSEMAP>
		</MATERIAL>
		<MATERIAL name="gzd_map_town_chimney03_mt_con">
			<DIFFUSE>0.5882353 0.5882353 0.5882353</DIFFUSE>
			<AMBIENT>0.5882353 0.5882353 0.5882353</AMBIENT>
			<SPECULAR>0.9000000 0.9000000 0.9000000</SPECULAR>
			<DIFFUSEMAP>gzd_map_town_chimney03.bmp</DIFFUSEMAP>
		</MATERIAL>
		<MATERIAL name="gzd_map_town_build13_mt_con">
			<DIFFUSE>0.5882353 0.5882353 0.5882353</DIFFUSE>
			<AMBIENT>0.5882353 0.5882353 0.5882353</AMBIENT>
			<SPECULAR>0.9000000 0.9000000 0.9000000</SPECULAR>
			<DIFFUSEMAP>gzd_map_town_build13.bmp</DIFFUSEMAP>
		</MATERIAL>
		<MATERIAL name="gzd_map_town_build18_1_mt_con">
			<DIFFUSE>0.5882353 0.5882353 0.5882353</DIFFUSE>
			<AMBIENT>0.5882353 0.5882353 0.5882353</AMBIENT>
			<SPECULAR>0.9000000 0.9000000 0.9000000</SPECULAR>
			<DIFFUSEMAP>gzd_map_town_build18_1.bmp</DIFFUSEMAP>
		</MATERIAL>
		<MATERIAL name="gzd_map_town_floor01_mt_con">
			<DIFFUSE>0.5882353 0.5882353 0.5882353</DIFFUSE>
			<AMBIENT>0.5882353 0.5882353 0.5882353</AMBIENT>
			<SPECULAR>0.9000000 0.9000000 0.9000000</SPECULAR>
			<DIFFUSEMAP>gzd_map_town_floor01.bmp</DIFFUSEMAP>
		</MATERIAL>
		<MATERIAL name="gzd_map_town_deco_con01_mt_con">
			<DIFFUSE>0.5882353 0.5882353 0.5882353</DIFFUSE>
			<AMBIENT>0.5882353 0.5882353 0.5882353</AMBIENT>
			<SPECULAR>0.9000000 0.9000000 0.9000000</SPECULAR>
			<DIFFUSEMAP>gzd_map_town_deco_con01.bmp</DIFFUSEMAP>
		</MATERIAL>
		<MATERIAL name="gzd_map_town_floor13_1_mt_con">
			<DIFFUSE>0.5882353 0.5882353 0.5882353</DIFFUSE>
			<AMBIENT>0.5882353 0.5882353 0.5882353</AMBIENT>
			<SPECULAR>0.9000000 0.9000000 0.9000000</SPECULAR>
			<DIFFUSEMAP>gzd_map_town_floor13_1.bmp</DIFFUSEMAP>
		</MATERIAL>
		<MATERIAL name="gzd_map_town_floor11_mt_con">
			<DIFFUSE>0.5882353 0.5882353 0.5882353</DIFFUSE>
			<AMBIENT>0.5882353 0.5882353 0.5882353</AMBIENT>
			<SPECULAR>0.9000000 0.9000000 0.9000000</SPECULAR>
			<DIFFUSEMAP>gzd_map_town_floor11.bmp</DIFFUSEMAP>
		</MATERIAL>
		<MATERIAL name="gzd_map_BA_sky_daylight01">
			<DIFFUSE>0.5882353 0.5882353 0.5882353</DIFFUSE>
			<AMBIENT>0.5882353 0.5882353 0.5882353</AMBIENT>
			<SPECULAR>0.9000000 0.9000000 0.9000000</SPECULAR>
			<DIFFUSEMAP>../Battle Arena/sky_daylight.bmp</DIFFUSEMAP>
		</MATERIAL>
		<MATERIAL name="gzd_map_BA_sky_cloud">
			<DIFFUSE>0.5882353 0.5882353 0.5882353</DIFFUSE>
			<AMBIENT>0.5882353 0.5882353 0.5882353</AMBIENT>
			<SPECULAR>0.9000000 0.9000000 0.9000000</SPECULAR>
			<DIFFUSEMAP>../Battle Arena/sky_daylight_cloud.tga</DIFFUSEMAP>
			<USEOPACITY/>
		</MATERIAL>
		<MATERIAL name="gzd_map_town_roof18_mt_wod">
			<DIFFUSE>0.5882353 0.5882353 0.5882353</DIFFUSE>
			<AMBIENT>0.5882353 0.5882353 0.5882353</AMBIENT>
			<SPECULAR>0.9000000 0.9000000 0.9000000</SPECULAR>
			<DIFFUSEMAP>gzd_map_town_roof18.bmp</DIFFUSEMAP>
		</MATERIAL>
		<MATERIAL name="gzd_map_town_chimney01_mt_con">
			<DIFFUSE>0.5882353 0.5882353 0.5882353</DIFFUSE>
			<AMBIENT>0.5882353 0.5882353 0.5882353</AMBIENT>
			<SPECULAR>0.9000000 0.9000000 0.9000000</SPECULAR>
			<DIFFUSEMAP>gzd_map_town_chimney01.bmp</DIFFUSEMAP>
		</MATERIAL>
		<MATERIAL name="gzd_map_town_build19_mt_con">
			<DIFFUSE>0.5882353 0.5882353 0.5882353</DIFFUSE>
			<AMBIENT>0.5882353 0.5882353 0.5882353</AMBIENT>
			<SPECULAR>0.9000000 0.9000000 0.9000000</SPECULAR>
			<DIFFUSEMAP>gzd_map_town_build19.bmp</DIFFUSEMAP>
		</MATERIAL>
		<MATERIAL name="gzd_map_town_car_b02_1_mt_met">
			<DIFFUSE>0.5882353 0.5882353 0.5882353</DIFFUSE>
			<AMBIENT>0.5882353 0.5882353 0.5882353</AMBIENT>
			<SPECULAR>0.9000000 0.9000000 0.9000000</SPECULAR>
			<DIFFUSEMAP>gzd_map_town_car_b02_1.bmp</DIFFUSEMAP>
		</MATERIAL>
		<MATERIAL name="gzd_map_town_car_b02_1_mt_clo">
			<DIFFUSE>0.5882353 0.5882353 0.5882353</DIFFUSE>
			<AMBIENT>0.5882353 0.5882353 0.5882353</AMBIENT>
			<SPECULAR>0.9000000 0.9000000 0.9000000</SPECULAR>
			<DIFFUSEMAP>gzd_map_town_car_b02_1.bmp</DIFFUSEMAP>
		</MATERIAL>
		<MATERIAL name="gzd_map_town_car_b02_1_mt_gls">
			<DIFFUSE>0.5882353 0.5882353 0.5882353</DIFFUSE>
			<AMBIENT>0.5882353 0.5882353 0.5882353</AMBIENT>
			<SPECULAR>0.9000000 0.9000000 0.9000000</SPECULAR>
			<DIFFUSEMAP>gzd_map_town_car_b02_1.bmp</DIFFUSEMAP>
		</MATERIAL>
		<MATERIAL name="gzd_map_town_car_truck_mt_met">
			<DIFFUSE>0.5882353 0.5882353 0.5882353</DIFFUSE>
			<AMBIENT>0.5882353 0.5882353 0.5882353</AMBIENT>
			<SPECULAR>0.9000000 0.9000000 0.9000000</SPECULAR>
			<DIFFUSEMAP>gzd_map_town_car_truck.bmp</DIFFUSEMAP>
		</MATERIAL>
		<MATERIAL name="gzd_map_town_car_truck_mt_clo">
			<DIFFUSE>0.5882353 0.5882353 0.5882353</DIFFUSE>
			<AMBIENT>0.5882353 0.5882353 0.5882353</AMBIENT>
			<SPECULAR>0.9000000 0.9000000 0.9000000</SPECULAR>
			<DIFFUSEMAP>gzd_map_town_car_truck.bmp</DIFFUSEMAP>
		</MATERIAL>
		<MATERIAL name="gzd_map_town_car_truck_mt_gls">
			<DIFFUSE>0.5882353 0.5882353 0.5882353</DIFFUSE>
			<AMBIENT>0.5882353 0.5882353 0.5882353</AMBIENT>
			<SPECULAR>0.9000000 0.9000000 0.9000000</SPECULAR>
			<DIFFUSEMAP>gzd_map_town_car_truck.bmp</DIFFUSEMAP>
		</MATERIAL>
		<MATERIAL name="gzd_map_town_car_b02_mt_met">
			<DIFFUSE>0.5882353 0.5882353 0.5882353</DIFFUSE>
			<AMBIENT>0.5882353 0.5882353 0.5882353</AMBIENT>
			<SPECULAR>0.9000000 0.9000000 0.9000000</SPECULAR>
			<DIFFUSEMAP>gzd_map_town_car_b02.bmp</DIFFUSEMAP>
		</MATERIAL>
		<MATERIAL name="gzd_map_town_car_b02_mt_gls">
			<DIFFUSE>0.5882353 0.5882353 0.5882353</DIFFUSE>
			<AMBIENT>0.5882353 0.5882353 0.5882353</AMBIENT>
			<SPECULAR>0.9000000 0.9000000 0.9000000</SPECULAR>
			<DIFFUSEMAP>gzd_map_town_car_b02.bmp</DIFFUSEMAP>
		</MATERIAL>
		<MATERIAL name="gzd_map_town_car_b02_mt_clo">
			<DIFFUSE>0.5882353 0.5882353 0.5882353</DIFFUSE>
			<AMBIENT>0.5882353 0.5882353 0.5882353</AMBIENT>
			<SPECULAR>0.9000000 0.9000000 0.9000000</SPECULAR>
			<DIFFUSEMAP>gzd_map_town_car_b02.bmp</DIFFUSEMAP>
		</MATERIAL>
		<MATERIAL name="gzd_map_town_build18_mt_con">
			<DIFFUSE>0.5882353 0.5882353 0.5882353</DIFFUSE>
			<AMBIENT>0.5882353 0.5882353 0.5882353</AMBIENT>
			<SPECULAR>0.9000000 0.9000000 0.9000000</SPECULAR>
			<DIFFUSEMAP>gzd_map_town_build18.bmp</DIFFUSEMAP>
		</MATERIAL>
		<MATERIAL name="gzd_map_town_roof11_mt_wod">
			<DIFFUSE>0.5882353 0.5882353 0.5882353</DIFFUSE>
			<AMBIENT>0.5882353 0.5882353 0.5882353</AMBIENT>
			<SPECULAR>0.9000000 0.9000000 0.9000000</SPECULAR>
			<DIFFUSEMAP>gzd_map_town_roof11.bmp</DIFFUSEMAP>
		</MATERIAL>
		<MATERIAL name="gzd_map_town_car_b02_2s_mt_clo">
			<DIFFUSE>0.5882353 0.5882353 0.5882353</DIFFUSE>
			<AMBIENT>0.5882353 0.5882353 0.5882353</AMBIENT>
			<SPECULAR>0.9000000 0.9000000 0.9000000</SPECULAR>
			<DIFFUSEMAP>gzd_map_town_car_b02.bmp</DIFFUSEMAP>
			<TWOSIDED/>
		</MATERIAL>
		<MATERIAL name="gzd_map_BA_wod_floor01_mt_wod">
			<DIFFUSE>0.5880000 0.5880000 0.5880000</DIFFUSE>
			<AMBIENT>0.5880000 0.5880000 0.5880000</AMBIENT>
			<SPECULAR>0.9000000 0.9000000 0.9000000</SPECULAR>
			<DIFFUSEMAP>../Battle Arena/gzd_map_BA_wod_floor01.bmp</DIFFUSEMAP>
		</MATERIAL>
		<MATERIAL name="gzd_map_town_car_b02_1_mt_wod">
			<DIFFUSE>0.5880000 0.5880000 0.5880000</DIFFUSE>
			<AMBIENT>0.5880000 0.5880000 0.5880000</AMBIENT>
			<SPECULAR>0.9000000 0.9000000 0.9000000</SPECULAR>
			<DIFFUSEMAP>gzd_map_town_car_b02_1.bmp</DIFFUSEMAP>
		</MATERIAL>
		<MATERIAL name="gzd_map_Mansion_drum04_mt_wod">
			<DIFFUSE>0.5880000 0.5880000 0.5880000</DIFFUSE>
			<AMBIENT>0.5880000 0.5880000 0.5880000</AMBIENT>
			<SPECULAR>0.9000000 0.9000000 0.9000000</SPECULAR>
			<DIFFUSEMAP>../Mansion/gzd_map_Mansion_drum04.bmp</DIFFUSEMAP>
		</MATERIAL>
		<MATERIAL name="gzd_map_Mansion_drum03_mt_wod">
			<DIFFUSE>0.5880000 0.5880000 0.5880000</DIFFUSE>
			<AMBIENT>0.5880000 0.5880000 0.5880000</AMBIENT>
			<SPECULAR>0.9000000 0.9000000 0.9000000</SPECULAR>
			<DIFFUSEMAP>../Mansion/gzd_map_Mansion_drum03.bmp</DIFFUSEMAP>
		</MATERIAL>
		<MATERIAL name="gzd_map_Sta_box001_1_mt_wod">
			<DIFFUSE>0.5880000 0.5880000 0.5880000</DIFFUSE>
			<AMBIENT>0.5880000 0.5880000 0.5880000</AMBIENT>
			<SPECULAR>0.9000000 0.9000000 0.9000000</SPECULAR>
			<DIFFUSEMAP>../Station/gzd_map_Sta_box001_1.bmp</DIFFUSEMAP>
		</MATERIAL>
		<MATERIAL name="gzd_map_Sta_box001_mt_wod">
			<DIFFUSE>0.5880000 0.5880000 0.5880000</DIFFUSE>
			<AMBIENT>0.5880000 0.5880000 0.5880000</AMBIENT>
			<SPECULAR>0.9000000 0.9000000 0.9000000</SPECULAR>
			<DIFFUSEMAP>../Station/gzd_map_Sta_box001.bmp</DIFFUSEMAP>
		</MATERIAL>
		<MATERIAL name="gzd_map_town_roof20_mt_wod">
			<DIFFUSE>0.5882353 0.5882353 0.5882353</DIFFUSE>
			<AMBIENT>0.5882353 0.5882353 0.5882353</AMBIENT>
			<SPECULAR>0.9000000 0.9000000 0.9000000</SPECULAR>
			<DIFFUSEMAP>gzd_map_town_roof20.bmp</DIFFUSEMAP>
		</MATERIAL>
		<MATERIAL name="gzd_map_town_roof20_mt_con">
			<DIFFUSE>0.5882353 0.5882353 0.5882353</DIFFUSE>
			<AMBIENT>0.5882353 0.5882353 0.5882353</AMBIENT>
			<SPECULAR>0.9000000 0.9000000 0.9000000</SPECULAR>
			<DIFFUSEMAP>gzd_map_town_roof20.bmp</DIFFUSEMAP>
		</MATERIAL>
		<MATERIAL name="gzd_map_Prison_box01_mt_met">
			<DIFFUSE>0.5880000 0.5880000 0.5880000</DIFFUSE>
			<AMBIENT>0.5880000 0.5880000 0.5880000</AMBIENT>
			<SPECULAR>0.9000000 0.9000000 0.9000000</SPECULAR>
			<DIFFUSEMAP>../Prison/gzd_map_Prison_box01.bmp</DIFFUSEMAP>
		</MATERIAL>
		<MATERIAL name="gzd_map_town_wall14_mt_con">
			<DIFFUSE>0.5882353 0.5882353 0.5882353</DIFFUSE>
			<AMBIENT>0.5882353 0.5882353 0.5882353</AMBIENT>
			<SPECULAR>0.9000000 0.9000000 0.9000000</SPECULAR>
			<DIFFUSEMAP>gzd_map_town_wall14.bmp</DIFFUSEMAP>
		</MATERIAL>
		<MATERIAL name="gzd_map_town_build23_mt_con">
			<DIFFUSE>0.5882353 0.5882353 0.5882353</DIFFUSE>
			<AMBIENT>0.5882353 0.5882353 0.5882353</AMBIENT>
			<SPECULAR>0.9000000 0.9000000 0.9000000</SPECULAR>
			<DIFFUSEMAP>gzd_map_town_build23.bmp</DIFFUSEMAP>
		</MATERIAL>
		<MATERIAL name="gzd_map_town_build24_mt_con">
			<DIFFUSE>0.5882353 0.5882353 0.5882353</DIFFUSE>
			<AMBIENT>0.5882353 0.5882353 0.5882353</AMBIENT>
			<SPECULAR>0.9000000 0.9000000 0.9000000</SPECULAR>
			<DIFFUSEMAP>gzd_map_town_build24.bmp</DIFFUSEMAP>
		</MATERIAL>
		<MATERIAL name="gzd_map_town_tele_pole01_2s_mt_fsh">
			<DIFFUSE>0.5882353 0.5882353 0.5882353</DIFFUSE>
			<AMBIENT>0.5882353 0.5882353 0.5882353</AMBIENT>
			<SPECULAR>0.9000000 0.9000000 0.9000000</SPECULAR>
			<DIFFUSEMAP>gzd_map_town_tele_pole01.tga</DIFFUSEMAP>
			<TWOSIDED/>
			<USEOPACITY/>
		</MATERIAL>
		<MATERIAL name="gzd_map_town_wall15_mt_con">
			<DIFFUSE>0.5882353 0.5882353 0.5882353</DIFFUSE>
			<AMBIENT>0.5882353 0.5882353 0.5882353</AMBIENT>
			<SPECULAR>0.9000000 0.9000000 0.9000000</SPECULAR>
			<DIFFUSEMAP>gzd_map_town_wall15.bmp</DIFFUSEMAP>
		</MATERIAL>
		<MATERIAL name="gzd_map_town_build27_mt_con">
			<DIFFUSE>0.5882353 0.5882353 0.5882353</DIFFUSE>
			<AMBIENT>0.5882353 0.5882353 0.5882353</AMBIENT>
			<SPECULAR>0.9000000 0.9000000 0.9000000</SPECULAR>
			<DIFFUSEMAP>gzd_map_town_build27.bmp</DIFFUSEMAP>
		</MATERIAL>
		<MATERIAL name="gzd_map_town_build28_mt_con">
			<DIFFUSE>0.5882353 0.5882353 0.5882353</DIFFUSE>
			<AMBIENT>0.5882353 0.5882353 0.5882353</AMBIENT>
			<SPECULAR>0.9000000 0.9000000 0.9000000</SPECULAR>
			<DIFFUSEMAP>gzd_map_town_build28.bmp</DIFFUSEMAP>
		</MATERIAL>
		<MATERIAL name="gzd_map_town_chimney02_mt_con">
			<DIFFUSE>0.5882353 0.5882353 0.5882353</DIFFUSE>
			<AMBIENT>0.5882353 0.5882353 0.5882353</AMBIENT>
			<SPECULAR>0.9000000 0.9000000 0.9000000</SPECULAR>
			<DIFFUSEMAP>gzd_map_town_chimney02.bmp</DIFFUSEMAP>
		</MATERIAL>
		<MATERIAL name="gzd_map_town_build16_mt_wod">
			<DIFFUSE>0.5882353 0.5882353 0.5882353</DIFFUSE>
			<AMBIENT>0.5882353 0.5882353 0.5882353</AMBIENT>
			<SPECULAR>0.9000000 0.9000000 0.9000000</SPECULAR>
			<DIFFUSEMAP>gzd_map_town_build16.bmp</DIFFUSEMAP>
		</MATERIAL>
		<MATERIAL name="gzd_map_town_mask01_2s_mt_clo">
			<DIFFUSE>0.5882353 0.5882353 0.5882353</DIFFUSE>
			<AMBIENT>0.5882353 0.5882353 0.5882353</AMBIENT>
			<SPECULAR>0.9000000 0.9000000 0.9000000</SPECULAR>
			<DIFFUSEMAP>gzd_map_town_mask01.tga</DIFFUSEMAP>
			<TWOSIDED/>
			<USEOPACITY/>
		</MATERIAL>
		<MATERIAL name="hide">
			<DIFFUSE>0.1176471 0.1176471 0.8627452</DIFFUSE>
			<AMBIENT>0.1176471 0.1176471 0.8627452</AMBIENT>
			<SPECULAR>0.9000000 0.9000000 0.9000000</SPECULAR>
			<DIFFUSEMAP></DIFFUSEMAP>
		</MATERIAL>
	</MATERIALLIST>
	<LIGHTLIST>
		<LIGHT name="Omni_main 01">
			<POSITION>10000.0000000 10000.0000000 10000.0000000</POSITION>
			<COLOR>1.0000000 1.0000000 1.0000000</COLOR>
			<INTENSITY>0.2000000</INTENSITY>
			<ATTENUATIONSTART>30000.0000000</ATTENUATIONSTART>
			<ATTENUATIONEND>30000.0000000</ATTENUATIONEND>
		</LIGHT>
		<LIGHT name="Omni_main 02">
			<POSITION>-10000.0000000 10000.0000000 10000.0000000</POSITION>
			<COLOR>1.0000000 1.0000000 1.0000000</COLOR>
			<INTENSITY>0.2000000</INTENSITY>
			<ATTENUATIONSTART>30000.0000000</ATTENUATIONSTART>
			<ATTENUATIONEND>30000.0000000</ATTENUATIONEND>
		</LIGHT>
		<LIGHT name="Omni_main 03">
			<POSITION>-10000.0000000 -10000.0000000 10000.0000000</POSITION>
			<COLOR>1.0000000 1.0000000 1.0000000</COLOR>
			<INTENSITY>0.2000000</INTENSITY>
			<ATTENUATIONSTART>30000.0000000</ATTENUATIONSTART>
			<ATTENUATIONEND>30000.0000000</ATTENUATIONEND>
		</LIGHT>
		<LIGHT name="Omni_main 04">
			<POSITION>10000.0000000 -10000.0000000 10000.0000000</POSITION>
			<COLOR>1.0000000 1.0000000 1.0000000</COLOR>
			<INTENSITY>0.2000000</INTENSITY>
			<ATTENUATIONSTART>30000.0000000</ATTENUATIONSTART>
			<ATTENUATIONEND>30000.0000000</ATTENUATIONEND>
		</LIGHT>
		<LIGHT name="Omni_main 05">
			<POSITION>-10000.0000000 10000.0000000 -10000.0000000</POSITION>
			<COLOR>1.0000000 1.0000000 1.0000000</COLOR>
			<INTENSITY>0.2000000</INTENSITY>
			<ATTENUATIONSTART>30000.0000000</ATTENUATIONSTART>
			<ATTENUATIONEND>30000.0000000</ATTENUATIONEND>
		</LIGHT>
		<LIGHT name="Omni_main 06">
			<POSITION>-10000.0000000 -10000.0000000 -10000.0000000</POSITION>
			<COLOR>1.0000000 1.0000000 1.0000000</COLOR>
			<INTENSITY>0.2000000</INTENSITY>
			<ATTENUATIONSTART>30000.0000000</ATTENUATIONSTART>
			<ATTENUATIONEND>30000.0000000</ATTENUATIONEND>
		</LIGHT>
		<LIGHT name="Omni_main 07">
			<POSITION>10000.0000000 -10000.0000000 -10000.0000000</POSITION>
			<COLOR>1.0000000 1.0000000 1.0000000</COLOR>
			<INTENSITY>0.2000000</INTENSITY>
			<ATTENUATIONSTART>30000.0000000</ATTENUATIONSTART>
			<ATTENUATIONEND>30000.0000000</ATTENUATIONEND>
		</LIGHT>
		<LIGHT name="Omni_main 08">
			<POSITION>10000.0000000 10000.0000000 -10000.0000000</POSITION>
			<COLOR>1.0000000 1.0000000 1.0000000</COLOR>
			<INTENSITY>0.2000000</INTENSITY>
			<ATTENUATIONSTART>30000.0000000</ATTENUATIONSTART>
			<ATTENUATIONEND>30000.0000000</ATTENUATIONEND>
		</LIGHT>

		<LIGHT name="obj_Omni01">
			<POSITION>-7188.0190430 6539.0439453 23331.0234375</POSITION>
			<COLOR>1.0000000 1.0000000 1.0000000</COLOR>
			<INTENSITY>2.0000000</INTENSITY>
			<ATTENUATIONSTART>50000.0000000</ATTENUATIONSTART>
			<ATTENUATIONEND>50000.0000000</ATTENUATIONEND>
			<CASTSHADOW/>
		</LIGHT>
	</LIGHTLIST>
	<OBJECTLIST>
		<OBJECT name="Town_obj_sky_daylight.elu">
		</OBJECT>
		<OBJECT name="Town_obj_flag_b 03.elu">
		</OBJECT>
		<OBJECT name="Town_obj_flag_b 02.elu">
		</OBJECT>
		<OBJECT name="Town_obj_flag_b 01.elu">
		</OBJECT>
		<OBJECT name="Town_obj_flag_a 04.elu">
		</OBJECT>
		<OBJECT name="Town_obj_flag_a 03.elu">
		</OBJECT>
		<OBJECT name="Town_obj_flag_a 02.elu">
		</OBJECT>
		<OBJECT name="Town_obj_flag_a 01.elu">
		</OBJECT>
	</OBJECTLIST>
	<DUMMYLIST>
		<DUMMY name="spawn_team1_101">
			<POSITION>4685.5498047 3177.7150879 -710.6282959</POSITION>
			<DIRECTION>0.0000001 -0.9999999 0.0000000</DIRECTION>
		</DUMMY>
		<DUMMY name="spawn_solo_101">
			<POSITION>1360.5447998 3030.8371582 0.0000000</POSITION>
			<DIRECTION>-0.9999999 0.0000000 0.0000000</DIRECTION>
		</DUMMY>
		<DUMMY name="spawn_team2_101">
			<POSITION>-3580.6191406 -4844.3549805 -710.6286621</POSITION>
			<DIRECTION>0.0000000 0.9999999 0.0000000</DIRECTION>
		</DUMMY>
		<DUMMY name="spawn_solo_102">
			<POSITION>3666.3066406 2769.1140137 -710.6282959</POSITION>
			<DIRECTION>-0.9999999 0.0000000 0.0000000</DIRECTION>
		</DUMMY>
		<DUMMY name="spawn_solo_103">
			<POSITION>4394.6494141 3672.9189453 -710.6282349</POSITION>
			<DIRECTION>0.0000001 -0.9999999 0.0000000</DIRECTION>
		</DUMMY>
		<DUMMY name="spawn_solo_104">
			<POSITION>1526.4431152 -5401.3100586 -710.6286621</POSITION>
			<DIRECTION>0.0000000 0.9999999 0.0000000</DIRECTION>
		</DUMMY>
		<DUMMY name="spawn_solo_105">
			<POSITION>2378.8552246 3087.3474121 -440.8575134</POSITION>
			<DIRECTION>0.0000001 -0.9999999 0.0000000</DIRECTION>
		</DUMMY>
		<DUMMY name="spawn_solo_106">
			<POSITION>-2871.2678223 572.8388062 0.0000000</POSITION>
			<DIRECTION>-0.0000001 -0.9999999 0.0000000</DIRECTION>
		</DUMMY>
		<DUMMY name="spawn_solo_107">
			<POSITION>-2154.7082520 -2625.1472168 -710.6286621</POSITION>
			<DIRECTION>0.9999999 0.0000000 0.0000000</DIRECTION>
		</DUMMY>
		<DUMMY name="spawn_solo_108">
			<POSITION>-1522.3044434 -203.9343872 -0.0000153</POSITION>
			<DIRECTION>0.0000000 0.9999999 0.0000000</DIRECTION>
		</DUMMY>
		<DUMMY name="spawn_solo_109">
			<POSITION>1119.5754395 -1735.9375000 -473.7171021</POSITION>
			<DIRECTION>0.0000000 0.9999999 0.0000000</DIRECTION>
		</DUMMY>
		<DUMMY name="spawn_solo_110">
			<POSITION>-3472.6892090 -1211.4348145 0.0000000</POSITION>
			<DIRECTION>0.0000000 0.9999999 0.0000000</DIRECTION>
		</DUMMY>
		<DUMMY name="spawn_solo_111">
			<POSITION>4651.0937500 -3717.4035645 -710.6286621</POSITION>
			<DIRECTION>-0.9999999 0.0000000 0.0000000</DIRECTION>
		</DUMMY>
		<DUMMY name="spawn_solo_112">
			<POSITION>-3486.0109863 -5355.8120117 -710.6286621</POSITION>
			<DIRECTION>0.0000000 0.9999999 0.0000000</DIRECTION>
		</DUMMY>
		<DUMMY name="spawn_solo_113">
			<POSITION>188.7129517 -5234.1088867 -575.0967407</POSITION>
			<DIRECTION>-0.9999999 0.0000000 0.0000000</DIRECTION>
		</DUMMY>
		<DUMMY name="spawn_solo_114">
			<POSITION>-988.1823120 -2864.4848633 -374.6056824</POSITION>
			<DIRECTION>0.0000001 -0.9999999 0.0000000</DIRECTION>
		</DUMMY>
		<DUMMY name="spawn_solo_115">
			<POSITION>136.6696930 304.8726501 0.0000000</POSITION>
			<DIRECTION>0.0000001 -0.9999999 0.0000000</DIRECTION>
		</DUMMY>
		<DUMMY name="spawn_solo_116">
			<POSITION>4457.6875000 1822.9501953 -710.6282959</POSITION>
			<DIRECTION>0.0000001 -0.9999999 0.0000000</DIRECTION>
		</DUMMY>
		<DUMMY name="spawn_solo_117">
			<POSITION>3706.5097656 298.8179626 16.1373558</POSITION>
			<DIRECTION>0.0000001 -0.9999999 0.0000000</DIRECTION>
		</DUMMY>
		<DUMMY name="spawn_solo_118">
			<POSITION>-364.0085144 -3378.7158203 -710.6286621</POSITION>
			<DIRECTION>-0.9999999 0.0000000 0.0000000</DIRECTION>
		</DUMMY>
		<DUMMY name="spawn_solo_119">
			<POSITION>3637.9387207 -5409.3110352 -710.6286621</POSITION>
			<DIRECTION>0.0000000 0.9999999 0.0000000</DIRECTION>
		</DUMMY>
		<DUMMY name="spawn_solo_120">
			<POSITION>-1007.7515869 -1206.5161133 0.0000000</POSITION>
			<DIRECTION>0.0000000 0.9999999 0.0000000</DIRECTION>
		</DUMMY>
		<DUMMY name="spawn_solo_121">
			<POSITION>2416.0107422 -1472.3149414 -473.7171021</POSITION>
			<DIRECTION>-0.9999999 0.0000000 0.0000000</DIRECTION>
		</DUMMY>
		<DUMMY name="spawn_solo_122">
			<POSITION>1311.1113281 -2248.2651367 -710.6286621</POSITION>
			<DIRECTION>-0.0000001 -0.9999999 0.0000000</DIRECTION>
		</DUMMY>
		<DUMMY name="spawn_solo_123">
			<POSITION>-1621.2598877 -5234.1088867 -575.0967407</POSITION>
			<DIRECTION>0.9999999 0.0000000 0.0000000</DIRECTION>
		</DUMMY>
		<DUMMY name="spawn_solo_124">
			<POSITION>-4517.0556641 -4556.0576172 -710.6286621</POSITION>
			<DIRECTION>0.0000000 0.9999999 0.0000000</DIRECTION>
		</DUMMY>
		<DUMMY name="spawn_solo_125">
			<POSITION>-3733.7641602 -2388.9855957 -6.0688801</POSITION>
			<DIRECTION>0.0000001 -0.9999999 0.0000000</DIRECTION>
		</DUMMY>
		<DUMMY name="spawn_solo_126">
			<POSITION>-2591.9489746 -3285.5729980 -710.6286621</POSITION>
			<DIRECTION>0.0000001 -0.9999999 0.0000000</DIRECTION>
		</DUMMY>
		<DUMMY name="spawn_solo_127">
			<POSITION>-376.3302307 -2479.2695313 -710.6286621</POSITION>
			<DIRECTION>-0.0000001 -0.9999999 0.0000000</DIRECTION>
		</DUMMY>
		<DUMMY name="spawn_solo_128">
			<POSITION>2618.2968750 -5423.3359375 -710.6286621</POSITION>
			<DIRECTION>0.0000000 0.9999999 0.0000000</DIRECTION>
		</DUMMY>
		<DUMMY name="spawn_solo_129">
			<POSITION>-42.5904999 2020.6135254 0.0000000</POSITION>
			<DIRECTION>0.0000000 0.9999999 0.0000000</DIRECTION>
		</DUMMY>
		<DUMMY name="spawn_solo_130">
			<POSITION>-338.5710144 1591.1463623 0.0000000</POSITION>
			<DIRECTION>-0.0000001 -0.9999999 0.0000000</DIRECTION>
		</DUMMY>
		<DUMMY name="spawn_solo_131">
			<POSITION>1770.5727539 -204.3539429 0.0000000</POSITION>
			<DIRECTION>0.0000000 0.9999999 0.0000000</DIRECTION>
		</DUMMY>
		<DUMMY name="spawn_solo_132">
			<POSITION>5399.8237305 -593.8894653 -710.6285400</POSITION>
			<DIRECTION>-0.9999999 0.0000000 0.0000000</DIRECTION>
		</DUMMY>
		<DUMMY name="spawn_team2_102">
			<POSITION>-3711.9233398 -4844.3549805 -710.6286621</POSITION>
			<DIRECTION>0.0000000 0.9999999 0.0000000</DIRECTION>
		</DUMMY>
		<DUMMY name="spawn_team1_102">
			<POSITION>4816.8535156 3177.7150879 -710.6282959</POSITION>
			<DIRECTION>0.0000001 -0.9999999 0.0000000</DIRECTION>
		</DUMMY>
		<DUMMY name="spawn_team2_103">
			<POSITION>-3843.2277832 -4844.3549805 -710.6286621</POSITION>
			<DIRECTION>0.0000000 0.9999999 0.0000000</DIRECTION>
		</DUMMY>
		<DUMMY name="spawn_team1_103">
			<POSITION>4948.1582031 3177.7150879 -710.6282959</POSITION>
			<DIRECTION>0.0000001 -0.9999999 0.0000000</DIRECTION>
		</DUMMY>
		<DUMMY name="spawn_team2_104">
			<POSITION>-3974.5322266 -4844.3549805 -710.6286621</POSITION>
			<DIRECTION>0.0000000 0.9999999 0.0000000</DIRECTION>
		</DUMMY>
		<DUMMY name="spawn_team1_104">
			<POSITION>5079.4628906 3177.7150879 -710.6282959</POSITION>
			<DIRECTION>0.0000001 -0.9999999 0.0000000</DIRECTION>
		</DUMMY>
		<DUMMY name="spawn_team2_105">
			<POSITION>-3575.0229492 -4992.3710938 -710.6286621</POSITION>
			<DIRECTION>0.0000000 0.9999999 0.0000000</DIRECTION>
		</DUMMY>
		<DUMMY name="spawn_team1_105">
			<POSITION>4680.7065430 3335.5600586 -710.6282959</POSITION>
			<DIRECTION>0.0000001 -0.9999999 0.0000000</DIRECTION>
		</DUMMY>
		<DUMMY name="spawn_team2_106">
			<POSITION>-3706.3276367 -4992.3710938 -710.6286621</POSITION>
			<DIRECTION>0.0000000 0.9999999 0.0000000</DIRECTION>
		</DUMMY>
		<DUMMY name="spawn_team1_106">
			<POSITION>4812.0107422 3335.5600586 -710.6282959</POSITION>
			<DIRECTION>0.0000001 -0.9999999 0.0000000</DIRECTION>
		</DUMMY>
		<DUMMY name="spawn_team2_107">
			<POSITION>-3837.6318359 -4992.3710938 -710.6286621</POSITION>
			<DIRECTION>0.0000000 0.9999999 0.0000000</DIRECTION>
		</DUMMY>
		<DUMMY name="spawn_team1_107">
			<POSITION>4943.3154297 3335.5600586 -710.6282959</POSITION>
			<DIRECTION>0.0000001 -0.9999999 0.0000000</DIRECTION>
		</DUMMY>
		<DUMMY name="spawn_team2_108">
			<POSITION>-3968.9360352 -4992.3710938 -710.6286621</POSITION>
			<DIRECTION>0.0000000 0.9999999 0.0000000</DIRECTION>
		</DUMMY>
		<DUMMY name="spawn_team1_108">
			<POSITION>5074.6196289 3335.5600586 -710.6282959</POSITION>
			<DIRECTION>0.0000001 -0.9999999 0.0000000</DIRECTION>
		</DUMMY>
		<DUMMY name="spawn_team2_109">
			<POSITION>-3580.4638672 -5140.0693359 -710.6286621</POSITION>
			<DIRECTION>0.0000000 0.9999999 0.0000000</DIRECTION>
		</DUMMY>
		<DUMMY name="spawn_team1_109">
			<POSITION>4686.0390625 3483.1250000 -710.6282959</POSITION>
			<DIRECTION>0.0000001 -0.9999999 0.0000000</DIRECTION>
		</DUMMY>
		<DUMMY name="spawn_team2_110">
			<POSITION>-3711.7680664 -5140.0693359 -710.6286621</POSITION>
			<DIRECTION>0.0000000 0.9999999 0.0000000</DIRECTION>
		</DUMMY>
		<DUMMY name="spawn_team1_110">
			<POSITION>4817.3437500 3483.1250000 -710.6282959</POSITION>
			<DIRECTION>0.0000001 -0.9999999 0.0000000</DIRECTION>
		</DUMMY>
		<DUMMY name="spawn_team2_111">
			<POSITION>-3843.0727539 -5140.0693359 -710.6286621</POSITION>
			<DIRECTION>0.0000000 0.9999999 0.0000000</DIRECTION>
		</DUMMY>
		<DUMMY name="spawn_team1_111">
			<POSITION>4948.6479492 3483.1250000 -710.6282959</POSITION>
			<DIRECTION>0.0000001 -0.9999999 0.0000000</DIRECTION>
		</DUMMY>
		<DUMMY name="spawn_team2_112">
			<POSITION>-3974.3769531 -5140.0693359 -710.6286621</POSITION>
			<DIRECTION>0.0000000 0.9999999 0.0000000</DIRECTION>
		</DUMMY>
		<DUMMY name="spawn_team1_112">
			<POSITION>5079.9521484 3483.1250000 -710.6282959</POSITION>
			<DIRECTION>0.0000001 -0.9999999 0.0000000</DIRECTION>
		</DUMMY>
		<DUMMY name="spawn_team2_113">
			<POSITION>-3586.3264160 -5298.0473633 -710.6286621</POSITION>
			<DIRECTION>0.0000000 0.9999999 0.0000000</DIRECTION>
		</DUMMY>
		<DUMMY name="spawn_team1_113">
			<POSITION>4690.9497070 3641.6281738 -710.6282959</POSITION>
			<DIRECTION>0.0000001 -0.9999999 0.0000000</DIRECTION>
		</DUMMY>
		<DUMMY name="spawn_team2_114">
			<POSITION>-3717.6306152 -5298.0473633 -710.6286621</POSITION>
			<DIRECTION>0.0000000 0.9999999 0.0000000</DIRECTION>
		</DUMMY>
		<DUMMY name="spawn_team1_114">
			<POSITION>4822.2539063 3641.6281738 -710.6282959</POSITION>
			<DIRECTION>0.0000001 -0.9999999 0.0000000</DIRECTION>
		</DUMMY>
		<DUMMY name="spawn_team2_115">
			<POSITION>-3848.9353027 -5298.0473633 -710.6286621</POSITION>
			<DIRECTION>0.0000000 0.9999999 0.0000000</DIRECTION>
		</DUMMY>
		<DUMMY name="spawn_team1_115">
			<POSITION>4953.5585938 3641.6281738 -710.6282959</POSITION>
			<DIRECTION>0.0000001 -0.9999999 0.0000000</DIRECTION>
		</DUMMY>
		<DUMMY name="spawn_team2_116">
			<POSITION>-3980.2395020 -5298.0473633 -710.6286621</POSITION>
			<DIRECTION>0.0000000 0.9999999 0.0000000</DIRECTION>
		</DUMMY>
		<DUMMY name="spawn_team1_116">
			<POSITION>5084.8627930 3641.6281738 -710.6282959</POSITION>
			<DIRECTION>0.0000001 -0.9999999 0.0000000</DIRECTION>
		</DUMMY>
		
		<DUMMY name="wait_pos_01">
			<POSITION>-3703.3627930 -53.4872360 176.3222656</POSITION>
			<DIRECTION>0.9864641 0.0000000 0.1639770</DIRECTION>
		</DUMMY>
		<DUMMY name="spawn_item_team_bullet02_02">
			<POSITION>-668.5640869 35.8902969 0.0000000</POSITION>
			<DIRECTION>0.0000000 0.9999999 0.0000000</DIRECTION>
		</DUMMY>
		<DUMMY name="spawn_item_team_bullet02_01">
			<POSITION>2135.9755859 -3046.4060059 -710.6286621</POSITION>
			<DIRECTION>0.0000000 0.9999999 0.0000000</DIRECTION>
		</DUMMY>
		<DUMMY name="spawn_item_solo_bullet02_01">
			<POSITION>-107.7636871 46.9901848 0.0000000</POSITION>
			<DIRECTION>0.0000000 0.9999999 0.0000000</DIRECTION>
		</DUMMY>
		<DUMMY name="spawn_item_solo_ap03_01">
			<POSITION>-3941.0378418 -1781.7968750 521.0701294</POSITION>
			<DIRECTION>0.0000000 0.9999999 0.0000000</DIRECTION>
		</DUMMY>
		<DUMMY name="spawn_item_solo_hp03_01">
			<POSITION>3217.4130859 2769.1140137 -710.6282959</POSITION>
			<DIRECTION>0.0000000 0.9999999 0.0000000</DIRECTION>
		</DUMMY>
		<DUMMY name="spawn_item_solo_hp02_01">
			<POSITION>-980.7435913 -2492.3833008 -374.6056824</POSITION>
			<DIRECTION>0.0000000 0.9999999 0.0000000</DIRECTION>
		</DUMMY>
		<DUMMY name="snd_amb_b1_engine 01">
			<POSITION>4704.0849609 1949.2652588 -579.6959229</POSITION>
			<DIRECTION>0.0000000 0.9999999 0.0000000</DIRECTION>
		</DUMMY>
		<DUMMY name="snd_amb_b1_engine 02">
			<POSITION>4069.5761719 -2008.5678711 -579.6960449</POSITION>
			<DIRECTION>0.0000000 0.9999999 0.0000000</DIRECTION>
		</DUMMY>
		<DUMMY name="snd_amb_b1_engine 03">
			<POSITION>-556.6546021 -4168.2363281 -579.6960449</POSITION>
			<DIRECTION>0.0000000 0.9999999 0.0000000</DIRECTION>
		</DUMMY>
		<DUMMY name="snd_amb_b1_engine 04">
			<POSITION>-4262.8510742 -4349.0346680 -579.6960449</POSITION>
			<DIRECTION>0.0000000 0.9999999 0.0000000</DIRECTION>
		</DUMMY>
		<DUMMY name="snd_amb_b1_flapping 01">
			<POSITION>1314.9786377 51.6905594 654.4641724</POSITION>
			<DIRECTION>0.0000000 0.9999999 0.0000000</DIRECTION>
		</DUMMY>
		<DUMMY name="snd_amb_b1_flapping 02">
			<POSITION>901.4229736 149.4190369 654.4641724</POSITION>
			<DIRECTION>0.0000000 0.9999999 0.0000000</DIRECTION>
		</DUMMY>
		<DUMMY name="snd_amb_b1_flapping 03">
			<POSITION>-513.9021606 21.9228668 533.0193481</POSITION>
			<DIRECTION>0.0000000 0.9999999 0.0000000</DIRECTION>
		</DUMMY>
		<DUMMY name="snd_amb_b1_flapping 04">
			<POSITION>-2454.3041992 -32.5912323 589.0236206</POSITION>
			<DIRECTION>0.0000000 0.9999999 0.0000000</DIRECTION>
		</DUMMY>
		<DUMMY name="obj_sky_daylight">
			<POSITION>55267160891140097000000000000000.0000000 0.0000000 0.0000000</POSITION>
			<DIRECTION>0.0000000 0.0000000 0.0000000</DIRECTION>
		</DUMMY>
		<DUMMY name="obj_flag_b 03">
			<POSITION>0.0000000 0.0000000 0.0000000</POSITION>
			<DIRECTION>0.0000000 0.0000000 0.0000000</DIRECTION>
		</DUMMY>
		<DUMMY name="obj_flag_b 02">
			<POSITION>0.0000000 0.0000000 0.0000000</POSITION>
			<DIRECTION>0.0000000 0.0000000 0.0000000</DIRECTION>
		</DUMMY>
		<DUMMY name="obj_flag_b 01">
			<POSITION>0.0000000 0.0000000 0.0000000</POSITION>
			<DIRECTION>0.0000000 0.0000000 0.0000000</DIRECTION>
		</DUMMY>
		<DUMMY name="obj_flag_a 04">
			<POSITION>0.0000000 0.0000000 0.0000000</POSITION>
			<DIRECTION>0.0000000 0.0000000 0.0000000</DIRECTION>
		</DUMMY>
		<DUMMY name="obj_flag_a 03">
			<POSITION>0.0000000 0.0000000 0.0000000</POSITION>
			<DIRECTION>0.0000000 0.0000000 0.0000000</DIRECTION>
		</DUMMY>
		<DUMMY name="obj_flag_a 02">
			<POSITION>0.0000000 0.0000000 0.0000000</POSITION>
			<DIRECTION>0.0000000 0.0000000 0.0000000</DIRECTION>
		</DUMMY>
		<DUMMY name="obj_flag_a 01">
			<POSITION>0.0000000 0.0000000 1.0000000</POSITION>
			<DIRECTION>0.0000000 0.0000000 0.0000000</DIRECTION>
		</DUMMY>
	</DUMMYLIST>
	<OCCLUSIONLIST>
		<OCCLUSION name="wall_partition_01">
			<POSITION>-3548.0788574 -1985.2897949 843.4890747</POSITION>
			<POSITION>-173.3295898 -1985.2897949 843.4890747</POSITION>
			<POSITION>-173.3295898 -1985.2896729 -2204.8806152</POSITION>
			<POSITION>-3548.0788574 -1985.2896729 -2204.8806152</POSITION>
		</OCCLUSION>
		<OCCLUSION name="wall_partition_02">
			<POSITION>3042.3281250 -2631.8925781 693.9146118</POSITION>
			<POSITION>3042.3278809 2545.2907715 693.9146118</POSITION>
			<POSITION>3042.3276367 2545.2907715 -2204.8806152</POSITION>
			<POSITION>3042.3278809 -2631.8925781 -2204.8806152</POSITION>
		</OCCLUSION>
		<OCCLUSION name="wall_partition_03">
			<POSITION>776.1799316 2054.6613770 746.7375488</POSITION>
			<POSITION>4249.6132813 2054.6613770 746.7375488</POSITION>
			<POSITION>4249.6132813 2054.6613770 -2204.8806152</POSITION>
			<POSITION>776.1799316 2054.6613770 -2204.8806152</POSITION>
		</OCCLUSION>
		<OCCLUSION name="wall_partition_04">
			<POSITION>-872.5504150 -392.9011230 725.7895508</POSITION>
			<POSITION>1979.3415527 -392.9011230 725.7895508</POSITION>
			<POSITION>1979.3415527 -392.9010010 -2204.8806152</POSITION>
			<POSITION>-872.5504150 -392.9010010 -2204.8806152</POSITION>
		</OCCLUSION>
		<OCCLUSION name="wall_07">
			<POSITION>-3355.7460938 -392.9011230 830.0372314</POSITION>
			<POSITION>-1158.3686523 -392.9011230 830.0372314</POSITION>
			<POSITION>-1158.3686523 -392.9010010 -2204.8806152</POSITION>
			<POSITION>-3355.7460938 -392.9010010 -2204.8806152</POSITION>
		</OCCLUSION>
		<OCCLUSION name="wall_06">
			<POSITION>126.4001465 -1985.2897949 401.3624268</POSITION>
			<POSITION>3519.9101563 -1985.2897949 401.3624268</POSITION>
			<POSITION>3519.9101563 -1985.2896729 -2204.8806152</POSITION>
			<POSITION>126.4001465 -1985.2896729 -2204.8806152</POSITION>
		</OCCLUSION>
		<OCCLUSION name="wall_partition_05">
			<POSITION>1972.4642334 326.6003418 1342.8489990</POSITION>
			<POSITION>1972.4641113 2580.0620117 1342.8489990</POSITION>
			<POSITION>1972.4639893 2580.0620117 -2204.8806152</POSITION>
			<POSITION>1972.4641113 326.6003418 -2204.8806152</POSITION>
		</OCCLUSION>
		<OCCLUSION name="wall_partition_06">
			<POSITION>-1500.1132813 -3602.9150391 843.4890747</POSITION>
			<POSITION>-1500.1134033 -407.7680664 843.4890747</POSITION>
			<POSITION>-1500.1135254 -407.7680664 -2204.8806152</POSITION>
			<POSITION>-1500.1134033 -3602.9150391 -2204.8806152</POSITION>
		</OCCLUSION>
	</OCCLUSIONLIST>
	<AMBIENTSOUNDLIST>
		<AMBIENTSOUND ObjName="snd_amb_b1_engine 01" type="b1" filename="amb_engine">
			<CENTER>4704.0849609 1949.2652588 -579.6959229</CENTER>
			<RADIUS>1200</RADIUS>
		</AMBIENTSOUND>
		<AMBIENTSOUND ObjName="snd_amb_b1_engine 02" type="b1" filename="amb_engine">
			<CENTER>4069.5761719 -2008.5678711 -579.6960449</CENTER>
			<RADIUS>1200</RADIUS>
		</AMBIENTSOUND>
		<AMBIENTSOUND ObjName="snd_amb_b1_engine 03" type="b1" filename="amb_engine">
			<CENTER>-556.6546021 -4168.2363281 -579.6960449</CENTER>
			<RADIUS>1200</RADIUS>
		</AMBIENTSOUND>
		<AMBIENTSOUND ObjName="snd_amb_b1_engine 04" type="b1" filename="amb_engine">
			<CENTER>-4262.8510742 -4349.0346680 -579.6960449</CENTER>
			<RADIUS>1200</RADIUS>
		</AMBIENTSOUND>
		<AMBIENTSOUND ObjName="snd_amb_b1_flapping 01" type="b1" filename="amb_flapping">
			<CENTER>1314.9786377 51.6905594 654.4641724</CENTER>
			<RADIUS>800</RADIUS>
		</AMBIENTSOUND>
		<AMBIENTSOUND ObjName="snd_amb_b1_flapping 02" type="b1" filename="amb_flapping">
			<CENTER>901.4229736 149.4190369 654.4641724</CENTER>
			<RADIUS>800</RADIUS>
		</AMBIENTSOUND>
		<AMBIENTSOUND ObjName="snd_amb_b1_flapping 03" type="b1" filename="amb_flapping">
			<CENTER>-513.9021606 21.9228668 533.0193481</CENTER>
			<RADIUS>800</RADIUS>
		</AMBIENTSOUND>
		<AMBIENTSOUND ObjName="snd_amb_b1_flapping 04" type="b1" filename="amb_flapping">
			<CENTER>-2454.3041992 -32.5912323 589.0236206</CENTER>
			<RADIUS>800</RADIUS>
		</AMBIENTSOUND>
	</AMBIENTSOUNDLIST>
	<GLOBAL>
		<far_z>13000</far_z>
	</GLOBAL>

<FOG min="400" max="7000">
		<R>0</R>
		<G>0</G>
		<B>0</B>
	</FOG>
<GLOBAL>
		<fog_enable>TRUE</fog_enable>
		<fog_min>400</fog_min>
		<fog_max>7000</fog_max>
		<fog_color>0,0,0</fog_color>
	</GLOBAL>
</XML>
