<?xml version="1.0" encoding="UTF-8"?>
<XML>
	<MATERIALLIST>
		<MATERIAL name="VTHGRN_Momar_smoe_wall_9_www.playgunz.com_mt_con">
			<DIFFUSE>1.00000000 1.00000000 1.00000000</DIFFUSE>
			<AMBIENT>1.00000000 1.00000000 1.00000000</AMBIENT>
			<SPECULAR>1.00000000 1.00000000 1.00000000</SPECULAR>
			<DIFFUSEMAP>../GZ/VTHGRN_Momar/smoe_wall_9_www.playgunz.com.bmp</DIFFUSEMAP>
		</MATERIAL>
		<MATERIAL name="VTHGRN_Momar_garrison_pine2_www.playgunz.com_mt_con">
			<DIFFUSE>1.00000000 1.00000000 1.00000000</DIFFUSE>
			<AMBIENT>1.00000000 1.00000000 1.00000000</AMBIENT>
			<SPECULAR>1.00000000 1.00000000 1.00000000</SPECULAR>
			<DIFFUSEMAP>../GZ/VTHGRN_Momar/garrison_pine2_www.playgunz.com.bmp</DIFFUSEMAP>
		</MATERIAL>
		<MATERIAL name="VTHGRN_Momar_garrison_smoewa_www.playgunz.com_mt_con">
			<DIFFUSE>1.00000000 1.00000000 1.00000000</DIFFUSE>
			<AMBIENT>1.00000000 1.00000000 1.00000000</AMBIENT>
			<SPECULAR>1.00000000 1.00000000 1.00000000</SPECULAR>
			<DIFFUSEMAP>../GZ/VTHGRN_Momar/garrison_smoewa_www.playgunz.com.bmp</DIFFUSEMAP>
		</MATERIAL>
		<MATERIAL name="VTHGRN_Momar_duct_wall01_www.playgunz.com_mt_con">
			<DIFFUSE>1.00000000 1.00000000 1.00000000</DIFFUSE>
			<AMBIENT>1.00000000 1.00000000 1.00000000</AMBIENT>
			<SPECULAR>1.00000000 1.00000000 1.00000000</SPECULAR>
			<DIFFUSEMAP>../GZ/VTHGRN_Momar/duct_wall01_www.playgunz.com.bmp</DIFFUSEMAP>
		</MATERIAL>
		<MATERIAL name="VTHGRN_Momar_smoe_concwall_www.playgunz.com_mt_con">
			<DIFFUSE>1.00000000 1.00000000 1.00000000</DIFFUSE>
			<AMBIENT>1.00000000 1.00000000 1.00000000</AMBIENT>
			<SPECULAR>1.00000000 1.00000000 1.00000000</SPECULAR>
			<DIFFUSEMAP>../GZ/VTHGRN_Momar/smoe_concwall_www.playgunz.com.bmp</DIFFUSEMAP>
		</MATERIAL>
		<MATERIAL name="VTHGRN_Momar_smoe_concrete1_www.playgunz.com_mt_con">
			<DIFFUSE>1.00000000 1.00000000 1.00000000</DIFFUSE>
			<AMBIENT>1.00000000 1.00000000 1.00000000</AMBIENT>
			<SPECULAR>1.00000000 1.00000000 1.00000000</SPECULAR>
			<DIFFUSEMAP>../GZ/VTHGRN_Momar/smoe_concrete1_www.playgunz.com.bmp</DIFFUSEMAP>
		</MATERIAL>
		<MATERIAL name="VTHGRN_Momar_sky_www.playgunz.com_mt_con">
			<DIFFUSE>1.00000000 1.00000000 1.00000000</DIFFUSE>
			<AMBIENT>1.00000000 1.00000000 1.00000000</AMBIENT>
			<SPECULAR>1.00000000 1.00000000 1.00000000</SPECULAR>
			<DIFFUSEMAP>../GZ/VTHGRN_Momar/sky_www.playgunz.com.bmp</DIFFUSEMAP>
		</MATERIAL>
		<MATERIAL name="VTHGRN_Momar_smoe_wll2_www.playgunz.com_mt_con">
			<DIFFUSE>1.00000000 1.00000000 1.00000000</DIFFUSE>
			<AMBIENT>1.00000000 1.00000000 1.00000000</AMBIENT>
			<SPECULAR>1.00000000 1.00000000 1.00000000</SPECULAR>
			<DIFFUSEMAP>../GZ/VTHGRN_Momar/smoe_wll2_www.playgunz.com.bmp</DIFFUSEMAP>
		</MATERIAL>
		<MATERIAL name="VTHGRN_Momar_garrison_carp_www.playgunz.com_mt_con">
			<DIFFUSE>1.00000000 1.00000000 1.00000000</DIFFUSE>
			<AMBIENT>1.00000000 1.00000000 1.00000000</AMBIENT>
			<SPECULAR>1.00000000 1.00000000 1.00000000</SPECULAR>
			<DIFFUSEMAP>../GZ/VTHGRN_Momar/garrison_carp_www.playgunz.com.bmp</DIFFUSEMAP>
		</MATERIAL>
		<MATERIAL name="VTHGRN_Momar_strat_floorw2_www.playgunz.com_mt_con">
			<DIFFUSE>1.00000000 1.00000000 1.00000000</DIFFUSE>
			<AMBIENT>1.00000000 1.00000000 1.00000000</AMBIENT>
			<SPECULAR>1.00000000 1.00000000 1.00000000</SPECULAR>
			<DIFFUSEMAP>../GZ/VTHGRN_Momar/strat_floorw2_www.playgunz.com.bmp</DIFFUSEMAP>
		</MATERIAL>
		<MATERIAL name="VTHGRN_Momar_smoe_wall2_win_www.playgunz.com_mt_con">
			<DIFFUSE>1.00000000 1.00000000 1.00000000</DIFFUSE>
			<AMBIENT>1.00000000 1.00000000 1.00000000</AMBIENT>
			<SPECULAR>1.00000000 1.00000000 1.00000000</SPECULAR>
			<DIFFUSEMAP>../GZ/VTHGRN_Momar/smoe_wall2_win_www.playgunz.com.bmp</DIFFUSEMAP>
		</MATERIAL>
		<MATERIAL name="VTHGRN_Momar_-0tnnl_flr1b_www.playgunz.com_mt_con">
			<DIFFUSE>1.00000000 1.00000000 1.00000000</DIFFUSE>
			<AMBIENT>1.00000000 1.00000000 1.00000000</AMBIENT>
			<SPECULAR>1.00000000 1.00000000 1.00000000</SPECULAR>
			<DIFFUSEMAP>../GZ/VTHGRN_Momar/-0tnnl_flr1b_www.playgunz.com.bmp</DIFFUSEMAP>
		</MATERIAL>
		<MATERIAL name="VTHGRN_Momar_out_pave1_www.playgunz.com_mt_con">
			<DIFFUSE>1.00000000 1.00000000 1.00000000</DIFFUSE>
			<AMBIENT>1.00000000 1.00000000 1.00000000</AMBIENT>
			<SPECULAR>1.00000000 1.00000000 1.00000000</SPECULAR>
			<DIFFUSEMAP>../GZ/VTHGRN_Momar/out_pave1_www.playgunz.com.bmp</DIFFUSEMAP>
		</MATERIAL>
		<MATERIAL name="VTHGRN_Momar_xS_WP_garrison_pine2_www.playgunz.com_mt_con">
			<DIFFUSE>1.00000000 1.00000000 1.00000000</DIFFUSE>
			<AMBIENT>1.00000000 1.00000000 1.00000000</AMBIENT>
			<SPECULAR>1.00000000 1.00000000 1.00000000</SPECULAR>
			<DIFFUSEMAP>../GZ/VTHGRN_Momar/garrison_pine2_www.playgunz.com.bmp</DIFFUSEMAP>
		</MATERIAL>
		<MATERIAL name="VTHGRN_Momar_cinderblock01_www.playgunz.com_mt_con">
			<DIFFUSE>1.00000000 1.00000000 1.00000000</DIFFUSE>
			<AMBIENT>1.00000000 1.00000000 1.00000000</AMBIENT>
			<SPECULAR>1.00000000 1.00000000 1.00000000</SPECULAR>
			<DIFFUSEMAP>../GZ/VTHGRN_Momar/cinderblock01_www.playgunz.com.bmp</DIFFUSEMAP>
		</MATERIAL>
		<MATERIAL name="VTHGRN_Momar_c_bldg2_1_www.playgunz.com_mt_con">
			<DIFFUSE>1.00000000 1.00000000 1.00000000</DIFFUSE>
			<AMBIENT>1.00000000 1.00000000 1.00000000</AMBIENT>
			<SPECULAR>1.00000000 1.00000000 1.00000000</SPECULAR>
			<DIFFUSEMAP>../GZ/VTHGRN_Momar/c_bldg2_1_www.playgunz.com.bmp</DIFFUSEMAP>
		</MATERIAL>
		<MATERIAL name="VTHGRN_Momar_brick10_www.playgunz.com_mt_con">
			<DIFFUSE>1.00000000 1.00000000 1.00000000</DIFFUSE>
			<AMBIENT>1.00000000 1.00000000 1.00000000</AMBIENT>
			<SPECULAR>1.00000000 1.00000000 1.00000000</SPECULAR>
			<DIFFUSEMAP>../GZ/VTHGRN_Momar/brick10_www.playgunz.com.bmp</DIFFUSEMAP>
		</MATERIAL>
		<MATERIAL name="VTHGRN_Momar_strat_roof_www.playgunz.com_mt_con">
			<DIFFUSE>1.00000000 1.00000000 1.00000000</DIFFUSE>
			<AMBIENT>1.00000000 1.00000000 1.00000000</AMBIENT>
			<SPECULAR>1.00000000 1.00000000 1.00000000</SPECULAR>
			<DIFFUSEMAP>../GZ/VTHGRN_Momar/strat_roof_www.playgunz.com.bmp</DIFFUSEMAP>
		</MATERIAL>
		<MATERIAL name="VTHGRN_Momar_smoe_asph_www.playgunz.com_mt_con">
			<DIFFUSE>1.00000000 1.00000000 1.00000000</DIFFUSE>
			<AMBIENT>1.00000000 1.00000000 1.00000000</AMBIENT>
			<SPECULAR>1.00000000 1.00000000 1.00000000</SPECULAR>
			<DIFFUSEMAP>../GZ/VTHGRN_Momar/smoe_asph_www.playgunz.com.bmp</DIFFUSEMAP>
		</MATERIAL>
		<MATERIAL name="VTHGRN_Momar_c_bldg4_2_www.playgunz.com_mt_con">
			<DIFFUSE>1.00000000 1.00000000 1.00000000</DIFFUSE>
			<AMBIENT>1.00000000 1.00000000 1.00000000</AMBIENT>
			<SPECULAR>1.00000000 1.00000000 1.00000000</SPECULAR>
			<DIFFUSEMAP>../GZ/VTHGRN_Momar/c_bldg4_2_www.playgunz.com.bmp</DIFFUSEMAP>
		</MATERIAL>
		<MATERIAL name="VTHGRN_Momar_ceiling01_www.playgunz.com_mt_con">
			<DIFFUSE>1.00000000 1.00000000 1.00000000</DIFFUSE>
			<AMBIENT>1.00000000 1.00000000 1.00000000</AMBIENT>
			<SPECULAR>1.00000000 1.00000000 1.00000000</SPECULAR>
			<DIFFUSEMAP>../GZ/VTHGRN_Momar/ceiling01_www.playgunz.com.bmp</DIFFUSEMAP>
		</MATERIAL>
		<MATERIAL name="VTHGRN_Momar_strat_plaster2_www.playgunz.com_mt_con">
			<DIFFUSE>1.00000000 1.00000000 1.00000000</DIFFUSE>
			<AMBIENT>1.00000000 1.00000000 1.00000000</AMBIENT>
			<SPECULAR>1.00000000 1.00000000 1.00000000</SPECULAR>
			<DIFFUSEMAP>../GZ/VTHGRN_Momar/strat_plaster2_www.playgunz.com.bmp</DIFFUSEMAP>
		</MATERIAL>
		<MATERIAL name="VTHGRN_Momar_lab1_flr9_www.playgunz.com_mt_con">
			<DIFFUSE>1.00000000 1.00000000 1.00000000</DIFFUSE>
			<AMBIENT>1.00000000 1.00000000 1.00000000</AMBIENT>
			<SPECULAR>1.00000000 1.00000000 1.00000000</SPECULAR>
			<DIFFUSEMAP>../GZ/VTHGRN_Momar/lab1_flr9_www.playgunz.com.bmp</DIFFUSEMAP>
		</MATERIAL>
		<MATERIAL name="VTHGRN_Momar_smoe_wall2_www.playgunz.com_mt_con">
			<DIFFUSE>1.00000000 1.00000000 1.00000000</DIFFUSE>
			<AMBIENT>1.00000000 1.00000000 1.00000000</AMBIENT>
			<SPECULAR>1.00000000 1.00000000 1.00000000</SPECULAR>
			<DIFFUSEMAP>../GZ/VTHGRN_Momar/smoe_wall2_www.playgunz.com.bmp</DIFFUSEMAP>
		</MATERIAL>
		<MATERIAL name="VTHGRN_Momar_window03c_www.playgunz.com_mt_con">
			<DIFFUSE>1.00000000 1.00000000 1.00000000</DIFFUSE>
			<AMBIENT>1.00000000 1.00000000 1.00000000</AMBIENT>
			<SPECULAR>1.00000000 1.00000000 1.00000000</SPECULAR>
			<DIFFUSEMAP>../GZ/VTHGRN_Momar/window03c_www.playgunz.com.bmp</DIFFUSEMAP>
		</MATERIAL>
		<MATERIAL name="VTHGRN_Momar_-0out_grss1_www.playgunz.com_mt_pnt">
			<DIFFUSE>1.00000000 1.00000000 1.00000000</DIFFUSE>
			<AMBIENT>1.00000000 1.00000000 1.00000000</AMBIENT>
			<SPECULAR>1.00000000 1.00000000 1.00000000</SPECULAR>
			<DIFFUSEMAP>../GZ/VTHGRN_Momar/-0out_grss1_www.playgunz.com.bmp</DIFFUSEMAP>
		</MATERIAL>
		<MATERIAL name="VTHGRN_Momar_out_shrb1_www.playgunz.com_mt_con">
			<DIFFUSE>1.00000000 1.00000000 1.00000000</DIFFUSE>
			<AMBIENT>1.00000000 1.00000000 1.00000000</AMBIENT>
			<SPECULAR>1.00000000 1.00000000 1.00000000</SPECULAR>
			<DIFFUSEMAP>../GZ/VTHGRN_Momar/out_shrb1_www.playgunz.com.bmp</DIFFUSEMAP>
		</MATERIAL>
		<MATERIAL name="VTHGRN_Momar_fifties_wall14x_www.playgunz.com_mt_con">
			<DIFFUSE>1.00000000 1.00000000 1.00000000</DIFFUSE>
			<AMBIENT>1.00000000 1.00000000 1.00000000</AMBIENT>
			<SPECULAR>1.00000000 1.00000000 1.00000000</SPECULAR>
			<DIFFUSEMAP>../GZ/VTHGRN_Momar/fifties_wall14x_www.playgunz.com.bmp</DIFFUSEMAP>
		</MATERIAL>
		<MATERIAL name="VTHGRN_Momar_+0~fifts_lght01_www.playgunz.com_mt_con">
			<DIFFUSE>1.00000000 1.00000000 1.00000000</DIFFUSE>
			<AMBIENT>1.00000000 1.00000000 1.00000000</AMBIENT>
			<SPECULAR>1.00000000 1.00000000 1.00000000</SPECULAR>
			<DIFFUSEMAP>../GZ/VTHGRN_Momar/+0~fifts_lght01_www.playgunz.com.bmp</DIFFUSEMAP>
		</MATERIAL>
		<MATERIAL name="VTHGRN_Momar_strat_door2a_www.playgunz.com_mt_wod">
			<DIFFUSE>1.00000000 1.00000000 1.00000000</DIFFUSE>
			<AMBIENT>1.00000000 1.00000000 1.00000000</AMBIENT>
			<SPECULAR>1.00000000 1.00000000 1.00000000</SPECULAR>
			<DIFFUSEMAP>../GZ/VTHGRN_Momar/strat_door2a_www.playgunz.com.bmp</DIFFUSEMAP>
		</MATERIAL>
		<MATERIAL name="VTHGRN_Momar_smoe_wall3_www.playgunz.com_mt_con">
			<DIFFUSE>1.00000000 1.00000000 1.00000000</DIFFUSE>
			<AMBIENT>1.00000000 1.00000000 1.00000000</AMBIENT>
			<SPECULAR>1.00000000 1.00000000 1.00000000</SPECULAR>
			<DIFFUSEMAP>../GZ/VTHGRN_Momar/smoe_wall3_www.playgunz.com.bmp</DIFFUSEMAP>
		</MATERIAL>
		<MATERIAL name="VTHGRN_Momar_xS_WP_strat_carpet2_www.playgunz.com_mt_con">
			<DIFFUSE>1.00000000 1.00000000 1.00000000</DIFFUSE>
			<AMBIENT>1.00000000 1.00000000 1.00000000</AMBIENT>
			<SPECULAR>1.00000000 1.00000000 1.00000000</SPECULAR>
			<DIFFUSEMAP>../GZ/VTHGRN_Momar/strat_carpet2_www.playgunz.com.bmp</DIFFUSEMAP>
		</MATERIAL>
		<MATERIAL name="VTHGRN_Momar_xS_WP_smoe_wall_9_www.playgunz.com_mt_con">
			<DIFFUSE>1.00000000 1.00000000 1.00000000</DIFFUSE>
			<AMBIENT>1.00000000 1.00000000 1.00000000</AMBIENT>
			<SPECULAR>1.00000000 1.00000000 1.00000000</SPECULAR>
			<DIFFUSEMAP>../GZ/VTHGRN_Momar/smoe_wall_9_www.playgunz.com.bmp</DIFFUSEMAP>
		</MATERIAL>
		<MATERIAL name="VTHGRN_Momar_xS_WP_window03a_www.playgunz.com_mt_con">
			<DIFFUSE>1.00000000 1.00000000 1.00000000</DIFFUSE>
			<AMBIENT>1.00000000 1.00000000 1.00000000</AMBIENT>
			<SPECULAR>1.00000000 1.00000000 1.00000000</SPECULAR>
			<DIFFUSEMAP>../GZ/VTHGRN_Momar/window03a_www.playgunz.com.bmp</DIFFUSEMAP>
		</MATERIAL>
		<MATERIAL name="VTHGRN_Momar_xS_WP_window03c_www.playgunz.com_mt_con">
			<DIFFUSE>1.00000000 1.00000000 1.00000000</DIFFUSE>
			<AMBIENT>1.00000000 1.00000000 1.00000000</AMBIENT>
			<SPECULAR>1.00000000 1.00000000 1.00000000</SPECULAR>
			<DIFFUSEMAP>../GZ/VTHGRN_Momar/window03c_www.playgunz.com.bmp</DIFFUSEMAP>
		</MATERIAL>
		<MATERIAL name="VTHGRN_Momar_xS_WP_black_www.playgunz.com_mt_con">
			<DIFFUSE>1.00000000 1.00000000 1.00000000</DIFFUSE>
			<AMBIENT>1.00000000 1.00000000 1.00000000</AMBIENT>
			<SPECULAR>1.00000000 1.00000000 1.00000000</SPECULAR>
			<DIFFUSEMAP>../GZ/VTHGRN_Momar/black_www.playgunz.com.bmp</DIFFUSEMAP>
		</MATERIAL>
		<MATERIAL name="VTHGRN_Momar_xS_WP_brick10_www.playgunz.com_mt_con">
			<DIFFUSE>1.00000000 1.00000000 1.00000000</DIFFUSE>
			<AMBIENT>1.00000000 1.00000000 1.00000000</AMBIENT>
			<SPECULAR>1.00000000 1.00000000 1.00000000</SPECULAR>
			<DIFFUSEMAP>../GZ/VTHGRN_Momar/brick10_www.playgunz.com.bmp</DIFFUSEMAP>
		</MATERIAL>
		<MATERIAL name="VTHGRN_Momar_xS_WP_out_pave1_www.playgunz.com_mt_con">
			<DIFFUSE>1.00000000 1.00000000 1.00000000</DIFFUSE>
			<AMBIENT>1.00000000 1.00000000 1.00000000</AMBIENT>
			<SPECULAR>1.00000000 1.00000000 1.00000000</SPECULAR>
			<DIFFUSEMAP>../GZ/VTHGRN_Momar/out_pave1_www.playgunz.com.bmp</DIFFUSEMAP>
		</MATERIAL>
		<MATERIAL name="VTHGRN_Momar_+a~fifts_lght01_www.playgunz.com_mt_con">
			<DIFFUSE>1.00000000 1.00000000 1.00000000</DIFFUSE>
			<AMBIENT>1.00000000 1.00000000 1.00000000</AMBIENT>
			<SPECULAR>1.00000000 1.00000000 1.00000000</SPECULAR>
			<DIFFUSEMAP>../GZ/VTHGRN_Momar/+a~fifts_lght01_www.playgunz.com.bmp</DIFFUSEMAP>
		</MATERIAL>
		<MATERIAL name="VTHGRN_Momar_xS_WP_fifties_dsk5a_www.playgunz.com_mt_con">
			<DIFFUSE>1.00000000 1.00000000 1.00000000</DIFFUSE>
			<AMBIENT>1.00000000 1.00000000 1.00000000</AMBIENT>
			<SPECULAR>1.00000000 1.00000000 1.00000000</SPECULAR>
			<DIFFUSEMAP>../GZ/VTHGRN_Momar/fifties_dsk5a_www.playgunz.com.bmp</DIFFUSEMAP>
		</MATERIAL>
		<MATERIAL name="VTHGRN_Momar_xS_WP_lab1_stair2b_www.playgunz.com_mt_con">
			<DIFFUSE>1.00000000 1.00000000 1.00000000</DIFFUSE>
			<AMBIENT>1.00000000 1.00000000 1.00000000</AMBIENT>
			<SPECULAR>1.00000000 1.00000000 1.00000000</SPECULAR>
			<DIFFUSEMAP>../GZ/VTHGRN_Momar/lab1_stair2b_www.playgunz.com.bmp</DIFFUSEMAP>
		</MATERIAL>
		<MATERIAL name="VTHGRN_Momar_xS_WP_yellow_www.playgunz.com_mt_con">
			<DIFFUSE>1.00000000 1.00000000 1.00000000</DIFFUSE>
			<AMBIENT>1.00000000 1.00000000 1.00000000</AMBIENT>
			<SPECULAR>1.00000000 1.00000000 1.00000000</SPECULAR>
			<DIFFUSEMAP>../GZ/VTHGRN_Momar/yellow_www.playgunz.com.bmp</DIFFUSEMAP>
		</MATERIAL>
		<MATERIAL name="VTHGRN_Momar_yellow_www.playgunz.com_mt_con">
			<DIFFUSE>1.00000000 1.00000000 1.00000000</DIFFUSE>
			<AMBIENT>1.00000000 1.00000000 1.00000000</AMBIENT>
			<SPECULAR>1.00000000 1.00000000 1.00000000</SPECULAR>
			<DIFFUSEMAP>../GZ/VTHGRN_Momar/yellow_www.playgunz.com.bmp</DIFFUSEMAP>
		</MATERIAL>
		<MATERIAL name="VTHGRN_Momar_lab4_gad2a_www.playgunz.com_mt_con">
			<DIFFUSE>1.00000000 1.00000000 1.00000000</DIFFUSE>
			<AMBIENT>1.00000000 1.00000000 1.00000000</AMBIENT>
			<SPECULAR>1.00000000 1.00000000 1.00000000</SPECULAR>
			<DIFFUSEMAP>../GZ/VTHGRN_Momar/lab4_gad2a_www.playgunz.com.bmp</DIFFUSEMAP>
		</MATERIAL>
		<MATERIAL name="VTHGRN_Momar_black_www.playgunz.com_mt_con">
			<DIFFUSE>1.00000000 1.00000000 1.00000000</DIFFUSE>
			<AMBIENT>1.00000000 1.00000000 1.00000000</AMBIENT>
			<SPECULAR>1.00000000 1.00000000 1.00000000</SPECULAR>
			<DIFFUSEMAP>../GZ/VTHGRN_Momar/black_www.playgunz.com.bmp</DIFFUSEMAP>
		</MATERIAL>
		<MATERIAL name="VTHGRN_Momar_strat_sexy_www.playgunz.com_mt_con">
			<DIFFUSE>1.00000000 1.00000000 1.00000000</DIFFUSE>
			<AMBIENT>1.00000000 1.00000000 1.00000000</AMBIENT>
			<SPECULAR>1.00000000 1.00000000 1.00000000</SPECULAR>
			<DIFFUSEMAP>../GZ/VTHGRN_Momar/strat_sexy_www.playgunz.com.bmp</DIFFUSEMAP>
		</MATERIAL>
		<MATERIAL name="VTHGRN_Momar_smoe_brickwall_www.playgunz.com_mt_con">
			<DIFFUSE>1.00000000 1.00000000 1.00000000</DIFFUSE>
			<AMBIENT>1.00000000 1.00000000 1.00000000</AMBIENT>
			<SPECULAR>1.00000000 1.00000000 1.00000000</SPECULAR>
			<DIFFUSEMAP>../GZ/VTHGRN_Momar/smoe_brickwall_www.playgunz.com.bmp</DIFFUSEMAP>
		</MATERIAL>
		<MATERIAL name="VTHGRN_Momar_xS_WP_strat_sexy_www.playgunz.com_mt_con">
			<DIFFUSE>1.00000000 1.00000000 1.00000000</DIFFUSE>
			<AMBIENT>1.00000000 1.00000000 1.00000000</AMBIENT>
			<SPECULAR>1.00000000 1.00000000 1.00000000</SPECULAR>
			<DIFFUSEMAP>../GZ/VTHGRN_Momar/strat_sexy_www.playgunz.com.bmp</DIFFUSEMAP>
		</MATERIAL>
		<MATERIAL name="VTHGRN_Momar_xS_WP_white_www.playgunz.com_mt_con">
			<DIFFUSE>1.00000000 1.00000000 1.00000000</DIFFUSE>
			<AMBIENT>1.00000000 1.00000000 1.00000000</AMBIENT>
			<SPECULAR>1.00000000 1.00000000 1.00000000</SPECULAR>
			<DIFFUSEMAP>../GZ/VTHGRN_Momar/white_www.playgunz.com.bmp</DIFFUSEMAP>
		</MATERIAL>
		<MATERIAL name="VTHGRN_Momar_xS_WP_garrison_lab_www.playgunz.com_mt_con">
			<DIFFUSE>1.00000000 1.00000000 1.00000000</DIFFUSE>
			<AMBIENT>1.00000000 1.00000000 1.00000000</AMBIENT>
			<SPECULAR>1.00000000 1.00000000 1.00000000</SPECULAR>
			<DIFFUSEMAP>../GZ/VTHGRN_Momar/garrison_lab_www.playgunz.com.bmp</DIFFUSEMAP>
		</MATERIAL>
		<MATERIAL name="VTHGRN_Momar_strat_door2_www.playgunz.com_mt_wod">
			<DIFFUSE>1.00000000 1.00000000 1.00000000</DIFFUSE>
			<AMBIENT>1.00000000 1.00000000 1.00000000</AMBIENT>
			<SPECULAR>1.00000000 1.00000000 1.00000000</SPECULAR>
			<DIFFUSEMAP>../GZ/VTHGRN_Momar/strat_door2_www.playgunz.com.bmp</DIFFUSEMAP>
		</MATERIAL>
		<MATERIAL name="VTHGRN_Momar_c1a2_flr1_www.playgunz.com_mt_con">
			<DIFFUSE>1.00000000 1.00000000 1.00000000</DIFFUSE>
			<AMBIENT>1.00000000 1.00000000 1.00000000</AMBIENT>
			<SPECULAR>1.00000000 1.00000000 1.00000000</SPECULAR>
			<DIFFUSEMAP>../GZ/VTHGRN_Momar/c1a2_flr1_www.playgunz.com.bmp</DIFFUSEMAP>
		</MATERIAL>
		<MATERIAL name="VTHGRN_Momar_xS_WP_sign28_www.playgunz.com_mt_con">
			<DIFFUSE>1.00000000 1.00000000 1.00000000</DIFFUSE>
			<AMBIENT>1.00000000 1.00000000 1.00000000</AMBIENT>
			<SPECULAR>1.00000000 1.00000000 1.00000000</SPECULAR>
			<DIFFUSEMAP>../GZ/VTHGRN_Momar/sign28_www.playgunz.com.bmp</DIFFUSEMAP>
		</MATERIAL>
		<MATERIAL name="VTHGRN_Momar_strat_tile_blue_www.playgunz.com_mt_con">
			<DIFFUSE>1.00000000 1.00000000 1.00000000</DIFFUSE>
			<AMBIENT>1.00000000 1.00000000 1.00000000</AMBIENT>
			<SPECULAR>1.00000000 1.00000000 1.00000000</SPECULAR>
			<DIFFUSEMAP>../GZ/VTHGRN_Momar/strat_tile_blue_www.playgunz.com.bmp</DIFFUSEMAP>
		</MATERIAL>
		<MATERIAL name="VTHGRN_Momar_strat_plaster_b_www.playgunz.com_mt_con">
			<DIFFUSE>1.00000000 1.00000000 1.00000000</DIFFUSE>
			<AMBIENT>1.00000000 1.00000000 1.00000000</AMBIENT>
			<SPECULAR>1.00000000 1.00000000 1.00000000</SPECULAR>
			<DIFFUSEMAP>../GZ/VTHGRN_Momar/strat_plaster_b_www.playgunz.com.bmp</DIFFUSEMAP>
		</MATERIAL>
		<MATERIAL name="VTHGRN_Momar_babtech_ceil01_www.playgunz.com_mt_con">
			<DIFFUSE>1.00000000 1.00000000 1.00000000</DIFFUSE>
			<AMBIENT>1.00000000 1.00000000 1.00000000</AMBIENT>
			<SPECULAR>1.00000000 1.00000000 1.00000000</SPECULAR>
			<DIFFUSEMAP>../GZ/VTHGRN_Momar/babtech_ceil01_www.playgunz.com.bmp</DIFFUSEMAP>
		</MATERIAL>
		<MATERIAL name="VTHGRN_Momar_xS_WP_babtech_ceil01_www.playgunz.com_mt_con">
			<DIFFUSE>1.00000000 1.00000000 1.00000000</DIFFUSE>
			<AMBIENT>1.00000000 1.00000000 1.00000000</AMBIENT>
			<SPECULAR>1.00000000 1.00000000 1.00000000</SPECULAR>
			<DIFFUSEMAP>../GZ/VTHGRN_Momar/babtech_ceil01_www.playgunz.com.bmp</DIFFUSEMAP>
		</MATERIAL>
		<MATERIAL name="VTHGRN_Momar_xS_WP_lab4_gad3a_www.playgunz.com_mt_con">
			<DIFFUSE>1.00000000 1.00000000 1.00000000</DIFFUSE>
			<AMBIENT>1.00000000 1.00000000 1.00000000</AMBIENT>
			<SPECULAR>1.00000000 1.00000000 1.00000000</SPECULAR>
			<DIFFUSEMAP>../GZ/VTHGRN_Momar/lab4_gad3a_www.playgunz.com.bmp</DIFFUSEMAP>
		</MATERIAL>
		<MATERIAL name="VTHGRN_Momar_xS_WP_+0~fifts_lght01_www.playgunz.com_mt_con">
			<DIFFUSE>1.00000000 1.00000000 1.00000000</DIFFUSE>
			<AMBIENT>1.00000000 1.00000000 1.00000000</AMBIENT>
			<SPECULAR>1.00000000 1.00000000 1.00000000</SPECULAR>
			<DIFFUSEMAP>../GZ/VTHGRN_Momar/+0~fifts_lght01_www.playgunz.com.bmp</DIFFUSEMAP>
		</MATERIAL>
		<MATERIAL name="VTHGRN_Momar_tnnl_flr1a_www.playgunz.com_mt_con">
			<DIFFUSE>1.00000000 1.00000000 1.00000000</DIFFUSE>
			<AMBIENT>1.00000000 1.00000000 1.00000000</AMBIENT>
			<SPECULAR>1.00000000 1.00000000 1.00000000</SPECULAR>
			<DIFFUSEMAP>../GZ/VTHGRN_Momar/tnnl_flr1a_www.playgunz.com.bmp</DIFFUSEMAP>
		</MATERIAL>
		<MATERIAL name="VTHGRN_Momar_strat_carpet2_www.playgunz.com_mt_con">
			<DIFFUSE>1.00000000 1.00000000 1.00000000</DIFFUSE>
			<AMBIENT>1.00000000 1.00000000 1.00000000</AMBIENT>
			<SPECULAR>1.00000000 1.00000000 1.00000000</SPECULAR>
			<DIFFUSEMAP>../GZ/VTHGRN_Momar/strat_carpet2_www.playgunz.com.bmp</DIFFUSEMAP>
		</MATERIAL>
		<MATERIAL name="VTHGRN_Momar_xS_WP_garrison_form_www.playgunz.com_mt_con">
			<DIFFUSE>1.00000000 1.00000000 1.00000000</DIFFUSE>
			<AMBIENT>1.00000000 1.00000000 1.00000000</AMBIENT>
			<SPECULAR>1.00000000 1.00000000 1.00000000</SPECULAR>
			<DIFFUSEMAP>../GZ/VTHGRN_Momar/garrison_form_www.playgunz.com.bmp</DIFFUSEMAP>
		</MATERIAL>
		<MATERIAL name="VTHGRN_Momar_xS_WP_garrison_tennis_www.playgunz.com_mt_con">
			<DIFFUSE>1.00000000 1.00000000 1.00000000</DIFFUSE>
			<AMBIENT>1.00000000 1.00000000 1.00000000</AMBIENT>
			<SPECULAR>1.00000000 1.00000000 1.00000000</SPECULAR>
			<DIFFUSEMAP>../GZ/VTHGRN_Momar/garrison_tennis_www.playgunz.com.bmp</DIFFUSEMAP>
		</MATERIAL>
		<MATERIAL name="VTHGRN_Momar_xS_WP_cinderblock01_www.playgunz.com_mt_con">
			<DIFFUSE>1.00000000 1.00000000 1.00000000</DIFFUSE>
			<AMBIENT>1.00000000 1.00000000 1.00000000</AMBIENT>
			<SPECULAR>1.00000000 1.00000000 1.00000000</SPECULAR>
			<DIFFUSEMAP>../GZ/VTHGRN_Momar/cinderblock01_www.playgunz.com.bmp</DIFFUSEMAP>
		</MATERIAL>
		<MATERIAL name="VTHGRN_Momar_xS_WP_+0~tnnl_lgt3_www.playgunz.com_mt_con">
			<DIFFUSE>1.00000000 1.00000000 1.00000000</DIFFUSE>
			<AMBIENT>1.00000000 1.00000000 1.00000000</AMBIENT>
			<SPECULAR>1.00000000 1.00000000 1.00000000</SPECULAR>
			<DIFFUSEMAP>../GZ/VTHGRN_Momar/+0~tnnl_lgt3_www.playgunz.com.bmp</DIFFUSEMAP>
		</MATERIAL>
		<MATERIAL name="VTHGRN_Momar_grass01_www.playgunz.com_mt_pnt">
			<DIFFUSE>1.00000000 1.00000000 1.00000000</DIFFUSE>
			<AMBIENT>1.00000000 1.00000000 1.00000000</AMBIENT>
			<SPECULAR>1.00000000 1.00000000 1.00000000</SPECULAR>
			<DIFFUSEMAP>../GZ/VTHGRN_Momar/grass01_www.playgunz.com.bmp</DIFFUSEMAP>
		</MATERIAL>
		<MATERIAL name="VTHGRN_Momar_xS_WP_smoe_concwall_www.playgunz.com_mt_con">
			<DIFFUSE>1.00000000 1.00000000 1.00000000</DIFFUSE>
			<AMBIENT>1.00000000 1.00000000 1.00000000</AMBIENT>
			<SPECULAR>1.00000000 1.00000000 1.00000000</SPECULAR>
			<DIFFUSEMAP>../GZ/VTHGRN_Momar/smoe_concwall_www.playgunz.com.bmp</DIFFUSEMAP>
		</MATERIAL>
		<MATERIAL name="VTHGRN_Momar_emerglight_www.playgunz.com_mt_con">
			<DIFFUSE>1.00000000 1.00000000 1.00000000</DIFFUSE>
			<AMBIENT>1.00000000 1.00000000 1.00000000</AMBIENT>
			<SPECULAR>1.00000000 1.00000000 1.00000000</SPECULAR>
			<DIFFUSEMAP>../GZ/VTHGRN_Momar/emerglight_www.playgunz.com.bmp</DIFFUSEMAP>
		</MATERIAL>
		<MATERIAL name="VTHGRN_Momar_xS_WP_smoe_ltv_www.playgunz.com_mt_con">
			<DIFFUSE>1.00000000 1.00000000 1.00000000</DIFFUSE>
			<AMBIENT>1.00000000 1.00000000 1.00000000</AMBIENT>
			<SPECULAR>1.00000000 1.00000000 1.00000000</SPECULAR>
			<DIFFUSEMAP>../GZ/VTHGRN_Momar/smoe_ltv_www.playgunz.com.bmp</DIFFUSEMAP>
		</MATERIAL>
		<MATERIAL name="VTHGRN_Momar_pfab_dskdrwr_www.playgunz.com_mt_con">
			<DIFFUSE>1.00000000 1.00000000 1.00000000</DIFFUSE>
			<AMBIENT>1.00000000 1.00000000 1.00000000</AMBIENT>
			<SPECULAR>1.00000000 1.00000000 1.00000000</SPECULAR>
			<DIFFUSEMAP>../GZ/VTHGRN_Momar/pfab_dskdrwr_www.playgunz.com.bmp</DIFFUSEMAP>
		</MATERIAL>
		<MATERIAL name="VTHGRN_Momar_window03a_www.playgunz.com_mt_con">
			<DIFFUSE>1.00000000 1.00000000 1.00000000</DIFFUSE>
			<AMBIENT>1.00000000 1.00000000 1.00000000</AMBIENT>
			<SPECULAR>1.00000000 1.00000000 1.00000000</SPECULAR>
			<DIFFUSEMAP>../GZ/VTHGRN_Momar/window03a_www.playgunz.com.bmp</DIFFUSEMAP>
		</MATERIAL>
		<MATERIAL name="VTHGRN_Momar_generic87c_www.playgunz.com_mt_con">
			<DIFFUSE>1.00000000 1.00000000 1.00000000</DIFFUSE>
			<AMBIENT>1.00000000 1.00000000 1.00000000</AMBIENT>
			<SPECULAR>1.00000000 1.00000000 1.00000000</SPECULAR>
			<DIFFUSEMAP>../GZ/VTHGRN_Momar/generic87c_www.playgunz.com.bmp</DIFFUSEMAP>
		</MATERIAL>
		<MATERIAL name="VTHGRN_Momar_-4out_dirt2_www.playgunz.com_mt_con">
			<DIFFUSE>1.00000000 1.00000000 1.00000000</DIFFUSE>
			<AMBIENT>1.00000000 1.00000000 1.00000000</AMBIENT>
			<SPECULAR>1.00000000 1.00000000 1.00000000</SPECULAR>
			<DIFFUSEMAP>../GZ/VTHGRN_Momar/-4out_dirt2_www.playgunz.com.bmp</DIFFUSEMAP>
		</MATERIAL>
		<MATERIAL name="VTHGRN_Momar_smoe_concrete1__www.playgunz.com_mt_con">
			<DIFFUSE>1.00000000 1.00000000 1.00000000</DIFFUSE>
			<AMBIENT>1.00000000 1.00000000 1.00000000</AMBIENT>
			<SPECULAR>1.00000000 1.00000000 1.00000000</SPECULAR>
			<DIFFUSEMAP>../GZ/VTHGRN_Momar/smoe_concrete1__www.playgunz.com.bmp</DIFFUSEMAP>
		</MATERIAL>
		<MATERIAL name="VTHGRN_Momar_crateside02_www.playgunz.com_mt_wod">
			<DIFFUSE>1.00000000 1.00000000 1.00000000</DIFFUSE>
			<AMBIENT>1.00000000 1.00000000 1.00000000</AMBIENT>
			<SPECULAR>1.00000000 1.00000000 1.00000000</SPECULAR>
			<DIFFUSEMAP>../GZ/VTHGRN_Momar/crateside02_www.playgunz.com.bmp</DIFFUSEMAP>
		</MATERIAL>
		<MATERIAL name="VTHGRN_Momar_smoe_gra_www.playgunz.com_mt_con">
			<DIFFUSE>1.00000000 1.00000000 1.00000000</DIFFUSE>
			<AMBIENT>1.00000000 1.00000000 1.00000000</AMBIENT>
			<SPECULAR>1.00000000 1.00000000 1.00000000</SPECULAR>
			<DIFFUSEMAP>../GZ/VTHGRN_Momar/smoe_gra_www.playgunz.com.bmp</DIFFUSEMAP>
		</MATERIAL>
		<MATERIAL name="VTHGRN_Momar_fiftsfile1_www.playgunz.com_mt_con">
			<DIFFUSE>1.00000000 1.00000000 1.00000000</DIFFUSE>
			<AMBIENT>1.00000000 1.00000000 1.00000000</AMBIENT>
			<SPECULAR>1.00000000 1.00000000 1.00000000</SPECULAR>
			<DIFFUSEMAP>../GZ/VTHGRN_Momar/fiftsfile1_www.playgunz.com.bmp</DIFFUSEMAP>
		</MATERIAL>
		<MATERIAL name="VTHGRN_Momar_fiftsfile2b_www.playgunz.com_mt_con">
			<DIFFUSE>1.00000000 1.00000000 1.00000000</DIFFUSE>
			<AMBIENT>1.00000000 1.00000000 1.00000000</AMBIENT>
			<SPECULAR>1.00000000 1.00000000 1.00000000</SPECULAR>
			<DIFFUSEMAP>../GZ/VTHGRN_Momar/fiftsfile2b_www.playgunz.com.bmp</DIFFUSEMAP>
		</MATERIAL>
		<MATERIAL name="VTHGRN_Momar_xS_WP_smoe_pipe_www.playgunz.com_mt_con">
			<DIFFUSE>1.00000000 1.00000000 1.00000000</DIFFUSE>
			<AMBIENT>1.00000000 1.00000000 1.00000000</AMBIENT>
			<SPECULAR>1.00000000 1.00000000 1.00000000</SPECULAR>
			<DIFFUSEMAP>../GZ/VTHGRN_Momar/smoe_pipe_www.playgunz.com.bmp</DIFFUSEMAP>
		</MATERIAL>
		<MATERIAL name="VTHGRN_Momar_smoe_garage2_www.playgunz.com_mt_con">
			<DIFFUSE>1.00000000 1.00000000 1.00000000</DIFFUSE>
			<AMBIENT>1.00000000 1.00000000 1.00000000</AMBIENT>
			<SPECULAR>1.00000000 1.00000000 1.00000000</SPECULAR>
			<DIFFUSEMAP>../GZ/VTHGRN_Momar/smoe_garage2_www.playgunz.com.bmp</DIFFUSEMAP>
		</MATERIAL>
		<MATERIAL name="VTHGRN_Momar_xcrate8b_www.playgunz.com_mt_wod">
			<DIFFUSE>1.00000000 1.00000000 1.00000000</DIFFUSE>
			<AMBIENT>1.00000000 1.00000000 1.00000000</AMBIENT>
			<SPECULAR>1.00000000 1.00000000 1.00000000</SPECULAR>
			<DIFFUSEMAP>../GZ/VTHGRN_Momar/xcrate8b_www.playgunz.com.bmp</DIFFUSEMAP>
		</MATERIAL>
		<MATERIAL name="VTHGRN_Momar_xcrate8c_www.playgunz.com_mt_wod">
			<DIFFUSE>1.00000000 1.00000000 1.00000000</DIFFUSE>
			<AMBIENT>1.00000000 1.00000000 1.00000000</AMBIENT>
			<SPECULAR>1.00000000 1.00000000 1.00000000</SPECULAR>
			<DIFFUSEMAP>../GZ/VTHGRN_Momar/xcrate8c_www.playgunz.com.bmp</DIFFUSEMAP>
		</MATERIAL>
		<MATERIAL name="VTHGRN_Momar_xcrate8_www.playgunz.com_mt_wod">
			<DIFFUSE>1.00000000 1.00000000 1.00000000</DIFFUSE>
			<AMBIENT>1.00000000 1.00000000 1.00000000</AMBIENT>
			<SPECULAR>1.00000000 1.00000000 1.00000000</SPECULAR>
			<DIFFUSEMAP>../GZ/VTHGRN_Momar/xcrate8_www.playgunz.com.bmp</DIFFUSEMAP>
		</MATERIAL>
		<MATERIAL name="VTHGRN_Momar_c_bldg4_1_www.playgunz.com_mt_con">
			<DIFFUSE>1.00000000 1.00000000 1.00000000</DIFFUSE>
			<AMBIENT>1.00000000 1.00000000 1.00000000</AMBIENT>
			<SPECULAR>1.00000000 1.00000000 1.00000000</SPECULAR>
			<DIFFUSEMAP>../GZ/VTHGRN_Momar/c_bldg4_1_www.playgunz.com.bmp</DIFFUSEMAP>
		</MATERIAL>
		<MATERIAL name="VTHGRN_Momar_xS_WP_emerglight_www.playgunz.com_mt_con">
			<DIFFUSE>1.00000000 1.00000000 1.00000000</DIFFUSE>
			<AMBIENT>1.00000000 1.00000000 1.00000000</AMBIENT>
			<SPECULAR>1.00000000 1.00000000 1.00000000</SPECULAR>
			<DIFFUSEMAP>../GZ/VTHGRN_Momar/emerglight_www.playgunz.com.bmp</DIFFUSEMAP>
		</MATERIAL>
		<MATERIAL name="VTHGRN_Momar_xS_WP_~light5e_www.playgunz.com_mt_con">
			<DIFFUSE>1.00000000 1.00000000 1.00000000</DIFFUSE>
			<AMBIENT>1.00000000 1.00000000 1.00000000</AMBIENT>
			<SPECULAR>1.00000000 1.00000000 1.00000000</SPECULAR>
			<DIFFUSEMAP>../GZ/VTHGRN_Momar/~light5e_www.playgunz.com.bmp</DIFFUSEMAP>
		</MATERIAL>
		<MATERIAL name="VTHGRN_Momar_c_tnnl_ccrete_www.playgunz.com_mt_con">
			<DIFFUSE>1.00000000 1.00000000 1.00000000</DIFFUSE>
			<AMBIENT>1.00000000 1.00000000 1.00000000</AMBIENT>
			<SPECULAR>1.00000000 1.00000000 1.00000000</SPECULAR>
			<DIFFUSEMAP>../GZ/VTHGRN_Momar/c_tnnl_ccrete_www.playgunz.com.bmp</DIFFUSEMAP>
		</MATERIAL>
		<MATERIAL name="VTHGRN_Momar_zduct_vnt_www.playgunz.com_mt_con">
			<DIFFUSE>1.00000000 1.00000000 1.00000000</DIFFUSE>
			<AMBIENT>1.00000000 1.00000000 1.00000000</AMBIENT>
			<SPECULAR>1.00000000 1.00000000 1.00000000</SPECULAR>
			<DIFFUSEMAP>../GZ/VTHGRN_Momar/zduct_vnt_www.playgunz.com</DIFFUSEMAP>
		<USEOPACITY/>
		</MATERIAL>
		<MATERIAL name="VTHGRN_Momar_xS_WP_+a~fifts_lght01_www.playgunz.com_mt_con">
			<DIFFUSE>1.00000000 1.00000000 1.00000000</DIFFUSE>
			<AMBIENT>1.00000000 1.00000000 1.00000000</AMBIENT>
			<SPECULAR>1.00000000 1.00000000 1.00000000</SPECULAR>
			<DIFFUSEMAP>../GZ/VTHGRN_Momar/+a~fifts_lght01_www.playgunz.com.bmp</DIFFUSEMAP>
		</MATERIAL>
		<MATERIAL name="VTHGRN_Momar_xcrate7b_www.playgunz.com_mt_wod">
			<DIFFUSE>1.00000000 1.00000000 1.00000000</DIFFUSE>
			<AMBIENT>1.00000000 1.00000000 1.00000000</AMBIENT>
			<SPECULAR>1.00000000 1.00000000 1.00000000</SPECULAR>
			<DIFFUSEMAP>../GZ/VTHGRN_Momar/xcrate7b_www.playgunz.com.bmp</DIFFUSEMAP>
		</MATERIAL>
		<MATERIAL name="VTHGRN_Momar_xcrate7a_www.playgunz.com_mt_wod">
			<DIFFUSE>1.00000000 1.00000000 1.00000000</DIFFUSE>
			<AMBIENT>1.00000000 1.00000000 1.00000000</AMBIENT>
			<SPECULAR>1.00000000 1.00000000 1.00000000</SPECULAR>
			<DIFFUSEMAP>../GZ/VTHGRN_Momar/xcrate7a_www.playgunz.com.bmp</DIFFUSEMAP>
		</MATERIAL>
		<MATERIAL name="VTHGRN_Momar_xcrate7c_www.playgunz.com_mt_wod">
			<DIFFUSE>1.00000000 1.00000000 1.00000000</DIFFUSE>
			<AMBIENT>1.00000000 1.00000000 1.00000000</AMBIENT>
			<SPECULAR>1.00000000 1.00000000 1.00000000</SPECULAR>
			<DIFFUSEMAP>../GZ/VTHGRN_Momar/xcrate7c_www.playgunz.com.bmp</DIFFUSEMAP>
		</MATERIAL>
		<MATERIAL name="VTHGRN_Momar_lab1_stair2b_www.playgunz.com_mt_con">
			<DIFFUSE>1.00000000 1.00000000 1.00000000</DIFFUSE>
			<AMBIENT>1.00000000 1.00000000 1.00000000</AMBIENT>
			<SPECULAR>1.00000000 1.00000000 1.00000000</SPECULAR>
			<DIFFUSEMAP>../GZ/VTHGRN_Momar/lab1_stair2b_www.playgunz.com.bmp</DIFFUSEMAP>
		</MATERIAL>
		<MATERIAL name="VTHGRN_Momar_xS_WP_fifties_wall14x_www.playgunz.com_mt_con">
			<DIFFUSE>1.00000000 1.00000000 1.00000000</DIFFUSE>
			<AMBIENT>1.00000000 1.00000000 1.00000000</AMBIENT>
			<SPECULAR>1.00000000 1.00000000 1.00000000</SPECULAR>
			<DIFFUSEMAP>../GZ/VTHGRN_Momar/fifties_wall14x_www.playgunz.com.bmp</DIFFUSEMAP>
		</MATERIAL>
		<MATERIAL name="VTHGRN_Momar_strat_door5_www.playgunz.com_mt_wod">
			<DIFFUSE>1.00000000 1.00000000 1.00000000</DIFFUSE>
			<AMBIENT>1.00000000 1.00000000 1.00000000</AMBIENT>
			<SPECULAR>1.00000000 1.00000000 1.00000000</SPECULAR>
			<DIFFUSEMAP>../GZ/VTHGRN_Momar/strat_door5_www.playgunz.com.bmp</DIFFUSEMAP>
		</MATERIAL>
		<MATERIAL name="VTHGRN_Momar_lab1_bluxflr1_www.playgunz.com_mt_con">
			<DIFFUSE>1.00000000 1.00000000 1.00000000</DIFFUSE>
			<AMBIENT>1.00000000 1.00000000 1.00000000</AMBIENT>
			<SPECULAR>1.00000000 1.00000000 1.00000000</SPECULAR>
			<DIFFUSEMAP>../GZ/VTHGRN_Momar/lab1_bluxflr1_www.playgunz.com.bmp</DIFFUSEMAP>
		</MATERIAL>
		<MATERIAL name="VTHGRN_Momar_c_rockwall_www.playgunz.com_mt_con">
			<DIFFUSE>1.00000000 1.00000000 1.00000000</DIFFUSE>
			<AMBIENT>1.00000000 1.00000000 1.00000000</AMBIENT>
			<SPECULAR>1.00000000 1.00000000 1.00000000</SPECULAR>
			<DIFFUSEMAP>../GZ/VTHGRN_Momar/c_rockwall_www.playgunz.com.bmp</DIFFUSEMAP>
		</MATERIAL>
		<MATERIAL name="VTHGRN_Momar_xS_WP_c_tnnl_ccrete_www.playgunz.com_mt_con">
			<DIFFUSE>1.00000000 1.00000000 1.00000000</DIFFUSE>
			<AMBIENT>1.00000000 1.00000000 1.00000000</AMBIENT>
			<SPECULAR>1.00000000 1.00000000 1.00000000</SPECULAR>
			<DIFFUSEMAP>../GZ/VTHGRN_Momar/c_tnnl_ccrete_www.playgunz.com.bmp</DIFFUSEMAP>
		</MATERIAL>
		<MATERIAL name="VTHGRN_Momar_xS_WP_lab4_gad2a_www.playgunz.com_mt_con">
			<DIFFUSE>1.00000000 1.00000000 1.00000000</DIFFUSE>
			<AMBIENT>1.00000000 1.00000000 1.00000000</AMBIENT>
			<SPECULAR>1.00000000 1.00000000 1.00000000</SPECULAR>
			<DIFFUSEMAP>../GZ/VTHGRN_Momar/lab4_gad2a_www.playgunz.com.bmp</DIFFUSEMAP>
		</MATERIAL>
		<MATERIAL name="VTHGRN_Momar_xS_WP_strat_plaster2_www.playgunz.com_mt_con">
			<DIFFUSE>1.00000000 1.00000000 1.00000000</DIFFUSE>
			<AMBIENT>1.00000000 1.00000000 1.00000000</AMBIENT>
			<SPECULAR>1.00000000 1.00000000 1.00000000</SPECULAR>
			<DIFFUSEMAP>../GZ/VTHGRN_Momar/strat_plaster2_www.playgunz.com.bmp</DIFFUSEMAP>
		</MATERIAL>
		<MATERIAL name="VTHGRN_Momar_sign28_www.playgunz.com_mt_con">
			<DIFFUSE>1.00000000 1.00000000 1.00000000</DIFFUSE>
			<AMBIENT>1.00000000 1.00000000 1.00000000</AMBIENT>
			<SPECULAR>1.00000000 1.00000000 1.00000000</SPECULAR>
			<DIFFUSEMAP>../GZ/VTHGRN_Momar/sign28_www.playgunz.com.bmp</DIFFUSEMAP>
		</MATERIAL>
		<MATERIAL name="NULL_mt_con">
			<DIFFUSE>1.00000000 1.00000000 1.00000000</DIFFUSE>
			<AMBIENT>1.00000000 1.00000000 1.00000000</AMBIENT>
			<SPECULAR>1.00000000 1.00000000 1.00000000</SPECULAR>
			<DIFFUSEMAP>null</DIFFUSEMAP>
		</MATERIAL>
		<MATERIAL name="VTHGRN_Momar_xS_WP_smoe_wll2_www.playgunz.com_mt_con">
			<DIFFUSE>1.00000000 1.00000000 1.00000000</DIFFUSE>
			<AMBIENT>1.00000000 1.00000000 1.00000000</AMBIENT>
			<SPECULAR>1.00000000 1.00000000 1.00000000</SPECULAR>
			<DIFFUSEMAP>../GZ/VTHGRN_Momar/smoe_wll2_www.playgunz.com.bmp</DIFFUSEMAP>
		</MATERIAL>
		<MATERIAL name="VTHGRN_Momar_xS_WP_strat_roof_www.playgunz.com_mt_con">
			<DIFFUSE>1.00000000 1.00000000 1.00000000</DIFFUSE>
			<AMBIENT>1.00000000 1.00000000 1.00000000</AMBIENT>
			<SPECULAR>1.00000000 1.00000000 1.00000000</SPECULAR>
			<DIFFUSEMAP>../GZ/VTHGRN_Momar/strat_roof_www.playgunz.com.bmp</DIFFUSEMAP>
		</MATERIAL>
		<MATERIAL name="VTHGRN_Momar_xS_WP_zladder2_www.playgunz.com_mt_con">
			<DIFFUSE>1.00000000 1.00000000 1.00000000</DIFFUSE>
			<AMBIENT>1.00000000 1.00000000 1.00000000</AMBIENT>
			<SPECULAR>1.00000000 1.00000000 1.00000000</SPECULAR>
			<DIFFUSEMAP>../GZ/VTHGRN_Momar/zladder2_www.playgunz.com</DIFFUSEMAP>
		<USEOPACITY/>
		</MATERIAL>
		<MATERIAL name="VTHGRN_Momar_glassblue1_www.playgunz.com_mt_con">
			<DIFFUSE>1.00000000 1.00000000 1.00000000</DIFFUSE>
			<AMBIENT>1.00000000 1.00000000 1.00000000</AMBIENT>
			<SPECULAR>1.00000000 1.00000000 1.00000000</SPECULAR>
			<DIFFUSEMAP>../GZ/VTHGRN_Momar/glassblue1_www.playgunz.com</DIFFUSEMAP>
		<USEOPACITY/>
		</MATERIAL>
		<MATERIAL name="VTHGRN_Momar_xS_WP_zduct_vnt_www.playgunz.com_mt_con">
			<DIFFUSE>1.00000000 1.00000000 1.00000000</DIFFUSE>
			<AMBIENT>1.00000000 1.00000000 1.00000000</AMBIENT>
			<SPECULAR>1.00000000 1.00000000 1.00000000</SPECULAR>
			<DIFFUSEMAP>../GZ/VTHGRN_Momar/zduct_vnt_www.playgunz.com</DIFFUSEMAP>
		<USEOPACITY/>
		</MATERIAL>
		<MATERIAL name="VTHGRN_Momar_!c2a5_www.playgunz.com_mt_con">
			<DIFFUSE>1.00000000 1.00000000 1.00000000</DIFFUSE>
			<AMBIENT>1.00000000 1.00000000 1.00000000</AMBIENT>
			<SPECULAR>1.00000000 1.00000000 1.00000000</SPECULAR>
			<DIFFUSEMAP>../GZ/VTHGRN_Momar/!c2a5_www.playgunz.com</DIFFUSEMAP>
		<USEOPACITY/>
		</MATERIAL>
		<MATERIAL name="VTHGRN_Momar_xS_WP_!c2a5_www.playgunz.com_mt_con">
			<DIFFUSE>1.00000000 1.00000000 1.00000000</DIFFUSE>
			<AMBIENT>1.00000000 1.00000000 1.00000000</AMBIENT>
			<SPECULAR>1.00000000 1.00000000 1.00000000</SPECULAR>
			<DIFFUSEMAP>../GZ/VTHGRN_Momar/!c2a5_www.playgunz.com</DIFFUSEMAP>
		<USEOPACITY/>
		</MATERIAL>
		<MATERIAL name="VTHGRN_Momar_zfence3_www.playgunz.com_mt_con">
			<DIFFUSE>1.00000000 1.00000000 1.00000000</DIFFUSE>
			<AMBIENT>1.00000000 1.00000000 1.00000000</AMBIENT>
			<SPECULAR>1.00000000 1.00000000 1.00000000</SPECULAR>
			<DIFFUSEMAP>../GZ/VTHGRN_Momar/zfence3_www.playgunz.com</DIFFUSEMAP>
		<USEOPACITY/>
		</MATERIAL>
		<MATERIAL name="VTHGRN_Momar_xS_WP_+0crete_swtch1a_www.playgunz.com_mt_con">
			<DIFFUSE>1.00000000 1.00000000 1.00000000</DIFFUSE>
			<AMBIENT>1.00000000 1.00000000 1.00000000</AMBIENT>
			<SPECULAR>1.00000000 1.00000000 1.00000000</SPECULAR>
			<DIFFUSEMAP>../GZ/VTHGRN_Momar/+0crete_swtch1a_www.playgunz.com.bmp</DIFFUSEMAP>
		</MATERIAL>
		<MATERIAL name="VTHGRN_Momar_xS_WP_+a~drkmtl_scrn_www.playgunz.com_mt_con">
			<DIFFUSE>1.00000000 1.00000000 1.00000000</DIFFUSE>
			<AMBIENT>1.00000000 1.00000000 1.00000000</AMBIENT>
			<SPECULAR>1.00000000 1.00000000 1.00000000</SPECULAR>
			<DIFFUSEMAP>../GZ/VTHGRN_Momar/+a~drkmtl_scrn_www.playgunz.com.bmp</DIFFUSEMAP>
		</MATERIAL>
		<MATERIAL name="VTHGRN_Momar_xS_WP_+0fiftsstch4_www.playgunz.com_mt_con">
			<DIFFUSE>1.00000000 1.00000000 1.00000000</DIFFUSE>
			<AMBIENT>1.00000000 1.00000000 1.00000000</AMBIENT>
			<SPECULAR>1.00000000 1.00000000 1.00000000</SPECULAR>
			<DIFFUSEMAP>../GZ/VTHGRN_Momar/+0fiftsstch4_www.playgunz.com.bmp</DIFFUSEMAP>
		</MATERIAL>
		<MATERIAL name="VTHGRN_Momar_+0fiftsstch4_www.playgunz.com_mt_con">
			<DIFFUSE>1.00000000 1.00000000 1.00000000</DIFFUSE>
			<AMBIENT>1.00000000 1.00000000 1.00000000</AMBIENT>
			<SPECULAR>1.00000000 1.00000000 1.00000000</SPECULAR>
			<DIFFUSEMAP>../GZ/VTHGRN_Momar/+0fiftsstch4_www.playgunz.com.bmp</DIFFUSEMAP>
		</MATERIAL>
	</MATERIALLIST>
	<DUMMYLIST>
		<DUMMY name="spawn_solo_101">
			<POSITION>-2128.00000000 784.00000000 3272.00000000</POSITION>
			<DIRECTION>-1.00000000 0.00000000 0.00000000</DIRECTION>
		</DUMMY>
		<DUMMY name="spawn_solo_102">
			<POSITION>1000.00000000 464.00000000 3272.00000000</POSITION>
			<DIRECTION>0.00000000 1.00000000 0.00000000</DIRECTION>
		</DUMMY>
		<DUMMY name="spawn_team2_101">
			<POSITION>-2328.00000000 800.00000000 2832.00000000</POSITION>
			<DIRECTION>-1.00000000 0.00000000 0.00000000</DIRECTION>
		</DUMMY>
		<DUMMY name="spawn_team2_102">
			<POSITION>-968.00000000 880.00000000 2832.00000000</POSITION>
			<DIRECTION>-1.00000000 0.00000000 0.00000000</DIRECTION>
		</DUMMY>
		<DUMMY name="spawn_team2_103">
			<POSITION>-1108.00000000 480.00000000 2832.00000000</POSITION>
			<DIRECTION>-1.00000000 0.00000000 0.00000000</DIRECTION>
		</DUMMY>
		<DUMMY name="spawn_team2_104">
			<POSITION>-1508.00000000 480.00000000 2832.00000000</POSITION>
			<DIRECTION>-1.00000000 0.00000000 0.00000000</DIRECTION>
		</DUMMY>
		<DUMMY name="spawn_team2_105">
			<POSITION>-968.00000000 1200.00000000 2832.00000000</POSITION>
			<DIRECTION>-1.00000000 0.00000000 0.00000000</DIRECTION>
		</DUMMY>
		<DUMMY name="spawn_team2_106">
			<POSITION>-1328.00000000 1120.00000000 2832.00000000</POSITION>
			<DIRECTION>-1.00000000 0.00000000 0.00000000</DIRECTION>
		</DUMMY>
		<DUMMY name="spawn_team2_107">
			<POSITION>-1728.00000000 1120.00000000 2832.00000000</POSITION>
			<DIRECTION>-1.00000000 0.00000000 0.00000000</DIRECTION>
		</DUMMY>
		<DUMMY name="spawn_team2_108">
			<POSITION>-608.00000000 1360.00000000 2832.00000000</POSITION>
			<DIRECTION>-1.00000000 0.00000000 0.00000000</DIRECTION>
		</DUMMY>
		<DUMMY name="spawn_team2_109">
			<POSITION>-688.00000000 560.00000000 2832.00000000</POSITION>
			<DIRECTION>-1.00000000 0.00000000 0.00000000</DIRECTION>
		</DUMMY>
		<DUMMY name="spawn_team2_110">
			<POSITION>-2088.00000000 1040.00000000 2832.00000000</POSITION>
			<DIRECTION>-1.00000000 0.00000000 0.00000000</DIRECTION>
		</DUMMY>
		<DUMMY name="spawn_team1_101">
			<POSITION>3232.00000000 -1440.00000000 2312.00000000</POSITION>
			<DIRECTION>-1.00000000 0.00000000 0.00000000</DIRECTION>
		</DUMMY>
		<DUMMY name="spawn_team1_102">
			<POSITION>2792.00000000 -1800.00000000 2312.00000000</POSITION>
			<DIRECTION>-1.00000000 0.00000000 0.00000000</DIRECTION>
		</DUMMY>
		<DUMMY name="spawn_team1_103">
			<POSITION>3232.00000000 -1800.00000000 2312.00000000</POSITION>
			<DIRECTION>-1.00000000 0.00000000 0.00000000</DIRECTION>
		</DUMMY>
		<DUMMY name="spawn_team1_104">
			<POSITION>3592.00000000 -1800.00000000 2312.00000000</POSITION>
			<DIRECTION>-1.00000000 0.00000000 0.00000000</DIRECTION>
		</DUMMY>
		<DUMMY name="spawn_team1_105">
			<POSITION>2952.00000000 -2880.00000000 2312.00000000</POSITION>
			<DIRECTION>-1.00000000 0.00000000 0.00000000</DIRECTION>
		</DUMMY>
		<DUMMY name="spawn_team1_106">
			<POSITION>3392.00000000 -2520.00000000 2312.00000000</POSITION>
			<DIRECTION>-1.00000000 0.00000000 0.00000000</DIRECTION>
		</DUMMY>
		<DUMMY name="spawn_team1_107">
			<POSITION>3432.00000000 -2120.00000000 2312.00000000</POSITION>
			<DIRECTION>-1.00000000 0.00000000 0.00000000</DIRECTION>
		</DUMMY>
		<DUMMY name="spawn_team1_108">
			<POSITION>2792.00000000 -1440.00000000 2312.00000000</POSITION>
			<DIRECTION>-1.00000000 0.00000000 0.00000000</DIRECTION>
		</DUMMY>
		<DUMMY name="spawn_team1_109">
			<POSITION>2952.00000000 -2480.00000000 2312.00000000</POSITION>
			<DIRECTION>-1.00000000 0.00000000 0.00000000</DIRECTION>
		</DUMMY>
		<DUMMY name="spawn_team1_110">
			<POSITION>3592.00000000 -1440.00000000 2312.00000000</POSITION>
			<DIRECTION>-1.00000000 0.00000000 0.00000000</DIRECTION>
		</DUMMY>
		<DUMMY name="spawn_solo_103">
			<POSITION>-2352.00000000 2928.00000000 2272.00000000</POSITION>
			<DIRECTION>1.00000000 -0.00000000 0.00000000</DIRECTION>
		</DUMMY>
		<DUMMY name="spawn_solo_104">
			<POSITION>1304.00000000 2104.00000000 2352.00000000</POSITION>
			<DIRECTION>-0.00000000 -1.00000000 0.00000000</DIRECTION>
		</DUMMY>
		<DUMMY name="spawn_solo_105">
			<POSITION>3016.00000000 1168.00000000 2352.00000000</POSITION>
			<DIRECTION>-1.00000000 0.00000000 0.00000000</DIRECTION>
		</DUMMY>
		<DUMMY name="spawn_solo_106">
			<POSITION>2872.00000000 -224.00000000 2712.00000000</POSITION>
			<DIRECTION>-0.00000000 -1.00000000 0.00000000</DIRECTION>
		</DUMMY>
		<DUMMY name="spawn_solo_107">
			<POSITION>1424.00000000 -2488.00000000 2312.00000000</POSITION>
			<DIRECTION>1.00000000 -0.00000000 0.00000000</DIRECTION>
		</DUMMY>
		<DUMMY name="spawn_solo_108">
			<POSITION>1632.00000000 -1672.00000000 2312.00000000</POSITION>
			<DIRECTION>-1.00000000 0.00000000 0.00000000</DIRECTION>
		</DUMMY>
		<DUMMY name="spawn_solo_109">
			<POSITION>-488.00000000 -1304.00000000 2352.00000000</POSITION>
			<DIRECTION>1.00000000 -0.00000000 0.00000000</DIRECTION>
		</DUMMY>
		<DUMMY name="spawn_solo_110">
			<POSITION>1720.00000000 16.00000000 2352.00000000</POSITION>
			<DIRECTION>-1.00000000 0.00000000 0.00000000</DIRECTION>
		</DUMMY>
		<DUMMY name="spawn_solo_111">
			<POSITION>-48.00000000 1432.00000000 2352.00000000</POSITION>
			<DIRECTION>-1.00000000 0.00000000 0.00000000</DIRECTION>
		</DUMMY>
		<DUMMY name="spawn_solo_112">
			<POSITION>-1141.00000000 1476.00000000 2352.00000000</POSITION>
			<DIRECTION>-1.00000000 0.00000000 0.00000000</DIRECTION>
		</DUMMY>
		<DUMMY name="spawn_solo_113">
			<POSITION>-3904.00000000 864.00000000 2512.00000000</POSITION>
			<DIRECTION>1.00000000 -0.00000000 0.00000000</DIRECTION>
		</DUMMY>
		<DUMMY name="spawn_solo_114">
			<POSITION>-608.00000000 -352.00000000 2352.00000000</POSITION>
			<DIRECTION>-0.00000000 -1.00000000 0.00000000</DIRECTION>
		</DUMMY>
		<DUMMY name="spawn_solo_115">
			<POSITION>-208.00000000 -400.00000000 2352.00000000</POSITION>
			<DIRECTION>0.00000000 1.00000000 0.00000000</DIRECTION>
		</DUMMY>
		<DUMMY name="spawn_solo_116">
			<POSITION>-2112.00000000 464.00000000 2832.00000000</POSITION>
			<DIRECTION>-0.00000000 -1.00000000 0.00000000</DIRECTION>
		</DUMMY>
		<DUMMY name="spawn_solo_117">
			<POSITION>-1408.00000000 1544.00000000 2872.00000000</POSITION>
			<DIRECTION>-1.00000000 0.00000000 0.00000000</DIRECTION>
		</DUMMY>
		<DUMMY name="spawn_solo_118">
			<POSITION>832.00000000 1320.00000000 2832.00000000</POSITION>
			<DIRECTION>0.00000000 1.00000000 0.00000000</DIRECTION>
		</DUMMY>
		<DUMMY name="spawn_solo_119">
			<POSITION>-512.00000000 1680.00000000 2832.00000000</POSITION>
			<DIRECTION>0.00000000 1.00000000 0.00000000</DIRECTION>
		</DUMMY>
		<DUMMY name="spawn_solo_120">
			<POSITION>1712.00000000 160.00000000 2832.00000000</POSITION>
			<DIRECTION>-1.00000000 0.00000000 0.00000000</DIRECTION>
		</DUMMY>
	</DUMMYLIST>
</XML>
