<?xml version="1.0" encoding="UTF-8"?>
<XML>
	<GAMETYPE id="solo">
		<SPAWN item="blueflag" timesec="45000">
			<POSITION>1650 -991 80</POSITION>
		</SPAWN>
		<SPAWN item="redflag" timesec="45000">
			<POSITION>-72 1440 -1600</POSITION>
		</SPAWN>
		<SPAWN item="hp03" timesec="30000">
			<POSITION>2180 1765 1010</POSITION>
		</SPAWN>
		<SPAWN item="hp02" timesec="30000">
			<POSITION>-160 2 -1560</POSITION>
		</SPAWN>
		<SPAWN item="ap03" timesec="45000">
			<POSITION>223 1440 -560</POSITION>
		</SPAWN>
		<SPAWN item="ap02" timesec="30000">
			<POSITION>-899 -1161 -1280</POSITION>
		</SPAWN>
		<SPAWN item="bullet02" timesec="45000">
			<POSITION>-1280 1442 -320</POSITION>
		</SPAWN>
		<SPAWN item="bullet02" timesec="45000">
			<POSITION>1640 1753 -120</POSITION>
		</SPAWN>
	</GAMETYPE>
	<GAMETYPE id="team">
		<SPAWN item="blueflag" timesec="45000">
			<POSITION>1650 -991 80</POSITION>
		</SPAWN>
		<SPAWN item="redflag" timesec="45000">
			<POSITION>-72 1440 -1600</POSITION>
		</SPAWN>
		<SPAWN item="hp03" timesec="45000">
			<POSITION>-1280 1442 -320</POSITION>
		</SPAWN>
		<SPAWN item="ap03" timesec="45000">
			<POSITION>1640 1753 -120</POSITION>
		</SPAWN>
		<SPAWN item="bullet02" timesec="30000">
			<POSITION>-160 2 -1560</POSITION>
		</SPAWN>
	</GAMETYPE>
</XML>
