<?xml version="1.0"?>
<XML>
	<MATERIALLIST>
		<MATERIAL name="gzd_rz_hieroglyphic.bmp_mt_con">
			<DIFFUSE>0.5882353 0.5882353 0.5882353</DIFFUSE>
			<AMBIENT>true</AMBIENT>
			<SPECULAR>true</SPECULAR>
			<DIFFUSEMAP>gzd_rz_hieroglyphic.bmp.dds</DIFFUSEMAP>
		</MATERIAL>
		<MATERIAL name="gzd_rz_sand02.bmp_mt_snd">
			<DIFFUSE>0.5882353 0.5882353 0.5882353</DIFFUSE>
			<AMBIENT>true</AMBIENT>
			<SPECULAR>true</SPECULAR>
			<DIFFUSEMAP>gzd_rz_sand02.bmp.dds</DIFFUSEMAP>
		</MATERIAL>
		<MATERIAL name="12 - Default_mt_pnt">
			<DIFFUSE>0.5882353 0.5882353 0.5882353</DIFFUSE>
			<AMBIENT>true</AMBIENT>
			<SPECULAR>true</SPECULAR>
			<DIFFUSEMAP>palm_02.bmp.dds</DIFFUSEMAP>
		</MATERIAL>
		<MATERIAL name="gzd_rz_bridge_mt_wod.bmp">
			<DIFFUSE>0.5882353 0.5882353 0.5882353</DIFFUSE>
			<AMBIENT>true</AMBIENT>
			<SPECULAR>true</SPECULAR>
			<DIFFUSEMAP>gzd_rz_bridge.bmp.dds</DIFFUSEMAP>
		</MATERIAL>
		<MATERIAL name="beach_mt_snd">
			<DIFFUSE>0.5882353 0.5882353 0.5882353</DIFFUSE>
			<AMBIENT>true</AMBIENT>
			<SPECULAR>true</SPECULAR>
			<DIFFUSEMAP></DIFFUSEMAP>
		</MATERIAL>
		<MATERIAL name="stuff">
			<DIFFUSE>0.5882353 0.5882353 0.5882353</DIFFUSE>
			<AMBIENT>true</AMBIENT>
			<SPECULAR>true</SPECULAR>
			<DIFFUSEMAP></DIFFUSEMAP>
		</MATERIAL>
		<MATERIAL name="places_mt_pnt">
			<DIFFUSE>0.5882353 0.5882353 0.5882353</DIFFUSE>
			<AMBIENT>true</AMBIENT>
			<SPECULAR>true</SPECULAR>
			<DIFFUSEMAP></DIFFUSEMAP>
		</MATERIAL>
		<MATERIAL name="gzd_rz_lightexclude.bmp_mt_con">
			<DIFFUSE>0.5882353 0.5882353 0.5882353</DIFFUSE>
			<AMBIENT>true</AMBIENT>
			<SPECULAR>true</SPECULAR>
			<DIFFUSEMAP>gzd_rz_lightexclude.bmp.dds</DIFFUSEMAP>
		</MATERIAL>
		<MATERIAL name="gzd_rz_wall01.bmp_mt_con">
			<DIFFUSE>0.5882353 0.5882353 0.5882353</DIFFUSE>
			<AMBIENT>true</AMBIENT>
			<SPECULAR>true</SPECULAR>
			<DIFFUSEMAP>gzd_rz_wall01.bmp.dds</DIFFUSEMAP>
		</MATERIAL>
		<MATERIAL name="gzd_rz_floor.bmp_mt_con">
			<DIFFUSE>0.5882353 0.5882353 0.5882353</DIFFUSE>
			<AMBIENT>true</AMBIENT>
			<SPECULAR>true</SPECULAR>
			<DIFFUSEMAP>gzd_rz_floor.bmp.dds</DIFFUSEMAP>
		</MATERIAL>
		<MATERIAL name="isles_mt_drt">
			<DIFFUSE>0.5882353 0.5882353 0.5882353</DIFFUSE>
			<AMBIENT>true</AMBIENT>
			<SPECULAR>true</SPECULAR>
			<DIFFUSEMAP></DIFFUSEMAP>
		</MATERIAL>
		<MATERIAL name="crystal_mt_con">
			<DIFFUSE>0.5882353 0.5882353 0.5882353</DIFFUSE>
			<AMBIENT>true</AMBIENT>
			<SPECULAR>true</SPECULAR>
			<DIFFUSEMAP>gzd_rz_crystal.tga.dds</DIFFUSEMAP>
			<ADDITIVE/>
			<TWOSIDED/>
			<USEOPACITY/>
		</MATERIAL>
		<MATERIAL name="crystal_col_mt_con">
			<DIFFUSE>0.5882353 0.5882353 0.5882353</DIFFUSE>
			<AMBIENT>true</AMBIENT>
			<SPECULAR>true</SPECULAR>
			<DIFFUSEMAP></DIFFUSEMAP>
		</MATERIAL>
		<MATERIAL name="cyl_mt_con">
			<DIFFUSE>0.5882353 0.5882353 0.5882353</DIFFUSE>
			<AMBIENT>true</AMBIENT>
			<SPECULAR>true</SPECULAR>
			<DIFFUSEMAP></DIFFUSEMAP>
		</MATERIAL>
		<MATERIAL name="at_22 - Default_mt_wat">
			<DIFFUSE>0.5882353 0.5882353 0.5882353</DIFFUSE>
			<AMBIENT>true</AMBIENT>
			<SPECULAR>true</SPECULAR>
			<DIFFUSEMAP>gzd_rz_wallend.bmp.dds</DIFFUSEMAP>
		</MATERIAL>
		<MATERIAL name="08 - D9efault_mt_con">
			<DIFFUSE>0.5882353 0.5882353 0.5882353</DIFFUSE>
			<AMBIENT>true</AMBIENT>
			<SPECULAR>true</SPECULAR>
			<DIFFUSEMAP>gzd_rz_wall.bmp.dds</DIFFUSEMAP>
		</MATERIAL>
		<MATERIAL name="18 - Default_mt_con">
			<DIFFUSE>0.5882353 0.5882353 0.5882353</DIFFUSE>
			<AMBIENT>true</AMBIENT>
			<SPECULAR>true</SPECULAR>
			<DIFFUSEMAP>gzd_rz_wall.bmp.dds</DIFFUSEMAP>
		</MATERIAL>
		<MATERIAL name="boat_mt_drt">
			<DIFFUSE>0.5882353 0.5882353 0.5882353</DIFFUSE>
			<AMBIENT>true</AMBIENT>
			<SPECULAR>true</SPECULAR>
			<DIFFUSEMAP></DIFFUSEMAP>
		</MATERIAL>
		<MATERIAL name="clip">
			<DIFFUSE>0.5882353 0.5882353 0.5882353</DIFFUSE>
			<AMBIENT>true</AMBIENT>
			<SPECULAR>true</SPECULAR>
			<DIFFUSEMAP></DIFFUSEMAP>
		</MATERIAL>
	</MATERIALLIST>
	<LIGHTLIST>
		<LIGHT name="main_Omni_a 01">
			<POSITION>-10000.0000000 7716.3808594 12474.1464844</POSITION>
			<COLOR>1.0000000 1.0000000 1.0000000</COLOR>
			<INTENSITY>0.2000000</INTENSITY>
			<ATTENUATIONSTART>40000.0000000</ATTENUATIONSTART>
			<ATTENUATIONEND>40000.0000000</ATTENUATIONEND>
		</LIGHT>
		<LIGHT name="main_Omni_a 02">
			<POSITION>10000.0000000 7716.3808594 12474.1464844</POSITION>
			<COLOR>1.0000000 1.0000000 1.0000000</COLOR>
			<INTENSITY>0.2000000</INTENSITY>
			<ATTENUATIONSTART>40000.0000000</ATTENUATIONSTART>
			<ATTENUATIONEND>40000.0000000</ATTENUATIONEND>
		</LIGHT>
		<LIGHT name="main_Omni_a 04">
			<POSITION>10000.0000000 -12283.6191406 12474.1464844</POSITION>
			<COLOR>1.0000000 1.0000000 1.0000000</COLOR>
			<INTENSITY>0.2000000</INTENSITY>
			<ATTENUATIONSTART>40000.0000000</ATTENUATIONSTART>
			<ATTENUATIONEND>40000.0000000</ATTENUATIONEND>
		</LIGHT>
		<LIGHT name="main_Omni_a 03">
			<POSITION>-10000.0000000 -12283.6191406 12474.1464844</POSITION>
			<COLOR>1.0000000 1.0000000 1.0000000</COLOR>
			<INTENSITY>0.2000000</INTENSITY>
			<ATTENUATIONSTART>40000.0000000</ATTENUATIONSTART>
			<ATTENUATIONEND>40000.0000000</ATTENUATIONEND>
		</LIGHT>
		<LIGHT name="main_Omni_b 01">
			<POSITION>-10000.0000000 -12283.6191406 -7525.8535156</POSITION>
			<COLOR>1.0000000 1.0000000 1.0000000</COLOR>
			<INTENSITY>0.1200000</INTENSITY>
			<ATTENUATIONSTART>40000.0000000</ATTENUATIONSTART>
			<ATTENUATIONEND>40000.0000000</ATTENUATIONEND>
		</LIGHT>
		<LIGHT name="main_Omni_b 02">
			<POSITION>-10000.0000000 7716.3808594 -7525.8535156</POSITION>
			<COLOR>1.0000000 1.0000000 1.0000000</COLOR>
			<INTENSITY>0.1200000</INTENSITY>
			<ATTENUATIONSTART>40000.0000000</ATTENUATIONSTART>
			<ATTENUATIONEND>40000.0000000</ATTENUATIONEND>
		</LIGHT>
		<LIGHT name="main_Omni_b 03">
			<POSITION>10000.0000000 7716.3808594 -7525.8535156</POSITION>
			<COLOR>1.0000000 1.0000000 1.0000000</COLOR>
			<INTENSITY>0.1200000</INTENSITY>
			<ATTENUATIONSTART>40000.0000000</ATTENUATIONSTART>
			<ATTENUATIONEND>40000.0000000</ATTENUATIONEND>
		</LIGHT>
		<LIGHT name="main_Omni_b 04">
			<POSITION>10000.0000000 -12283.6191406 -7525.8535156</POSITION>
			<COLOR>1.0000000 1.0000000 1.0000000</COLOR>
			<INTENSITY>0.1200000</INTENSITY>
			<ATTENUATIONSTART>40000.0000000</ATTENUATIONSTART>
			<ATTENUATIONEND>40000.0000000</ATTENUATIONEND>
		</LIGHT>
		<LIGHT name="sun_Omni">
			<POSITION>16102.1982422 -16859.7832031 18748.3046875</POSITION>
			<COLOR>1.0000000 1.0000000 1.0000000</COLOR>
			<INTENSITY>1.4000000</INTENSITY>
			<ATTENUATIONSTART>70000.0000000</ATTENUATIONSTART>
			<ATTENUATIONEND>70000.0000000</ATTENUATIONEND>
			<CASTSHADOW/>
		</LIGHT>
		<LIGHT name="obj_Omni_lantern_a17">
			<POSITION>956.6623535 -205.4596558 450.6874390</POSITION>
			<COLOR>1.0000000 0.8392158 0.4078432</COLOR>
			<INTENSITY>1.0000000</INTENSITY>
			<ATTENUATIONSTART>370.0000000</ATTENUATIONSTART>
			<ATTENUATIONEND>900.0000000</ATTENUATIONEND>
			<CASTSHADOW/>
		</LIGHT>
		<LIGHT name="Omni_lantern_a18">
			<POSITION>956.6623535 -205.4596558 452.2638550</POSITION>
			<COLOR>1.0000000 0.6862745 0.4078432</COLOR>
			<INTENSITY>1.0000000</INTENSITY>
			<ATTENUATIONSTART>370.0000000</ATTENUATIONSTART>
			<ATTENUATIONEND>900.0000000</ATTENUATIONEND>
			<CASTSHADOW/>
		</LIGHT>
		<LIGHT name="Omni_lantern_a19">
			<POSITION>650.4450073 857.5777588 452.2638550</POSITION>
			<COLOR>1.0000000 0.6862745 0.4078432</COLOR>
			<INTENSITY>1.0000000</INTENSITY>
			<ATTENUATIONSTART>370.0000000</ATTENUATIONSTART>
			<ATTENUATIONEND>900.0000000</ATTENUATIONEND>
			<CASTSHADOW/>
		</LIGHT>
		<LIGHT name="obj_Omni_lantern_a18">
			<POSITION>650.4450073 857.5777588 450.6874390</POSITION>
			<COLOR>1.0000000 0.8392158 0.4078432</COLOR>
			<INTENSITY>1.0000000</INTENSITY>
			<ATTENUATIONSTART>370.0000000</ATTENUATIONSTART>
			<ATTENUATIONEND>900.0000000</ATTENUATIONEND>
			<CASTSHADOW/>
		</LIGHT>
		<LIGHT name="obj_Omni_lantern_a19">
			<POSITION>-1307.5988770 1285.5402832 450.6874390</POSITION>
			<COLOR>1.0000000 0.8392158 0.4078432</COLOR>
			<INTENSITY>1.0000000</INTENSITY>
			<ATTENUATIONSTART>370.0000000</ATTENUATIONSTART>
			<ATTENUATIONEND>900.0000000</ATTENUATIONEND>
			<CASTSHADOW/>
		</LIGHT>
		<LIGHT name="Omni_lantern_a20">
			<POSITION>-1307.5988770 1285.5402832 452.2638550</POSITION>
			<COLOR>1.0000000 0.6862745 0.4078432</COLOR>
			<INTENSITY>1.0000000</INTENSITY>
			<ATTENUATIONSTART>370.0000000</ATTENUATIONSTART>
			<ATTENUATIONEND>900.0000000</ATTENUATIONEND>
			<CASTSHADOW/>
		</LIGHT>
		<LIGHT name="obj_Omni_lantern_a20">
			<POSITION>374.7919006 1414.7336426 450.6874390</POSITION>
			<COLOR>1.0000000 0.8392158 0.4078432</COLOR>
			<INTENSITY>1.0000000</INTENSITY>
			<ATTENUATIONSTART>370.0000000</ATTENUATIONSTART>
			<ATTENUATIONEND>900.0000000</ATTENUATIONEND>
			<CASTSHADOW/>
		</LIGHT>
		<LIGHT name="Omni_lantern_a21">
			<POSITION>374.7919006 1414.7336426 452.2638550</POSITION>
			<COLOR>1.0000000 0.6862745 0.4078432</COLOR>
			<INTENSITY>1.0000000</INTENSITY>
			<ATTENUATIONSTART>370.0000000</ATTENUATIONSTART>
			<ATTENUATIONEND>900.0000000</ATTENUATIONEND>
			<CASTSHADOW/>
		</LIGHT>
		<LIGHT name="obj_Omni_lantern_a21">
			<POSITION>-150.4691620 -109.1519165 250.6874390</POSITION>
			<COLOR>1.0000000 0.8392158 0.4078432</COLOR>
			<INTENSITY>1.0000000</INTENSITY>
			<ATTENUATIONSTART>370.0000000</ATTENUATIONSTART>
			<ATTENUATIONEND>900.0000000</ATTENUATIONEND>
			<CASTSHADOW/>
		</LIGHT>
		<LIGHT name="Omni_lantern_a22">
			<POSITION>-150.4691620 -109.1519165 252.2638550</POSITION>
			<COLOR>1.0000000 0.6862745 0.4078432</COLOR>
			<INTENSITY>1.0000000</INTENSITY>
			<ATTENUATIONSTART>370.0000000</ATTENUATIONSTART>
			<ATTENUATIONEND>900.0000000</ATTENUATIONEND>
			<CASTSHADOW/>
		</LIGHT>
		<LIGHT name="Omni_lantern_a23">
			<POSITION>623.3516235 -1057.9256592 252.2638550</POSITION>
			<COLOR>1.0000000 0.6862745 0.4078432</COLOR>
			<INTENSITY>1.0000000</INTENSITY>
			<ATTENUATIONSTART>370.0000000</ATTENUATIONSTART>
			<ATTENUATIONEND>900.0000000</ATTENUATIONEND>
			<CASTSHADOW/>
		</LIGHT>
		<LIGHT name="obj_Omni_lantern_a22">
			<POSITION>623.3516235 -1057.9256592 250.6874390</POSITION>
			<COLOR>1.0000000 0.8392158 0.4078432</COLOR>
			<INTENSITY>1.0000000</INTENSITY>
			<ATTENUATIONSTART>370.0000000</ATTENUATIONSTART>
			<ATTENUATIONEND>900.0000000</ATTENUATIONEND>
			<CASTSHADOW/>
		</LIGHT>
		<LIGHT name="Omni_lantern_a24">
			<POSITION>170.4697113 -1483.4615479 252.2638550</POSITION>
			<COLOR>1.0000000 0.6862745 0.4078432</COLOR>
			<INTENSITY>1.0000000</INTENSITY>
			<ATTENUATIONSTART>370.0000000</ATTENUATIONSTART>
			<ATTENUATIONEND>900.0000000</ATTENUATIONEND>
			<CASTSHADOW/>
		</LIGHT>
		<LIGHT name="obj_Omni_lantern_a23">
			<POSITION>170.4697113 -1483.4615479 250.6874390</POSITION>
			<COLOR>1.0000000 0.8392158 0.4078432</COLOR>
			<INTENSITY>1.0000000</INTENSITY>
			<ATTENUATIONSTART>370.0000000</ATTENUATIONSTART>
			<ATTENUATIONEND>900.0000000</ATTENUATIONEND>
			<CASTSHADOW/>
		</LIGHT>
		<LIGHT name="Omni_lantern_a25">
			<POSITION>-442.4163818 -739.1640015 252.2638550</POSITION>
			<COLOR>1.0000000 0.6862745 0.4078432</COLOR>
			<INTENSITY>1.0000000</INTENSITY>
			<ATTENUATIONSTART>370.0000000</ATTENUATIONSTART>
			<ATTENUATIONEND>900.0000000</ATTENUATIONEND>
			<CASTSHADOW/>
		</LIGHT>
		<LIGHT name="obj_Omni_lantern_a24">
			<POSITION>-442.4163818 -739.1640015 250.6874390</POSITION>
			<COLOR>1.0000000 0.8392158 0.4078432</COLOR>
			<INTENSITY>1.0000000</INTENSITY>
			<ATTENUATIONSTART>370.0000000</ATTENUATIONSTART>
			<ATTENUATIONEND>900.0000000</ATTENUATIONEND>
			<CASTSHADOW/>
		</LIGHT>
	</LIGHTLIST>
	<OBJECTLIST>
		<OBJECT name="paradise_obj_cyl.elu">
		</OBJECT>
		<OBJECT name="paradise_obj_sky_paradise.elu">
		</OBJECT>
		<OBJECT name="paradise_obj_boat.elu">
		</OBJECT>
		<OBJECT name="paradise_obj_moai.elu">
		</OBJECT>
		<OBJECT name="paradise_obj_bridge.elu">
		</OBJECT>
		<OBJECT name="paradise_obj_abyss.elu">
		</OBJECT>
		<OBJECT name="paradise_obj_symbol.elu">
		</OBJECT>
		<OBJECT name="paradise_obj_isles_light.elu">
		</OBJECT>
		<OBJECT name="paradise_obj_light_mo.elu">
		</OBJECT>
		<OBJECT name="paradise_obj_palms.elu">
		</OBJECT>
		<OBJECT name="paradise_obj_flag.elu">
		</OBJECT>
		<OBJECT name="paradise_obj_waves1.elu">
		</OBJECT>
		<OBJECT name="paradise_obj_waves2.elu">
		</OBJECT>
		<OBJECT name="Paradise Island_obj_water_a 01.elu">
		</OBJECT>
	</OBJECTLIST>
	<DUMMYLIST>
		<DUMMY name="spawn_solo_101">
			<POSITION>5506.9409180 -1324.1064453 1874.4750977</POSITION>
			<DIRECTION>-0.0000000 1.0000000 0.0000000</DIRECTION>
		</DUMMY>
		<DUMMY name="spawn_solo_102">
			<POSITION>7311.3852539 -2928.4907227 2337.4658203</POSITION>
			<DIRECTION>-0.0000000 1.0000000 0.0000000</DIRECTION>
		</DUMMY>
		<DUMMY name="spawn_solo_103">
			<POSITION>7110.7700195 -1781.7958984 2352.2187500</POSITION>
			<DIRECTION>-0.0000000 1.0000000 0.0000000</DIRECTION>
		</DUMMY>
		<DUMMY name="spawn_solo_104">
			<POSITION>4180.1450195 -3950.9790039 2343.7382813</POSITION>
			<DIRECTION>-0.0000000 1.0000000 0.0000000</DIRECTION>
		</DUMMY>
		<DUMMY name="spawn_solo_105">
			<POSITION>6195.1123047 -4084.5227051 3660.6220703</POSITION>
			<DIRECTION>-0.0000000 1.0000000 0.0000000</DIRECTION>
		</DUMMY>
		<DUMMY name="spawn_solo_106">
			<POSITION>3810.5661621 -3349.2734375 3491.1777344</POSITION>
			<DIRECTION>-0.0000000 1.0000000 0.0000000</DIRECTION>
		</DUMMY>
		<DUMMY name="spawn_solo_107">
			<POSITION>4071.7653809 -2302.0895996 -214.0645752</POSITION>
			<DIRECTION>-0.0000000 1.0000000 0.0000000</DIRECTION>
		</DUMMY>
		<DUMMY name="spawn_solo_108">
			<POSITION>6455.3847656 -4011.8662109 2703.2465820</POSITION>
			<DIRECTION>-0.0000000 1.0000000 0.0000000</DIRECTION>
		</DUMMY>
		<DUMMY name="spawn_team1_101">
			<POSITION>5506.9409180 -1324.1064453 1874.4750977</POSITION>
			<DIRECTION>-0.0000000 1.0000000 0.0000000</DIRECTION>
		</DUMMY>
		<DUMMY name="spawn_team1_102">
			<POSITION>7311.3852539 -2928.4907227 2337.4658203</POSITION>
			<DIRECTION>-0.0000000 1.0000000 0.0000000</DIRECTION>
		</DUMMY>
		<DUMMY name="spawn_team1_103">
			<POSITION>7110.7700195 -1781.7958984 2352.2187500</POSITION>
			<DIRECTION>-0.0000000 1.0000000 0.0000000</DIRECTION>
		</DUMMY>
		<DUMMY name="spawn_team1_104">
			<POSITION>4180.1450195 -3950.9790039 2343.7382813</POSITION>
			<DIRECTION>-0.0000000 1.0000000 0.0000000</DIRECTION>
		</DUMMY>
		<DUMMY name="spawn_team1_105">
			<POSITION>6195.1123047 -4084.5227051 3660.6220703</POSITION>
			<DIRECTION>-0.0000000 1.0000000 0.0000000</DIRECTION>
		</DUMMY>
		<DUMMY name="spawn_team1_106">
			<POSITION>3810.5661621 -3349.2734375 3491.1777344</POSITION>
			<DIRECTION>-0.0000000 1.0000000 0.0000000</DIRECTION>
		</DUMMY>
		<DUMMY name="spawn_team1_107">
			<POSITION>4071.7653809 -2302.0895996 -214.0645752</POSITION>
			<DIRECTION>-0.0000000 1.0000000 0.0000000</DIRECTION>
		</DUMMY>
		<DUMMY name="spawn_team1_108">
			<POSITION>6455.3847656 -4011.8662109 2703.2465820</POSITION>
			<DIRECTION>-0.0000000 1.0000000 0.0000000</DIRECTION>
		</DUMMY>
		<DUMMY name="spawn_team2_101">
			<POSITION>5506.9409180 -1324.1064453 1874.4750977</POSITION>
			<DIRECTION>-0.0000000 1.0000000 0.0000000</DIRECTION>
		</DUMMY>
		<DUMMY name="spawn_team2_102">
			<POSITION>7311.3852539 -2928.4907227 2337.4658203</POSITION>
			<DIRECTION>-0.0000000 1.0000000 0.0000000</DIRECTION>
		</DUMMY>
		<DUMMY name="spawn_team2_103">
			<POSITION>7110.7700195 -1781.7958984 2352.2187500</POSITION>
			<DIRECTION>-0.0000000 1.0000000 0.0000000</DIRECTION>
		</DUMMY>
		<DUMMY name="spawn_team2_104">
			<POSITION>4180.1450195 -3950.9790039 2343.7382813</POSITION>
			<DIRECTION>-0.0000000 1.0000000 0.0000000</DIRECTION>
		</DUMMY>
		<DUMMY name="spawn_team2_105">
			<POSITION>6195.1123047 -4084.5227051 3660.6220703</POSITION>
			<DIRECTION>-0.0000000 1.0000000 0.0000000</DIRECTION>
		</DUMMY>
		<DUMMY name="spawn_team2_106">
			<POSITION>3810.5661621 -3349.2734375 3491.1777344</POSITION>
			<DIRECTION>-0.0000000 1.0000000 0.0000000</DIRECTION>
		</DUMMY>
		<DUMMY name="spawn_team2_107">
			<POSITION>4071.7653809 -2302.0895996 -214.0645752</POSITION>
			<DIRECTION>-0.0000000 1.0000000 0.0000000</DIRECTION>
		</DUMMY>
		<DUMMY name="spawn_team2_108">
			<POSITION>6455.3847656 -4011.8662109 2703.2465820</POSITION>
			<DIRECTION>-0.0000000 1.0000000 0.0000000</DIRECTION>
		</DUMMY>
		<DUMMY name="spawn_item_solo_hp02_01">
			<POSITION>5634.5888672 -3113.0725098 1699.8032227</POSITION>
			<DIRECTION>-0.0000000 1.0000000 0.0000000</DIRECTION>
		</DUMMY>
		<DUMMY name="spawn_item_solo_bullet02_01">
			<POSITION>6335.4531250 -3888.8283691 2703.2465820</POSITION>
			<DIRECTION>-0.0000000 1.0000000 0.0000000</DIRECTION>
		</DUMMY>
		<DUMMY name="spawn_item_solo_ap02_01">
			<POSITION>7198.1879883 -1905.9389648 2352.2187500</POSITION>
			<DIRECTION>-0.0000000 1.0000000 0.0000000</DIRECTION>
		</DUMMY>
		<DUMMY name="spawn_item_team_bullet02_01">
			<POSITION>5634.5888672 -3113.0725098 1699.8032227</POSITION>
			<DIRECTION>-0.0000000 1.0000000 0.0000000</DIRECTION>
		</DUMMY>
		<DUMMY name="wait_pos_01">
			<POSITION>5637.0302734 -3100.7807617 3293.7478027</POSITION>
			<DIRECTION>-0.0000000 1.0000000 0.0000000</DIRECTION>
		</DUMMY>
	</DUMMYLIST>
	<OCCLUSIONLIST>
	</OCCLUSIONLIST>
	<AMBIENTSOUNDLIST>
		<AMBIENTSOUND ObjName="snd_amb_b1_dropwater 01" type="b1" filename="amb_abyss_2d">
			<CENTER>5709.1650391 -3381.1823730 -2600.0000000</CENTER>
			<RADIUS>3500</RADIUS>
		</AMBIENTSOUND>
		<AMBIENTSOUND ObjName="snd_amb_a1_wind 02" type="a1" filename="amb_bird_2d">
			<CENTER>6596.3618164 -1409.1922607 516.7674561</CENTER>
			<RADIUS>500</RADIUS>
		</AMBIENTSOUND>
		<AMBIENTSOUND ObjName="snd_amb_a1_wind 03" type="a1" filename="amb_bird_2d">
			<CENTER>3733.6899414 -2461.0312500 549.5628662</CENTER>
			<RADIUS>500</RADIUS>
		</AMBIENTSOUND>
		<AMBIENTSOUND ObjName="snd_amb_a1_wind 04" type="a1" filename="amb_bridge_2d">
			<CENTER>3810.2812500 -2760.6342773 2124.3974609</CENTER>
			<RADIUS>600</RADIUS>
		</AMBIENTSOUND>
		<AMBIENTSOUND ObjName="snd_amb_a1_wind 05" type="a1" filename="amb_heavenly_2d">
			<CENTER>5624.6918945 -3102.3903809 1820.1225586</CENTER>
			<RADIUS>500</RADIUS>
		</AMBIENTSOUND>
		<AMBIENTSOUND ObjName="snd_amb_a1_wind 06" type="a1" filename="amb_heavenly_2d">
			<CENTER>7399.2822266 -2426.3325195 3141.8696289</CENTER>
			<RADIUS>500</RADIUS>
		</AMBIENTSOUND>
		<AMBIENTSOUND ObjName="snd_amb_a1_wind 07" type="a1" filename="amb_waves_2d">
			<CENTER>5474.8076172 -2764.7016602 32.1519775</CENTER>
			<RADIUS>4000</RADIUS>
		</AMBIENTSOUND>
	</AMBIENTSOUNDLIST>
	<FOG min="3500" max="6000">
		<R>0</R>
		<G>255</G>
		<B>159</B>
	</FOG>
	<GLOBAL>
		<fog_enable>TRUE</fog_enable>
		<fog_min>3500</fog_min>
		<fog_max>6000</fog_max>
		<fog_color>0,255,159</fog_color>
	</GLOBAL>
</XML>
