<?xml version="1.0"?>
<XML>
	<GAMETYPE id="solo">
		<SPAWN item="ap02" timesec="0">
			<POSITION>7198.1879883 -1905.9389648 2352.2187500</POSITION>
		</SPAWN>
		<SPAWN item="bullet02" timesec="0">
			<POSITION>6335.4531250 -3888.8283691 2703.2465820</POSITION>
		</SPAWN>
		<SPAWN item="hp02" timesec="0">
			<POSITION>5634.5888672 -3113.0725098 1699.8032227</POSITION>
		</SPAWN>
	</GAMETYPE>
	<GAMETYPE id="team">
		<SPAWN item="bullet02" timesec="0">
			<POSITION>5634.5888672 -3113.0725098 1699.8032227</POSITION>
		</SPAWN>
		<SPAWN item="blueflag" timesec="1">
			<POSITION>5506.9409180 -1324.1064453 1874.4750977</POSITION>
		</SPAWN>
		<SPAWN item="redflag" timesec="1">
			<POSITION>4071.7653809 -2302.0895996 -214.0645752</POSITION>
		</SPAWN>
	</GAMETYPE>
</XML>
