<?xml version="1.0" encoding="UTF-8"?>
<XML>
	<GAMETYPE id="solo">
		<SPAWN item="bullet02" timesec="45000">
			<POSITION>0.0000000 1284.8856201 279.5906677</POSITION>
		</SPAWN>
		<SPAWN item="hp02" timesec="30000">
			<POSITION>4799.7851563 -790.5439453 601.9998169</POSITION>
		</SPAWN>
		<SPAWN item="ap03" timesec="45000">
			<POSITION>0.0000000 -1798.4650879 -714.6474609</POSITION>
		</SPAWN>
		<SPAWN item="hp03" timesec="45000">
			<POSITION>-0.0000091 -2298.1274414 741.9470215</POSITION>
		</SPAWN>
		<SPAWN item="ap02" timesec="30000">
			<POSITION>-5423.1645508 -1336.1931152 704.1063843</POSITION>
		</SPAWN>
</GAMETYPE><GAMETYPE id="team">
		<SPAWN item="bullet02" timesec="45000">
			<POSITION>-0.0000016 -1798.4650879 -714.6474609</POSITION>
		</SPAWN>
		<SPAWN item="bullet02" timesec="45000">
			<POSITION>-0.0000001 -2090.2116699 1399.8809814</POSITION>
		</SPAWN>
</GAMETYPE>
</XML>

