<?xml version="1.0" encoding="UTF-8"?>
<XML>
	<MATERIALLIST>
		<MATERIAL name="cyber_chipeGREEN_mt_met">
			<DIFFUSE>1.00000000 1.00000000 1.00000000</DIFFUSE>
			<AMBIENT>1.00000000 1.00000000 1.00000000</AMBIENT>
			<SPECULAR>1.00000000 1.00000000 1.00000000</SPECULAR>
			<DIFFUSEMAP>cyber/chipeGREEN_mt_met.jpg</DIFFUSEMAP>
		</MATERIAL>
		<MATERIAL name="cyber_electricbuzzGREEN_mt_wat">
			<DIFFUSE>1.00000000 1.00000000 1.00000000</DIFFUSE>
			<AMBIENT>1.00000000 1.00000000 1.00000000</AMBIENT>
			<SPECULAR>1.00000000 1.00000000 1.00000000</SPECULAR>
			<DIFFUSEMAP>cyber/electricbuzzGREEN_mt_wat.jpg</DIFFUSEMAP>
		</MATERIAL>
		<MATERIAL name="cyber_chipfGREEN_mt_met">
			<DIFFUSE>1.00000000 1.00000000 1.00000000</DIFFUSE>
			<AMBIENT>1.00000000 1.00000000 1.00000000</AMBIENT>
			<SPECULAR>1.00000000 1.00000000 1.00000000</SPECULAR>
			<DIFFUSEMAP>cyber/chipfGREEN_mt_met.jpg</DIFFUSEMAP>
		</MATERIAL>
		<MATERIAL name="cyber_chipaGREEN_mt_met">
			<DIFFUSE>1.00000000 1.00000000 1.00000000</DIFFUSE>
			<AMBIENT>1.00000000 1.00000000 1.00000000</AMBIENT>
			<SPECULAR>1.00000000 1.00000000 1.00000000</SPECULAR>
			<DIFFUSEMAP>cyber/chipaGREEN_mt_met.png</DIFFUSEMAP>
		</MATERIAL>
		<MATERIAL name="cyber_cybermeshGREEN_mt_gls">
			<DIFFUSE>1.00000000 1.00000000 1.00000000</DIFFUSE>
			<AMBIENT>1.00000000 1.00000000 1.00000000</AMBIENT>
			<SPECULAR>1.00000000 1.00000000 1.00000000</SPECULAR>
			<DIFFUSEMAP>cyber/cybermeshGREEN_mt_gls.jpg</DIFFUSEMAP>
		</MATERIAL>
		<MATERIAL name="cyber_chipcGREEN_mt_met">
			<DIFFUSE>1.00000000 1.00000000 1.00000000</DIFFUSE>
			<AMBIENT>1.00000000 1.00000000 1.00000000</AMBIENT>
			<SPECULAR>1.00000000 1.00000000 1.00000000</SPECULAR>
			<DIFFUSEMAP>cyber/chipcGREEN_mt_met.jpg</DIFFUSEMAP>
		</MATERIAL>
		<MATERIAL name="cyber_chiphGREEN_mt_met">
			<DIFFUSE>1.00000000 1.00000000 1.00000000</DIFFUSE>
			<AMBIENT>1.00000000 1.00000000 1.00000000</AMBIENT>
			<SPECULAR>1.00000000 1.00000000 1.00000000</SPECULAR>
			<DIFFUSEMAP>cyber/chiphGREEN_mt_met.jpg</DIFFUSEMAP>
		</MATERIAL>
		<MATERIAL name="cyber_chipgGREEN_mt_met">
			<DIFFUSE>1.00000000 1.00000000 1.00000000</DIFFUSE>
			<AMBIENT>1.00000000 1.00000000 1.00000000</AMBIENT>
			<SPECULAR>1.00000000 1.00000000 1.00000000</SPECULAR>
			<DIFFUSEMAP>cyber/chipgGREEN_mt_met.jpg</DIFFUSEMAP>
		</MATERIAL>
		<MATERIAL name="cyber_energyGREEN_mt_gls">
			<DIFFUSE>1.00000000 1.00000000 1.00000000</DIFFUSE>
			<AMBIENT>1.00000000 1.00000000 1.00000000</AMBIENT>
			<SPECULAR>1.00000000 1.00000000 1.00000000</SPECULAR>
			<DIFFUSEMAP>cyber/energyGREEN_mt_gls.bmp</DIFFUSEMAP>
		</MATERIAL>
		<MATERIAL name="cyber_chipbGREEN_mt_met">
			<DIFFUSE>1.00000000 1.00000000 1.00000000</DIFFUSE>
			<AMBIENT>1.00000000 1.00000000 1.00000000</AMBIENT>
			<SPECULAR>1.00000000 1.00000000 1.00000000</SPECULAR>
			<DIFFUSEMAP>cyber/chipbGREEN_mt_met.png</DIFFUSEMAP>
		</MATERIAL>
		<MATERIAL name="NULL">
			<DIFFUSE>1.00000000 1.00000000 1.00000000</DIFFUSE>
			<AMBIENT>1.00000000 1.00000000 1.00000000</AMBIENT>
			<SPECULAR>1.00000000 1.00000000 1.00000000</SPECULAR>
			<DIFFUSEMAP>null</DIFFUSEMAP>
		</MATERIAL>
	</MATERIALLIST>
	<DUMMYLIST>
		<DUMMY name="spawn_solo_101">
			<POSITION>4252.98000000 1712.11000000 -1473.25000000</POSITION>
			<DIRECTION>-0.96351282 0.26766218 0.00000000</DIRECTION>
		</DUMMY>
		<DUMMY name="spawn_solo_102">
			<POSITION>1384.00000000 506.00000000 -1328.00000000</POSITION>
			<DIRECTION>-1.00000000 0.00000000 0.00000000</DIRECTION>
		</DUMMY>
		<DUMMY name="spawn_solo_103">
			<POSITION>-1211.13000000 2717.37000000 -1237.13000000</POSITION>
			<DIRECTION>0.76211491 0.64744179 0.00000000</DIRECTION>
		</DUMMY>
		<DUMMY name="spawn_solo_104">
			<POSITION>4625.63000000 488.25700000 1206.49000000</POSITION>
			<DIRECTION>-0.99972851 -0.02330048 0.00000000</DIRECTION>
		</DUMMY>
		<DUMMY name="spawn_solo_105">
			<POSITION>-4318.25000000 1034.37000000 463.36500000</POSITION>
			<DIRECTION>0.56909297 0.82227319 0.00000000</DIRECTION>
		</DUMMY>
		<DUMMY name="spawn_solo_106">
			<POSITION>-5469.12000000 -961.50600000 1472.48000000</POSITION>
			<DIRECTION>0.97761463 -0.21040351 0.00000000</DIRECTION>
		</DUMMY>
		<DUMMY name="spawn_solo_107">
			<POSITION>-3581.63000000 -677.50600000 -2119.52000000</POSITION>
			<DIRECTION>0.97761463 -0.21040351 0.00000000</DIRECTION>
		</DUMMY>
		<DUMMY name="spawn_solo_108">
			<POSITION>-371.13200000 1654.13000000 -2119.52000000</POSITION>
			<DIRECTION>-0.11152790 0.99376130 0.00000000</DIRECTION>
		</DUMMY>
		<DUMMY name="spawn_solo_109">
			<POSITION>3025.51000000 -625.74900000 -2119.52000000</POSITION>
			<DIRECTION>-0.40478093 -0.91441369 0.00000000</DIRECTION>
		</DUMMY>
		<DUMMY name="spawn_team2_101">
			<POSITION>4626.75000000 1257.49000000 330.38000000</POSITION>
			<DIRECTION>-1.00000000 0.00000000 0.00000000</DIRECTION>
		</DUMMY>
		<DUMMY name="spawn_team2_102">
			<POSITION>4626.38000000 489.25000000 1205.63000000</POSITION>
			<DIRECTION>-1.00000000 0.00000000 0.00000000</DIRECTION>
		</DUMMY>
		<DUMMY name="spawn_team2_103">
			<POSITION>4409.63000000 2373.88000000 1471.88000000</POSITION>
			<DIRECTION>-1.00000000 0.00000000 0.00000000</DIRECTION>
		</DUMMY>
		<DUMMY name="spawn_team2_104">
			<POSITION>4062.38000000 2712.75000000 1471.88000000</POSITION>
			<DIRECTION>-1.00000000 0.00000000 0.00000000</DIRECTION>
		</DUMMY>
		<DUMMY name="spawn_team2_105">
			<POSITION>4049.63000000 -1770.13000000 1471.88000000</POSITION>
			<DIRECTION>-1.00000000 0.00000000 0.00000000</DIRECTION>
		</DUMMY>
		<DUMMY name="spawn_team2_106">
			<POSITION>4387.63000000 -1419.51000000 1471.88000000</POSITION>
			<DIRECTION>-1.00000000 0.00000000 0.00000000</DIRECTION>
		</DUMMY>
		<DUMMY name="spawn_team2_107">
			<POSITION>4626.75000000 -278.51000000 330.38000000</POSITION>
			<DIRECTION>-1.00000000 0.00000000 0.00000000</DIRECTION>
		</DUMMY>
		<DUMMY name="spawn_team1_101">
			<POSITION>-5472.00000000 1752.00000000 1472.00000000</POSITION>
			<DIRECTION>0.99963457 -0.02703186 0.00000000</DIRECTION>
		</DUMMY>
		<DUMMY name="spawn_team1_102">
			<POSITION>-5472.00000000 472.00000000 1472.00000000</POSITION>
			<DIRECTION>0.99963457 -0.02703186 0.00000000</DIRECTION>
		</DUMMY>
		<DUMMY name="spawn_team1_103">
			<POSITION>-5472.00000000 472.00000000 1472.00000000</POSITION>
			<DIRECTION>0.99963457 -0.02703186 0.00000000</DIRECTION>
		</DUMMY>
		<DUMMY name="spawn_team1_104">
			<POSITION>-5472.00000000 728.00000000 1472.00000000</POSITION>
			<DIRECTION>0.99963457 -0.02703186 0.00000000</DIRECTION>
		</DUMMY>
		<DUMMY name="spawn_team1_105">
			<POSITION>-5472.00000000 216.00000000 1472.00000000</POSITION>
			<DIRECTION>0.99963457 -0.02703186 0.00000000</DIRECTION>
		</DUMMY>
		<DUMMY name="spawn_team1_106">
			<POSITION>-5472.00000000 984.00000000 1472.00000000</POSITION>
			<DIRECTION>0.99963457 -0.02703186 0.00000000</DIRECTION>
		</DUMMY>
		<DUMMY name="spawn_team1_107">
			<POSITION>-5472.00000000 -40.00000000 1472.00000000</POSITION>
			<DIRECTION>0.99963457 -0.02703186 0.00000000</DIRECTION>
		</DUMMY>
		<DUMMY name="spawn_team1_108">
			<POSITION>-5472.00000000 -808.00000000 1472.00000000</POSITION>
			<DIRECTION>0.99963457 -0.02703186 0.00000000</DIRECTION>
		</DUMMY>
	</DUMMYLIST>
</XML>
