<?xml version="1.0" encoding="UTF-8"?>
<XML>
	<MATERIALLIST>
		<MATERIAL name="Sienna_FloorsRegular0050_1_S">
			<DIFFUSE>1.00000000 1.00000000 1.00000000</DIFFUSE>
			<AMBIENT>1.00000000 1.00000000 1.00000000</AMBIENT>
			<SPECULAR>1.00000000 1.00000000 1.00000000</SPECULAR>
			<DIFFUSEMAP>Sienna/FloorsRegular0050_1_S.jpg</DIFFUSEMAP>
		</MATERIAL>
		<MATERIAL name="Sienna_box">
			<DIFFUSE>1.00000000 1.00000000 1.00000000</DIFFUSE>
			<AMBIENT>1.00000000 1.00000000 1.00000000</AMBIENT>
			<SPECULAR>1.00000000 1.00000000 1.00000000</SPECULAR>
			<DIFFUSEMAP>Sienna/box.tga</DIFFUSEMAP>
		</MATERIAL>
		<MATERIAL name="Sienna_BrickOldRounded0031_1_S">
			<DIFFUSE>1.00000000 1.00000000 1.00000000</DIFFUSE>
			<AMBIENT>1.00000000 1.00000000 1.00000000</AMBIENT>
			<SPECULAR>1.00000000 1.00000000 1.00000000</SPECULAR>
			<DIFFUSEMAP>Sienna/BrickOldRounded0031_1_S.jpg</DIFFUSEMAP>
		</MATERIAL>
		<MATERIAL name="Sienna_Sand0083_S">
			<DIFFUSE>1.00000000 1.00000000 1.00000000</DIFFUSE>
			<AMBIENT>1.00000000 1.00000000 1.00000000</AMBIENT>
			<SPECULAR>1.00000000 1.00000000 1.00000000</SPECULAR>
			<DIFFUSEMAP>Sienna/Sand0083_S.jpg</DIFFUSEMAP>
		</MATERIAL>
		<MATERIAL name="Sienna_WindowsBlocks0015_S">
			<DIFFUSE>1.00000000 1.00000000 1.00000000</DIFFUSE>
			<AMBIENT>1.00000000 1.00000000 1.00000000</AMBIENT>
			<SPECULAR>1.00000000 1.00000000 1.00000000</SPECULAR>
			<DIFFUSEMAP>Sienna/WindowsBlocks0015_S.jpg</DIFFUSEMAP>
		</MATERIAL>
		<MATERIAL name="Sienna_FloorsRounded0014_1_S">
			<DIFFUSE>1.00000000 1.00000000 1.00000000</DIFFUSE>
			<AMBIENT>1.00000000 1.00000000 1.00000000</AMBIENT>
			<SPECULAR>1.00000000 1.00000000 1.00000000</SPECULAR>
			<DIFFUSEMAP>Sienna/FloorsRounded0014_1_S.jpg</DIFFUSEMAP>
		</MATERIAL>
		<MATERIAL name="Sienna_RooftilesCeramic0051_S">
			<DIFFUSE>1.00000000 1.00000000 1.00000000</DIFFUSE>
			<AMBIENT>1.00000000 1.00000000 1.00000000</AMBIENT>
			<SPECULAR>1.00000000 1.00000000 1.00000000</SPECULAR>
			<DIFFUSEMAP>Sienna/RooftilesCeramic0051_S.jpg</DIFFUSEMAP>
		</MATERIAL>
		<MATERIAL name="Sienna_wood02">
			<DIFFUSE>1.00000000 1.00000000 1.00000000</DIFFUSE>
			<AMBIENT>1.00000000 1.00000000 1.00000000</AMBIENT>
			<SPECULAR>1.00000000 1.00000000 1.00000000</SPECULAR>
			<DIFFUSEMAP>Sienna/wood02.jpg</DIFFUSEMAP>
		</MATERIAL>
		<MATERIAL name="Sienna_DoorsMedieval0020_S">
			<DIFFUSE>1.00000000 1.00000000 1.00000000</DIFFUSE>
			<AMBIENT>1.00000000 1.00000000 1.00000000</AMBIENT>
			<SPECULAR>1.00000000 1.00000000 1.00000000</SPECULAR>
			<DIFFUSEMAP>Sienna/DoorsMedieval0020_S.jpg</DIFFUSEMAP>
		</MATERIAL>
		<MATERIAL name="Sienna_BrickOldRounded0010_S">
			<DIFFUSE>1.00000000 1.00000000 1.00000000</DIFFUSE>
			<AMBIENT>1.00000000 1.00000000 1.00000000</AMBIENT>
			<SPECULAR>1.00000000 1.00000000 1.00000000</SPECULAR>
			<DIFFUSEMAP>Sienna/BrickOldRounded0010_S.jpg</DIFFUSEMAP>
		</MATERIAL>
		<MATERIAL name="Sienna_DoorsHouseOld0001_S">
			<DIFFUSE>1.00000000 1.00000000 1.00000000</DIFFUSE>
			<AMBIENT>1.00000000 1.00000000 1.00000000</AMBIENT>
			<SPECULAR>1.00000000 1.00000000 1.00000000</SPECULAR>
			<DIFFUSEMAP>Sienna/DoorsHouseOld0001_S.jpg</DIFFUSEMAP>
		</MATERIAL>
		<MATERIAL name="Sienna_LeavesFloor0007_S">
			<DIFFUSE>1.00000000 1.00000000 1.00000000</DIFFUSE>
			<AMBIENT>1.00000000 1.00000000 1.00000000</AMBIENT>
			<SPECULAR>1.00000000 1.00000000 1.00000000</SPECULAR>
			<DIFFUSEMAP>Sienna/LeavesFloor0007_S.jpg</DIFFUSEMAP>
		</MATERIAL>
		<MATERIAL name="Sienna_WindowsIndustrial0069_S">
			<DIFFUSE>1.00000000 1.00000000 1.00000000</DIFFUSE>
			<AMBIENT>1.00000000 1.00000000 1.00000000</AMBIENT>
			<SPECULAR>1.00000000 1.00000000 1.00000000</SPECULAR>
			<DIFFUSEMAP>Sienna/WindowsIndustrial0069_S.jpg</DIFFUSEMAP>
		</MATERIAL>
		<MATERIAL name="Sienna_WindowsIndustrial0058_1_S">
			<DIFFUSE>1.00000000 1.00000000 1.00000000</DIFFUSE>
			<AMBIENT>1.00000000 1.00000000 1.00000000</AMBIENT>
			<SPECULAR>1.00000000 1.00000000 1.00000000</SPECULAR>
			<DIFFUSEMAP>Sienna/WindowsIndustrial0058_1_S.jpg</DIFFUSEMAP>
		</MATERIAL>
		<MATERIAL name="Sienna_DoorsIndustrial0011_S">
			<DIFFUSE>1.00000000 1.00000000 1.00000000</DIFFUSE>
			<AMBIENT>1.00000000 1.00000000 1.00000000</AMBIENT>
			<SPECULAR>1.00000000 1.00000000 1.00000000</SPECULAR>
			<DIFFUSEMAP>Sienna/DoorsIndustrial0011_S.jpg</DIFFUSEMAP>
		</MATERIAL>
		<MATERIAL name="Sienna_Sky003">
			<DIFFUSE>1.00000000 1.00000000 1.00000000</DIFFUSE>
			<AMBIENT>1.00000000 1.00000000 1.00000000</AMBIENT>
			<SPECULAR>1.00000000 1.00000000 1.00000000</SPECULAR>
			<DIFFUSEMAP>Sienna/Sky003.png</DIFFUSEMAP>
		</MATERIAL>
	</MATERIALLIST>
	<DUMMYLIST>
		<DUMMY name="spawn_solo_101">
			<POSITION>-1880.00000000 -2456.00000000 -56.00000000</POSITION>
			<DIRECTION>1.00000000 -0.00000000 0.00000000</DIRECTION>
		</DUMMY>
		<DUMMY name="spawn_team1_101">
			<POSITION>-1912.00000000 -2456.00000000 -56.00000000</POSITION>
			<DIRECTION>1.00000000 -0.00000000 0.00000000</DIRECTION>
		</DUMMY>
		<DUMMY name="spawn_team1_102">
			<POSITION>-1912.00000000 -2352.00000000 -56.00000000</POSITION>
			<DIRECTION>1.00000000 -0.00000000 0.00000000</DIRECTION>
		</DUMMY>
		<DUMMY name="spawn_team1_103">
			<POSITION>-1912.00000000 -2552.00000000 -56.00000000</POSITION>
			<DIRECTION>1.00000000 -0.00000000 0.00000000</DIRECTION>
		</DUMMY>
		<DUMMY name="spawn_team1_104">
			<POSITION>-1792.00000000 -2456.00000000 -56.00000000</POSITION>
			<DIRECTION>1.00000000 -0.00000000 0.00000000</DIRECTION>
		</DUMMY>
		<DUMMY name="spawn_team1_105">
			<POSITION>-1792.00000000 -2352.00000000 -56.00000000</POSITION>
			<DIRECTION>1.00000000 -0.00000000 0.00000000</DIRECTION>
		</DUMMY>
		<DUMMY name="spawn_team1_106">
			<POSITION>-1792.00000000 -2552.00000000 -56.00000000</POSITION>
			<DIRECTION>1.00000000 -0.00000000 0.00000000</DIRECTION>
		</DUMMY>
		<DUMMY name="spawn_team1_107">
			<POSITION>-1680.00000000 -2416.00000000 -56.00000000</POSITION>
			<DIRECTION>1.00000000 -0.00000000 0.00000000</DIRECTION>
		</DUMMY>
		<DUMMY name="spawn_team1_108">
			<POSITION>-1680.00000000 -2504.00000000 -56.00000000</POSITION>
			<DIRECTION>1.00000000 -0.00000000 0.00000000</DIRECTION>
		</DUMMY>
		<DUMMY name="spawn_team2_101">
			<POSITION>-1464.00000000 1056.00000000 -56.00000000</POSITION>
			<DIRECTION>0.00000000 1.00000000 0.00000000</DIRECTION>
		</DUMMY>
		<DUMMY name="spawn_team2_102">
			<POSITION>-1568.00000000 1056.00000000 -56.00000000</POSITION>
			<DIRECTION>0.00000000 1.00000000 0.00000000</DIRECTION>
		</DUMMY>
		<DUMMY name="spawn_team2_103">
			<POSITION>-1672.00000000 1056.00000000 -56.00000000</POSITION>
			<DIRECTION>0.00000000 1.00000000 0.00000000</DIRECTION>
		</DUMMY>
		<DUMMY name="spawn_team2_104">
			<POSITION>-1832.00000000 1056.00000000 -48.00000000</POSITION>
			<DIRECTION>0.00000000 1.00000000 0.00000000</DIRECTION>
		</DUMMY>
		<DUMMY name="spawn_team2_105">
			<POSITION>-1464.00000000 896.00000000 -56.00000000</POSITION>
			<DIRECTION>0.00000000 1.00000000 0.00000000</DIRECTION>
		</DUMMY>
		<DUMMY name="spawn_team2_106">
			<POSITION>-1568.00000000 896.00000000 -56.00000000</POSITION>
			<DIRECTION>0.00000000 1.00000000 0.00000000</DIRECTION>
		</DUMMY>
		<DUMMY name="spawn_team2_107">
			<POSITION>-1672.00000000 896.00000000 -56.00000000</POSITION>
			<DIRECTION>0.00000000 1.00000000 0.00000000</DIRECTION>
		</DUMMY>
		<DUMMY name="spawn_team2_108">
			<POSITION>-1832.00000000 896.00000000 -48.00000000</POSITION>
			<DIRECTION>0.00000000 1.00000000 0.00000000</DIRECTION>
		</DUMMY>
		<DUMMY name="spawn_solo_102">
			<POSITION>-1672.00000000 976.00000000 -48.00000000</POSITION>
			<DIRECTION>0.00000000 1.00000000 0.00000000</DIRECTION>
		</DUMMY>
		<DUMMY name="spawn_solo_103">
			<POSITION>-536.00000000 696.00000000 184.00000000</POSITION>
			<DIRECTION>1.00000000 -0.00000000 0.00000000</DIRECTION>
		</DUMMY>
		<DUMMY name="spawn_solo_104">
			<POSITION>1296.00000000 920.00000000 120.00000000</POSITION>
			<DIRECTION>1.00000000 -0.00000000 0.00000000</DIRECTION>
		</DUMMY>
		<DUMMY name="spawn_solo_105">
			<POSITION>5320.00000000 2888.00000000 -48.00000000</POSITION>
			<DIRECTION>-1.00000000 0.00000000 0.00000000</DIRECTION>
		</DUMMY>
		<DUMMY name="spawn_solo_106">
			<POSITION>968.00000000 -5392.00000000 -56.00000000</POSITION>
			<DIRECTION>-0.00000000 -1.00000000 0.00000000</DIRECTION>
		</DUMMY>
	</DUMMYLIST>
</XML>
