<?xml version="1.0" encoding="UTF-8"?>
<XML>
	<MATERIALLIST>
		<MATERIAL name="heroskill4_brickold5_mt_con">
			<DIFFUSE>1.00000000 1.00000000 1.00000000</DIFFUSE>
			<AMBIENT>1.00000000 1.00000000 1.00000000</AMBIENT>
			<SPECULAR>1.00000000 1.00000000 1.00000000</SPECULAR>
			<DIFFUSEMAP>heroskill4/brickold5.jpg</DIFFUSEMAP>
		</MATERIAL>
		<MATERIAL name="heroskill4_funky_texture_base_036_mt_con">
			<DIFFUSE>1.00000000 1.00000000 1.00000000</DIFFUSE>
			<AMBIENT>1.00000000 1.00000000 1.00000000</AMBIENT>
			<SPECULAR>1.00000000 1.00000000 1.00000000</SPECULAR>
			<DIFFUSEMAP>heroskill4/funky_texture_base_036.png</DIFFUSEMAP>
		</MATERIAL>
		<MATERIAL name="MCBlocks_stonebrick_mt_con">
			<DIFFUSE>1.00000000 1.00000000 1.00000000</DIFFUSE>
			<AMBIENT>1.00000000 1.00000000 1.00000000</AMBIENT>
			<SPECULAR>1.00000000 1.00000000 1.00000000</SPECULAR>
			<DIFFUSEMAP>MCBlocks/stonebrick.png</DIFFUSEMAP>
		</MATERIAL>
		<MATERIAL name="dv4_duster4blue_mt_con">
			<DIFFUSE>1.00000000 1.00000000 1.00000000</DIFFUSE>
			<AMBIENT>1.00000000 1.00000000 1.00000000</AMBIENT>
			<SPECULAR>1.00000000 1.00000000 1.00000000</SPECULAR>
			<DIFFUSEMAP>dv4/duster4blue.png</DIFFUSEMAP>
		</MATERIAL>
		<MATERIAL name="Colors_blue">
			<DIFFUSE>1.00000000 1.00000000 1.00000000</DIFFUSE>
			<AMBIENT>1.00000000 1.00000000 1.00000000</AMBIENT>
			<SPECULAR>1.00000000 1.00000000 1.00000000</SPECULAR>
			<DIFFUSEMAP>Colors/blue.tga</DIFFUSEMAP>
		</MATERIAL>
		<MATERIAL name="MCBlocks_diamond_ore_mt_con">
			<DIFFUSE>1.00000000 1.00000000 1.00000000</DIFFUSE>
			<AMBIENT>1.00000000 1.00000000 1.00000000</AMBIENT>
			<SPECULAR>1.00000000 1.00000000 1.00000000</SPECULAR>
			<DIFFUSEMAP>MCBlocks/diamond_ore.png</DIFFUSEMAP>
		</MATERIAL>
		<MATERIAL name="common_nocleanBlue_mt_con">
			<DIFFUSE>1.00000000 1.00000000 1.00000000</DIFFUSE>
			<AMBIENT>1.00000000 1.00000000 1.00000000</AMBIENT>
			<SPECULAR>1.00000000 1.00000000 1.00000000</SPECULAR>
			<DIFFUSEMAP>common/nocleanBlue.jpg</DIFFUSEMAP>
		</MATERIAL>
		<MATERIAL name="heroskill4_nocleanBlue_mt_con">
			<DIFFUSE>1.00000000 1.00000000 1.00000000</DIFFUSE>
			<AMBIENT>1.00000000 1.00000000 1.00000000</AMBIENT>
			<SPECULAR>1.00000000 1.00000000 1.00000000</SPECULAR>
			<DIFFUSEMAP>heroskill4/nocleanBlue.jpg</DIFFUSEMAP>
		</MATERIAL>
		<MATERIAL name="Colors_white">
			<DIFFUSE>1.00000000 1.00000000 1.00000000</DIFFUSE>
			<AMBIENT>1.00000000 1.00000000 1.00000000</AMBIENT>
			<SPECULAR>1.00000000 1.00000000 1.00000000</SPECULAR>
			<DIFFUSEMAP>Colors/white.tga</DIFFUSEMAP>
		</MATERIAL>
		<MATERIAL name="shader1_brickold5_mt_con">
			<DIFFUSE>1.00000000 1.00000000 1.00000000</DIFFUSE>
			<AMBIENT>1.00000000 1.00000000 1.00000000</AMBIENT>
			<SPECULAR>1.00000000 1.00000000 1.00000000</SPECULAR>
			<DIFFUSEMAP>shader1/brickold5.jpg</DIFFUSEMAP>
		</MATERIAL>
		<MATERIAL name="dv4_duster4grey_mt_con">
			<DIFFUSE>1.00000000 1.00000000 1.00000000</DIFFUSE>
			<AMBIENT>1.00000000 1.00000000 1.00000000</AMBIENT>
			<SPECULAR>1.00000000 1.00000000 1.00000000</SPECULAR>
			<DIFFUSEMAP>dv4/duster4grey.png</DIFFUSEMAP>
		</MATERIAL>
		<MATERIAL name="heroskill4_sky_blue_glass_tile_background_seamless_mt_con">
			<DIFFUSE>1.00000000 1.00000000 1.00000000</DIFFUSE>
			<AMBIENT>1.00000000 1.00000000 1.00000000</AMBIENT>
			<SPECULAR>1.00000000 1.00000000 1.00000000</SPECULAR>
			<DIFFUSEMAP>heroskill4/sky_blue_glass_tile_background_seamless.jpg</DIFFUSEMAP>
		</MATERIAL>
		<MATERIAL name="minecraft_stonebrick128_mt_con">
			<DIFFUSE>1.00000000 1.00000000 1.00000000</DIFFUSE>
			<AMBIENT>1.00000000 1.00000000 1.00000000</AMBIENT>
			<SPECULAR>1.00000000 1.00000000 1.00000000</SPECULAR>
			<DIFFUSEMAP>minecraft/stonebrick128.jpg</DIFFUSEMAP>
		</MATERIAL>
		<MATERIAL name="MCBlocks_stone_mt_con">
			<DIFFUSE>1.00000000 1.00000000 1.00000000</DIFFUSE>
			<AMBIENT>1.00000000 1.00000000 1.00000000</AMBIENT>
			<SPECULAR>1.00000000 1.00000000 1.00000000</SPECULAR>
			<DIFFUSEMAP>MCBlocks/stone.png</DIFFUSEMAP>
		</MATERIAL>
		<MATERIAL name="common_Rock2_mt_con">
			<DIFFUSE>1.00000000 1.00000000 1.00000000</DIFFUSE>
			<AMBIENT>1.00000000 1.00000000 1.00000000</AMBIENT>
			<SPECULAR>1.00000000 1.00000000 1.00000000</SPECULAR>
			<DIFFUSEMAP>common/Rock2.png</DIFFUSEMAP>
		</MATERIAL>
	</MATERIALLIST>
	<DUMMYLIST>
		<DUMMY name="spawn_solo_101">
			<POSITION>96.00000000 0.00000000 16.00000000</POSITION>
			<DIRECTION>1.00000000 -0.00000000 0.00000000</DIRECTION>
		</DUMMY>
		<DUMMY name="spawn_solo_102">
			<POSITION>32.00000000 0.00000000 16.00000000</POSITION>
			<DIRECTION>-1.00000000 0.00000000 0.00000000</DIRECTION>
		</DUMMY>
	</DUMMYLIST>
<FOG min="0" max="12000">
		<R>62</R>
		<G>82</G>
		<B>113</B>
	</FOG>
</XML>
