<?xml version="1.0" encoding="UTF-8"?>
<XML>
<GAMETYPE id="solo">
<SPAWN item="blueflag" timesec="5000">
<POSITION>-2907.6 456.3 -87.8</POSITION>
</SPAWN>
<SPAWN item="redflag" timesec="5000">
<POSITION>-3559.3 456.3 -87.8</POSITION>
</SPAWN>
</GAMETYPE><GAMETYPE id="team">
<SPAWN item="blueflag" timesec="5000">
<POSITION>-2907.6 456.3 -87.8</POSITION>
</SPAWN>
<SPAWN item="redflag" timesec="5000">
<POSITION>-3559.3 456.3 -87.8</POSITION>
</SPAWN>
</GAMETYPE>
	<GAMETYPE id="solo">
	</GAMETYPE>

	<GAMETYPE id="team">
	</GAMETYPE>
</XML>
