<?xml version="1.0" encoding="UTF-8"?>
<XML>
	<MATERIALLIST>
		<MATERIAL name="Gunz_TheSecondDuel-Nick_22222">
			<DIFFUSE>1.00000000 1.00000000 1.00000000</DIFFUSE>
			<AMBIENT>1.00000000 1.00000000 1.00000000</AMBIENT>
			<SPECULAR>1.00000000 1.00000000 1.00000000</SPECULAR>
			<DIFFUSEMAP>Gunz_TheSecondDuel-Nick/22222.tga</DIFFUSEMAP>
		</MATERIAL>
		<MATERIAL name="Floors_zz_grass05">
			<DIFFUSE>1.00000000 1.00000000 1.00000000</DIFFUSE>
			<AMBIENT>1.00000000 1.00000000 1.00000000</AMBIENT>
			<SPECULAR>1.00000000 1.00000000 1.00000000</SPECULAR>
			<DIFFUSEMAP>Floors/zz_grass05.jpg</DIFFUSEMAP>
		</MATERIAL>
		<MATERIAL name="Gunz_TheSecondDuel-Nick_555151">
			<DIFFUSE>1.00000000 1.00000000 1.00000000</DIFFUSE>
			<AMBIENT>1.00000000 1.00000000 1.00000000</AMBIENT>
			<SPECULAR>1.00000000 1.00000000 1.00000000</SPECULAR>
			<DIFFUSEMAP>Gunz_TheSecondDuel-Nick/555151.tga</DIFFUSEMAP>
		</MATERIAL>
		<MATERIAL name="Gunz_TheSecondDuel-Nick_71">
			<DIFFUSE>1.00000000 1.00000000 1.00000000</DIFFUSE>
			<AMBIENT>1.00000000 1.00000000 1.00000000</AMBIENT>
			<SPECULAR>1.00000000 1.00000000 1.00000000</SPECULAR>
			<DIFFUSEMAP>Gunz_TheSecondDuel-Nick/71.tga</DIFFUSEMAP>
		</MATERIAL>
		<MATERIAL name="Gunz_TheSecondDuel-Nick_111111">
			<DIFFUSE>1.00000000 1.00000000 1.00000000</DIFFUSE>
			<AMBIENT>1.00000000 1.00000000 1.00000000</AMBIENT>
			<SPECULAR>1.00000000 1.00000000 1.00000000</SPECULAR>
			<DIFFUSEMAP>Gunz_TheSecondDuel-Nick/111111.tga</DIFFUSEMAP>
		</MATERIAL>
		<MATERIAL name="Gunz_TheSecondDuel-Nick_1314">
			<DIFFUSE>1.00000000 1.00000000 1.00000000</DIFFUSE>
			<AMBIENT>1.00000000 1.00000000 1.00000000</AMBIENT>
			<SPECULAR>1.00000000 1.00000000 1.00000000</SPECULAR>
			<DIFFUSEMAP>Gunz_TheSecondDuel-Nick/1314.tga</DIFFUSEMAP>
		</MATERIAL>
		<MATERIAL name="de_aztec_de_aztec_material_38">
			<DIFFUSE>1.00000000 1.00000000 1.00000000</DIFFUSE>
			<AMBIENT>1.00000000 1.00000000 1.00000000</AMBIENT>
			<SPECULAR>1.00000000 1.00000000 1.00000000</SPECULAR>
			<DIFFUSEMAP>de_aztec/de_aztec_material_38.tga</DIFFUSEMAP>
		</MATERIAL>
		<MATERIAL name="Gunz_TheSecondDuel-Nick_22">
			<DIFFUSE>1.00000000 1.00000000 1.00000000</DIFFUSE>
			<AMBIENT>1.00000000 1.00000000 1.00000000</AMBIENT>
			<SPECULAR>1.00000000 1.00000000 1.00000000</SPECULAR>
			<DIFFUSEMAP>Gunz_TheSecondDuel-Nick/22.tga</DIFFUSEMAP>
		</MATERIAL>
		<MATERIAL name="Gunz_TheSecondDuel-Nick_33">
			<DIFFUSE>1.00000000 1.00000000 1.00000000</DIFFUSE>
			<AMBIENT>1.00000000 1.00000000 1.00000000</AMBIENT>
			<SPECULAR>1.00000000 1.00000000 1.00000000</SPECULAR>
			<DIFFUSEMAP>Gunz_TheSecondDuel-Nick/33.tga</DIFFUSEMAP>
		</MATERIAL>
		<MATERIAL name="Gunz_TheSecondDuel-Nick_+0~fifties_lgt2">
			<DIFFUSE>1.00000000 1.00000000 1.00000000</DIFFUSE>
			<AMBIENT>1.00000000 1.00000000 1.00000000</AMBIENT>
			<SPECULAR>1.00000000 1.00000000 1.00000000</SPECULAR>
			<DIFFUSEMAP>Gunz_TheSecondDuel-Nick/+0~fifties_lgt2.bmp</DIFFUSEMAP>
		</MATERIAL>
		<MATERIAL name="Gunz_TheSecondDuel-Nick_14652">
			<DIFFUSE>1.00000000 1.00000000 1.00000000</DIFFUSE>
			<AMBIENT>1.00000000 1.00000000 1.00000000</AMBIENT>
			<SPECULAR>1.00000000 1.00000000 1.00000000</SPECULAR>
			<DIFFUSEMAP>Gunz_TheSecondDuel-Nick/14652.tga</DIFFUSEMAP>
		</MATERIAL>
		<MATERIAL name="Gunz_TheSecondDuel-Nick_10">
			<DIFFUSE>1.00000000 1.00000000 1.00000000</DIFFUSE>
			<AMBIENT>1.00000000 1.00000000 1.00000000</AMBIENT>
			<SPECULAR>1.00000000 1.00000000 1.00000000</SPECULAR>
			<DIFFUSEMAP>Gunz_TheSecondDuel-Nick/10.tga</DIFFUSEMAP>
		</MATERIAL>
		<MATERIAL name="Gunz_TheSecondDuel-Nick_12314">
			<DIFFUSE>1.00000000 1.00000000 1.00000000</DIFFUSE>
			<AMBIENT>1.00000000 1.00000000 1.00000000</AMBIENT>
			<SPECULAR>1.00000000 1.00000000 1.00000000</SPECULAR>
			<DIFFUSEMAP>Gunz_TheSecondDuel-Nick/12314.tga</DIFFUSEMAP>
		</MATERIAL>
		<MATERIAL name="Gunz_TheSecondDuel-Nick_13">
			<DIFFUSE>1.00000000 1.00000000 1.00000000</DIFFUSE>
			<AMBIENT>1.00000000 1.00000000 1.00000000</AMBIENT>
			<SPECULAR>1.00000000 1.00000000 1.00000000</SPECULAR>
			<DIFFUSEMAP>Gunz_TheSecondDuel-Nick/13.tga</DIFFUSEMAP>
		</MATERIAL>
		<MATERIAL name="Gunz_TheSecondDuel-Nick_2333">
			<DIFFUSE>1.00000000 1.00000000 1.00000000</DIFFUSE>
			<AMBIENT>1.00000000 1.00000000 1.00000000</AMBIENT>
			<SPECULAR>1.00000000 1.00000000 1.00000000</SPECULAR>
			<DIFFUSEMAP>Gunz_TheSecondDuel-Nick/2333.tga</DIFFUSEMAP>
		</MATERIAL>
		<MATERIAL name="Gunz_TheSecondDuel-Nick_flag">
			<DIFFUSE>1.00000000 1.00000000 1.00000000</DIFFUSE>
			<AMBIENT>1.00000000 1.00000000 1.00000000</AMBIENT>
			<SPECULAR>1.00000000 1.00000000 1.00000000</SPECULAR>
			<DIFFUSEMAP>Gunz_TheSecondDuel-Nick/flag.tga</DIFFUSEMAP>
			<USEOPACITY/> 
			<USEALPHATEST/> 
			<TWOSIDED/> 
		</MATERIAL>
		<MATERIAL name="Gunz_TheSecondDuel-Nick_flag2">
			<DIFFUSE>1.00000000 1.00000000 1.00000000</DIFFUSE>
			<AMBIENT>1.00000000 1.00000000 1.00000000</AMBIENT>
			<SPECULAR>1.00000000 1.00000000 1.00000000</SPECULAR>
			<DIFFUSEMAP>Gunz_TheSecondDuel-Nick/flag2.tga</DIFFUSEMAP>
		</MATERIAL>
			<USEOPACITY/> 
			<USEALPHATEST/> 
			<TWOSIDED/> 
	</MATERIALLIST>
	<DUMMYLIST>
		<DUMMY name="spawn_solo_101">
			<POSITION>128.00000000 -280.00000000 48.00000000</POSITION>
			<DIRECTION>-1.00000000 0.00000000 0.00000000</DIRECTION>
		</DUMMY>
		<DUMMY name="spawn_team1_101">
			<POSITION>-2432.00000000 -80.00000000 536.00000000</POSITION>
			<DIRECTION>1.00000000 -0.00000000 0.00000000</DIRECTION>
		</DUMMY>
		<DUMMY name="spawn_team1_102">
			<POSITION>-2432.00000000 -368.00000000 536.00000000</POSITION>
			<DIRECTION>1.00000000 -0.00000000 0.00000000</DIRECTION>
		</DUMMY>
		<DUMMY name="spawn_team1_103">
			<POSITION>-3136.00000000 -368.00000000 1080.00000000</POSITION>
			<DIRECTION>1.00000000 -0.00000000 0.00000000</DIRECTION>
		</DUMMY>
		<DUMMY name="spawn_team2_101">
			<POSITION>3384.00000000 -192.00000000 1080.00000000</POSITION>
			<DIRECTION>-1.00000000 0.00000000 0.00000000</DIRECTION>
		</DUMMY>
		<DUMMY name="spawn_team2_102">
			<POSITION>2888.00000000 -96.00000000 504.00000000</POSITION>
			<DIRECTION>-1.00000000 0.00000000 0.00000000</DIRECTION>
		</DUMMY>
		<DUMMY name="spawn_team2_103">
			<POSITION>2896.00000000 -368.00000000 504.00000000</POSITION>
			<DIRECTION>-1.00000000 0.00000000 0.00000000</DIRECTION>
		</DUMMY>
		<DUMMY name="spawn_solo_102">
			<POSITION>-2224.00000000 -264.00000000 504.00000000</POSITION>
			<DIRECTION>-1.00000000 0.00000000 0.00000000</DIRECTION>
		</DUMMY>
		<DUMMY name="spawn_solo_103">
			<POSITION>2672.00000000 -200.00000000 504.00000000</POSITION>
			<DIRECTION>-1.00000000 0.00000000 0.00000000</DIRECTION>
		</DUMMY>
	</DUMMYLIST>

	<OBJECTLIST>
		<OBJECT name="Aim_HeadShot_obj_water_01.elu">
		</OBJECT>
		<OBJECT name="Nick_Skybox_1.elu">
		</OBJECT>
		<OBJECT name="aim_headshot_obj_credits.elu">
		</OBJECT>
	</OBJECTLIST>
</XML>
