<?xml version="1.0" encoding="UTF-8"?>
<XML>
	<MATERIALLIST>
		<MATERIAL name="mansion_gzd_map_Mansion_floor03.bmp_mt_con">
			<DIFFUSE>1.00000000 1.00000000 1.00000000</DIFFUSE>
			<AMBIENT>1.00000000 1.00000000 1.00000000</AMBIENT>
			<SPECULAR>1.00000000 1.00000000 1.00000000</SPECULAR>
			<DIFFUSEMAP>mansion/gzd_map_Mansion_floor03.bmp</DIFFUSEMAP>
		</MATERIAL>
		<MATERIAL name="Mansion1_Trim2">
			<DIFFUSE>1.00000000 1.00000000 1.00000000</DIFFUSE>
			<AMBIENT>1.00000000 1.00000000 1.00000000</AMBIENT>
			<SPECULAR>1.00000000 1.00000000 1.00000000</SPECULAR>
			<DIFFUSEMAP>Mansion1/Trim2.jpg</DIFFUSEMAP>
		</MATERIAL>
		<MATERIAL name="Mansion1_Trim1">
			<DIFFUSE>1.00000000 1.00000000 1.00000000</DIFFUSE>
			<AMBIENT>1.00000000 1.00000000 1.00000000</AMBIENT>
			<SPECULAR>1.00000000 1.00000000 1.00000000</SPECULAR>
			<DIFFUSEMAP>Mansion1/Trim1.jpg</DIFFUSEMAP>
		</MATERIAL>
		<MATERIAL name="mansion_gzd_map_Mansion_post01.bmp">
			<DIFFUSE>1.00000000 1.00000000 1.00000000</DIFFUSE>
			<AMBIENT>1.00000000 1.00000000 1.00000000</AMBIENT>
			<SPECULAR>1.00000000 1.00000000 1.00000000</SPECULAR>
			<DIFFUSEMAP>mansion/gzd_map_Mansion_post01.bmp</DIFFUSEMAP>
		</MATERIAL>
		<MATERIAL name="mansion_gzd_map_Mansion_ornament01.bmp">
			<DIFFUSE>1.00000000 1.00000000 1.00000000</DIFFUSE>
			<AMBIENT>1.00000000 1.00000000 1.00000000</AMBIENT>
			<SPECULAR>1.00000000 1.00000000 1.00000000</SPECULAR>
			<DIFFUSEMAP>mansion/gzd_map_Mansion_ornament01.bmp</DIFFUSEMAP>
		</MATERIAL>
		<MATERIAL name="mansion_gzd_map_Mansion_post02.bmp">
			<DIFFUSE>1.00000000 1.00000000 1.00000000</DIFFUSE>
			<AMBIENT>1.00000000 1.00000000 1.00000000</AMBIENT>
			<SPECULAR>1.00000000 1.00000000 1.00000000</SPECULAR>
			<DIFFUSEMAP>mansion/gzd_map_Mansion_post02.bmp</DIFFUSEMAP>
		</MATERIAL>
		<MATERIAL name="mansion_gzd_map_Mansion_wall04.bmp">
			<DIFFUSE>1.00000000 1.00000000 1.00000000</DIFFUSE>
			<AMBIENT>1.00000000 1.00000000 1.00000000</AMBIENT>
			<SPECULAR>1.00000000 1.00000000 1.00000000</SPECULAR>
			<DIFFUSEMAP>mansion/gzd_map_Mansion_wall04.bmp</DIFFUSEMAP>
		</MATERIAL>
		<MATERIAL name="mansion_gzd_map_Mansion_floor05.bmp_mt_con">
			<DIFFUSE>1.00000000 1.00000000 1.00000000</DIFFUSE>
			<AMBIENT>1.00000000 1.00000000 1.00000000</AMBIENT>
			<SPECULAR>1.00000000 1.00000000 1.00000000</SPECULAR>
			<DIFFUSEMAP>mansion/gzd_map_Mansion_floor05.bmp</DIFFUSEMAP>
		</MATERIAL>
		<MATERIAL name="garden_gzd_map_Garden_wall02.bmp">
			<DIFFUSE>1.00000000 1.00000000 1.00000000</DIFFUSE>
			<AMBIENT>1.00000000 1.00000000 1.00000000</AMBIENT>
			<SPECULAR>1.00000000 1.00000000 1.00000000</SPECULAR>
			<DIFFUSEMAP>garden/gzd_map_Garden_wall02.bmp</DIFFUSEMAP>
		</MATERIAL>
		<MATERIAL name="mansion_gzd_map_Mansion_wall07.bmp">
			<DIFFUSE>1.00000000 1.00000000 1.00000000</DIFFUSE>
			<AMBIENT>1.00000000 1.00000000 1.00000000</AMBIENT>
			<SPECULAR>1.00000000 1.00000000 1.00000000</SPECULAR>
			<DIFFUSEMAP>mansion/gzd_map_Mansion_wall07.bmp</DIFFUSEMAP>
		</MATERIAL>
		<MATERIAL name="mansion_gzd_map_Mansion_door02.bmp">
			<DIFFUSE>1.00000000 1.00000000 1.00000000</DIFFUSE>
			<AMBIENT>1.00000000 1.00000000 1.00000000</AMBIENT>
			<SPECULAR>1.00000000 1.00000000 1.00000000</SPECULAR>
			<DIFFUSEMAP>mansion/gzd_map_Mansion_door02.bmp</DIFFUSEMAP>
		</MATERIAL>
		<MATERIAL name="mansion_gzd_map_Mansion_floor01.bmp_mt_con">
			<DIFFUSE>1.00000000 1.00000000 1.00000000</DIFFUSE>
			<AMBIENT>1.00000000 1.00000000 1.00000000</AMBIENT>
			<SPECULAR>1.00000000 1.00000000 1.00000000</SPECULAR>
			<DIFFUSEMAP>mansion/gzd_map_Mansion_floor01.bmp</DIFFUSEMAP>
		</MATERIAL>
		<MATERIAL name="mansion_gzd_map_Mansion_carpet00.bmp_mt_drt">
			<DIFFUSE>1.00000000 1.00000000 1.00000000</DIFFUSE>
			<AMBIENT>1.00000000 1.00000000 1.00000000</AMBIENT>
			<SPECULAR>1.00000000 1.00000000 1.00000000</SPECULAR>
			<DIFFUSEMAP>mansion/gzd_map_Mansion_carpet00.bmp</DIFFUSEMAP>
		</MATERIAL>
		<MATERIAL name="town_Lamp01">
			<DIFFUSE>1.00000000 1.00000000 1.00000000</DIFFUSE>
			<AMBIENT>1.00000000 1.00000000 1.00000000</AMBIENT>
			<SPECULAR>1.00000000 1.00000000 1.00000000</SPECULAR>
			<DIFFUSEMAP>town/Lamp01.jpg</DIFFUSEMAP>
		</MATERIAL>
		<MATERIAL name="mansion_gzd_map_Mansion_wall07.bmp">
			<DIFFUSE>1.00000000 1.00000000 1.00000000</DIFFUSE>
			<AMBIENT>1.00000000 1.00000000 1.00000000</AMBIENT>
			<SPECULAR>1.00000000 1.00000000 1.00000000</SPECULAR>
			<DIFFUSEMAP>mansion/gzd_map_Mansion_wall07.bmp</DIFFUSEMAP>
		</MATERIAL>
		<MATERIAL name="P_drainage1_16c52iq016z">
			<DIFFUSE>1.00000000 1.00000000 1.00000000</DIFFUSE>
			<AMBIENT>1.00000000 1.00000000 1.00000000</AMBIENT>
			<SPECULAR>1.00000000 1.00000000 1.00000000</SPECULAR>
			<DIFFUSEMAP>P_drainage1/16c52iq016z.png</DIFFUSEMAP>
                        <USEOPACITY/>
                        <USEALPHATEST/>
                        <TWOSIDED/>
		</MATERIAL>
		<MATERIAL name="Mansion1_FX3">
			<DIFFUSE>1.00000000 1.00000000 1.00000000</DIFFUSE>
			<AMBIENT>1.00000000 1.00000000 1.00000000</AMBIENT>
			<SPECULAR>1.00000000 1.00000000 1.00000000</SPECULAR>
			<DIFFUSEMAP>Mansion1/FX3.jpg</DIFFUSEMAP>
                        <ADDITIVE/>
                        <TWOSIDED/>
		</MATERIAL>
		<MATERIAL name="P_cables_iyk1zp">
			<DIFFUSE>1.00000000 1.00000000 1.00000000</DIFFUSE>
			<AMBIENT>1.00000000 1.00000000 1.00000000</AMBIENT>
			<SPECULAR>1.00000000 1.00000000 1.00000000</SPECULAR>
			<DIFFUSEMAP>P_cables/iyk1zp.png</DIFFUSEMAP>
                        <USEOPACITY/>
                        <USEALPHATEST/>
                        <TWOSIDED/>
		</MATERIAL>
		<MATERIAL name="Prison_gzd_map_Prison_floor001.bmp">
			<DIFFUSE>1.00000000 1.00000000 1.00000000</DIFFUSE>
			<AMBIENT>1.00000000 1.00000000 1.00000000</AMBIENT>
			<SPECULAR>1.00000000 1.00000000 1.00000000</SPECULAR>
			<DIFFUSEMAP>Prison/gzd_map_Prison_floor001.bmp</DIFFUSEMAP>
		</MATERIAL>
		<MATERIAL name="garden_gzd_map_Garden_floor01.bmp">
			<DIFFUSE>1.00000000 1.00000000 1.00000000</DIFFUSE>
			<AMBIENT>1.00000000 1.00000000 1.00000000</AMBIENT>
			<SPECULAR>1.00000000 1.00000000 1.00000000</SPECULAR>
			<DIFFUSEMAP>garden/gzd_map_Garden_floor01.bmp</DIFFUSEMAP>
		</MATERIAL>
		<MATERIAL name="garden_gzd_map_Garden_wood01.bmp">
			<DIFFUSE>1.00000000 1.00000000 1.00000000</DIFFUSE>
			<AMBIENT>1.00000000 1.00000000 1.00000000</AMBIENT>
			<SPECULAR>1.00000000 1.00000000 1.00000000</SPECULAR>
			<DIFFUSEMAP>garden/gzd_map_Garden_wood01.bmp</DIFFUSEMAP>
		</MATERIAL>
		<MATERIAL name="mansion_gzd_map_Mansion_chain01.tga">
			<DIFFUSE>1.00000000 1.00000000 1.00000000</DIFFUSE>
			<AMBIENT>1.00000000 1.00000000 1.00000000</AMBIENT>
			<SPECULAR>1.00000000 1.00000000 1.00000000</SPECULAR>
			<DIFFUSEMAP>mansion/gzd_map_Mansion_chain01.tga</DIFFUSEMAP>
                        <USEOPACITY/>
                        <USEALPHATEST/>
                        <TWOSIDED/>
		</MATERIAL>
		<MATERIAL name="mansion_gzd_map_Mansion_drum04.bmp">
			<DIFFUSE>1.00000000 1.00000000 1.00000000</DIFFUSE>
			<AMBIENT>1.00000000 1.00000000 1.00000000</AMBIENT>
			<SPECULAR>1.00000000 1.00000000 1.00000000</SPECULAR>
			<DIFFUSEMAP>mansion/gzd_map_Mansion_drum04.bmp</DIFFUSEMAP>
		</MATERIAL>
		<MATERIAL name="mansion_gzd_map_Mansion_drum03.bmp">
			<DIFFUSE>1.00000000 1.00000000 1.00000000</DIFFUSE>
			<AMBIENT>1.00000000 1.00000000 1.00000000</AMBIENT>
			<SPECULAR>1.00000000 1.00000000 1.00000000</SPECULAR>
			<DIFFUSEMAP>mansion/gzd_map_Mansion_drum03.bmp</DIFFUSEMAP>
		</MATERIAL>
	</MATERIALLIST>
	<LIGHTLIST>
		<LIGHT name="Omni_light_a 01">
			<POSITION>1000.0000000 -1600.0000000 552.9307251</POSITION>
			<COLOR>1.0000000 0.5098040 0.3568628</COLOR>
			<INTENSITY>1.2000000</INTENSITY>
			<ATTENUATIONSTART>380.0000000</ATTENUATIONSTART>
			<ATTENUATIONEND>750.0000000</ATTENUATIONEND>
			<CASTSHADOW/>
		</LIGHT>
		<LIGHT name="Omni_main_b 01">
			<POSITION>-2500.0000000 2500.0000000 3000.0000000</POSITION>
			<COLOR>1.0000000 1.0000000 1.0000000</COLOR>
			<INTENSITY>0.1000000</INTENSITY>
			<ATTENUATIONSTART>6500.0000000</ATTENUATIONSTART>
			<ATTENUATIONEND>6500.0000000</ATTENUATIONEND>
		</LIGHT>
		<LIGHT name="Omni_main_b 02">
			<POSITION>-2500.0000000 -2500.0000000 3000.0000000</POSITION>
			<COLOR>1.0000000 1.0000000 1.0000000</COLOR>
			<INTENSITY>0.1000000</INTENSITY>
			<ATTENUATIONSTART>6500.0000000</ATTENUATIONSTART>
			<ATTENUATIONEND>6500.0000000</ATTENUATIONEND>
		</LIGHT>
		<LIGHT name="Omni_main_b 03">
			<POSITION>2500.0000000 -2500.0000000 3000.0000000</POSITION>
			<COLOR>1.0000000 1.0000000 1.0000000</COLOR>
			<INTENSITY>0.1000000</INTENSITY>
			<ATTENUATIONSTART>6500.0000000</ATTENUATIONSTART>
			<ATTENUATIONEND>6500.0000000</ATTENUATIONEND>
		</LIGHT>
		<LIGHT name="Omni_main_b 04">
			<POSITION>2500.0000000 2500.0000000 3000.0000000</POSITION>
			<COLOR>1.0000000 1.0000000 1.0000000</COLOR>
			<INTENSITY>0.1000000</INTENSITY>
			<ATTENUATIONSTART>6500.0000000</ATTENUATIONSTART>
			<ATTENUATIONEND>6500.0000000</ATTENUATIONEND>
		</LIGHT>
		<LIGHT name="Omni_main_c 01">
			<POSITION>-2500.0000000 2500.0000000 -2000.0000000</POSITION>
			<COLOR>1.0000000 1.0000000 1.0000000</COLOR>
			<INTENSITY>0.0700000</INTENSITY>
			<ATTENUATIONSTART>6500.0000000</ATTENUATIONSTART>
			<ATTENUATIONEND>6500.0000000</ATTENUATIONEND>
		</LIGHT>
		<LIGHT name="Omni_main_c 02">
			<POSITION>-2500.0000000 -2500.0000000 -2000.0000000</POSITION>
			<COLOR>1.0000000 1.0000000 1.0000000</COLOR>
			<INTENSITY>0.0700000</INTENSITY>
			<ATTENUATIONSTART>6500.0000000</ATTENUATIONSTART>
			<ATTENUATIONEND>6500.0000000</ATTENUATIONEND>
		</LIGHT>
		<LIGHT name="Omni_main_c 03">
			<POSITION>2500.0000000 -2500.0000000 -2000.0000000</POSITION>
			<COLOR>1.0000000 1.0000000 1.0000000</COLOR>
			<INTENSITY>0.0700000</INTENSITY>
			<ATTENUATIONSTART>6500.0000000</ATTENUATIONSTART>
			<ATTENUATIONEND>6500.0000000</ATTENUATIONEND>
		</LIGHT>
		<LIGHT name="Omni_main_c 04">
			<POSITION>2500.0000000 2500.0000000 -2000.0000000</POSITION>
			<COLOR>1.0000000 1.0000000 1.0000000</COLOR>
			<INTENSITY>0.0700000</INTENSITY>
			<ATTENUATIONSTART>6500.0000000</ATTENUATIONSTART>
			<ATTENUATIONEND>6500.0000000</ATTENUATIONEND>
		</LIGHT>
		<LIGHT name="Omni_light_a 02">
			<POSITION>1000.0000000 -800.0000000 552.9307251</POSITION>
			<COLOR>1.0000000 0.5098040 0.3568628</COLOR>
			<INTENSITY>1.2000000</INTENSITY>
			<ATTENUATIONSTART>380.0000000</ATTENUATIONSTART>
			<ATTENUATIONEND>750.0000000</ATTENUATIONEND>
			<CASTSHADOW/>
		</LIGHT>
		<LIGHT name="Omni_light_a 03">
			<POSITION>1000.0000000 0.0000161 552.9307251</POSITION>
			<COLOR>1.0000000 0.5098040 0.3568628</COLOR>
			<INTENSITY>1.2000000</INTENSITY>
			<ATTENUATIONSTART>380.0000000</ATTENUATIONSTART>
			<ATTENUATIONEND>750.0000000</ATTENUATIONEND>
			<CASTSHADOW/>
		</LIGHT>
		<LIGHT name="Omni_light_a 04">
			<POSITION>1000.0000000 800.0000000 552.9307251</POSITION>
			<COLOR>1.0000000 0.5098040 0.3568628</COLOR>
			<INTENSITY>1.2000000</INTENSITY>
			<ATTENUATIONSTART>380.0000000</ATTENUATIONSTART>
			<ATTENUATIONEND>750.0000000</ATTENUATIONEND>
			<CASTSHADOW/>
		</LIGHT>
		<LIGHT name="Omni_light_a 05">
			<POSITION>1000.0000000 1600.0000000 552.9307251</POSITION>
			<COLOR>1.0000000 0.5098040 0.3568628</COLOR>
			<INTENSITY>1.2000000</INTENSITY>
			<ATTENUATIONSTART>380.0000000</ATTENUATIONSTART>
			<ATTENUATIONEND>750.0000000</ATTENUATIONEND>
			<CASTSHADOW/>
		</LIGHT>
		<LIGHT name="Omni_light_a 06">
			<POSITION>0.0000000 -800.0000000 552.9307251</POSITION>
			<COLOR>1.0000000 0.5098040 0.3568628</COLOR>
			<INTENSITY>1.2000000</INTENSITY>
			<ATTENUATIONSTART>380.0000000</ATTENUATIONSTART>
			<ATTENUATIONEND>750.0000000</ATTENUATIONEND>
			<CASTSHADOW/>
		</LIGHT>
		<LIGHT name="Omni_light_a 07">
			<POSITION>0.0000000 0.0000161 552.9307251</POSITION>
			<COLOR>1.0000000 0.5098040 0.3568628</COLOR>
			<INTENSITY>1.2000000</INTENSITY>
			<ATTENUATIONSTART>380.0000000</ATTENUATIONSTART>
			<ATTENUATIONEND>750.0000000</ATTENUATIONEND>
			<CASTSHADOW/>
		</LIGHT>
		<LIGHT name="Omni_light_a 08">
			<POSITION>0.0000000 800.0000000 552.9307251</POSITION>
			<COLOR>1.0000000 0.5098040 0.3568628</COLOR>
			<INTENSITY>1.2000000</INTENSITY>
			<ATTENUATIONSTART>380.0000000</ATTENUATIONSTART>
			<ATTENUATIONEND>750.0000000</ATTENUATIONEND>
			<CASTSHADOW/>
		</LIGHT>
		<LIGHT name="Omni_light_a 09">
			<POSITION>0.0000000 1600.0000000 552.9307251</POSITION>
			<COLOR>1.0000000 0.5098040 0.3568628</COLOR>
			<INTENSITY>1.2000000</INTENSITY>
			<ATTENUATIONSTART>380.0000000</ATTENUATIONSTART>
			<ATTENUATIONEND>750.0000000</ATTENUATIONEND>
			<CASTSHADOW/>
		</LIGHT>
		<LIGHT name="Omni_light_a 10">
			<POSITION>0.0000000 -1600.0000000 552.9307251</POSITION>
			<COLOR>1.0000000 0.5098040 0.3568628</COLOR>
			<INTENSITY>1.2000000</INTENSITY>
			<ATTENUATIONSTART>380.0000000</ATTENUATIONSTART>
			<ATTENUATIONEND>750.0000000</ATTENUATIONEND>
			<CASTSHADOW/>
		</LIGHT>
		<LIGHT name="Omni_light_a 11">
			<POSITION>-1000.0000000 -800.0000000 552.9307251</POSITION>
			<COLOR>1.0000000 0.5098040 0.3568628</COLOR>
			<INTENSITY>1.2000000</INTENSITY>
			<ATTENUATIONSTART>380.0000000</ATTENUATIONSTART>
			<ATTENUATIONEND>750.0000000</ATTENUATIONEND>
			<CASTSHADOW/>
		</LIGHT>
		<LIGHT name="Omni_light_a 12">
			<POSITION>-1000.0000000 0.0000161 552.9307251</POSITION>
			<COLOR>1.0000000 0.5098040 0.3568628</COLOR>
			<INTENSITY>1.2000000</INTENSITY>
			<ATTENUATIONSTART>380.0000000</ATTENUATIONSTART>
			<ATTENUATIONEND>750.0000000</ATTENUATIONEND>
			<CASTSHADOW/>
		</LIGHT>
		<LIGHT name="Omni_light_a 13">
			<POSITION>-1000.0000000 800.0000000 552.9307251</POSITION>
			<COLOR>1.0000000 0.5098040 0.3568628</COLOR>
			<INTENSITY>1.2000000</INTENSITY>
			<ATTENUATIONSTART>380.0000000</ATTENUATIONSTART>
			<ATTENUATIONEND>750.0000000</ATTENUATIONEND>
			<CASTSHADOW/>
		</LIGHT>
		<LIGHT name="Omni_light_a 14">
			<POSITION>-1000.0000000 1600.0000000 552.9307251</POSITION>
			<COLOR>1.0000000 0.5098040 0.3568628</COLOR>
			<INTENSITY>1.2000000</INTENSITY>
			<ATTENUATIONSTART>380.0000000</ATTENUATIONSTART>
			<ATTENUATIONEND>750.0000000</ATTENUATIONEND>
			<CASTSHADOW/>
		</LIGHT>
		<LIGHT name="Omni_light_a 15">
			<POSITION>-1000.0000000 -1600.0000000 552.9307251</POSITION>
			<COLOR>1.0000000 0.5098040 0.3568628</COLOR>
			<INTENSITY>1.2000000</INTENSITY>
			<ATTENUATIONSTART>380.0000000</ATTENUATIONSTART>
			<ATTENUATIONEND>750.0000000</ATTENUATIONEND>
			<CASTSHADOW/>
		</LIGHT>
		<LIGHT name="Omni_light_b 01">
			<POSITION>1000.0000000 -1600.0000000 1313.0454102</POSITION>
			<COLOR>1.0000000 0.5098040 0.3568628</COLOR>
			<INTENSITY>0.6000000</INTENSITY>
			<ATTENUATIONSTART>200.0000000</ATTENUATIONSTART>
			<ATTENUATIONEND>474.6000061</ATTENUATIONEND>
		</LIGHT>
		<LIGHT name="Omni_light_b 02">
			<POSITION>1000.0000000 -800.0000000 1313.0454102</POSITION>
			<COLOR>1.0000000 0.5098040 0.3568628</COLOR>
			<INTENSITY>0.6000000</INTENSITY>
			<ATTENUATIONSTART>200.0000000</ATTENUATIONSTART>
			<ATTENUATIONEND>474.6000061</ATTENUATIONEND>
		</LIGHT>
		<LIGHT name="Omni_light_b 03">
			<POSITION>1000.0000000 -0.0000016 1313.0454102</POSITION>
			<COLOR>1.0000000 0.5098040 0.3568628</COLOR>
			<INTENSITY>0.6000000</INTENSITY>
			<ATTENUATIONSTART>200.0000000</ATTENUATIONSTART>
			<ATTENUATIONEND>474.6000061</ATTENUATIONEND>
		</LIGHT>
		<LIGHT name="Omni_light_b 04">
			<POSITION>1000.0000000 800.0000000 1313.0454102</POSITION>
			<COLOR>1.0000000 0.5098040 0.3568628</COLOR>
			<INTENSITY>0.6000000</INTENSITY>
			<ATTENUATIONSTART>200.0000000</ATTENUATIONSTART>
			<ATTENUATIONEND>474.6000061</ATTENUATIONEND>
		</LIGHT>
		<LIGHT name="Omni_light_b 05">
			<POSITION>1000.0000000 1600.0000000 1313.0454102</POSITION>
			<COLOR>1.0000000 0.5098040 0.3568628</COLOR>
			<INTENSITY>0.6000000</INTENSITY>
			<ATTENUATIONSTART>200.0000000</ATTENUATIONSTART>
			<ATTENUATIONEND>474.6000061</ATTENUATIONEND>
		</LIGHT>
		<LIGHT name="Omni_light_b 06">
			<POSITION>0.0000000 -800.0000000 1461.0019531</POSITION>
			<COLOR>1.0000000 0.5098040 0.3568628</COLOR>
			<INTENSITY>0.6000000</INTENSITY>
			<ATTENUATIONSTART>200.0000000</ATTENUATIONSTART>
			<ATTENUATIONEND>474.6000061</ATTENUATIONEND>
		</LIGHT>
		<LIGHT name="Omni_light_b 07">
			<POSITION>0.0000000 -0.0000081 1461.0019531</POSITION>
			<COLOR>1.0000000 0.5098040 0.3568628</COLOR>
			<INTENSITY>0.6000000</INTENSITY>
			<ATTENUATIONSTART>200.0000000</ATTENUATIONSTART>
			<ATTENUATIONEND>474.6000061</ATTENUATIONEND>
		</LIGHT>
		<LIGHT name="Omni_light_b 08">
			<POSITION>0.0000000 800.0000000 1461.0019531</POSITION>
			<COLOR>1.0000000 0.5098040 0.3568628</COLOR>
			<INTENSITY>0.6000000</INTENSITY>
			<ATTENUATIONSTART>200.0000000</ATTENUATIONSTART>
			<ATTENUATIONEND>474.6000061</ATTENUATIONEND>
		</LIGHT>
		<LIGHT name="Omni_light_b 09">
			<POSITION>0.0000000 1600.0000000 1461.0019531</POSITION>
			<COLOR>1.0000000 0.5098040 0.3568628</COLOR>
			<INTENSITY>0.6000000</INTENSITY>
			<ATTENUATIONSTART>200.0000000</ATTENUATIONSTART>
			<ATTENUATIONEND>474.6000061</ATTENUATIONEND>
		</LIGHT>
		<LIGHT name="Omni_light_b 10">
			<POSITION>0.0000000 -1600.0000000 1461.0019531</POSITION>
			<COLOR>1.0000000 0.5098040 0.3568628</COLOR>
			<INTENSITY>0.6000000</INTENSITY>
			<ATTENUATIONSTART>200.0000000</ATTENUATIONSTART>
			<ATTENUATIONEND>474.6000061</ATTENUATIONEND>
		</LIGHT>
		<LIGHT name="Omni_light_b 11">
			<POSITION>-1000.0000000 -800.0000000 1313.0454102</POSITION>
			<COLOR>1.0000000 0.5098040 0.3568628</COLOR>
			<INTENSITY>0.6000000</INTENSITY>
			<ATTENUATIONSTART>200.0000000</ATTENUATIONSTART>
			<ATTENUATIONEND>474.6000061</ATTENUATIONEND>
		</LIGHT>
		<LIGHT name="Omni_light_b 12">
			<POSITION>-1000.0000000 -0.0000016 1313.0454102</POSITION>
			<COLOR>1.0000000 0.5098040 0.3568628</COLOR>
			<INTENSITY>0.6000000</INTENSITY>
			<ATTENUATIONSTART>200.0000000</ATTENUATIONSTART>
			<ATTENUATIONEND>474.6000061</ATTENUATIONEND>
		</LIGHT>
		<LIGHT name="Omni_light_b 13">
			<POSITION>-1000.0000000 800.0000000 1313.0454102</POSITION>
			<COLOR>1.0000000 0.5098040 0.3568628</COLOR>
			<INTENSITY>0.6000000</INTENSITY>
			<ATTENUATIONSTART>200.0000000</ATTENUATIONSTART>
			<ATTENUATIONEND>474.6000061</ATTENUATIONEND>
		</LIGHT>
		<LIGHT name="Omni_light_b 14">
			<POSITION>-1000.0000000 1600.0000000 1313.0454102</POSITION>
			<COLOR>1.0000000 0.5098040 0.3568628</COLOR>
			<INTENSITY>0.6000000</INTENSITY>
			<ATTENUATIONSTART>200.0000000</ATTENUATIONSTART>
			<ATTENUATIONEND>474.6000061</ATTENUATIONEND>
		</LIGHT>
		<LIGHT name="Omni_light_b 15">
			<POSITION>-1000.0000000 -1600.0000000 1313.0454102</POSITION>
			<COLOR>1.0000000 0.5098040 0.3568628</COLOR>
			<INTENSITY>0.6000000</INTENSITY>
			<ATTENUATIONSTART>200.0000000</ATTENUATIONSTART>
			<ATTENUATIONEND>474.6000061</ATTENUATIONEND>
		</LIGHT>
		<LIGHT name="obj_Omni_light_a 01">
			<POSITION>1000.0000000 -1600.0000000 535.4033203</POSITION>
			<COLOR>1.0000000 0.5098040 0.3568628</COLOR>
			<INTENSITY>1.2000000</INTENSITY>
			<ATTENUATIONSTART>380.0000000</ATTENUATIONSTART>
			<ATTENUATIONEND>750.0000000</ATTENUATIONEND>
		</LIGHT>
		<LIGHT name="obj_Omni_light_a 02">
			<POSITION>1000.0000000 -800.0000000 535.4033203</POSITION>
			<COLOR>1.0000000 0.5098040 0.3568628</COLOR>
			<INTENSITY>1.2000000</INTENSITY>
			<ATTENUATIONSTART>380.0000000</ATTENUATIONSTART>
			<ATTENUATIONEND>750.0000000</ATTENUATIONEND>
		</LIGHT>
		<LIGHT name="obj_Omni_light_a 03">
			<POSITION>1000.0000000 0.0000000 535.4033203</POSITION>
			<COLOR>1.0000000 0.5098040 0.3568628</COLOR>
			<INTENSITY>1.2000000</INTENSITY>
			<ATTENUATIONSTART>380.0000000</ATTENUATIONSTART>
			<ATTENUATIONEND>750.0000000</ATTENUATIONEND>
		</LIGHT>
		<LIGHT name="obj_Omni_light_a 04">
			<POSITION>1000.0000000 800.0000000 535.4033203</POSITION>
			<COLOR>1.0000000 0.5098040 0.3568628</COLOR>
			<INTENSITY>1.2000000</INTENSITY>
			<ATTENUATIONSTART>380.0000000</ATTENUATIONSTART>
			<ATTENUATIONEND>750.0000000</ATTENUATIONEND>
		</LIGHT>
		<LIGHT name="obj_Omni_light_a 05">
			<POSITION>1000.0000000 1600.0000000 535.4033203</POSITION>
			<COLOR>1.0000000 0.5098040 0.3568628</COLOR>
			<INTENSITY>1.2000000</INTENSITY>
			<ATTENUATIONSTART>380.0000000</ATTENUATIONSTART>
			<ATTENUATIONEND>750.0000000</ATTENUATIONEND>
		</LIGHT>
		<LIGHT name="obj_Omni_light_a 06">
			<POSITION>0.0000000 -800.0000000 535.4033203</POSITION>
			<COLOR>1.0000000 0.5098040 0.3568628</COLOR>
			<INTENSITY>1.2000000</INTENSITY>
			<ATTENUATIONSTART>380.0000000</ATTENUATIONSTART>
			<ATTENUATIONEND>750.0000000</ATTENUATIONEND>
		</LIGHT>
		<LIGHT name="obj_Omni_light_a 07">
			<POSITION>0.0000000 0.0000000 535.4033203</POSITION>
			<COLOR>1.0000000 0.5098040 0.3568628</COLOR>
			<INTENSITY>1.2000000</INTENSITY>
			<ATTENUATIONSTART>380.0000000</ATTENUATIONSTART>
			<ATTENUATIONEND>750.0000000</ATTENUATIONEND>
		</LIGHT>
		<LIGHT name="obj_Omni_light_a 08">
			<POSITION>0.0000000 800.0000000 535.4033203</POSITION>
			<COLOR>1.0000000 0.5098040 0.3568628</COLOR>
			<INTENSITY>1.2000000</INTENSITY>
			<ATTENUATIONSTART>380.0000000</ATTENUATIONSTART>
			<ATTENUATIONEND>750.0000000</ATTENUATIONEND>
		</LIGHT>
		<LIGHT name="obj_Omni_light_a 09">
			<POSITION>0.0000000 1600.0000000 535.4033203</POSITION>
			<COLOR>1.0000000 0.5098040 0.3568628</COLOR>
			<INTENSITY>1.2000000</INTENSITY>
			<ATTENUATIONSTART>380.0000000</ATTENUATIONSTART>
			<ATTENUATIONEND>750.0000000</ATTENUATIONEND>
		</LIGHT>
		<LIGHT name="obj_Omni_light_a 10">
			<POSITION>0.0000000 -1600.0000000 535.4033203</POSITION>
			<COLOR>1.0000000 0.5098040 0.3568628</COLOR>
			<INTENSITY>1.2000000</INTENSITY>
			<ATTENUATIONSTART>380.0000000</ATTENUATIONSTART>
			<ATTENUATIONEND>750.0000000</ATTENUATIONEND>
		</LIGHT>
		<LIGHT name="obj_Omni_light_a 11">
			<POSITION>-1000.0000000 -800.0000000 535.4033203</POSITION>
			<COLOR>1.0000000 0.5098040 0.3568628</COLOR>
			<INTENSITY>1.2000000</INTENSITY>
			<ATTENUATIONSTART>380.0000000</ATTENUATIONSTART>
			<ATTENUATIONEND>750.0000000</ATTENUATIONEND>
		</LIGHT>
		<LIGHT name="obj_Omni_light_a 12">
			<POSITION>-1000.0000000 0.0000000 535.4033203</POSITION>
			<COLOR>1.0000000 0.5098040 0.3568628</COLOR>
			<INTENSITY>1.2000000</INTENSITY>
			<ATTENUATIONSTART>380.0000000</ATTENUATIONSTART>
			<ATTENUATIONEND>750.0000000</ATTENUATIONEND>
		</LIGHT>
		<LIGHT name="obj_Omni_light_a 13">
			<POSITION>-1000.0000000 800.0000000 535.4033203</POSITION>
			<COLOR>1.0000000 0.5098040 0.3568628</COLOR>
			<INTENSITY>1.2000000</INTENSITY>
			<ATTENUATIONSTART>380.0000000</ATTENUATIONSTART>
			<ATTENUATIONEND>750.0000000</ATTENUATIONEND>
		</LIGHT>
		<LIGHT name="obj_Omni_light_a 14">
			<POSITION>-1000.0000000 1600.0000000 535.4033203</POSITION>
			<COLOR>1.0000000 0.5098040 0.3568628</COLOR>
			<INTENSITY>1.2000000</INTENSITY>
			<ATTENUATIONSTART>380.0000000</ATTENUATIONSTART>
			<ATTENUATIONEND>750.0000000</ATTENUATIONEND>
		</LIGHT>
		<LIGHT name="obj_Omni_light_a 15">
			<POSITION>-1000.0000000 -1600.0000000 535.4033203</POSITION>
			<COLOR>1.0000000 0.5098040 0.3568628</COLOR>
			<INTENSITY>1.2000000</INTENSITY>
			<ATTENUATIONSTART>380.0000000</ATTENUATIONSTART>
			<ATTENUATIONEND>750.0000000</ATTENUATIONEND>
		</LIGHT>
	</LIGHTLIST>
	<OBJECTLIST>
		<OBJECT name="Garden_obj_sky_night.elu">
		</OBJECT>
		<OBJECT name="tree_sauer.elu">
		</OBJECT>
		<OBJECT name="Hall_obj_txa_fire_a.elu">
		</OBJECT>
	</OBJECTLIST>
	<DUMMYLIST>
		<DUMMY name="spawn_solo_101">
			<POSITION>1027.4 1538.2 50.6</POSITION>
			<DIRECTION>0.00000000 1.00000000 0.00000000</DIRECTION>
		</DUMMY>
		<DUMMY name="spawn_solo_101">
			<POSITION>-1020.4 -1534.2 50.6</POSITION>
			<DIRECTION>0.00000000 1.00000000 0.00000000</DIRECTION>
		</DUMMY>
	</DUMMYLIST>
	<AMBIENTSOUNDLIST>
		<AMBIENTSOUND ObjName="snd_amb_b1_fire 01" type="b1" filename="amb_fireplace">
			<CENTER>1000 -1600 560</CENTER>
			<RADIUS>900</RADIUS>
		</AMBIENTSOUND>
		<AMBIENTSOUND ObjName="snd_amb_b1_fire 01" type="b1" filename="amb_fireplace">
			<CENTER>1000 -800 560</CENTER>
			<RADIUS>900</RADIUS>
		</AMBIENTSOUND>
		<AMBIENTSOUND ObjName="snd_amb_b1_fire 01" type="b1" filename="amb_fireplace">
			<CENTER>1000 0 560</CENTER>
			<RADIUS>900</RADIUS>
		</AMBIENTSOUND>
		<AMBIENTSOUND ObjName="snd_amb_b1_fire 01" type="b1" filename="amb_fireplace">
			<CENTER>1000 784 560</CENTER>
			<RADIUS>900</RADIUS>
		</AMBIENTSOUND>
		<AMBIENTSOUND ObjName="snd_amb_b1_fire 01" type="b1" filename="amb_fireplace">
			<CENTER>1000 1600 560</CENTER>
			<RADIUS>900</RADIUS>
		</AMBIENTSOUND>
		<AMBIENTSOUND ObjName="snd_amb_b1_fire 01" type="b1" filename="amb_fireplace">
			<CENTER>0 1600 560</CENTER>
			<RADIUS>900</RADIUS>
		</AMBIENTSOUND>
		<AMBIENTSOUND ObjName="snd_amb_b1_fire 01" type="b1" filename="amb_fireplace">
			<CENTER>0 784 560</CENTER>
			<RADIUS>900</RADIUS>
		</AMBIENTSOUND>
		<AMBIENTSOUND ObjName="snd_amb_b1_fire 01" type="b1" filename="amb_fireplace">
			<CENTER>0 0 560</CENTER>
			<RADIUS>900</RADIUS>
		</AMBIENTSOUND>
		<AMBIENTSOUND ObjName="snd_amb_b1_fire 01" type="b1" filename="amb_fireplace">
			<CENTER>0 -800 560</CENTER>
			<RADIUS>900</RADIUS>
		</AMBIENTSOUND>
		<AMBIENTSOUND ObjName="snd_amb_b1_fire 01" type="b1" filename="amb_fireplace">
			<CENTER>0 -1600 560</CENTER>
			<RADIUS>900</RADIUS>
		</AMBIENTSOUND>
		<AMBIENTSOUND ObjName="snd_amb_b1_fire 01" type="b1" filename="amb_fireplace">
			<CENTER>-1016 -1600 560</CENTER>
			<RADIUS>900</RADIUS>
		</AMBIENTSOUND>
		<AMBIENTSOUND ObjName="snd_amb_b1_fire 01" type="b1" filename="amb_fireplace">
			<CENTER>-1016 -800 560</CENTER>
			<RADIUS>900</RADIUS>
		</AMBIENTSOUND>
		<AMBIENTSOUND ObjName="snd_amb_b1_fire 01" type="b1" filename="amb_fireplace">
			<CENTER>-1016 0 560</CENTER>
			<RADIUS>900</RADIUS>
		</AMBIENTSOUND>
		<AMBIENTSOUND ObjName="snd_amb_b1_fire 01" type="b1" filename="amb_fireplace">
			<CENTER>-1016 784 560</CENTER>
			<RADIUS>900</RADIUS>
		</AMBIENTSOUND>
		<AMBIENTSOUND ObjName="snd_amb_b1_fire 01" type="b1" filename="amb_fireplace">
			<CENTER>-1016 1600 560</CENTER>
			<RADIUS>900</RADIUS>
		</AMBIENTSOUND>
	</AMBIENTSOUNDLIST>
</XML>
