<?xml version="1.0" encoding="UTF-8"?>
<XML>
	<GAMETYPE id="solo">
		<SPAWN item="blueflag" timesec="5000">
			<POSITION>8 -6000 1080</POSITION>
		</SPAWN>
		<SPAWN item="redflag" timesec="5000">
			<POSITION>-824 1344 1080</POSITION>
		</SPAWN>
	</GAMETYPE>
	<GAMETYPE id="team">
		<SPAWN item="blueflag" timesec="5000">
			<POSITION>8 -6000 1080</POSITION>
		</SPAWN>
		<SPAWN item="redflag" timesec="5000">
			<POSITION>-824 1344 1080</POSITION>
		</SPAWN>
	</GAMETYPE>
	<GAMETYPE id="solo">
		<SPAWN item="hp02" timesec="60000">
			<POSITION>332 -4980 1316</POSITION>
		</SPAWN>
		<SPAWN item="hp02" timesec="60000">
			<POSITION>132 -4980 1316</POSITION>
		</SPAWN>
		<SPAWN item="hp02" timesec="60000">
			<POSITION>-108 -4980 1316</POSITION>
		</SPAWN>
		<SPAWN item="hp02" timesec="60000">
			<POSITION>-308 -4980 1316</POSITION>
		</SPAWN>
		<SPAWN item="ap03" timesec="90000">
			<POSITION>-732 3280 1076</POSITION>
		</SPAWN>
		<SPAWN item="ap03" timesec="90000">
			<POSITION>-728 1360 1076</POSITION>
		</SPAWN>
		<SPAWN item="hp03" timesec="100000">
			<POSITION>2092 938 1876</POSITION>
		</SPAWN>
		<SPAWN item="hp03" timesec="100000">
			<POSITION>-1170 1238 1877</POSITION>
		</SPAWN>
		<SPAWN item="bullet02" timesec="45000">
			<POSITION>1392 -6176 1156</POSITION>
		</SPAWN>
		<SPAWN item="bullet02" timesec="45000">
			<POSITION>-1348 -6180 1156</POSITION>
		</SPAWN>
	</GAMETYPE>
	<GAMETYPE id="team">
		<SPAWN item="hp02" timesec="60000">
			<POSITION>332 -4980 1316</POSITION>
		</SPAWN>
		<SPAWN item="hp02" timesec="60000">
			<POSITION>-108 -4980 1316</POSITION>
		</SPAWN>
		<SPAWN item="ap03" timesec="90000">
			<POSITION>-728 1360 1076</POSITION>
		</SPAWN>
		<SPAWN item="hp03" timesec="100000">
			<POSITION>-1170 1238 1877</POSITION>
		</SPAWN>
		<SPAWN item="bullet02" timesec="45000">
			<POSITION>-1348 -6180 1156</POSITION>
		</SPAWN>
	</GAMETYPE>
</XML>
