<?xml version="1.0" encoding="UTF-8"?>
<XML>
	<GAMETYPE id="solo">
		<SPAWN item="hp02" timesec="30000">
			<POSITION>1000.00000000 328.00000000 1528.00000000</POSITION>
		</SPAWN>
		<SPAWN item="ap02" timesec="90000">
			<POSITION>1000.00000000 328.00000000 1528.00000000</POSITION>
		</SPAWN>
		<SPAWN item="ap02" timesec="30000">
			<POSITION>2568.00000000 1656.00000000 352.00000000</POSITION>
		</SPAWN>
		<SPAWN item="hp02" timesec="90000">
			<POSITION>2568.00000000 1656.00000000 352.00000000</POSITION>
		</SPAWN>
		<SPAWN item="bullet02" timesec="45000">
			<POSITION>1336.00000000 3152.00000000 880.00000000</POSITION>
		</SPAWN>
		<SPAWN item="hp02" timesec="200000">
			<POSITION>1336.00000000 3152.00000000 880.00000000</POSITION>
		</SPAWN>
		<SPAWN item="ap02" timesec="125000">
			<POSITION>1336.00000000 3152.00000000 880.00000000</POSITION>
		</SPAWN>
	</GAMETYPE>

	<GAMETYPE id="team">
		<SPAWN item="hp03" timesec="60000">
			<POSITION>1000.00000000 328.00000000 1528.00000000</POSITION>
		</SPAWN>
		<SPAWN item="ap02" timesec="40000">
			<POSITION>2568.00000000 1656.00000000 352.00000000</POSITION>
		</SPAWN>
		<SPAWN item="bullet02" timesec="30000">
			<POSITION>1336.00000000 3152.00000000 880.00000000</POSITION>
		</SPAWN>
	</GAMETYPE>
</XML>
