<?xml version="1.0" encoding="UTF-8"?>
<XML>
	<MATERIALLIST>
		<MATERIAL name="Temple_oldbrk_03">
			<DIFFUSE>1.00000000 1.00000000 1.00000000</DIFFUSE>
			<AMBIENT>1.00000000 1.00000000 1.00000000</AMBIENT>
			<SPECULAR>1.00000000 1.00000000 1.00000000</SPECULAR>
			<DIFFUSEMAP>Temple/oldbrk_03.jpg</DIFFUSEMAP>
		</MATERIAL>
		<MATERIAL name="Temple_oldstone2">
			<DIFFUSE>1.00000000 1.00000000 1.00000000</DIFFUSE>
			<AMBIENT>1.00000000 1.00000000 1.00000000</AMBIENT>
			<SPECULAR>1.00000000 1.00000000 1.00000000</SPECULAR>
			<DIFFUSEMAP>Temple/oldstone2.jpg</DIFFUSEMAP>
		</MATERIAL>
		<MATERIAL name="Temple_oldstone2_trim01">
			<DIFFUSE>1.00000000 1.00000000 1.00000000</DIFFUSE>
			<AMBIENT>1.00000000 1.00000000 1.00000000</AMBIENT>
			<SPECULAR>1.00000000 1.00000000 1.00000000</SPECULAR>
			<DIFFUSEMAP>Temple/oldstone2_trim01.jpg</DIFFUSEMAP>
		</MATERIAL>
		<MATERIAL name="Temple_heiro_01">
			<DIFFUSE>1.00000000 1.00000000 1.00000000</DIFFUSE>
			<AMBIENT>1.00000000 1.00000000 1.00000000</AMBIENT>
			<SPECULAR>1.00000000 1.00000000 1.00000000</SPECULAR>
			<DIFFUSEMAP>Temple/heiro_01.jpg</DIFFUSEMAP>
		</MATERIAL>
		<MATERIAL name="Temple_oldstone2_bas05">
			<DIFFUSE>1.00000000 1.00000000 1.00000000</DIFFUSE>
			<AMBIENT>1.00000000 1.00000000 1.00000000</AMBIENT>
			<SPECULAR>1.00000000 1.00000000 1.00000000</SPECULAR>
			<DIFFUSEMAP>Temple/oldstone2_bas05.jpg</DIFFUSEMAP>
		</MATERIAL>
		<MATERIAL name="Temple_oldstone2_step">
			<DIFFUSE>1.00000000 1.00000000 1.00000000</DIFFUSE>
			<AMBIENT>1.00000000 1.00000000 1.00000000</AMBIENT>
			<SPECULAR>1.00000000 1.00000000 1.00000000</SPECULAR>
			<DIFFUSEMAP>Temple/oldstone2_step.jpg</DIFFUSEMAP>
		</MATERIAL>
		<MATERIAL name="Temple_oldbrk_01">
			<DIFFUSE>1.00000000 1.00000000 1.00000000</DIFFUSE>
			<AMBIENT>1.00000000 1.00000000 1.00000000</AMBIENT>
			<SPECULAR>1.00000000 1.00000000 1.00000000</SPECULAR>
			<DIFFUSEMAP>Temple/oldbrk_01.jpg</DIFFUSEMAP>
		</MATERIAL>
		<MATERIAL name="Temple_oldstone2_bas04">
			<DIFFUSE>1.00000000 1.00000000 1.00000000</DIFFUSE>
			<AMBIENT>1.00000000 1.00000000 1.00000000</AMBIENT>
			<SPECULAR>1.00000000 1.00000000 1.00000000</SPECULAR>
			<DIFFUSEMAP>Temple/oldstone2_bas04.jpg</DIFFUSEMAP>
		</MATERIAL>
		<MATERIAL name="Temple_oldbrk_03_bloody">
			<DIFFUSE>1.00000000 1.00000000 1.00000000</DIFFUSE>
			<AMBIENT>1.00000000 1.00000000 1.00000000</AMBIENT>
			<SPECULAR>1.00000000 1.00000000 1.00000000</SPECULAR>
			<DIFFUSEMAP>Temple/oldbrk_03_bloody.jpg</DIFFUSEMAP>
		</MATERIAL>
		<MATERIAL name="Temple_oldstone2_trim02">
			<DIFFUSE>1.00000000 1.00000000 1.00000000</DIFFUSE>
			<AMBIENT>1.00000000 1.00000000 1.00000000</AMBIENT>
			<SPECULAR>1.00000000 1.00000000 1.00000000</SPECULAR>
			<DIFFUSEMAP>Temple/oldstone2_trim02.jpg</DIFFUSEMAP>
		</MATERIAL>
		<MATERIAL name="Zand_sand008">
			<DIFFUSE>1.00000000 1.00000000 1.00000000</DIFFUSE>
			<AMBIENT>1.00000000 1.00000000 1.00000000</AMBIENT>
			<SPECULAR>1.00000000 1.00000000 1.00000000</SPECULAR>
			<DIFFUSEMAP>Zand/sand008.jpg</DIFFUSEMAP>
		</MATERIAL>
		<MATERIAL name="Temple_oldstone2_bas01">
			<DIFFUSE>1.00000000 1.00000000 1.00000000</DIFFUSE>
			<AMBIENT>1.00000000 1.00000000 1.00000000</AMBIENT>
			<SPECULAR>1.00000000 1.00000000 1.00000000</SPECULAR>
			<DIFFUSEMAP>Temple/oldstone2_bas01.jpg</DIFFUSEMAP>
		</MATERIAL>
		<MATERIAL name="Temple_oldstone2_bas06">
			<DIFFUSE>1.00000000 1.00000000 1.00000000</DIFFUSE>
			<AMBIENT>1.00000000 1.00000000 1.00000000</AMBIENT>
			<SPECULAR>1.00000000 1.00000000 1.00000000</SPECULAR>
			<DIFFUSEMAP>Temple/oldstone2_bas06.jpg</DIFFUSEMAP>
		</MATERIAL>
		<MATERIAL name="NULL">
			<DIFFUSE>1.00000000 1.00000000 1.00000000</DIFFUSE>
			<AMBIENT>1.00000000 1.00000000 1.00000000</AMBIENT>
			<SPECULAR>1.00000000 1.00000000 1.00000000</SPECULAR>
			<DIFFUSEMAP>null</DIFFUSEMAP>
		</MATERIAL>
	</MATERIALLIST>
	<OBJECTLIST>
		<OBJECT name="sky_ftemple_orange_01.elu">
		</OBJECT>
	</OBJECTLIST>
	<DUMMYLIST>
		<DUMMY name="spawn_solo_101">
			<POSITION>-1147.00000000 2615.85000000 -976.00000000</POSITION>
			<DIRECTION>-0.05094330 -0.99870155 0.00000000</DIRECTION>
		</DUMMY>
		<DUMMY name="spawn_team2_101">
			<POSITION>-3712.00000000 -640.00000000 -176.00000000</POSITION>
			<DIRECTION>0.57698840 -0.81675234 0.00000000</DIRECTION>
		</DUMMY>
		<DUMMY name="spawn_team2_102">
			<POSITION>-3352.00000000 -648.00000000 -176.00000000</POSITION>
			<DIRECTION>0.64863811 -0.76109697 0.00000000</DIRECTION>
		</DUMMY>
		<DUMMY name="spawn_team2_103">
			<POSITION>-3680.00000000 -376.00000000 -176.00000000</POSITION>
			<DIRECTION>0.57946610 -0.81499634 0.00000000</DIRECTION>
		</DUMMY>
		<DUMMY name="spawn_team2_104">
			<POSITION>-3048.00000000 -488.00000000 -176.00000000</POSITION>
			<DIRECTION>0.62215944 -0.78289056 0.00000000</DIRECTION>
		</DUMMY>
		<DUMMY name="spawn_team2_105">
			<POSITION>-2792.00000000 -664.00000000 -176.00000000</POSITION>
			<DIRECTION>0.83523197 -0.54989777 0.00000000</DIRECTION>
		</DUMMY>
		<DUMMY name="spawn_team2_106">
			<POSITION>-2776.00000000 -472.00000000 -176.00000000</POSITION>
			<DIRECTION>0.55101975 -0.83449220 0.00000000</DIRECTION>
		</DUMMY>
		<DUMMY name="spawn_solo_102">
			<POSITION>-3851.00000000 -672.00000000 -176.00000000</POSITION>
			<DIRECTION>0.65023073 -0.75973680 0.00000000</DIRECTION>
		</DUMMY>
		<DUMMY name="spawn_solo_103">
			<POSITION>832.00000000 3632.00000000 -136.00000000</POSITION>
			<DIRECTION>-1.00000000 0.00000000 0.00000000</DIRECTION>
		</DUMMY>
		<DUMMY name="spawn_solo_104">
			<POSITION>-3488.00000000 1240.00000000 -976.00000000</POSITION>
			<DIRECTION>-0.04078750 -0.99916784 0.00000000</DIRECTION>
		</DUMMY>
		<DUMMY name="spawn_solo_105">
			<POSITION>-544.00000000 232.00000000 600.00000000</POSITION>
			<DIRECTION>-1.00000000 0.00000000 0.00000000</DIRECTION>
		</DUMMY>
		<DUMMY name="spawn_solo_106">
			<POSITION>-3648.00000000 3120.00000000 593.00000000</POSITION>
			<DIRECTION>-0.06170006 0.99809474 0.00000000</DIRECTION>
		</DUMMY>
		<DUMMY name="spawn_team1_101">
			<POSITION>2846.00000000 -1187.00000000 -837.00000000</POSITION>
			<DIRECTION>-1.00000000 0.00000000 0.00000000</DIRECTION>
		</DUMMY>
		<DUMMY name="spawn_team1_102">
			<POSITION>2777.00000000 -1444.00000000 -837.00000000</POSITION>
			<DIRECTION>-1.00000000 0.00000000 0.00000000</DIRECTION>
		</DUMMY>
		<DUMMY name="spawn_team1_103">
			<POSITION>3009.00000000 -1345.00000000 -837.00000000</POSITION>
			<DIRECTION>-1.00000000 0.00000000 0.00000000</DIRECTION>
		</DUMMY>
		<DUMMY name="spawn_team1_104">
			<POSITION>2883.00000000 -1692.00000000 -837.00000000</POSITION>
			<DIRECTION>-1.00000000 0.00000000 0.00000000</DIRECTION>
		</DUMMY>
		<DUMMY name="spawn_team1_105">
			<POSITION>3075.00000000 -1576.00000000 -837.00000000</POSITION>
			<DIRECTION>-1.00000000 0.00000000 0.00000000</DIRECTION>
		</DUMMY>
		<DUMMY name="spawn_team1_106">
			<POSITION>2658.00000000 -1745.00000000 -837.00000000</POSITION>
			<DIRECTION>-1.00000000 0.00000000 0.00000000</DIRECTION>
		</DUMMY>
		<DUMMY name="spawn_team1_107">
			<POSITION>2780.00000000 -1891.00000000 -837.00000000</POSITION>
			<DIRECTION>-1.00000000 0.00000000 0.00000000</DIRECTION>
		</DUMMY>
		<DUMMY name="spawn_team1_108">
			<POSITION>3012.00000000 -1846.00000000 -837.00000000</POSITION>
			<DIRECTION>-1.00000000 0.00000000 0.00000000</DIRECTION>
		</DUMMY>
		<DUMMY name="spawn_solo_107">
			<POSITION>3145.00000000 -1948.00000000 -837.00000000</POSITION>
			<DIRECTION>-0.71065951 -0.70353611 0.00000000</DIRECTION>
		</DUMMY>
		<DUMMY name="spawn_team2_107">
			<POSITION>-3490.00000000 -605.00000000 -176.00000000</POSITION>
			<DIRECTION>0.64732206 -0.76221660 0.00000000</DIRECTION>
		</DUMMY>
		<DUMMY name="spawn_team2_108">
			<POSITION>-3598.00000000 -706.00000000 -176.00000000</POSITION>
			<DIRECTION>0.66217549 -0.74934880 0.00000000</DIRECTION>
		</DUMMY>
		<DUMMY name="spawn_solo_108">
			<POSITION>-3118.00000000 -958.00000000 -2007.00000000</POSITION>
			<DIRECTION>-1.00000000 0.00000000 0.00000000</DIRECTION>
		</DUMMY>
		<DUMMY name="spawn_solo_109">
			<POSITION>-3026.00000000 2745.00000000 -2007.00000000</POSITION>
			<DIRECTION>0.00644720 0.99997922 0.00000000</DIRECTION>
		</DUMMY>
		<DUMMY name="spawn_solo_110">
			<POSITION>-5867.00000000 534.00000000 -1303.00000000</POSITION>
			<DIRECTION>-1.00000000 0.00000000 0.00000000</DIRECTION>
		</DUMMY>
		<DUMMY name="spawn_solo_111">
			<POSITION>-5971.00000000 -1557.00000000 -102.00000000</POSITION>
			<DIRECTION>0.75342570 -0.65753306 0.00000000</DIRECTION>
		</DUMMY>
	</DUMMYLIST>
</XML>
