<?xml version="1.0"?>
<XML>
	<MATERIALLIST>
		<MATERIAL name="gzd_map_Pirate_Docks_build18_mt_con">
			<DIFFUSE>0.5882353 0.5882353 0.5882353</DIFFUSE>
			<AMBIENT>0.5882353 0.5882353 0.5882353</AMBIENT>
			<SPECULAR>0.9000000 0.9000000 0.9000000</SPECULAR>
			<DIFFUSEMAP>gzd_map_Pirate_Docks_build18.bmp</DIFFUSEMAP>
		</MATERIAL>
		<MATERIAL name="gzd_map_Pirate_Docks_build18_1_mt_con">
			<DIFFUSE>0.5882353 0.5882353 0.5882353</DIFFUSE>
			<AMBIENT>0.5882353 0.5882353 0.5882353</AMBIENT>
			<SPECULAR>0.9000000 0.9000000 0.9000000</SPECULAR>
			<DIFFUSEMAP>gzd_map_Pirate_Docks_build18_1.bmp</DIFFUSEMAP>
		</MATERIAL>
		<MATERIAL name="gzd_map_Pirate_Docks_roof17_mt_wod">
			<DIFFUSE>0.5882353 0.5882353 0.5882353</DIFFUSE>
			<AMBIENT>0.5882353 0.5882353 0.5882353</AMBIENT>
			<SPECULAR>0.9000000 0.9000000 0.9000000</SPECULAR>
			<DIFFUSEMAP>gzd_map_Pirate_Docks_roof17.bmp</DIFFUSEMAP>
		</MATERIAL>
		<MATERIAL name="gzd_map_Pirate_Docks_build16_mt_con">
			<DIFFUSE>0.5882353 0.5882353 0.5882353</DIFFUSE>
			<AMBIENT>0.5882353 0.5882353 0.5882353</AMBIENT>
			<SPECULAR>0.9000000 0.9000000 0.9000000</SPECULAR>
			<DIFFUSEMAP>gzd_map_Pirate_Docks_build16.bmp</DIFFUSEMAP>
		</MATERIAL>
		<MATERIAL name="gzd_map_Pirate_Docks_roof11_mt_wod">
			<DIFFUSE>0.5882353 0.5882353 0.5882353</DIFFUSE>
			<AMBIENT>0.5882353 0.5882353 0.5882353</AMBIENT>
			<SPECULAR>0.9000000 0.9000000 0.9000000</SPECULAR>
			<DIFFUSEMAP>gzd_map_Pirate_Docks_roof11.bmp</DIFFUSEMAP>
		</MATERIAL>
		<MATERIAL name="gzd_map_Pirate_Docks_chimney01_mt_con">
			<DIFFUSE>0.5882353 0.5882353 0.5882353</DIFFUSE>
			<AMBIENT>0.5882353 0.5882353 0.5882353</AMBIENT>
			<SPECULAR>0.9000000 0.9000000 0.9000000</SPECULAR>
			<DIFFUSEMAP>gzd_map_Pirate_Docks_chimney01.bmp</DIFFUSEMAP>
		</MATERIAL>
		<MATERIAL name="gzd_map_Pirate_Docks_build19_mt_con">
			<DIFFUSE>0.5882353 0.5882353 0.5882353</DIFFUSE>
			<AMBIENT>0.5882353 0.5882353 0.5882353</AMBIENT>
			<SPECULAR>0.9000000 0.9000000 0.9000000</SPECULAR>
			<DIFFUSEMAP>gzd_map_Pirate_Docks_build19.bmp</DIFFUSEMAP>
		</MATERIAL>
		<MATERIAL name="gzd_map_Pirate_Docks_roof20_mt_wod">
			<DIFFUSE>0.5882353 0.5882353 0.5882353</DIFFUSE>
			<AMBIENT>0.5882353 0.5882353 0.5882353</AMBIENT>
			<SPECULAR>0.9000000 0.9000000 0.9000000</SPECULAR>
			<DIFFUSEMAP>gzd_map_Pirate_Docks_roof20.bmp</DIFFUSEMAP>
		</MATERIAL>
		<MATERIAL name="gzd_map_Pirate_Docks_roof18_mt_wod">
			<DIFFUSE>0.5882353 0.5882353 0.5882353</DIFFUSE>
			<AMBIENT>0.5882353 0.5882353 0.5882353</AMBIENT>
			<SPECULAR>0.9000000 0.9000000 0.9000000</SPECULAR>
			<DIFFUSEMAP>gzd_map_Pirate_Docks_roof18.bmp</DIFFUSEMAP>
		</MATERIAL>
		<MATERIAL name="gzd_map_Pirate_Docks_build13_mt_con">
			<DIFFUSE>0.5882353 0.5882353 0.5882353</DIFFUSE>
			<AMBIENT>0.5882353 0.5882353 0.5882353</AMBIENT>
			<SPECULAR>0.9000000 0.9000000 0.9000000</SPECULAR>
			<DIFFUSEMAP>gzd_map_Pirate_Docks_build13.bmp</DIFFUSEMAP>
		</MATERIAL>
		<MATERIAL name="gzd_map_Pirate_Docks_build20_mt_con">
			<DIFFUSE>0.5882353 0.5882353 0.5882353</DIFFUSE>
			<AMBIENT>0.5882353 0.5882353 0.5882353</AMBIENT>
			<SPECULAR>0.9000000 0.9000000 0.9000000</SPECULAR>
			<DIFFUSEMAP>gzd_map_Pirate_Docks_build20.bmp</DIFFUSEMAP>
		</MATERIAL>
		<MATERIAL name="gzd_map_Pirate_Docks_build28_mt_con">
			<DIFFUSE>0.5882353 0.5882353 0.5882353</DIFFUSE>
			<AMBIENT>0.5882353 0.5882353 0.5882353</AMBIENT>
			<SPECULAR>0.9000000 0.9000000 0.9000000</SPECULAR>
			<DIFFUSEMAP>gzd_map_Pirate_Docks_build28.bmp</DIFFUSEMAP>
		</MATERIAL>
		<MATERIAL name="gzd_map_Pirate_Docks_floor001_mt_con">
			<DIFFUSE>0.5882353 0.5882353 0.5882353</DIFFUSE>
			<AMBIENT>0.5882353 0.5882353 0.5882353</AMBIENT>
			<SPECULAR>0.9000000 0.9000000 0.9000000</SPECULAR>
			<DIFFUSEMAP>gzd_map_Pirate_Docks_floor001.bmp</DIFFUSEMAP>
		</MATERIAL>
		<MATERIAL name="gzd_map_Pirate_Docks_build30_mt_con">
			<DIFFUSE>0.5882353 0.5882353 0.5882353</DIFFUSE>
			<AMBIENT>0.5882353 0.5882353 0.5882353</AMBIENT>
			<SPECULAR>0.9000000 0.9000000 0.9000000</SPECULAR>
			<DIFFUSEMAP>gzd_map_Pirate_Docks_build30.bmp</DIFFUSEMAP>
		</MATERIAL>
		<MATERIAL name="gzd_map_Pirate_Docks_floor11_mt_con">
			<DIFFUSE>0.5882353 0.5882353 0.5882353</DIFFUSE>
			<AMBIENT>0.5882353 0.5882353 0.5882353</AMBIENT>
			<SPECULAR>0.9000000 0.9000000 0.9000000</SPECULAR>
			<DIFFUSEMAP>gzd_map_Pirate_Docks_floor11.bmp</DIFFUSEMAP>
		</MATERIAL>
		<MATERIAL name="gzd_map_Pirate_Docks_build27_mt_con">
			<DIFFUSE>0.5882353 0.5882353 0.5882353</DIFFUSE>
			<AMBIENT>0.5882353 0.5882353 0.5882353</AMBIENT>
			<SPECULAR>0.9000000 0.9000000 0.9000000</SPECULAR>
			<DIFFUSEMAP>gzd_map_Pirate_Docks_build27.bmp</DIFFUSEMAP>
		</MATERIAL>
		<MATERIAL name="gzd_map_Pirate_Docks_roof19_mt_wod">
			<DIFFUSE>0.5882353 0.5882353 0.5882353</DIFFUSE>
			<AMBIENT>0.5882353 0.5882353 0.5882353</AMBIENT>
			<SPECULAR>0.9000000 0.9000000 0.9000000</SPECULAR>
			<DIFFUSEMAP>gzd_map_Pirate_Docks_roof19.bmp</DIFFUSEMAP>
		</MATERIAL>
		<MATERIAL name="gzd_map_Pirate_Docks_build23_mt_con">
			<DIFFUSE>0.5882353 0.5882353 0.5882353</DIFFUSE>
			<AMBIENT>0.5882353 0.5882353 0.5882353</AMBIENT>
			<SPECULAR>0.9000000 0.9000000 0.9000000</SPECULAR>
			<DIFFUSEMAP>gzd_map_Pirate_Docks_build23.bmp</DIFFUSEMAP>
		</MATERIAL>
		<MATERIAL name="gzd_map_Pirate_Docks_wall14_mt_con">
			<DIFFUSE>0.5882353 0.5882353 0.5882353</DIFFUSE>
			<AMBIENT>0.5882353 0.5882353 0.5882353</AMBIENT>
			<SPECULAR>0.9000000 0.9000000 0.9000000</SPECULAR>
			<DIFFUSEMAP>gzd_map_Pirate_Docks_wall14.bmp</DIFFUSEMAP>
		</MATERIAL>
		<MATERIAL name="gzd_map_Pirate_Docks_chimney02_mt_con">
			<DIFFUSE>0.5882353 0.5882353 0.5882353</DIFFUSE>
			<AMBIENT>0.5882353 0.5882353 0.5882353</AMBIENT>
			<SPECULAR>0.9000000 0.9000000 0.9000000</SPECULAR>
			<DIFFUSEMAP>gzd_map_Pirate_Docks_chimney02.bmp</DIFFUSEMAP>
		</MATERIAL>
		<MATERIAL name="gzd_map_Pirate_Docks_wall15_mt_con">
			<DIFFUSE>0.5882353 0.5882353 0.5882353</DIFFUSE>
			<AMBIENT>0.5882353 0.5882353 0.5882353</AMBIENT>
			<SPECULAR>0.9000000 0.9000000 0.9000000</SPECULAR>
			<DIFFUSEMAP>gzd_map_Pirate_Docks_wall15.bmp</DIFFUSEMAP>
		</MATERIAL>
		<MATERIAL name="gzd_map_Pirate_Docks_box001_1_mt_wod">
			<DIFFUSE>0.5880000 0.5880000 0.5880000</DIFFUSE>
			<AMBIENT>0.5880000 0.5880000 0.5880000</AMBIENT>
			<SPECULAR>0.9000000 0.9000000 0.9000000</SPECULAR>
			<DIFFUSEMAP>gzd_map_Pirate_Docks_box001_1.bmp</DIFFUSEMAP>
		</MATERIAL>
		<MATERIAL name="gzd_map_Pirate_Docks_box001_mt_wod">
			<DIFFUSE>0.5880000 0.5880000 0.5880000</DIFFUSE>
			<AMBIENT>0.5880000 0.5880000 0.5880000</AMBIENT>
			<SPECULAR>0.9000000 0.9000000 0.9000000</SPECULAR>
			<DIFFUSEMAP>gzd_map_Pirate_Docks_box001.bmp</DIFFUSEMAP>
		</MATERIAL>
		<MATERIAL name="gzd_map_Pirate_Docks_H-gang001_mt_met">
			<DIFFUSE>0.5882353 0.5882353 0.5882353</DIFFUSE>
			<AMBIENT>0.5882353 0.5882353 0.5882353</AMBIENT>
			<SPECULAR>0.9000000 0.9000000 0.9000000</SPECULAR>
			<DIFFUSEMAP>gzd_map_Pirate_Docks_H-gang001.bmp</DIFFUSEMAP>
		</MATERIAL>
		<MATERIAL name="at_gzd_map_Pirate_Docks_chain01_2s_mt_met">
			<DIFFUSE>0.5880000 0.5880000 0.5880000</DIFFUSE>
			<AMBIENT>0.5880000 0.5880000 0.5880000</AMBIENT>
			<SPECULAR>0.9000000 0.9000000 0.9000000</SPECULAR>
			<DIFFUSEMAP>gzd_map_Pirate_Docks_chain01.tga</DIFFUSEMAP>
			<TWOSIDED/>
			<USEOPACITY/>
			<USEALPHATEST/>
		</MATERIAL>
		<MATERIAL name="gzd_map_Pirate_Docks_car_b02_2s_mt_clo">
			<DIFFUSE>0.5882353 0.5882353 0.5882353</DIFFUSE>
			<AMBIENT>0.5882353 0.5882353 0.5882353</AMBIENT>
			<SPECULAR>0.9000000 0.9000000 0.9000000</SPECULAR>
			<DIFFUSEMAP>gzd_map_Pirate_Docks_car_b02.bmp</DIFFUSEMAP>
			<TWOSIDED/>
			<USEOPACITY/>
			<USEALPHATEST/>
		</MATERIAL>
		<MATERIAL name="gzd_map_Pirate_Docks_car_b02_mt_drt">
			<DIFFUSE>0.5882353 0.5882353 0.5882353</DIFFUSE>
			<AMBIENT>0.5882353 0.5882353 0.5882353</AMBIENT>
			<SPECULAR>0.9000000 0.9000000 0.9000000</SPECULAR>
			<DIFFUSEMAP>gzd_map_Pirate_Docks_car_b02.bmp</DIFFUSEMAP>
			<USEOPACITY/>
			<USEALPHATEST/>
		</MATERIAL>
		<MATERIAL name="gzd_map_Pirate_Docks_boat02_mt_wod">
			<DIFFUSE>0.5882353 0.5882353 0.5882353</DIFFUSE>
			<AMBIENT>0.5882353 0.5882353 0.5882353</AMBIENT>
			<SPECULAR>0.9000000 0.9000000 0.9000000</SPECULAR>
			<DIFFUSEMAP>gzd_map_Pirate_Docks_boat02.bmp</DIFFUSEMAP>
		</MATERIAL>
		<MATERIAL name="gzd_map_Pirate_Docks_floor01_mt_pnt">
			<DIFFUSE>0.5882353 0.5882353 0.5882353</DIFFUSE>
			<AMBIENT>0.5882353 0.5882353 0.5882353</AMBIENT>
			<SPECULAR>0.9000000 0.9000000 0.9000000</SPECULAR>
			<DIFFUSEMAP>gzd_map_Pirate_Docks_floor01.bmp</DIFFUSEMAP>
		</MATERIAL>
		<MATERIAL name="gzd_map_Pirate_Docks_floor04_mt_wat">
			<DIFFUSE>0.5882353 0.5882353 0.5882353</DIFFUSE>
			<AMBIENT>0.5882353 0.5882353 0.5882353</AMBIENT>
			<SPECULAR>0.9000000 0.9000000 0.9000000</SPECULAR>
			<DIFFUSEMAP>gzd_map_Pirate_Docks_floor04.bmp</DIFFUSEMAP>
		</MATERIAL>
		<MATERIAL name="gzd_map_Pirate_Docks_floor13_1_mt_con">
			<DIFFUSE>0.5882353 0.5882353 0.5882353</DIFFUSE>
			<AMBIENT>0.5882353 0.5882353 0.5882353</AMBIENT>
			<SPECULAR>0.9000000 0.9000000 0.9000000</SPECULAR>
			<DIFFUSEMAP>gzd_map_Pirate_Docks_floor13_1.bmp</DIFFUSEMAP>
		</MATERIAL>
		<MATERIAL name="gzd_map_Pirate_Docks_chimney03_mt_con">
			<DIFFUSE>0.5882353 0.5882353 0.5882353</DIFFUSE>
			<AMBIENT>0.5882353 0.5882353 0.5882353</AMBIENT>
			<SPECULAR>0.9000000 0.9000000 0.9000000</SPECULAR>
			<DIFFUSEMAP>gzd_map_Pirate_Docks_chimney03.bmp</DIFFUSEMAP>
		</MATERIAL>
		<MATERIAL name="gzd_map_Pirate_Docks_roof30_mt_con">
			<DIFFUSE>0.5882353 0.5882353 0.5882353</DIFFUSE>
			<AMBIENT>0.5882353 0.5882353 0.5882353</AMBIENT>
			<SPECULAR>0.9000000 0.9000000 0.9000000</SPECULAR>
			<DIFFUSEMAP>gzd_map_Pirate_Docks_roof30.bmp</DIFFUSEMAP>
		</MATERIAL>
		<MATERIAL name="gzd_map_Pirate_Docks_door01_mt_wod">
			<DIFFUSE>0.5882353 0.5882353 0.5882353</DIFFUSE>
			<AMBIENT>0.5882353 0.5882353 0.5882353</AMBIENT>
			<SPECULAR>0.9000000 0.9000000 0.9000000</SPECULAR>
			<DIFFUSEMAP>gzd_map_Pirate_Docks_door01.bmp</DIFFUSEMAP>
		</MATERIAL>
		<MATERIAL name="gzd_map_Pirate_Docks_water001_2s">
			<DIFFUSE>0.5880000 0.5880000 0.5880000</DIFFUSE>
			<AMBIENT>0.5880000 0.5880000 0.5880000</AMBIENT>
			<SPECULAR>0.9000000 0.9000000 0.9000000</SPECULAR>
			<DIFFUSEMAP>gzd_map_Pirate_Docks_water001.bmp</DIFFUSEMAP>
			<ADDITIVE/>
			<TWOSIDED/>
		</MATERIAL>
		<MATERIAL name="gzd_map_Pirate_Docks_mask01_2s">
			<DIFFUSE>0.5880000 0.5880000 0.5880000</DIFFUSE>
			<AMBIENT>0.5880000 0.5880000 0.5880000</AMBIENT>
			<SPECULAR>0.9000000 0.9000000 0.9000000</SPECULAR>
			<DIFFUSEMAP>gzd_map_Pirate_Docks_mask01.tga</DIFFUSEMAP>
			<TWOSIDED/>
			<USEOPACITY/>
		</MATERIAL>
		<MATERIAL name="gzd_map_Pirate_Docks_box01_mt_met">
			<DIFFUSE>0.5880000 0.5880000 0.5880000</DIFFUSE>
			<AMBIENT>0.5880000 0.5880000 0.5880000</AMBIENT>
			<SPECULAR>0.9000000 0.9000000 0.9000000</SPECULAR>
			<DIFFUSEMAP>gzd_map_Pirate_Docks_box01.bmp</DIFFUSEMAP>
		</MATERIAL>
		<MATERIAL name="gzd_map_Pirate_Docks_car_b02_1_mt_met">
			<DIFFUSE>0.5882353 0.5882353 0.5882353</DIFFUSE>
			<AMBIENT>0.5882353 0.5882353 0.5882353</AMBIENT>
			<SPECULAR>0.9000000 0.9000000 0.9000000</SPECULAR>
			<DIFFUSEMAP>gzd_map_Pirate_Docks_car_b02_1.bmp</DIFFUSEMAP>
		</MATERIAL>
		<MATERIAL name="gzd_map_Pirate_Docks_car_b02_1_mt_clo">
			<DIFFUSE>0.5882353 0.5882353 0.5882353</DIFFUSE>
			<AMBIENT>0.5882353 0.5882353 0.5882353</AMBIENT>
			<SPECULAR>0.9000000 0.9000000 0.9000000</SPECULAR>
			<DIFFUSEMAP>gzd_map_Pirate_Docks_car_b02_1.bmp</DIFFUSEMAP>
		</MATERIAL>
		<MATERIAL name="gzd_map_Pirate_Docks_car_b02_1_mt_gls">
			<DIFFUSE>0.5882353 0.5882353 0.5882353</DIFFUSE>
			<AMBIENT>0.5882353 0.5882353 0.5882353</AMBIENT>
			<SPECULAR>0.9000000 0.9000000 0.9000000</SPECULAR>
			<DIFFUSEMAP>gzd_map_Pirate_Docks_car_b02_1.bmp</DIFFUSEMAP>
		</MATERIAL>
		<MATERIAL name="gzd_map_Pirate_Docks_car_b02_mt_met">
			<DIFFUSE>0.5882353 0.5882353 0.5882353</DIFFUSE>
			<AMBIENT>0.5882353 0.5882353 0.5882353</AMBIENT>
			<SPECULAR>0.9000000 0.9000000 0.9000000</SPECULAR>
			<DIFFUSEMAP>gzd_map_Pirate_Docks_car_b02.bmp</DIFFUSEMAP>
		</MATERIAL>
		<MATERIAL name="gzd_map_Pirate_Docks_car_b02_mt_gls">
			<DIFFUSE>0.5882353 0.5882353 0.5882353</DIFFUSE>
			<AMBIENT>0.5882353 0.5882353 0.5882353</AMBIENT>
			<SPECULAR>0.9000000 0.9000000 0.9000000</SPECULAR>
			<DIFFUSEMAP>gzd_map_Pirate_Docks_car_b02.bmp</DIFFUSEMAP>
		</MATERIAL>
		<MATERIAL name="gzd_map_Pirate_Docks_car_b02_mt_clo">
			<DIFFUSE>0.5882353 0.5882353 0.5882353</DIFFUSE>
			<AMBIENT>0.5882353 0.5882353 0.5882353</AMBIENT>
			<SPECULAR>0.9000000 0.9000000 0.9000000</SPECULAR>
			<DIFFUSEMAP>gzd_map_Pirate_Docks_car_b02.bmp</DIFFUSEMAP>
		</MATERIAL>
		<MATERIAL name="gzd_map_Pirate_Docks_deco_con01_mt_con">
			<DIFFUSE>0.5882353 0.5882353 0.5882353</DIFFUSE>
			<AMBIENT>0.5882353 0.5882353 0.5882353</AMBIENT>
			<SPECULAR>0.9000000 0.9000000 0.9000000</SPECULAR>
			<DIFFUSEMAP>gzd_map_Pirate_Docks_deco_con01.bmp</DIFFUSEMAP>
		</MATERIAL>
		<MATERIAL name="gzd_map_Pirate_Docks_sky_daylight01">
			<DIFFUSE>0.5882353 0.5882353 0.5882353</DIFFUSE>
			<AMBIENT>0.5882353 0.5882353 0.5882353</AMBIENT>
			<SPECULAR>0.9000000 0.9000000 0.9000000</SPECULAR>
			<DIFFUSEMAP>sky_daylight.bmp</DIFFUSEMAP>
		</MATERIAL>
		<MATERIAL name="gzd_map_Pirate_Docks_boat01_mt_wod">
			<DIFFUSE>0.5882353 0.5882353 0.5882353</DIFFUSE>
			<AMBIENT>0.5882353 0.5882353 0.5882353</AMBIENT>
			<SPECULAR>0.9000000 0.9000000 0.9000000</SPECULAR>
			<DIFFUSEMAP>gzd_map_Pirate_Docks_boat01.bmp</DIFFUSEMAP>
		</MATERIAL>
		<MATERIAL name="gzd_map_Pirate_Docks_boat03_mt_wod">
			<DIFFUSE>0.5882353 0.5882353 0.5882353</DIFFUSE>
			<AMBIENT>0.5882353 0.5882353 0.5882353</AMBIENT>
			<SPECULAR>0.9000000 0.9000000 0.9000000</SPECULAR>
			<DIFFUSEMAP>gzd_map_Pirate_Docks_boat03.bmp</DIFFUSEMAP>
		</MATERIAL>
		<MATERIAL name="gzd_map_Pirate_Docks_boat04_mt_wod">
			<DIFFUSE>0.5882353 0.5882353 0.5882353</DIFFUSE>
			<AMBIENT>0.5882353 0.5882353 0.5882353</AMBIENT>
			<SPECULAR>0.9000000 0.9000000 0.9000000</SPECULAR>
			<DIFFUSEMAP>gzd_map_Pirate_Docks_boat04.bmp</DIFFUSEMAP>
		</MATERIAL>
		<MATERIAL name="gzd_map_Pirate_Docks_boat05_mt_wod">
			<DIFFUSE>0.5882353 0.5882353 0.5882353</DIFFUSE>
			<AMBIENT>0.5882353 0.5882353 0.5882353</AMBIENT>
			<SPECULAR>0.9000000 0.9000000 0.9000000</SPECULAR>
			<DIFFUSEMAP>gzd_map_Pirate_Docks_boat05.bmp</DIFFUSEMAP>
		</MATERIAL>
		<MATERIAL name="gzd_map_Pirate_Docks_door_b01_mt_wod">
			<DIFFUSE>0.5882353 0.5882353 0.5882353</DIFFUSE>
			<AMBIENT>0.5882353 0.5882353 0.5882353</AMBIENT>
			<SPECULAR>0.9000000 0.9000000 0.9000000</SPECULAR>
			<DIFFUSEMAP>gzd_map_Pirate_Docks_door_b01.bmp</DIFFUSEMAP>
		</MATERIAL>
		<MATERIAL name="at_gzd_map_Pirate_Docks_mask02_2s">
			<DIFFUSE>0.5882353 0.5882353 0.5882353</DIFFUSE>
			<AMBIENT>0.5882353 0.5882353 0.5882353</AMBIENT>
			<SPECULAR>0.9000000 0.9000000 0.9000000</SPECULAR>
			<DIFFUSEMAP>gzd_map_Pirate_Docks_mask02.tga</DIFFUSEMAP>
			<TWOSIDED/>
			<USEOPACITY/>
			<USEALPHATEST/>
		</MATERIAL>
	</MATERIALLIST>
	<LIGHTLIST>
		<LIGHT name="Omni_main 01">
			<POSITION>15000.0000000 15000.0000000 15000.0000000</POSITION>
			<COLOR>0.1490196 0.4313726 0.5882353</COLOR>
			<INTENSITY>0.1500000</INTENSITY>
			<ATTENUATIONSTART>40000.0000000</ATTENUATIONSTART>
			<ATTENUATIONEND>40000.0000000</ATTENUATIONEND>
		</LIGHT>
		<LIGHT name="Omni_main 02">
			<POSITION>-15000.0000000 15000.0000000 15000.0000000</POSITION>
			<COLOR>0.1490196 0.4313726 0.5882353</COLOR>
			<INTENSITY>0.1500000</INTENSITY>
			<ATTENUATIONSTART>40000.0000000</ATTENUATIONSTART>
			<ATTENUATIONEND>40000.0000000</ATTENUATIONEND>
		</LIGHT>
		<LIGHT name="Omni_main 03">
			<POSITION>-15000.0000000 -15000.0000000 15000.0000000</POSITION>
			<COLOR>0.1490196 0.4313726 0.5882353</COLOR>
			<INTENSITY>0.1500000</INTENSITY>
			<ATTENUATIONSTART>40000.0000000</ATTENUATIONSTART>
			<ATTENUATIONEND>40000.0000000</ATTENUATIONEND>
		</LIGHT>
		<LIGHT name="Omni_main 04">
			<POSITION>15000.0000000 -15000.0000000 15000.0000000</POSITION>
			<COLOR>0.1490196 0.4313726 0.5882353</COLOR>
			<INTENSITY>0.1500000</INTENSITY>
			<ATTENUATIONSTART>40000.0000000</ATTENUATIONSTART>
			<ATTENUATIONEND>40000.0000000</ATTENUATIONEND>
		</LIGHT>
		<LIGHT name="Omni_main 05">
			<POSITION>-15000.0000000 15000.0000000 -15000.0000000</POSITION>
			<COLOR>0.1490196 0.4313726 0.5882353</COLOR>
			<INTENSITY>0.1500000</INTENSITY>
			<ATTENUATIONSTART>40000.0000000</ATTENUATIONSTART>
			<ATTENUATIONEND>40000.0000000</ATTENUATIONEND>
		</LIGHT>
		<LIGHT name="Omni_main 06">
			<POSITION>-15000.0000000 -15000.0000000 -15000.0000000</POSITION>
			<COLOR>0.1490196 0.4313726 0.5882353</COLOR>
			<INTENSITY>0.1500000</INTENSITY>
			<ATTENUATIONSTART>40000.0000000</ATTENUATIONSTART>
			<ATTENUATIONEND>40000.0000000</ATTENUATIONEND>
		</LIGHT>
		<LIGHT name="Omni_main 07">
			<POSITION>15000.0000000 -15000.0000000 -15000.0000000</POSITION>
			<COLOR>0.1490196 0.4313726 0.5882353</COLOR>
			<INTENSITY>0.1500000</INTENSITY>
			<ATTENUATIONSTART>40000.0000000</ATTENUATIONSTART>
			<ATTENUATIONEND>40000.0000000</ATTENUATIONEND>
		</LIGHT>
		<LIGHT name="Omni_main 08">
			<POSITION>15000.0000000 15000.0000000 -15000.0000000</POSITION>
			<COLOR>0.1490196 0.4313726 0.5882353</COLOR>
			<INTENSITY>0.1500000</INTENSITY>
			<ATTENUATIONSTART>40000.0000000</ATTENUATIONSTART>
			<ATTENUATIONEND>40000.0000000</ATTENUATIONEND>
		</LIGHT>
		<LIGHT name="obj_Omni01">
			<POSITION>-11669.9384766 11549.1025391 23707.9140625</POSITION>
			<COLOR>0.1490196 0.4313726 0.5882353</COLOR>
			<INTENSITY>0.1500000</INTENSITY>
			<ATTENUATIONSTART>700000.0000000</ATTENUATIONSTART>
			<ATTENUATIONEND>700000.0000000</ATTENUATIONEND>
			<CASTSHADOW/>
		</LIGHT>
	</LIGHTLIST>
	<OBJECTLIST>
		<OBJECT name="Pirate_Docks_obj_water_01.elu">
		</OBJECT>
		<OBJECT name="Pirate_Docks_obj_seacolor03.elu">
		</OBJECT>
		<OBJECT name="Pirate_Docks_obj_seacolor01.elu">
		</OBJECT>
		<OBJECT name="Pirate_Docks_obj_seacolor02.elu">
		</OBJECT>
		<OBJECT name="Pirate_Docks_obj_ef_daylight.elu">
		</OBJECT>
		<OBJECT name="Pirate_Docks_obj_sea_01.elu">
		</OBJECT>
		<OBJECT name="Pirate_Docks_obj_ef_sail.elu">
		</OBJECT>
	</OBJECTLIST>
	<DUMMYLIST>
		<DUMMY name="spawn_solo_101">
			<POSITION>-701.7201538 -1301.9790039 455.0000000</POSITION>
			<DIRECTION>-0.9999999 -0.0000003 0.0000000</DIRECTION>
		</DUMMY>
		<DUMMY name="spawn_solo_102">
			<POSITION>-3888.2595215 4290.1362305 5.0000000</POSITION>
			<DIRECTION>0.9999999 -0.0000005 0.0000000</DIRECTION>
		</DUMMY>
		<DUMMY name="spawn_solo_103">
			<POSITION>-3557.6472168 1701.2768555 455.0000000</POSITION>
			<DIRECTION>0.9999999 -0.0000003 0.0000000</DIRECTION>
		</DUMMY>
		<DUMMY name="spawn_solo_104">
			<POSITION>845.4170532 -3314.6689453 5.0000000</POSITION>
			<DIRECTION>-0.0000002 0.9999999 0.0000000</DIRECTION>
		</DUMMY>
		<DUMMY name="spawn_solo_105">
			<POSITION>-3781.6669922 212.0513611 455.0000000</POSITION>
			<DIRECTION>0.9999999 -0.0000005 0.0000000</DIRECTION>
		</DUMMY>
		<DUMMY name="spawn_solo_106">
			<POSITION>2401.5310059 -1237.6789551 5.0000000</POSITION>
			<DIRECTION>-0.0000002 0.9999999 0.0000000</DIRECTION>
		</DUMMY>
		<DUMMY name="spawn_solo_107">
			<POSITION>-1949.7717285 2542.6420898 455.0000000</POSITION>
			<DIRECTION>0.0000000 -0.9999999 0.0000000</DIRECTION>
		</DUMMY>
		<DUMMY name="spawn_solo_108">
			<POSITION>1332.7827148 -1220.8664551 5.0000000</POSITION>
			<DIRECTION>-0.0000002 0.9999999 0.0000000</DIRECTION>
		</DUMMY>
		<DUMMY name="spawn_solo_109">
			<POSITION>-3655.3835449 5853.1235352 -145.0000000</POSITION>
			<DIRECTION>-0.0000002 -0.9999999 0.0000000</DIRECTION>
		</DUMMY>
		<DUMMY name="spawn_solo_110">
			<POSITION>-535.4154053 4937.0170898 5.0000000</POSITION>
			<DIRECTION>-0.9999999 -0.0000003 0.0000000</DIRECTION>
		</DUMMY>
		<DUMMY name="spawn_solo_111">
			<POSITION>-2526.8488770 384.1304016 455.0000000</POSITION>
			<DIRECTION>0.0000000 -0.9999999 0.0000000</DIRECTION>
		</DUMMY>
		<DUMMY name="spawn_solo_112">
			<POSITION>2182.5058594 -3778.3286133 5.0000000</POSITION>
			<DIRECTION>0.0000003 0.9999999 0.0000000</DIRECTION>
		</DUMMY>
		<DUMMY name="spawn_solo_113">
			<POSITION>-900.3325806 2788.4975586 5.0000000</POSITION>
			<DIRECTION>-0.0000002 0.9999999 0.0000000</DIRECTION>
		</DUMMY>
		<DUMMY name="spawn_solo_114">
			<POSITION>-391.5140991 -2614.1264648 -445.0000000</POSITION>
			<DIRECTION>-0.9999999 -0.0000003 0.0000000</DIRECTION>
		</DUMMY>
		<DUMMY name="spawn_solo_115">
			<POSITION>-3591.1396484 -1751.6235352 5.0000000</POSITION>
			<DIRECTION>0.9999999 0.0000007 0.0000000</DIRECTION>
		</DUMMY>
		<DUMMY name="spawn_solo_116">
			<POSITION>1096.0317383 1566.5085449 5.0000000</POSITION>
			<DIRECTION>-0.0000003 0.9999999 0.0000000</DIRECTION>
		</DUMMY>
		<DUMMY name="spawn_team1_101">
			<POSITION>-1375.3883057 4610.7817383 5.0000000</POSITION>
			<DIRECTION>0.0000000 -0.9999999 0.0000000</DIRECTION>
		</DUMMY>
		<DUMMY name="spawn_team1_102">
			<POSITION>-1303.9263916 4748.7329102 5.0000000</POSITION>
			<DIRECTION>0.0000000 -0.9999999 0.0000000</DIRECTION>
		</DUMMY>
		<DUMMY name="spawn_team1_103">
			<POSITION>-1528.4249268 4610.7817383 5.0000000</POSITION>
			<DIRECTION>0.0000000 -0.9999999 0.0000000</DIRECTION>
		</DUMMY>
		<DUMMY name="spawn_team1_104">
			<POSITION>-1303.9263916 4886.4228516 5.0000000</POSITION>
			<DIRECTION>0.0000000 -0.9999999 0.0000000</DIRECTION>
		</DUMMY>
		<DUMMY name="spawn_team1_105">
			<POSITION>-1457.1251221 4886.4228516 5.0000000</POSITION>
			<DIRECTION>0.0000000 -0.9999999 0.0000000</DIRECTION>
		</DUMMY>
		<DUMMY name="spawn_team1_106">
			<POSITION>-1606.2086182 4748.7329102 5.0000000</POSITION>
			<DIRECTION>0.0000000 -0.9999999 0.0000000</DIRECTION>
		</DUMMY>
		<DUMMY name="spawn_team1_107">
			<POSITION>-1457.1251221 4748.7329102 5.0000000</POSITION>
			<DIRECTION>0.0000000 -0.9999999 0.0000000</DIRECTION>
		</DUMMY>
		<DUMMY name="spawn_team1_108">
			<POSITION>-1606.2086182 4886.4228516 5.0000000</POSITION>
			<DIRECTION>0.0000000 -0.9999999 0.0000000</DIRECTION>
		</DUMMY>
		<DUMMY name="spawn_team2_101">
			<POSITION>-1188.6431885 -2678.9658203 -445.0001221</POSITION>
			<DIRECTION>-0.0000002 0.9999999 0.0000000</DIRECTION>
		</DUMMY>
		<DUMMY name="spawn_team2_102">
			<POSITION>-1339.4635010 -2678.9658203 -445.0001221</POSITION>
			<DIRECTION>-0.0000002 0.9999999 0.0000000</DIRECTION>
		</DUMMY>
		<DUMMY name="spawn_team2_103">
			<POSITION>-1114.1314697 -2834.1552734 -445.0001221</POSITION>
			<DIRECTION>-0.0000002 0.9999999 0.0000000</DIRECTION>
		</DUMMY>
		<DUMMY name="spawn_team2_104">
			<POSITION>-1264.9517822 -2834.1552734 -445.0001221</POSITION>
			<DIRECTION>-0.0000002 0.9999999 0.0000000</DIRECTION>
		</DUMMY>
		<DUMMY name="spawn_team2_105">
			<POSITION>-1415.7760010 -2834.1552734 -445.0001221</POSITION>
			<DIRECTION>-0.0000002 0.9999999 0.0000000</DIRECTION>
		</DUMMY>
		<DUMMY name="spawn_team2_106">
			<POSITION>-1114.1314697 -2992.0678711 -445.0000000</POSITION>
			<DIRECTION>-0.0000002 0.9999999 0.0000000</DIRECTION>
		</DUMMY>
		<DUMMY name="spawn_team2_107">
			<POSITION>-1264.9517822 -2992.0678711 -445.0001221</POSITION>
			<DIRECTION>-0.0000002 0.9999999 0.0000000</DIRECTION>
		</DUMMY>
		<DUMMY name="spawn_team2_108">
			<POSITION>-1415.7760010 -2992.0678711 -445.0001221</POSITION>
			<DIRECTION>-0.0000002 0.9999999 0.0000000</DIRECTION>
		</DUMMY>
		<DUMMY name="wait_pos_01">
			<POSITION>-3499.6914063 8823.4609375 847.7966309</POSITION>
			<DIRECTION>0.2573048 -0.9602761 -0.1079993</DIRECTION>
		</DUMMY>
		<DUMMY name="spawn_item_solo_bullet02_02">
			<POSITION>-1200.0000000 -2800.0000000 -445.0000000</POSITION>
			<DIRECTION>-0.9999999 -0.0000003 0.0000000</DIRECTION>
		</DUMMY>
		<DUMMY name="spawn_item_solo_ap03_02">
			<POSITION>1800.0000000 -2500.0000000 5.0000000</POSITION>
			<DIRECTION>-0.9999999 -0.0000003 0.0000000</DIRECTION>
		</DUMMY>
		<DUMMY name="spawn_item_solo_hp03_01">
			<POSITION>-3200.0000000 -2100.0000000 5.0000000</POSITION>
			<DIRECTION>-0.9999999 -0.0000003 0.0000000</DIRECTION>
		</DUMMY>
		<DUMMY name="spawn_item_team_bullet02_01">
			<POSITION>2700.0000000 -2500.0000000 5.0000000</POSITION>
			<DIRECTION>-0.9999999 -0.0000003 0.0000000</DIRECTION>
		</DUMMY>
		<DUMMY name="spawn_item_team_ap03_01">
			<POSITION>1700.0000000 900.0000000 5.0000000</POSITION>
			<DIRECTION>-0.9999999 -0.0000003 0.0000000</DIRECTION>
		</DUMMY>
		<DUMMY name="spawn_item_team_hp03_01">
			<POSITION>-1800.0000000 0.0000000 455.0000000</POSITION>
			<DIRECTION>-0.9999999 -0.0000003 0.0000000</DIRECTION>
		</DUMMY>
		<DUMMY name="spawn_item_solo_hp03_02">
			<POSITION>1300.0000000 2400.0000000 5.0000000</POSITION>
			<DIRECTION>-0.9999999 -0.0000003 0.0000000</DIRECTION>
		</DUMMY>
		<DUMMY name="spawn_item_solo_ap03_01">
			<POSITION>-3300.0000000 4100.0000000 5.0000000</POSITION>
			<DIRECTION>-0.9999999 -0.0000003 0.0000000</DIRECTION>
		</DUMMY>
		<DUMMY name="spawn_item_solo_bullet02_01">
			<POSITION>-900.0000000 3400.0000000 5.0000000</POSITION>
			<DIRECTION>-0.9999999 -0.0000003 0.0000000</DIRECTION>
		</DUMMY>
		<DUMMY name="spawn_item_team_bullet02_02">
			<POSITION>-3600.0000000 2400.0000000 455.0000000</POSITION>
			<DIRECTION>-0.9999999 -0.0000003 0.0000000</DIRECTION>
		</DUMMY>
		<DUMMY name="snd_amb_b1_engine01">
			<POSITION>2963.7241211 -2082.8430176 86.2702942</POSITION>
			<DIRECTION>0.0000000 0.9999999 0.0000000</DIRECTION>
		</DUMMY>
		<DUMMY name="snd_amb_b1_engine02">
			<POSITION>-3635.9089355 4743.9116211 86.2702942</POSITION>
			<DIRECTION>0.0000000 0.9999999 0.0000000</DIRECTION>
		</DUMMY>
		<DUMMY name="snd_amb_a0_shore_2d_01">
			<POSITION>-2344.9072266 6435.6850586 86.2702942</POSITION>
			<DIRECTION>0.0000000 0.9999999 0.0000000</DIRECTION>
		</DUMMY>
	</DUMMYLIST>
	<OCCLUSIONLIST>
	</OCCLUSIONLIST>
	<FOG min="2000" max="4000">
		<R>90</R>
		<G>81</G>
		<B>66</B>
	</FOG>
	<AMBIENTSOUNDLIST>
		<AMBIENTSOUND ObjName="snd_amb_b1_engine01" type="b1" filename="amb_engine">
			<CENTER>2963.7241211 -2082.8430176 86.2702942</CENTER>
			<RADIUS>1200</RADIUS>
		</AMBIENTSOUND>
		<AMBIENTSOUND ObjName="snd_amb_b1_engine02" type="b1" filename="amb_engine">
			<CENTER>-3635.9089355 4743.9116211 86.2702942</CENTER>
			<RADIUS>1200</RADIUS>
		</AMBIENTSOUND>
		<AMBIENTSOUND ObjName="snd_amb_a0_shore_2d_01" type="a0" filename="amb_shore_2d">
			<MIN_POSITION>-5500.0000000 4200.0000000 -1000.0000000</MIN_POSITION>
			<MAX_POSITION>500.0000000 8000.0000000 1500.0000000</MAX_POSITION>
		</AMBIENTSOUND>
	</AMBIENTSOUNDLIST>
	<GLOBAL>
		<fog_enable>TRUE</fog_enable>
		<fog_min>2000</fog_min>
		<fog_max>4000</fog_max>
		<fog_color>90,81,66</fog_color>
	</GLOBAL>
</XML>
