<?xml version="1.0"?>
<XML>
	<MATERIALLIST>
		<MATERIAL name="robotics_laboratory_sky_star">
			<DIFFUSE>0.5880000 0.5880000 0.5880000</DIFFUSE>
			<AMBIENT>0.5880000 0.5880000 0.5880000</AMBIENT>
			<SPECULAR>0.9000000 0.9000000 0.9000000</SPECULAR>
			<DIFFUSEMAP>..\research_texture\robotics_laboratory_sky_star.bmp</DIFFUSEMAP>
		</MATERIAL>
		<MATERIAL name="robotics_laboratory_robot_mt_met">
			<DIFFUSE>0.5880000 0.5880000 0.5880000</DIFFUSE>
			<AMBIENT>0.5880000 0.5880000 0.5880000</AMBIENT>
			<SPECULAR>0.9000000 0.9000000 0.9000000</SPECULAR>
			<DIFFUSEMAP>..\research_texture\robotics_laboratory_robot.bmp</DIFFUSEMAP>
		</MATERIAL>
		<MATERIAL name="robotics_laboratory_hang01_mt_met">
			<DIFFUSE>0.5880000 0.5880000 0.5880000</DIFFUSE>
			<AMBIENT>0.5880000 0.5880000 0.5880000</AMBIENT>
			<SPECULAR>0.9000000 0.9000000 0.9000000</SPECULAR>
			<DIFFUSEMAP>..\research_texture\robotics_laboratory_hang01.bmp</DIFFUSEMAP>
		</MATERIAL>
		<MATERIAL name="at_robotics_laboratory_wall01_mt_met">
			<DIFFUSE>0.5880000 0.5880000 0.5880000</DIFFUSE>
			<AMBIENT>0.5880000 0.5880000 0.5880000</AMBIENT>
			<SPECULAR>0.9000000 0.9000000 0.9000000</SPECULAR>
			<DIFFUSEMAP>..\research_texture\at_robotics_laboratory_wall01.tga</DIFFUSEMAP>
			<TWOSIDED/>
			<USEOPACITY/>
			<USEALPHATEST/>
		</MATERIAL>
		<MATERIAL name="at_robotics_laboratory_ladder01_mt_met">
			<DIFFUSE>0.5880000 0.5880000 0.5880000</DIFFUSE>
			<AMBIENT>0.5880000 0.5880000 0.5880000</AMBIENT>
			<SPECULAR>0.9000000 0.9000000 0.9000000</SPECULAR>
			<DIFFUSEMAP>..\research_texture\at_robotics_laboratory_ladder01.tga</DIFFUSEMAP>
			<TWOSIDED/>
			<USEOPACITY/>
			<USEALPHATEST/>
		</MATERIAL>
		<MATERIAL name="at_robotics_laboratory_wire01_mt_met">
			<DIFFUSE>0.5880000 0.5880000 0.5880000</DIFFUSE>
			<AMBIENT>0.5880000 0.5880000 0.5880000</AMBIENT>
			<SPECULAR>0.9000000 0.9000000 0.9000000</SPECULAR>
			<DIFFUSEMAP>..\research_texture\at_robotics_laboratory_wire01.tga</DIFFUSEMAP>
			<TWOSIDED/>
			<USEOPACITY/>
			<USEALPHATEST/>
		</MATERIAL>
		<MATERIAL name="robotics_laboratory_wall01_mt_met">
			<DIFFUSE>0.5880000 0.5880000 0.5880000</DIFFUSE>
			<AMBIENT>0.5880000 0.5880000 0.5880000</AMBIENT>
			<SPECULAR>0.9000000 0.9000000 0.9000000</SPECULAR>
			<DIFFUSEMAP>..\research_texture\at_robotics_laboratory_wall01.tga</DIFFUSEMAP>
			<TWOSIDED/>
		</MATERIAL>
		<MATERIAL name="robotics_laboratory_wall03_mt_met">
			<DIFFUSE>0.5880000 0.5880000 0.5880000</DIFFUSE>
			<AMBIENT>0.5880000 0.5880000 0.5880000</AMBIENT>
			<SPECULAR>0.9000000 0.9000000 0.9000000</SPECULAR>
			<DIFFUSEMAP>..\research_texture\robotics_laboratory_wall03.bmp</DIFFUSEMAP>
		</MATERIAL>
		<MATERIAL name="robotics_laboratory_wall04_mt_met">
			<DIFFUSE>0.5880000 0.5880000 0.5880000</DIFFUSE>
			<AMBIENT>0.5880000 0.5880000 0.5880000</AMBIENT>
			<SPECULAR>0.9000000 0.9000000 0.9000000</SPECULAR>
			<DIFFUSEMAP>..\research_texture\robotics_laboratory_wall04.bmp</DIFFUSEMAP>
		</MATERIAL>
		<MATERIAL name="robotics_laboratory_vents_mt_met">
			<DIFFUSE>0.5880000 0.5880000 0.5880000</DIFFUSE>
			<AMBIENT>0.5880000 0.5880000 0.5880000</AMBIENT>
			<SPECULAR>0.9000000 0.9000000 0.9000000</SPECULAR>
			<DIFFUSEMAP>..\research_texture\robotics_laboratory_vents.bmp</DIFFUSEMAP>
		</MATERIAL>
		<MATERIAL name="robotics_laboratory_floor01_mt_met">
			<DIFFUSE>0.5880000 0.5880000 0.5880000</DIFFUSE>
			<AMBIENT>0.5880000 0.5880000 0.5880000</AMBIENT>
			<SPECULAR>0.9000000 0.9000000 0.9000000</SPECULAR>
			<DIFFUSEMAP>..\research_texture\robotics_laboratory_floor01.bmp</DIFFUSEMAP>
		</MATERIAL>
		<MATERIAL name="robotics_laboratory_floor02_mt_met">
			<DIFFUSE>0.5880000 0.5880000 0.5880000</DIFFUSE>
			<AMBIENT>0.5880000 0.5880000 0.5880000</AMBIENT>
			<SPECULAR>0.9000000 0.9000000 0.9000000</SPECULAR>
			<DIFFUSEMAP>..\research_texture\robotics_laboratory_floor02.bmp</DIFFUSEMAP>
		</MATERIAL>
		<MATERIAL name="robotics_laboratory_floor03_mt_met">
			<DIFFUSE>0.5880000 0.5880000 0.5880000</DIFFUSE>
			<AMBIENT>0.5880000 0.5880000 0.5880000</AMBIENT>
			<SPECULAR>0.9000000 0.9000000 0.9000000</SPECULAR>
			<DIFFUSEMAP>..\research_texture\robotics_laboratory_floor03.bmp</DIFFUSEMAP>
		</MATERIAL>
		<MATERIAL name="robotics_laboratory_floor04_mt_met">
			<DIFFUSE>0.5880000 0.5880000 0.5880000</DIFFUSE>
			<AMBIENT>0.5880000 0.5880000 0.5880000</AMBIENT>
			<SPECULAR>0.9000000 0.9000000 0.9000000</SPECULAR>
			<DIFFUSEMAP>..\research_texture\robotics_laboratory_floor04.bmp</DIFFUSEMAP>
		</MATERIAL>
		<MATERIAL name="robotics_laboratory_stair01_mt_met ">
			<DIFFUSE>0.5880000 0.5880000 0.5880000</DIFFUSE>
			<AMBIENT>0.5880000 0.5880000 0.5880000</AMBIENT>
			<SPECULAR>0.9000000 0.9000000 0.9000000</SPECULAR>
			<DIFFUSEMAP>..\research_texture\robotics_laboratory_stair01.bmp</DIFFUSEMAP>
		</MATERIAL>
		<MATERIAL name="robotics_laboratory_floor05_mt_met">
			<DIFFUSE>0.5880000 0.5880000 0.5880000</DIFFUSE>
			<AMBIENT>0.5880000 0.5880000 0.5880000</AMBIENT>
			<SPECULAR>0.9000000 0.9000000 0.9000000</SPECULAR>
			<DIFFUSEMAP>..\research_texture\robotics_laboratory_floor05.bmp</DIFFUSEMAP>
		</MATERIAL>
		<MATERIAL name="robotics_laboratory_floor06_mt_met">
			<DIFFUSE>0.5880000 0.5880000 0.5880000</DIFFUSE>
			<AMBIENT>0.5880000 0.5880000 0.5880000</AMBIENT>
			<SPECULAR>0.9000000 0.9000000 0.9000000</SPECULAR>
			<DIFFUSEMAP>..\research_texture\robotics_laboratory_floor06.bmp</DIFFUSEMAP>
		</MATERIAL>
		<MATERIAL name="robotics_laboratory_floor07_mt_met">
			<DIFFUSE>0.5880000 0.5880000 0.5880000</DIFFUSE>
			<AMBIENT>0.5880000 0.5880000 0.5880000</AMBIENT>
			<SPECULAR>0.9000000 0.9000000 0.9000000</SPECULAR>
			<DIFFUSEMAP>..\research_texture\robotics_laboratory_floor07.bmp</DIFFUSEMAP>
		</MATERIAL>
		<MATERIAL name="robotics_laboratory_floor08_mt_met">
			<DIFFUSE>0.5880000 0.5880000 0.5880000</DIFFUSE>
			<AMBIENT>0.5880000 0.5880000 0.5880000</AMBIENT>
			<SPECULAR>0.9000000 0.9000000 0.9000000</SPECULAR>
			<DIFFUSEMAP>..\research_texture\robotics_laboratory_floor08.bmp</DIFFUSEMAP>
		</MATERIAL>
		<MATERIAL name="robotics_laboratory_floor09_mt_met">
			<DIFFUSE>0.5880000 0.5880000 0.5880000</DIFFUSE>
			<AMBIENT>0.5880000 0.5880000 0.5880000</AMBIENT>
			<SPECULAR>0.9000000 0.9000000 0.9000000</SPECULAR>
			<DIFFUSEMAP>..\research_texture\robotics_laboratory_floor03.bmp</DIFFUSEMAP>
		</MATERIAL>
		<MATERIAL name="robotics_laboratory_door_mt_met">
			<DIFFUSE>0.5880000 0.5880000 0.5880000</DIFFUSE>
			<AMBIENT>0.5880000 0.5880000 0.5880000</AMBIENT>
			<SPECULAR>0.9000000 0.9000000 0.9000000</SPECULAR>
			<DIFFUSEMAP>..\research_texture\robotics_laboratory_door.bmp</DIFFUSEMAP>
		</MATERIAL>
		<MATERIAL name="robotics_laboratory_cabinet_mt_met">
			<DIFFUSE>0.5880000 0.5880000 0.5880000</DIFFUSE>
			<AMBIENT>0.5880000 0.5880000 0.5880000</AMBIENT>
			<SPECULAR>0.9000000 0.9000000 0.9000000</SPECULAR>
			<DIFFUSEMAP>..\research_texture\robotics_laboratory_cabinet.bmp</DIFFUSEMAP>
		</MATERIAL>
		<MATERIAL name="robotics_laboratory_screen_mt_grs">
			<DIFFUSE>0.5880000 0.5880000 0.5880000</DIFFUSE>
			<AMBIENT>0.5880000 0.5880000 0.5880000</AMBIENT>
			<SPECULAR>0.9000000 0.9000000 0.9000000</SPECULAR>
			<DIFFUSEMAP>..\research_texture\robotics_laboratory_screen.bmp</DIFFUSEMAP>
		</MATERIAL>
		<MATERIAL name="robotics_laboratory_start_mt_met">
			<DIFFUSE>0.5882353 0.5882353 0.5882353</DIFFUSE>
			<AMBIENT>0.5882353 0.5882353 0.5882353</AMBIENT>
			<SPECULAR>0.9000000 0.9000000 0.9000000</SPECULAR>
			<DIFFUSEMAP>..\research_texture\robotics_laboratory_start.bmp</DIFFUSEMAP>
		</MATERIAL>
		<MATERIAL name="14 - Default">
			<DIFFUSE>0.3764706 0.4235294 0.5490196</DIFFUSE>
			<AMBIENT>0.3764706 0.4235294 0.5490196</AMBIENT>
			<SPECULAR>0.9000000 0.9000000 0.9000000</SPECULAR>
			<DIFFUSEMAP>..\research_texture\</DIFFUSEMAP>
		</MATERIAL>
		<MATERIAL name="robotics_laboratory_pillar02_mt_met">
			<DIFFUSE>0.5880000 0.5880000 0.5880000</DIFFUSE>
			<AMBIENT>0.5880000 0.5880000 0.5880000</AMBIENT>
			<SPECULAR>0.9000000 0.9000000 0.9000000</SPECULAR>
			<DIFFUSEMAP>..\research_texture\robotics_laboratory_pillar02.bmp</DIFFUSEMAP>
		</MATERIAL>
		<MATERIAL name="robotics_laboratory_pillar03_mt_met">
			<DIFFUSE>0.5880000 0.5880000 0.5880000</DIFFUSE>
			<AMBIENT>0.5880000 0.5880000 0.5880000</AMBIENT>
			<SPECULAR>0.9000000 0.9000000 0.9000000</SPECULAR>
			<DIFFUSEMAP>..\research_texture\robotics_laboratory_pillar03.bmp</DIFFUSEMAP>
		</MATERIAL>
		<MATERIAL name="robotics_laboratory_pillar04_mt_met">
			<DIFFUSE>0.5880000 0.5880000 0.5880000</DIFFUSE>
			<AMBIENT>0.5880000 0.5880000 0.5880000</AMBIENT>
			<SPECULAR>0.9000000 0.9000000 0.9000000</SPECULAR>
			<DIFFUSEMAP>..\research_texture\robotics_laboratory_pillar04.bmp</DIFFUSEMAP>
		</MATERIAL>
		<MATERIAL name="robotics_laboratory_pillar05_mt_met">
			<DIFFUSE>0.5880000 0.5880000 0.5880000</DIFFUSE>
			<AMBIENT>0.5880000 0.5880000 0.5880000</AMBIENT>
			<SPECULAR>0.9000000 0.9000000 0.9000000</SPECULAR>
			<DIFFUSEMAP>..\research_texture\robotics_laboratory_pillar05.bmp</DIFFUSEMAP>
		</MATERIAL>
		<MATERIAL name="robotics_laboratory_pillar06_mt_met">
			<DIFFUSE>0.5880000 0.5880000 0.5880000</DIFFUSE>
			<AMBIENT>0.5880000 0.5880000 0.5880000</AMBIENT>
			<SPECULAR>0.9000000 0.9000000 0.9000000</SPECULAR>
			<DIFFUSEMAP>..\research_texture\robotics_laboratory_pillar06.bmp</DIFFUSEMAP>
		</MATERIAL>
		<MATERIAL name="Material #34">
			<DIFFUSE>0.5880000 0.5880000 0.5880000</DIFFUSE>
			<AMBIENT>0.5880000 0.5880000 0.5880000</AMBIENT>
			<SPECULAR>0.9000000 0.9000000 0.9000000</SPECULAR>
			<DIFFUSEMAP>..\research_texture\robotics_laboratory_floor04.bmp</DIFFUSEMAP>
		</MATERIAL>
		<MATERIAL name="Material #36">
			<DIFFUSE>0.5880000 0.5880000 0.5880000</DIFFUSE>
			<AMBIENT>0.5880000 0.5880000 0.5880000</AMBIENT>
			<SPECULAR>0.9000000 0.9000000 0.9000000</SPECULAR>
			<DIFFUSEMAP>..\research_texture\robotics_laboratory_floor03.bmp</DIFFUSEMAP>
		</MATERIAL>
		<MATERIAL name="Material #35">
			<DIFFUSE>0.5880000 0.5880000 0.5880000</DIFFUSE>
			<AMBIENT>0.5880000 0.5880000 0.5880000</AMBIENT>
			<SPECULAR>0.9000000 0.9000000 0.9000000</SPECULAR>
			<DIFFUSEMAP>..\research_texture\robotics_laboratory_floor02.bmp</DIFFUSEMAP>
		</MATERIAL>
		<MATERIAL name="14___Defaultw">
			<DIFFUSE>0.3765000 0.4235000 0.5490000</DIFFUSE>
			<AMBIENT>0.3765000 0.4235000 0.5490000</AMBIENT>
			<SPECULAR>0.9000000 0.9000000 0.9000000</SPECULAR>
			<DIFFUSEMAP>..\research_texture\</DIFFUSEMAP>
		</MATERIAL>
		<MATERIAL name="14___Default">
			<DIFFUSE>0.7843000 0.5843000 0.3294000</DIFFUSE>
			<AMBIENT>0.7843000 0.5843000 0.3294000</AMBIENT>
			<SPECULAR>0.9000000 0.9000000 0.9000000</SPECULAR>
			<DIFFUSEMAP>..\research_texture\</DIFFUSEMAP>
		</MATERIAL>
		<MATERIAL name="robotics_laboratory_pillar07_mt_met ">
			<DIFFUSE>0.5880000 0.5880000 0.5880000</DIFFUSE>
			<AMBIENT>0.5880000 0.5880000 0.5880000</AMBIENT>
			<SPECULAR>0.9000000 0.9000000 0.9000000</SPECULAR>
			<DIFFUSEMAP>..\research_texture\robotics_laboratory_pillar07.bmp</DIFFUSEMAP>
		</MATERIAL>
		<MATERIAL name="robotics_laboratory_pillar08_mt_met ">
			<DIFFUSE>0.5880000 0.5880000 0.5880000</DIFFUSE>
			<AMBIENT>0.5880000 0.5880000 0.5880000</AMBIENT>
			<SPECULAR>0.9000000 0.9000000 0.9000000</SPECULAR>
			<DIFFUSEMAP>..\research_texture\robotics_laboratory_pillar08.bmp</DIFFUSEMAP>
		</MATERIAL>
		<MATERIAL name="robotics_laboratory_pillar09_mt_met ">
			<DIFFUSE>0.5880000 0.5880000 0.5880000</DIFFUSE>
			<AMBIENT>0.5880000 0.5880000 0.5880000</AMBIENT>
			<SPECULAR>0.9000000 0.9000000 0.9000000</SPECULAR>
			<DIFFUSEMAP>..\research_texture\robotics_laboratory_pillar09.bmp</DIFFUSEMAP>
		</MATERIAL>
		<MATERIAL name="robotics_laboratory_pillar01_mt_met">
			<DIFFUSE>0.5880000 0.5880000 0.5880000</DIFFUSE>
			<AMBIENT>0.5880000 0.5880000 0.5880000</AMBIENT>
			<SPECULAR>0.9000000 0.9000000 0.9000000</SPECULAR>
			<DIFFUSEMAP>..\research_texture\robotics_laboratory_pillar01.bmp</DIFFUSEMAP>
		</MATERIAL>
	</MATERIALLIST>
	<LIGHTLIST>
		<LIGHT name="Omni016">
			<POSITION>-474.2605591 -925.7619019 342.2897949</POSITION>
			<COLOR>0.8666667 0.8196079 0.6784314</COLOR>
			<INTENSITY>0.0500000</INTENSITY>
			<ATTENUATIONSTART>421.0146179</ATTENUATIONSTART>
			<ATTENUATIONEND>715.7809448</ATTENUATIONEND>
			<CASTSHADOW/>
		</LIGHT>
		<LIGHT name="Omni017">
			<POSITION>-356.1708679 -1445.3189697 342.2897949</POSITION>
			<COLOR>0.8666667 0.8196079 0.6784314</COLOR>
			<INTENSITY>0.0500000</INTENSITY>
			<ATTENUATIONSTART>421.0146179</ATTENUATIONSTART>
			<ATTENUATIONEND>715.7809448</ATTENUATIONEND>
			<CASTSHADOW/>
		</LIGHT>
		<LIGHT name="Omni013">
			<POSITION>-1013.5340576 -178.7133789 342.2897949</POSITION>
			<COLOR>0.8666667 0.8196079 0.6784314</COLOR>
			<INTENSITY>0.0500000</INTENSITY>
			<ATTENUATIONSTART>421.0146179</ATTENUATIONSTART>
			<ATTENUATIONEND>715.7809448</ATTENUATIONEND>
			<CASTSHADOW/>
		</LIGHT>
		<LIGHT name="Omni014">
			<POSITION>-1351.6011963 -387.8427734 342.2897949</POSITION>
			<COLOR>0.8666667 0.8196079 0.6784314</COLOR>
			<INTENSITY>0.0500000</INTENSITY>
			<ATTENUATIONSTART>421.0146179</ATTENUATIONSTART>
			<ATTENUATIONEND>715.7809448</ATTENUATIONEND>
			<CASTSHADOW/>
		</LIGHT>
		<LIGHT name="Omni025">
			<POSITION>240.9329376 991.4927979 342.2897949</POSITION>
			<COLOR>0.8666667 0.8196079 0.6784314</COLOR>
			<INTENSITY>0.0500000</INTENSITY>
			<ATTENUATIONSTART>421.0146179</ATTENUATIONSTART>
			<ATTENUATIONEND>715.7809448</ATTENUATIONEND>
			<CASTSHADOW/>
		</LIGHT>
		<LIGHT name="Omni026">
			<POSITION>374.2177124 1382.7105713 342.2897949</POSITION>
			<COLOR>0.8666667 0.8196079 0.6784314</COLOR>
			<INTENSITY>0.0500000</INTENSITY>
			<ATTENUATIONSTART>421.0146179</ATTENUATIONSTART>
			<ATTENUATIONEND>715.7809448</ATTENUATIONEND>
			<CASTSHADOW/>
		</LIGHT>
		<LIGHT name="Omni019">
			<POSITION>661.5374756 -788.3895264 342.2897949</POSITION>
			<COLOR>0.8666667 0.8196079 0.6784314</COLOR>
			<INTENSITY>0.0500000</INTENSITY>
			<ATTENUATIONSTART>421.0146179</ATTENUATIONSTART>
			<ATTENUATIONEND>715.7809448</ATTENUATIONEND>
			<CASTSHADOW/>
		</LIGHT>
		<LIGHT name="Omni020">
			<POSITION>1086.8342285 -1062.7939453 342.2897949</POSITION>
			<COLOR>0.8666667 0.8196079 0.6784314</COLOR>
			<INTENSITY>0.0500000</INTENSITY>
			<ATTENUATIONSTART>421.0146179</ATTENUATIONSTART>
			<ATTENUATIONEND>715.7809448</ATTENUATIONEND>
			<CASTSHADOW/>
		</LIGHT>
		<LIGHT name="Omni022">
			<POSITION>1013.5340576 178.7132568 342.2897949</POSITION>
			<COLOR>0.8666667 0.8196079 0.6784314</COLOR>
			<INTENSITY>0.0500000</INTENSITY>
			<ATTENUATIONSTART>421.0146179</ATTENUATIONSTART>
			<ATTENUATIONEND>715.7809448</ATTENUATIONEND>
			<CASTSHADOW/>
		</LIGHT>
		<LIGHT name="Omni023">
			<POSITION>1353.6070557 369.6216736 342.2897949</POSITION>
			<COLOR>0.8666667 0.8196079 0.6784314</COLOR>
			<INTENSITY>0.0500000</INTENSITY>
			<ATTENUATIONSTART>421.0146179</ATTENUATIONSTART>
			<ATTENUATIONEND>715.7809448</ATTENUATIONEND>
			<CASTSHADOW/>
		</LIGHT>
		<LIGHT name="Omni010">
			<POSITION>-661.5373535 788.3895264 342.2897949</POSITION>
			<COLOR>0.8666667 0.8196079 0.6784314</COLOR>
			<INTENSITY>0.0500000</INTENSITY>
			<ATTENUATIONSTART>421.0146179</ATTENUATIONSTART>
			<ATTENUATIONEND>715.7809448</ATTENUATIONEND>
			<CASTSHADOW/>
		</LIGHT>
		<LIGHT name="Omni011">
			<POSITION>-1098.4887695 1032.2735596 342.2897949</POSITION>
			<COLOR>0.8666667 0.8196079 0.6784314</COLOR>
			<INTENSITY>0.0500000</INTENSITY>
			<ATTENUATIONSTART>421.0146179</ATTENUATIONSTART>
			<ATTENUATIONEND>715.7809448</ATTENUATIONEND>
			<CASTSHADOW/>
		</LIGHT>
		<LIGHT name="Omni085">
			<POSITION>0.0000000 0.0000000 3053.0200195</POSITION>
			<COLOR>0.6431373 0.5568628 0.4470589</COLOR>
			<INTENSITY>0.5000000</INTENSITY>
			<ATTENUATIONSTART>734.8100586</ATTENUATIONSTART>
			<ATTENUATIONEND>2494.5131836</ATTENUATIONEND>
			<CASTSHADOW/>
		</LIGHT>
		<LIGHT name="Omni086">
			<POSITION>0.0000000 0.0000000 282.9374390</POSITION>
			<COLOR>0.8980393 0.8235295 0.9568628</COLOR>
			<INTENSITY>0.3900000</INTENSITY>
			<ATTENUATIONSTART>423.7911682</ATTENUATIONSTART>
			<ATTENUATIONEND>916.2582397</ATTENUATIONEND>
			<CASTSHADOW/>
		</LIGHT>
		<LIGHT name="Omni087">
			<POSITION>-402.3204346 1348.1557617 342.2897949</POSITION>
			<COLOR>0.8666667 0.8196079 0.6784314</COLOR>
			<INTENSITY>0.0500000</INTENSITY>
			<ATTENUATIONSTART>421.0146179</ATTENUATIONSTART>
			<ATTENUATIONEND>715.7809448</ATTENUATIONEND>
			<CASTSHADOW/>
		</LIGHT>
		<LIGHT name="Omni088">
			<POSITION>-1402.8507080 374.2991333 342.2897949</POSITION>
			<COLOR>0.8666667 0.8196079 0.6784314</COLOR>
			<INTENSITY>0.0500000</INTENSITY>
			<ATTENUATIONSTART>421.0146179</ATTENUATIONSTART>
			<ATTENUATIONEND>715.7809448</ATTENUATIONEND>
			<CASTSHADOW/>
		</LIGHT>
		<LIGHT name="Omni089">
			<POSITION>-952.0441895 -912.0155029 342.2897949</POSITION>
			<COLOR>0.8666667 0.8196079 0.6784314</COLOR>
			<INTENSITY>0.0500000</INTENSITY>
			<ATTENUATIONSTART>421.0146179</ATTENUATIONSTART>
			<ATTENUATIONEND>715.7809448</ATTENUATIONEND>
			<CASTSHADOW/>
		</LIGHT>
		<LIGHT name="Omni090">
			<POSITION>362.4307861 -1442.5991211 342.2897949</POSITION>
			<COLOR>0.8666667 0.8196079 0.6784314</COLOR>
			<INTENSITY>0.0500000</INTENSITY>
			<ATTENUATIONSTART>421.0146179</ATTENUATIONSTART>
			<ATTENUATIONEND>715.7809448</ATTENUATIONEND>
			<CASTSHADOW/>
		</LIGHT>
		<LIGHT name="Omni091">
			<POSITION>1366.3645020 -372.1094971 342.2897949</POSITION>
			<COLOR>0.8666667 0.8196079 0.6784314</COLOR>
			<INTENSITY>0.0500000</INTENSITY>
			<ATTENUATIONSTART>421.0146179</ATTENUATIONSTART>
			<ATTENUATIONEND>715.7809448</ATTENUATIONEND>
			<CASTSHADOW/>
		</LIGHT>
		<LIGHT name="Omni092">
			<POSITION>1004.5325928 920.7094727 342.2897949</POSITION>
			<COLOR>0.8666667 0.8196079 0.6784314</COLOR>
			<INTENSITY>0.0500000</INTENSITY>
			<ATTENUATIONSTART>421.0146179</ATTENUATIONSTART>
			<ATTENUATIONEND>715.7809448</ATTENUATIONEND>
			<CASTSHADOW/>
		</LIGHT>
		<LIGHT name="Omni094">
			<POSITION>0.0000000 0.0000000 0.0000000</POSITION>
			<COLOR>0.9725491 0.9254903 0.8235295</COLOR>
			<INTENSITY>1.0000000</INTENSITY>
			<ATTENUATIONSTART>367.3392639</ATTENUATIONSTART>
			<ATTENUATIONEND>1108.6724854</ATTENUATIONEND>
		</LIGHT>
		<LIGHT name="Omni095">
			<POSITION>0.0000000 0.0000000 0.0000000</POSITION>
			<COLOR>0.9725491 0.9254903 0.8235295</COLOR>
			<INTENSITY>1.0000000</INTENSITY>
			<ATTENUATIONSTART>367.3392639</ATTENUATIONSTART>
			<ATTENUATIONEND>1108.6724854</ATTENUATIONEND>
		</LIGHT>
		<LIGHT name="Omni096">
			<POSITION>0.0000000 0.0000000 0.0000000</POSITION>
			<COLOR>0.9725491 0.9254903 0.8235295</COLOR>
			<INTENSITY>1.0000000</INTENSITY>
			<ATTENUATIONSTART>367.3392639</ATTENUATIONSTART>
			<ATTENUATIONEND>1108.6724854</ATTENUATIONEND>
		</LIGHT>
		<LIGHT name="Omni097">
			<POSITION>0.0000000 0.0000000 0.0000000</POSITION>
			<COLOR>0.9725491 0.9254903 0.8235295</COLOR>
			<INTENSITY>1.0000000</INTENSITY>
			<ATTENUATIONSTART>367.3392639</ATTENUATIONSTART>
			<ATTENUATIONEND>1108.6724854</ATTENUATIONEND>
		</LIGHT>
		<LIGHT name="Omni098">
			<POSITION>0.0000000 0.0000000 0.0000000</POSITION>
			<COLOR>0.9725491 0.9254903 0.8235295</COLOR>
			<INTENSITY>1.0000000</INTENSITY>
			<ATTENUATIONSTART>367.3392639</ATTENUATIONSTART>
			<ATTENUATIONEND>1108.6724854</ATTENUATIONEND>
		</LIGHT>
		<LIGHT name="Omni099">
			<POSITION>0.0000000 0.0000000 0.0000000</POSITION>
			<COLOR>0.9725491 0.9254903 0.8235295</COLOR>
			<INTENSITY>1.0000000</INTENSITY>
			<ATTENUATIONSTART>367.3392639</ATTENUATIONSTART>
			<ATTENUATIONEND>1108.6724854</ATTENUATIONEND>
		</LIGHT>
		<LIGHT name="Omni201">
			<POSITION>0.0000000 0.0000216 1996.8308105</POSITION>
			<COLOR>0.9725491 0.9254903 0.8235295</COLOR>
			<INTENSITY>0.5000000</INTENSITY>
			<ATTENUATIONSTART>867.7869263</ATTENUATIONSTART>
			<ATTENUATIONEND>2528.8728027</ATTENUATIONEND>
		</LIGHT>
		<LIGHT name="Omni203">
			<POSITION>688.7580566 1745.0820313 276.3958435</POSITION>
			<COLOR>0.9294118 0.6745098 0.4666667</COLOR>
			<INTENSITY>0.2000000</INTENSITY>
			<ATTENUATIONSTART>367.3392639</ATTENUATIONSTART>
			<ATTENUATIONEND>1108.6724854</ATTENUATIONEND>
			<CASTSHADOW/>
		</LIGHT>
		<LIGHT name="Omni204">
			<POSITION>1128.5413818 1493.4816895 276.3958435</POSITION>
			<COLOR>0.9294118 0.6745098 0.4666667</COLOR>
			<INTENSITY>0.2000000</INTENSITY>
			<ATTENUATIONSTART>367.3392639</ATTENUATIONSTART>
			<ATTENUATIONEND>1108.6724854</ATTENUATIONEND>
			<CASTSHADOW/>
		</LIGHT>
		<LIGHT name="Omni205">
			<POSITION>-652.6065674 -1588.8259277 276.3958435</POSITION>
			<COLOR>0.9294118 0.6745098 0.4666667</COLOR>
			<INTENSITY>0.2000000</INTENSITY>
			<ATTENUATIONSTART>367.3392639</ATTENUATIONSTART>
			<ATTENUATIONEND>1108.6724854</ATTENUATIONEND>
			<CASTSHADOW/>
		</LIGHT>
		<LIGHT name="Omni206">
			<POSITION>-1092.3898926 -1337.2255859 276.3958435</POSITION>
			<COLOR>0.9294118 0.6745098 0.4666667</COLOR>
			<INTENSITY>0.2000000</INTENSITY>
			<ATTENUATIONSTART>367.3392639</ATTENUATIONSTART>
			<ATTENUATIONEND>1108.6724854</ATTENUATIONEND>
			<CASTSHADOW/>
		</LIGHT>
		<LIGHT name="Omni207">
			<POSITION>-1765.6608887 -233.1910400 276.3958435</POSITION>
			<COLOR>0.9294118 0.6745098 0.4666667</COLOR>
			<INTENSITY>0.2000000</INTENSITY>
			<ATTENUATIONSTART>367.3392639</ATTENUATIONSTART>
			<ATTENUATIONEND>1108.6724854</ATTENUATIONEND>
			<CASTSHADOW/>
		</LIGHT>
		<LIGHT name="Omni208">
			<POSITION>-1745.1767578 180.1729126 276.3958435</POSITION>
			<COLOR>0.9294118 0.6745098 0.4666667</COLOR>
			<INTENSITY>0.2000000</INTENSITY>
			<ATTENUATIONSTART>367.3392639</ATTENUATIONSTART>
			<ATTENUATIONEND>1108.6724854</ATTENUATIONEND>
			<CASTSHADOW/>
		</LIGHT>
		<LIGHT name="Omni209">
			<POSITION>-1011.7982178 1425.5527344 276.3958435</POSITION>
			<COLOR>0.9294118 0.6745098 0.4666667</COLOR>
			<INTENSITY>0.2000000</INTENSITY>
			<ATTENUATIONSTART>367.3392639</ATTENUATIONSTART>
			<ATTENUATIONEND>1108.6724854</ATTENUATIONEND>
			<CASTSHADOW/>
		</LIGHT>
		<LIGHT name="Omni210">
			<POSITION>-727.7953491 1610.5599365 276.3958435</POSITION>
			<COLOR>0.9294118 0.6745098 0.4666667</COLOR>
			<INTENSITY>0.2000000</INTENSITY>
			<ATTENUATIONSTART>367.3392639</ATTENUATIONSTART>
			<ATTENUATIONEND>1108.6724854</ATTENUATIONEND>
			<CASTSHADOW/>
		</LIGHT>
		<LIGHT name="Omni211">
			<POSITION>1760.8217773 185.9960022 276.3958435</POSITION>
			<COLOR>0.9294118 0.6745098 0.4666667</COLOR>
			<INTENSITY>0.2000000</INTENSITY>
			<ATTENUATIONSTART>367.3392639</ATTENUATIONSTART>
			<ATTENUATIONEND>1108.6724854</ATTENUATIONEND>
			<CASTSHADOW/>
		</LIGHT>
		<LIGHT name="Omni212">
			<POSITION>1780.7597656 -213.9355469 276.3958435</POSITION>
			<COLOR>0.9294118 0.6745098 0.4666667</COLOR>
			<INTENSITY>0.2000000</INTENSITY>
			<ATTENUATIONSTART>367.3392639</ATTENUATIONSTART>
			<ATTENUATIONEND>1108.6724854</ATTENUATIONEND>
			<CASTSHADOW/>
		</LIGHT>
		<LIGHT name="Omni213">
			<POSITION>1105.5943604 -1440.9125977 276.3958435</POSITION>
			<COLOR>0.9294118 0.6745098 0.4666667</COLOR>
			<INTENSITY>0.2000000</INTENSITY>
			<ATTENUATIONSTART>367.3392639</ATTENUATIONSTART>
			<ATTENUATIONEND>1108.6724854</ATTENUATIONEND>
			<CASTSHADOW/>
		</LIGHT>
		<LIGHT name="Omni214">
			<POSITION>687.8373413 -1669.7171631 276.3958435</POSITION>
			<COLOR>0.9294118 0.6745098 0.4666667</COLOR>
			<INTENSITY>0.2000000</INTENSITY>
			<ATTENUATIONSTART>367.3392639</ATTENUATIONSTART>
			<ATTENUATIONEND>1108.6724854</ATTENUATIONEND>
			<CASTSHADOW/>
		</LIGHT>
		<LIGHT name="Omni233">
			<POSITION>0.0000000 0.0000000 1133.9135742</POSITION>
			<COLOR>0.9725491 0.9254903 0.8235295</COLOR>
			<INTENSITY>0.3000000</INTENSITY>
			<ATTENUATIONSTART>181.1049805</ATTENUATIONSTART>
			<ATTENUATIONEND>421.4787903</ATTENUATIONEND>
		</LIGHT>
		<LIGHT name="Omni301">
			<POSITION>1059.0858154 -53.4412537 474.1890869</POSITION>
			<COLOR>0.9215687 0.9450981 0.8235295</COLOR>
			<INTENSITY>0.8000000</INTENSITY>
			<ATTENUATIONSTART>146.1348877</ATTENUATIONSTART>
			<ATTENUATIONEND>421.4787903</ATTENUATIONEND>
		</LIGHT>
		<LIGHT name="Omni302">
			<POSITION>1059.0858154 -53.4412498 833.9635010</POSITION>
			<COLOR>0.8431373 0.8862746 0.9372550</COLOR>
			<INTENSITY>0.8000000</INTENSITY>
			<ATTENUATIONSTART>146.1348877</ATTENUATIONSTART>
			<ATTENUATIONEND>509.9893494</ATTENUATIONEND>
		</LIGHT>
		<LIGHT name="Omni303">
			<POSITION>1059.0858154 -53.4412537 1276.6593018</POSITION>
			<COLOR>0.9215687 0.9450981 0.8235295</COLOR>
			<INTENSITY>0.5000000</INTENSITY>
			<ATTENUATIONSTART>146.1348877</ATTENUATIONSTART>
			<ATTENUATIONEND>421.4787903</ATTENUATIONEND>
		</LIGHT>
		<LIGHT name="Omni304">
			<POSITION>1059.0858154 -53.4412537 1691.5565186</POSITION>
			<COLOR>0.9215687 0.9450981 0.8235295</COLOR>
			<INTENSITY>0.5000000</INTENSITY>
			<ATTENUATIONSTART>146.1348877</ATTENUATIONSTART>
			<ATTENUATIONEND>421.4787903</ATTENUATIONEND>
		</LIGHT>
		<LIGHT name="Omni305">
			<POSITION>978.7567749 -636.5460205 1547.7288818</POSITION>
			<COLOR>1.0000000 1.0000000 1.0000000</COLOR>
			<INTENSITY>0.7000000</INTENSITY>
			<ATTENUATIONSTART>173.9005127</ATTENUATIONSTART>
			<ATTENUATIONEND>568.9963379</ATTENUATIONEND>
		</LIGHT>
		<LIGHT name="Omni306">
			<POSITION>526.7875366 -904.7935791 474.1890869</POSITION>
			<COLOR>0.9215687 0.9450981 0.8235295</COLOR>
			<INTENSITY>0.8000000</INTENSITY>
			<ATTENUATIONSTART>146.1348877</ATTENUATIONSTART>
			<ATTENUATIONEND>421.4787903</ATTENUATIONEND>
		</LIGHT>
		<LIGHT name="Omni307">
			<POSITION>526.7875366 -904.7935791 833.9635010</POSITION>
			<COLOR>0.8431373 0.8862746 0.9372550</COLOR>
			<INTENSITY>0.8000000</INTENSITY>
			<ATTENUATIONSTART>146.1348877</ATTENUATIONSTART>
			<ATTENUATIONEND>509.9893494</ATTENUATIONEND>
		</LIGHT>
		<LIGHT name="Omni308">
			<POSITION>526.7875366 -904.7935791 1276.6593018</POSITION>
			<COLOR>0.9215687 0.9450981 0.8235295</COLOR>
			<INTENSITY>0.5000000</INTENSITY>
			<ATTENUATIONSTART>146.1348877</ATTENUATIONSTART>
			<ATTENUATIONEND>421.4787903</ATTENUATIONEND>
		</LIGHT>
		<LIGHT name="Omni309">
			<POSITION>526.7875366 -904.7935791 1691.5565186</POSITION>
			<COLOR>0.9215687 0.9450981 0.8235295</COLOR>
			<INTENSITY>0.5000000</INTENSITY>
			<ATTENUATIONSTART>146.1348877</ATTENUATIONSTART>
			<ATTENUATIONEND>421.4787903</ATTENUATIONEND>
		</LIGHT>
		<LIGHT name="Omni310">
			<POSITION>-517.5160522 -867.0396729 474.1890869</POSITION>
			<COLOR>0.9215687 0.9450981 0.8235295</COLOR>
			<INTENSITY>0.8000000</INTENSITY>
			<ATTENUATIONSTART>146.1348877</ATTENUATIONSTART>
			<ATTENUATIONEND>421.4787903</ATTENUATIONEND>
		</LIGHT>
		<LIGHT name="Omni311">
			<POSITION>-517.5160522 -867.0396729 833.9635010</POSITION>
			<COLOR>0.8431373 0.8862746 0.9372550</COLOR>
			<INTENSITY>0.8000000</INTENSITY>
			<ATTENUATIONSTART>146.1348877</ATTENUATIONSTART>
			<ATTENUATIONEND>509.9893494</ATTENUATIONEND>
		</LIGHT>
		<LIGHT name="Omni312">
			<POSITION>-517.5160522 -867.0396729 1276.6593018</POSITION>
			<COLOR>0.9215687 0.9450981 0.8235295</COLOR>
			<INTENSITY>0.5000000</INTENSITY>
			<ATTENUATIONSTART>146.1348877</ATTENUATIONSTART>
			<ATTENUATIONEND>421.4787903</ATTENUATIONEND>
		</LIGHT>
		<LIGHT name="Omni313">
			<POSITION>-517.5160522 -867.0396729 1691.5565186</POSITION>
			<COLOR>0.9215687 0.9450981 0.8235295</COLOR>
			<INTENSITY>0.5000000</INTENSITY>
			<ATTENUATIONSTART>146.1348877</ATTENUATIONSTART>
			<ATTENUATIONEND>421.4787903</ATTENUATIONEND>
		</LIGHT>
		<LIGHT name="Omni314">
			<POSITION>-976.8271484 -24.6231079 474.1890869</POSITION>
			<COLOR>0.9215687 0.9450981 0.8235295</COLOR>
			<INTENSITY>0.8000000</INTENSITY>
			<ATTENUATIONSTART>146.1348877</ATTENUATIONSTART>
			<ATTENUATIONEND>421.4787903</ATTENUATIONEND>
		</LIGHT>
		<LIGHT name="Omni315">
			<POSITION>-976.8271484 -24.6231041 833.9635010</POSITION>
			<COLOR>0.8431373 0.8862746 0.9372550</COLOR>
			<INTENSITY>0.8000000</INTENSITY>
			<ATTENUATIONSTART>146.1348877</ATTENUATIONSTART>
			<ATTENUATIONEND>509.9893494</ATTENUATIONEND>
		</LIGHT>
		<LIGHT name="Omni316">
			<POSITION>-976.8271484 -24.6231079 1276.6593018</POSITION>
			<COLOR>0.9215687 0.9450981 0.8235295</COLOR>
			<INTENSITY>0.5000000</INTENSITY>
			<ATTENUATIONSTART>146.1348877</ATTENUATIONSTART>
			<ATTENUATIONEND>421.4787903</ATTENUATIONEND>
		</LIGHT>
		<LIGHT name="Omni317">
			<POSITION>-976.8271484 -24.6231079 1691.5565186</POSITION>
			<COLOR>0.9215687 0.9450981 0.8235295</COLOR>
			<INTENSITY>0.5000000</INTENSITY>
			<ATTENUATIONSTART>146.1348877</ATTENUATIONSTART>
			<ATTENUATIONEND>421.4787903</ATTENUATIONEND>
		</LIGHT>
		<LIGHT name="Omni318">
			<POSITION>-498.9974060 862.3302002 474.1890869</POSITION>
			<COLOR>0.9215687 0.9450981 0.8235295</COLOR>
			<INTENSITY>0.8000000</INTENSITY>
			<ATTENUATIONSTART>146.1348877</ATTENUATIONSTART>
			<ATTENUATIONEND>421.4787903</ATTENUATIONEND>
		</LIGHT>
		<LIGHT name="Omni319">
			<POSITION>-498.9974060 862.3302002 833.9635010</POSITION>
			<COLOR>0.8431373 0.8862746 0.9372550</COLOR>
			<INTENSITY>0.8000000</INTENSITY>
			<ATTENUATIONSTART>146.1348877</ATTENUATIONSTART>
			<ATTENUATIONEND>509.9893494</ATTENUATIONEND>
		</LIGHT>
		<LIGHT name="Omni320">
			<POSITION>-498.9974060 862.3302002 1276.6593018</POSITION>
			<COLOR>0.9215687 0.9450981 0.8235295</COLOR>
			<INTENSITY>0.5000000</INTENSITY>
			<ATTENUATIONSTART>146.1348877</ATTENUATIONSTART>
			<ATTENUATIONEND>421.4787903</ATTENUATIONEND>
		</LIGHT>
		<LIGHT name="Omni321">
			<POSITION>-498.9974060 862.3302002 1691.5565186</POSITION>
			<COLOR>0.9215687 0.9450981 0.8235295</COLOR>
			<INTENSITY>0.5000000</INTENSITY>
			<ATTENUATIONSTART>146.1348877</ATTENUATIONSTART>
			<ATTENUATIONEND>421.4787903</ATTENUATIONEND>
		</LIGHT>
		<LIGHT name="Omni322">
			<POSITION>526.3562012 903.6067505 474.1890869</POSITION>
			<COLOR>0.9215687 0.9450981 0.8235295</COLOR>
			<INTENSITY>0.8000000</INTENSITY>
			<ATTENUATIONSTART>146.1348877</ATTENUATIONSTART>
			<ATTENUATIONEND>421.4787903</ATTENUATIONEND>
		</LIGHT>
		<LIGHT name="Omni323">
			<POSITION>526.3562012 903.6067505 810.0812378</POSITION>
			<COLOR>0.8431373 0.8862746 0.9372550</COLOR>
			<INTENSITY>0.8000000</INTENSITY>
			<ATTENUATIONSTART>146.1348877</ATTENUATIONSTART>
			<ATTENUATIONEND>509.9893494</ATTENUATIONEND>
		</LIGHT>
		<LIGHT name="Omni324">
			<POSITION>526.3562012 903.6067505 1276.6593018</POSITION>
			<COLOR>0.9215687 0.9450981 0.8235295</COLOR>
			<INTENSITY>0.5000000</INTENSITY>
			<ATTENUATIONSTART>146.1348877</ATTENUATIONSTART>
			<ATTENUATIONEND>421.4787903</ATTENUATIONEND>
		</LIGHT>
		<LIGHT name="Omni325">
			<POSITION>526.3562012 903.6067505 1691.5565186</POSITION>
			<COLOR>0.9215687 0.9450981 0.8235295</COLOR>
			<INTENSITY>0.5000000</INTENSITY>
			<ATTENUATIONSTART>146.1348877</ATTENUATIONSTART>
			<ATTENUATIONEND>421.4787903</ATTENUATIONEND>
		</LIGHT>
		<LIGHT name="Omni326">
			<POSITION>-38.8701019 -1213.1606445 1681.1108398</POSITION>
			<COLOR>1.0000000 1.0000000 1.0000000</COLOR>
			<INTENSITY>0.7000000</INTENSITY>
			<ATTENUATIONSTART>173.9005127</ATTENUATIONSTART>
			<ATTENUATIONEND>568.9963379</ATTENUATIONEND>
		</LIGHT>
		<LIGHT name="Omni327">
			<POSITION>-1013.3719482 -535.6099854 1681.1108398</POSITION>
			<COLOR>1.0000000 1.0000000 1.0000000</COLOR>
			<INTENSITY>0.7000000</INTENSITY>
			<ATTENUATIONSTART>173.9005127</ATTENUATIONSTART>
			<ATTENUATIONEND>568.9963379</ATTENUATIONEND>
		</LIGHT>
		<LIGHT name="Omni328">
			<POSITION>-999.1921387 615.0313721 1524.2657471</POSITION>
			<COLOR>1.0000000 1.0000000 1.0000000</COLOR>
			<INTENSITY>0.7000000</INTENSITY>
			<ATTENUATIONSTART>173.9005127</ATTENUATIONSTART>
			<ATTENUATIONEND>568.9963379</ATTENUATIONEND>
		</LIGHT>
		<LIGHT name="Omni329">
			<POSITION>18.7001953 1181.5185547 1524.2657471</POSITION>
			<COLOR>1.0000000 1.0000000 1.0000000</COLOR>
			<INTENSITY>0.7000000</INTENSITY>
			<ATTENUATIONSTART>173.9005127</ATTENUATIONSTART>
			<ATTENUATIONEND>568.9963379</ATTENUATIONEND>
		</LIGHT>
		<LIGHT name="Omni330">
			<POSITION>1020.9404297 554.8181152 1649.6700439</POSITION>
			<COLOR>1.0000000 1.0000000 1.0000000</COLOR>
			<INTENSITY>0.7000000</INTENSITY>
			<ATTENUATIONSTART>173.9005127</ATTENUATIONSTART>
			<ATTENUATIONEND>568.9963379</ATTENUATIONEND>
		</LIGHT>
		<LIGHT name="Omni361">
			<POSITION>-661.5373535 788.3895264 1210.0518799</POSITION>
			<COLOR>0.8862746 0.9764706 0.8235295</COLOR>
			<INTENSITY>0.3000000</INTENSITY>
			<ATTENUATIONSTART>146.1348877</ATTENUATIONSTART>
			<ATTENUATIONEND>916.2582397</ATTENUATIONEND>
		</LIGHT>
		<LIGHT name="Omni362">
			<POSITION>-1098.4887695 1032.2735596 1076.5047607</POSITION>
			<COLOR>0.8862746 0.9764706 0.8235295</COLOR>
			<INTENSITY>0.3000000</INTENSITY>
			<ATTENUATIONSTART>146.1348877</ATTENUATIONSTART>
			<ATTENUATIONEND>916.2582397</ATTENUATIONEND>
		</LIGHT>
		<LIGHT name="Omni363">
			<POSITION>-288.3707886 1347.9853516 1210.0518799</POSITION>
			<COLOR>0.8862746 0.9764706 0.8235295</COLOR>
			<INTENSITY>0.3000000</INTENSITY>
			<ATTENUATIONSTART>146.1348877</ATTENUATIONSTART>
			<ATTENUATIONEND>916.2582397</ATTENUATIONEND>
		</LIGHT>
		<LIGHT name="Omni364">
			<POSITION>240.9329376 991.4927979 1210.0518799</POSITION>
			<COLOR>0.8862746 0.9764706 0.8235295</COLOR>
			<INTENSITY>0.3000000</INTENSITY>
			<ATTENUATIONSTART>146.1348877</ATTENUATIONSTART>
			<ATTENUATIONEND>916.2582397</ATTENUATIONEND>
		</LIGHT>
		<LIGHT name="Omni365">
			<POSITION>527.9954834 1450.6540527 1091.2962646</POSITION>
			<COLOR>0.8862746 0.9764706 0.8235295</COLOR>
			<INTENSITY>0.3000000</INTENSITY>
			<ATTENUATIONSTART>146.1348877</ATTENUATIONSTART>
			<ATTENUATIONEND>916.2582397</ATTENUATIONEND>
		</LIGHT>
		<LIGHT name="Omni366">
			<POSITION>1004.5325928 920.7094727 1158.7183838</POSITION>
			<COLOR>0.8862746 0.9764706 0.8235295</COLOR>
			<INTENSITY>0.3000000</INTENSITY>
			<ATTENUATIONSTART>146.1348877</ATTENUATIONSTART>
			<ATTENUATIONEND>916.2582397</ATTENUATIONEND>
		</LIGHT>
		<LIGHT name="Omni367">
			<POSITION>1013.5340576 178.7132111 1210.0518799</POSITION>
			<COLOR>0.8862746 0.9764706 0.8235295</COLOR>
			<INTENSITY>0.3000000</INTENSITY>
			<ATTENUATIONSTART>146.1348877</ATTENUATIONSTART>
			<ATTENUATIONEND>916.2582397</ATTENUATIONEND>
		</LIGHT>
		<LIGHT name="Omni368">
			<POSITION>1366.3645020 -372.1095276 1108.5762939</POSITION>
			<COLOR>0.8862746 0.9764706 0.8235295</COLOR>
			<INTENSITY>0.3000000</INTENSITY>
			<ATTENUATIONSTART>146.1348877</ATTENUATIONSTART>
			<ATTENUATIONEND>916.2582397</ATTENUATIONEND>
		</LIGHT>
		<LIGHT name="Omni369">
			<POSITION>1425.8966064 345.1374817 1118.4587402</POSITION>
			<COLOR>0.8862746 0.9764706 0.8235295</COLOR>
			<INTENSITY>0.3000000</INTENSITY>
			<ATTENUATIONSTART>146.1348877</ATTENUATIONSTART>
			<ATTENUATIONEND>916.2582397</ATTENUATIONEND>
		</LIGHT>
		<LIGHT name="Omni370">
			<POSITION>1086.8342285 -1062.7939453 1094.0554199</POSITION>
			<COLOR>0.8862746 0.9764706 0.8235295</COLOR>
			<INTENSITY>0.3000000</INTENSITY>
			<ATTENUATIONSTART>146.1348877</ATTENUATIONSTART>
			<ATTENUATIONEND>916.2582397</ATTENUATIONEND>
		</LIGHT>
		<LIGHT name="Omni371">
			<POSITION>661.5374756 -788.3895264 1210.0518799</POSITION>
			<COLOR>0.8862746 0.9764706 0.8235295</COLOR>
			<INTENSITY>0.3000000</INTENSITY>
			<ATTENUATIONSTART>146.1348877</ATTENUATIONSTART>
			<ATTENUATIONEND>916.2582397</ATTENUATIONEND>
		</LIGHT>
		<LIGHT name="Omni372">
			<POSITION>506.7669067 89.3565598 1210.0518799</POSITION>
			<COLOR>0.8862746 0.9764706 0.8235295</COLOR>
			<INTENSITY>0.3000000</INTENSITY>
			<ATTENUATIONSTART>146.1348877</ATTENUATIONSTART>
			<ATTENUATIONEND>916.2582397</ATTENUATIONEND>
		</LIGHT>
		<LIGHT name="Omni373">
			<POSITION>330.7686462 -394.1946411 1210.0518799</POSITION>
			<COLOR>0.8862746 0.9764706 0.8235295</COLOR>
			<INTENSITY>0.3000000</INTENSITY>
			<ATTENUATIONSTART>146.1348877</ATTENUATIONSTART>
			<ATTENUATIONEND>916.2582397</ATTENUATIONEND>
		</LIGHT>
		<LIGHT name="Omni374">
			<POSITION>-175.9982605 -483.5513306 1210.0518799</POSITION>
			<COLOR>0.8862746 0.9764706 0.8235295</COLOR>
			<INTENSITY>0.3000000</INTENSITY>
			<ATTENUATIONSTART>146.1348877</ATTENUATIONSTART>
			<ATTENUATIONEND>916.2582397</ATTENUATIONEND>
		</LIGHT>
		<LIGHT name="Omni375">
			<POSITION>-330.7685852 394.1946411 1210.0518799</POSITION>
			<COLOR>0.8862746 0.9764706 0.8235295</COLOR>
			<INTENSITY>0.3000000</INTENSITY>
			<ATTENUATIONSTART>146.1348877</ATTENUATIONSTART>
			<ATTENUATIONEND>916.2582397</ATTENUATIONEND>
		</LIGHT>
		<LIGHT name="Omni376">
			<POSITION>-506.7669373 -89.3567276 1210.0518799</POSITION>
			<COLOR>0.8862746 0.9764706 0.8235295</COLOR>
			<INTENSITY>0.3000000</INTENSITY>
			<ATTENUATIONSTART>146.1348877</ATTENUATIONSTART>
			<ATTENUATIONEND>916.2582397</ATTENUATIONEND>
		</LIGHT>
		<LIGHT name="Omni377">
			<POSITION>175.9984436 483.5512390 1210.0518799</POSITION>
			<COLOR>0.8862746 0.9764706 0.8235295</COLOR>
			<INTENSITY>0.3000000</INTENSITY>
			<ATTENUATIONSTART>146.1348877</ATTENUATIONSTART>
			<ATTENUATIONEND>916.2582397</ATTENUATIONEND>
		</LIGHT>
		<LIGHT name="Omni378">
			<POSITION>-1393.2490234 -377.9257507 1135.1762695</POSITION>
			<COLOR>0.8862746 0.9764706 0.8235295</COLOR>
			<INTENSITY>0.3000000</INTENSITY>
			<ATTENUATIONSTART>146.1348877</ATTENUATIONSTART>
			<ATTENUATIONEND>916.2582397</ATTENUATIONEND>
		</LIGHT>
		<LIGHT name="Omni379">
			<POSITION>-1013.5340576 -178.7134247 1210.0518799</POSITION>
			<COLOR>0.8862746 0.9764706 0.8235295</COLOR>
			<INTENSITY>0.3000000</INTENSITY>
			<ATTENUATIONSTART>146.1348877</ATTENUATIONSTART>
			<ATTENUATIONEND>916.2582397</ATTENUATIONEND>
		</LIGHT>
		<LIGHT name="Omni380">
			<POSITION>-1402.8507080 374.2991028 1210.0518799</POSITION>
			<COLOR>0.8862746 0.9764706 0.8235295</COLOR>
			<INTENSITY>0.3000000</INTENSITY>
			<ATTENUATIONSTART>146.1348877</ATTENUATIONSTART>
			<ATTENUATIONEND>916.2582397</ATTENUATIONEND>
		</LIGHT>
		<LIGHT name="Omni381">
			<POSITION>-952.0441895 -912.0155029 1141.0886230</POSITION>
			<COLOR>0.8862746 0.9764706 0.8235295</COLOR>
			<INTENSITY>0.3000000</INTENSITY>
			<ATTENUATIONSTART>146.1348877</ATTENUATIONSTART>
			<ATTENUATIONEND>916.2582397</ATTENUATIONEND>
		</LIGHT>
		<LIGHT name="Omni382">
			<POSITION>-474.2605591 -925.7619019 1210.0518799</POSITION>
			<COLOR>0.8862746 0.9764706 0.8235295</COLOR>
			<INTENSITY>0.3000000</INTENSITY>
			<ATTENUATIONSTART>146.1348877</ATTENUATIONSTART>
			<ATTENUATIONEND>916.2582397</ATTENUATIONEND>
		</LIGHT>
		<LIGHT name="Omni383">
			<POSITION>-356.1708679 -1445.3189697 1110.3801270</POSITION>
			<COLOR>0.8862746 0.9764706 0.8235295</COLOR>
			<INTENSITY>0.3000000</INTENSITY>
			<ATTENUATIONSTART>146.1348877</ATTENUATIONSTART>
			<ATTENUATIONEND>916.2582397</ATTENUATIONEND>
		</LIGHT>
		<LIGHT name="Omni384">
			<POSITION>362.4307861 -1442.5991211 1106.9074707</POSITION>
			<COLOR>0.8862746 0.9764706 0.8235295</COLOR>
			<INTENSITY>0.3000000</INTENSITY>
			<ATTENUATIONSTART>146.1348877</ATTENUATIONSTART>
			<ATTENUATIONEND>916.2582397</ATTENUATIONEND>
		</LIGHT>
		<LIGHT name="Omni385">
			<POSITION>1780.7597656 -213.9355469 1217.4798584</POSITION>
			<COLOR>0.8235295 0.9686275 0.9490197</COLOR>
			<INTENSITY>0.1000000</INTENSITY>
			<ATTENUATIONSTART>367.3392639</ATTENUATIONSTART>
			<ATTENUATIONEND>1108.6724854</ATTENUATIONEND>
			<CASTSHADOW/>
		</LIGHT>
		<LIGHT name="Omni386">
			<POSITION>1760.8217773 185.9960022 1217.4798584</POSITION>
			<COLOR>0.8235295 0.9686275 0.9490197</COLOR>
			<INTENSITY>0.1000000</INTENSITY>
			<ATTENUATIONSTART>367.3392639</ATTENUATIONSTART>
			<ATTENUATIONEND>1108.6724854</ATTENUATIONEND>
			<CASTSHADOW/>
		</LIGHT>
		<LIGHT name="Omni387">
			<POSITION>687.8373413 -1669.7171631 1217.4798584</POSITION>
			<COLOR>0.8235295 0.9686275 0.9490197</COLOR>
			<INTENSITY>0.1000000</INTENSITY>
			<ATTENUATIONSTART>367.3392639</ATTENUATIONSTART>
			<ATTENUATIONEND>1108.6724854</ATTENUATIONEND>
			<CASTSHADOW/>
		</LIGHT>
		<LIGHT name="Omni388">
			<POSITION>1105.5943604 -1440.9125977 1217.4798584</POSITION>
			<COLOR>0.8235295 0.9686275 0.9490197</COLOR>
			<INTENSITY>0.1000000</INTENSITY>
			<ATTENUATIONSTART>367.3392639</ATTENUATIONSTART>
			<ATTENUATIONEND>1108.6724854</ATTENUATIONEND>
			<CASTSHADOW/>
		</LIGHT>
		<LIGHT name="Omni389">
			<POSITION>-1092.3898926 -1337.2255859 1217.4798584</POSITION>
			<COLOR>0.8235295 0.9686275 0.9490197</COLOR>
			<INTENSITY>0.1000000</INTENSITY>
			<ATTENUATIONSTART>367.3392639</ATTENUATIONSTART>
			<ATTENUATIONEND>1108.6724854</ATTENUATIONEND>
			<CASTSHADOW/>
		</LIGHT>
		<LIGHT name="Omni390">
			<POSITION>-652.6065674 -1588.8259277 1217.4798584</POSITION>
			<COLOR>0.8235295 0.9686275 0.9490197</COLOR>
			<INTENSITY>0.1000000</INTENSITY>
			<ATTENUATIONSTART>367.3392639</ATTENUATIONSTART>
			<ATTENUATIONEND>1108.6724854</ATTENUATIONEND>
			<CASTSHADOW/>
		</LIGHT>
		<LIGHT name="Omni391">
			<POSITION>-1745.1767578 180.1729126 1217.4798584</POSITION>
			<COLOR>0.8235295 0.9686275 0.9490197</COLOR>
			<INTENSITY>0.1000000</INTENSITY>
			<ATTENUATIONSTART>367.3392639</ATTENUATIONSTART>
			<ATTENUATIONEND>1108.6724854</ATTENUATIONEND>
			<CASTSHADOW/>
		</LIGHT>
		<LIGHT name="Omni392">
			<POSITION>-1765.6608887 -233.1910400 1217.4798584</POSITION>
			<COLOR>0.8235295 0.9686275 0.9490197</COLOR>
			<INTENSITY>0.1000000</INTENSITY>
			<ATTENUATIONSTART>367.3392639</ATTENUATIONSTART>
			<ATTENUATIONEND>1108.6724854</ATTENUATIONEND>
			<CASTSHADOW/>
		</LIGHT>
		<LIGHT name="Omni393">
			<POSITION>-727.7953491 1610.5599365 1217.4798584</POSITION>
			<COLOR>0.8235295 0.9686275 0.9490197</COLOR>
			<INTENSITY>0.1000000</INTENSITY>
			<ATTENUATIONSTART>367.3392639</ATTENUATIONSTART>
			<ATTENUATIONEND>1108.6724854</ATTENUATIONEND>
			<CASTSHADOW/>
		</LIGHT>
		<LIGHT name="Omni394">
			<POSITION>-1011.7982178 1425.5527344 1217.4798584</POSITION>
			<COLOR>0.8235295 0.9686275 0.9490197</COLOR>
			<INTENSITY>0.1000000</INTENSITY>
			<ATTENUATIONSTART>367.3392639</ATTENUATIONSTART>
			<ATTENUATIONEND>1108.6724854</ATTENUATIONEND>
			<CASTSHADOW/>
		</LIGHT>
		<LIGHT name="Omni395">
			<POSITION>1128.5413818 1493.4816895 1217.4798584</POSITION>
			<COLOR>0.8235295 0.9686275 0.9490197</COLOR>
			<INTENSITY>0.1000000</INTENSITY>
			<ATTENUATIONSTART>367.3392639</ATTENUATIONSTART>
			<ATTENUATIONEND>1108.6724854</ATTENUATIONEND>
			<CASTSHADOW/>
		</LIGHT>
		<LIGHT name="Omni396">
			<POSITION>688.7580566 1745.0820313 1217.4798584</POSITION>
			<COLOR>0.8235295 0.9686275 0.9490197</COLOR>
			<INTENSITY>0.1000000</INTENSITY>
			<ATTENUATIONSTART>367.3392639</ATTENUATIONSTART>
			<ATTENUATIONEND>1108.6724854</ATTENUATIONEND>
			<CASTSHADOW/>
		</LIGHT>
		<LIGHT name="Omni403">
			<POSITION>4.3320580 1796.5744629 342.2897949</POSITION>
			<COLOR>0.9215687 0.9450981 0.8235295</COLOR>
			<INTENSITY>0.7200000</INTENSITY>
			<ATTENUATIONSTART>273.2722473</ATTENUATIONSTART>
			<ATTENUATIONEND>916.2582397</ATTENUATIONEND>
			<CASTSHADOW/>
		</LIGHT>
		<LIGHT name="Omni404">
			<POSITION>-1591.7132568 959.6431885 342.2897949</POSITION>
			<COLOR>0.9215687 0.9450981 0.8235295</COLOR>
			<INTENSITY>0.7200000</INTENSITY>
			<ATTENUATIONSTART>273.2722473</ATTENUATIONSTART>
			<ATTENUATIONEND>916.2582397</ATTENUATIONEND>
			<CASTSHADOW/>
		</LIGHT>
		<LIGHT name="Omni405">
			<POSITION>-1565.7457275 -890.8152466 342.2897949</POSITION>
			<COLOR>0.9215687 0.9450981 0.8235295</COLOR>
			<INTENSITY>0.7200000</INTENSITY>
			<ATTENUATIONSTART>273.2722473</ATTENUATIONSTART>
			<ATTENUATIONEND>916.2582397</ATTENUATIONEND>
			<CASTSHADOW/>
		</LIGHT>
		<LIGHT name="Omni406">
			<POSITION>-17.4833984 -1784.3645020 342.2897949</POSITION>
			<COLOR>0.9215687 0.9450981 0.8235295</COLOR>
			<INTENSITY>0.7200000</INTENSITY>
			<ATTENUATIONSTART>273.2722473</ATTENUATIONSTART>
			<ATTENUATIONEND>916.2582397</ATTENUATIONEND>
			<CASTSHADOW/>
		</LIGHT>
		<LIGHT name="Omni407">
			<POSITION>1532.2475586 -937.9152832 342.2897949</POSITION>
			<COLOR>0.9215687 0.9450981 0.8235295</COLOR>
			<INTENSITY>0.7200000</INTENSITY>
			<ATTENUATIONSTART>273.2722473</ATTENUATIONSTART>
			<ATTENUATIONEND>916.2582397</ATTENUATIONEND>
			<CASTSHADOW/>
		</LIGHT>
		<LIGHT name="Omni408">
			<POSITION>1571.1893311 902.1075439 342.2897949</POSITION>
			<COLOR>0.9215687 0.9450981 0.8235295</COLOR>
			<INTENSITY>0.7200000</INTENSITY>
			<ATTENUATIONSTART>273.2722473</ATTENUATIONSTART>
			<ATTENUATIONEND>916.2582397</ATTENUATIONEND>
			<CASTSHADOW/>
		</LIGHT>
		<LIGHT name="Omni409">
			<POSITION>-17.4833984 -1784.3645020 960.6513672</POSITION>
			<COLOR>0.9215687 0.9450981 0.8235295</COLOR>
			<INTENSITY>0.7200000</INTENSITY>
			<ATTENUATIONSTART>273.2722473</ATTENUATIONSTART>
			<ATTENUATIONEND>916.2582397</ATTENUATIONEND>
			<CASTSHADOW/>
		</LIGHT>
		<LIGHT name="Omni410">
			<POSITION>-1565.7457275 -890.8152466 960.6513672</POSITION>
			<COLOR>0.9215687 0.9450981 0.8235295</COLOR>
			<INTENSITY>0.7200000</INTENSITY>
			<ATTENUATIONSTART>273.2722473</ATTENUATIONSTART>
			<ATTENUATIONEND>916.2582397</ATTENUATIONEND>
			<CASTSHADOW/>
		</LIGHT>
		<LIGHT name="Omni411">
			<POSITION>-1591.7132568 959.6431885 960.6513672</POSITION>
			<COLOR>0.9215687 0.9450981 0.8235295</COLOR>
			<INTENSITY>0.7200000</INTENSITY>
			<ATTENUATIONSTART>273.2722473</ATTENUATIONSTART>
			<ATTENUATIONEND>916.2582397</ATTENUATIONEND>
			<CASTSHADOW/>
		</LIGHT>
		<LIGHT name="Omni412">
			<POSITION>4.3320580 1796.5744629 960.6513672</POSITION>
			<COLOR>0.9215687 0.9450981 0.8235295</COLOR>
			<INTENSITY>0.7200000</INTENSITY>
			<ATTENUATIONSTART>273.2722473</ATTENUATIONSTART>
			<ATTENUATIONEND>916.2582397</ATTENUATIONEND>
			<CASTSHADOW/>
		</LIGHT>
		<LIGHT name="Omni413">
			<POSITION>1571.1893311 902.1075439 960.6513672</POSITION>
			<COLOR>0.9215687 0.9450981 0.8235295</COLOR>
			<INTENSITY>0.7200000</INTENSITY>
			<ATTENUATIONSTART>273.2722473</ATTENUATIONSTART>
			<ATTENUATIONEND>916.2582397</ATTENUATIONEND>
			<CASTSHADOW/>
		</LIGHT>
		<LIGHT name="Omni414">
			<POSITION>1532.2475586 -937.9152832 960.6513672</POSITION>
			<COLOR>0.9215687 0.9450981 0.8235295</COLOR>
			<INTENSITY>0.7200000</INTENSITY>
			<ATTENUATIONSTART>273.2722473</ATTENUATIONSTART>
			<ATTENUATIONEND>916.2582397</ATTENUATIONEND>
			<CASTSHADOW/>
		</LIGHT>
		<LIGHT name="Omni415">
			<POSITION>-17.4833984 -1784.3645020 1609.1083984</POSITION>
			<COLOR>0.9215687 0.9450981 0.8235295</COLOR>
			<INTENSITY>0.7200000</INTENSITY>
			<ATTENUATIONSTART>273.2722473</ATTENUATIONSTART>
			<ATTENUATIONEND>916.2582397</ATTENUATIONEND>
			<CASTSHADOW/>
		</LIGHT>
		<LIGHT name="Omni416">
			<POSITION>-1565.7457275 -890.8152466 1609.1083984</POSITION>
			<COLOR>0.9215687 0.9450981 0.8235295</COLOR>
			<INTENSITY>0.7200000</INTENSITY>
			<ATTENUATIONSTART>273.2722473</ATTENUATIONSTART>
			<ATTENUATIONEND>916.2582397</ATTENUATIONEND>
			<CASTSHADOW/>
		</LIGHT>
		<LIGHT name="Omni417">
			<POSITION>-1591.7132568 959.6431885 1609.1083984</POSITION>
			<COLOR>0.9215687 0.9450981 0.8235295</COLOR>
			<INTENSITY>0.7200000</INTENSITY>
			<ATTENUATIONSTART>273.2722473</ATTENUATIONSTART>
			<ATTENUATIONEND>916.2582397</ATTENUATIONEND>
			<CASTSHADOW/>
		</LIGHT>
		<LIGHT name="Omni418">
			<POSITION>4.3320580 1796.5744629 1609.1083984</POSITION>
			<COLOR>0.9215687 0.9450981 0.8235295</COLOR>
			<INTENSITY>0.7200000</INTENSITY>
			<ATTENUATIONSTART>273.2722473</ATTENUATIONSTART>
			<ATTENUATIONEND>916.2582397</ATTENUATIONEND>
			<CASTSHADOW/>
		</LIGHT>
		<LIGHT name="Omni419">
			<POSITION>1571.1893311 902.1075439 1609.1083984</POSITION>
			<COLOR>0.9215687 0.9450981 0.8235295</COLOR>
			<INTENSITY>0.7200000</INTENSITY>
			<ATTENUATIONSTART>273.2722473</ATTENUATIONSTART>
			<ATTENUATIONEND>916.2582397</ATTENUATIONEND>
			<CASTSHADOW/>
		</LIGHT>
		<LIGHT name="Omni420">
			<POSITION>1532.2475586 -937.9152832 1609.1083984</POSITION>
			<COLOR>0.9215687 0.9450981 0.8235295</COLOR>
			<INTENSITY>0.7200000</INTENSITY>
			<ATTENUATIONSTART>273.2722473</ATTENUATIONSTART>
			<ATTENUATIONEND>916.2582397</ATTENUATIONEND>
			<CASTSHADOW/>
		</LIGHT>
		<LIGHT name="Omni421">
			<POSITION>214.3745117 -238.9716644 1996.8308105</POSITION>
			<COLOR>0.9725491 0.9254903 0.8235295</COLOR>
			<INTENSITY>0.3000000</INTENSITY>
			<ATTENUATIONSTART>598.7729492</ATTENUATIONSTART>
			<ATTENUATIONEND>1846.0771484</ATTENUATIONEND>
			<CASTSHADOW/>
		</LIGHT>
		<LIGHT name="Omni422">
			<POSITION>-219.8088379 245.4543610 1996.8308105</POSITION>
			<COLOR>0.9725491 0.9254903 0.8235295</COLOR>
			<INTENSITY>0.3000000</INTENSITY>
			<ATTENUATIONSTART>598.7729492</ATTENUATIONSTART>
			<ATTENUATIONEND>1846.0771484</ATTENUATIONEND>
			<CASTSHADOW/>
		</LIGHT>
		<LIGHT name="obj_Omni478">
			<POSITION>-1351.6011963 -387.8427734 1240.1477051</POSITION>
			<COLOR>0.9215687 0.9450981 0.8235295</COLOR>
			<INTENSITY>0.5000000</INTENSITY>
			<ATTENUATIONSTART>146.1348877</ATTENUATIONSTART>
			<ATTENUATIONEND>916.2582397</ATTENUATIONEND>
			<CASTSHADOW/>
		</LIGHT>
		<LIGHT name="obj_Omni479">
			<POSITION>0.0000000 -0.0000088 4961.0097656</POSITION>
			<COLOR>0.9725491 0.9254903 0.8235295</COLOR>
			<INTENSITY>0.5000000</INTENSITY>
			<ATTENUATIONSTART>1944.9941406</ATTENUATIONSTART>
			<ATTENUATIONEND>3565.7104492</ATTENUATIONEND>
		</LIGHT>
		<LIGHT name="obj_Omni480">
			<POSITION>-175.9982605 -483.5513000 1240.1477051</POSITION>
			<COLOR>0.9215687 0.9450981 0.8235295</COLOR>
			<INTENSITY>0.5000000</INTENSITY>
			<ATTENUATIONSTART>146.1348877</ATTENUATIONSTART>
			<ATTENUATIONEND>916.2582397</ATTENUATIONEND>
			<CASTSHADOW/>
		</LIGHT>
		<LIGHT name="obj_Omni481">
			<POSITION>-474.2605591 -925.7619019 1240.1477051</POSITION>
			<COLOR>0.9215687 0.9450981 0.8235295</COLOR>
			<INTENSITY>0.5000000</INTENSITY>
			<ATTENUATIONSTART>146.1348877</ATTENUATIONSTART>
			<ATTENUATIONEND>916.2582397</ATTENUATIONEND>
			<CASTSHADOW/>
		</LIGHT>
		<LIGHT name="obj_Omni482">
			<POSITION>-356.1708679 -1445.3189697 1240.1477051</POSITION>
			<COLOR>0.9215687 0.9450981 0.8235295</COLOR>
			<INTENSITY>0.5000000</INTENSITY>
			<ATTENUATIONSTART>146.1348877</ATTENUATIONSTART>
			<ATTENUATIONEND>916.2582397</ATTENUATIONEND>
			<CASTSHADOW/>
		</LIGHT>
		<LIGHT name="obj_Omni483">
			<POSITION>-506.7669678 -89.3566971 1240.1477051</POSITION>
			<COLOR>0.9215687 0.9450981 0.8235295</COLOR>
			<INTENSITY>0.5000000</INTENSITY>
			<ATTENUATIONSTART>146.1348877</ATTENUATIONSTART>
			<ATTENUATIONEND>916.2582397</ATTENUATIONEND>
			<CASTSHADOW/>
		</LIGHT>
		<LIGHT name="obj_Omni484">
			<POSITION>-1013.5340576 -178.7133942 1240.1477051</POSITION>
			<COLOR>0.9215687 0.9450981 0.8235295</COLOR>
			<INTENSITY>0.5000000</INTENSITY>
			<ATTENUATIONSTART>146.1348877</ATTENUATIONSTART>
			<ATTENUATIONEND>916.2582397</ATTENUATIONEND>
			<CASTSHADOW/>
		</LIGHT>
		<LIGHT name="obj_Omni485">
			<POSITION>175.9984436 483.5512695 1240.1477051</POSITION>
			<COLOR>0.9215687 0.9450981 0.8235295</COLOR>
			<INTENSITY>0.5000000</INTENSITY>
			<ATTENUATIONSTART>146.1348877</ATTENUATIONSTART>
			<ATTENUATIONEND>916.2582397</ATTENUATIONEND>
			<CASTSHADOW/>
		</LIGHT>
		<LIGHT name="obj_Omni486">
			<POSITION>240.9329376 991.4927979 1240.1477051</POSITION>
			<COLOR>0.9215687 0.9450981 0.8235295</COLOR>
			<INTENSITY>0.5000000</INTENSITY>
			<ATTENUATIONSTART>146.1348877</ATTENUATIONSTART>
			<ATTENUATIONEND>916.2582397</ATTENUATIONEND>
			<CASTSHADOW/>
		</LIGHT>
		<LIGHT name="obj_Omni487">
			<POSITION>374.2177124 1382.7105713 1240.1477051</POSITION>
			<COLOR>0.9215687 0.9450981 0.8235295</COLOR>
			<INTENSITY>0.5000000</INTENSITY>
			<ATTENUATIONSTART>146.1348877</ATTENUATIONSTART>
			<ATTENUATIONEND>916.2582397</ATTENUATIONEND>
			<CASTSHADOW/>
		</LIGHT>
		<LIGHT name="obj_Omni488">
			<POSITION>330.7686462 -394.1946106 1240.1477051</POSITION>
			<COLOR>0.9215687 0.9450981 0.8235295</COLOR>
			<INTENSITY>0.5000000</INTENSITY>
			<ATTENUATIONSTART>146.1348877</ATTENUATIONSTART>
			<ATTENUATIONEND>916.2582397</ATTENUATIONEND>
			<CASTSHADOW/>
		</LIGHT>
		<LIGHT name="obj_Omni489">
			<POSITION>661.5374756 -788.3895264 1240.1477051</POSITION>
			<COLOR>0.9215687 0.9450981 0.8235295</COLOR>
			<INTENSITY>0.5000000</INTENSITY>
			<ATTENUATIONSTART>146.1348877</ATTENUATIONSTART>
			<ATTENUATIONEND>916.2582397</ATTENUATIONEND>
			<CASTSHADOW/>
		</LIGHT>
		<LIGHT name="obj_Omni490">
			<POSITION>1086.8342285 -1062.7940674 1240.1477051</POSITION>
			<COLOR>0.9215687 0.9450981 0.8235295</COLOR>
			<INTENSITY>0.5000000</INTENSITY>
			<ATTENUATIONSTART>146.1348877</ATTENUATIONSTART>
			<ATTENUATIONEND>916.2582397</ATTENUATIONEND>
			<CASTSHADOW/>
		</LIGHT>
		<LIGHT name="obj_Omni491">
			<POSITION>506.7669067 89.3565903 1240.1477051</POSITION>
			<COLOR>0.9215687 0.9450981 0.8235295</COLOR>
			<INTENSITY>0.5000000</INTENSITY>
			<ATTENUATIONSTART>146.1348877</ATTENUATIONSTART>
			<ATTENUATIONEND>916.2582397</ATTENUATIONEND>
			<CASTSHADOW/>
		</LIGHT>
		<LIGHT name="obj_Omni492">
			<POSITION>1013.5340576 178.7132416 1240.1477051</POSITION>
			<COLOR>0.9215687 0.9450981 0.8235295</COLOR>
			<INTENSITY>0.5000000</INTENSITY>
			<ATTENUATIONSTART>146.1348877</ATTENUATIONSTART>
			<ATTENUATIONEND>916.2582397</ATTENUATIONEND>
			<CASTSHADOW/>
		</LIGHT>
		<LIGHT name="obj_Omni493">
			<POSITION>1353.6070557 369.6216736 1240.1477051</POSITION>
			<COLOR>0.9215687 0.9450981 0.8235295</COLOR>
			<INTENSITY>0.5000000</INTENSITY>
			<ATTENUATIONSTART>146.1348877</ATTENUATIONSTART>
			<ATTENUATIONEND>916.2582397</ATTENUATIONEND>
			<CASTSHADOW/>
		</LIGHT>
		<LIGHT name="obj_Omni494">
			<POSITION>-330.7685852 394.1946716 1240.1477051</POSITION>
			<COLOR>0.9215687 0.9450981 0.8235295</COLOR>
			<INTENSITY>0.5000000</INTENSITY>
			<ATTENUATIONSTART>146.1348877</ATTENUATIONSTART>
			<ATTENUATIONEND>916.2582397</ATTENUATIONEND>
			<CASTSHADOW/>
		</LIGHT>
		<LIGHT name="obj_Omni495">
			<POSITION>-661.5373535 788.3895264 1240.1477051</POSITION>
			<COLOR>0.9215687 0.9450981 0.8235295</COLOR>
			<INTENSITY>0.5000000</INTENSITY>
			<ATTENUATIONSTART>146.1348877</ATTENUATIONSTART>
			<ATTENUATIONEND>916.2582397</ATTENUATIONEND>
			<CASTSHADOW/>
		</LIGHT>
		<LIGHT name="obj_Omni496">
			<POSITION>-1098.4887695 1032.2735596 1240.1477051</POSITION>
			<COLOR>0.9215687 0.9450981 0.8235295</COLOR>
			<INTENSITY>0.5000000</INTENSITY>
			<ATTENUATIONSTART>146.1348877</ATTENUATIONSTART>
			<ATTENUATIONEND>916.2582397</ATTENUATIONEND>
			<CASTSHADOW/>
		</LIGHT>
		<LIGHT name="obj_Omni497">
			<POSITION>0.0000000 -0.0000088 1180.7954102</POSITION>
			<COLOR>0.9725491 0.9254903 0.8235295</COLOR>
			<INTENSITY>0.3000000</INTENSITY>
			<ATTENUATIONSTART>146.1348877</ATTENUATIONSTART>
			<ATTENUATIONEND>916.2582397</ATTENUATIONEND>
			<CASTSHADOW/>
		</LIGHT>
		<LIGHT name="obj_Omni498">
			<POSITION>-402.3204346 1348.1556396 1240.1477051</POSITION>
			<COLOR>0.9215687 0.9450981 0.8235295</COLOR>
			<INTENSITY>0.5000000</INTENSITY>
			<ATTENUATIONSTART>146.1348877</ATTENUATIONSTART>
			<ATTENUATIONEND>916.2582397</ATTENUATIONEND>
			<CASTSHADOW/>
		</LIGHT>
		<LIGHT name="obj_Omni499">
			<POSITION>-1402.8507080 374.2991333 1240.1477051</POSITION>
			<COLOR>0.9215687 0.9450981 0.8235295</COLOR>
			<INTENSITY>0.5000000</INTENSITY>
			<ATTENUATIONSTART>146.1348877</ATTENUATIONSTART>
			<ATTENUATIONEND>916.2582397</ATTENUATIONEND>
			<CASTSHADOW/>
		</LIGHT>
		<LIGHT name="obj_Omni500">
			<POSITION>-952.0441895 -912.0155029 1240.1477051</POSITION>
			<COLOR>0.9215687 0.9450981 0.8235295</COLOR>
			<INTENSITY>0.5000000</INTENSITY>
			<ATTENUATIONSTART>146.1348877</ATTENUATIONSTART>
			<ATTENUATIONEND>916.2582397</ATTENUATIONEND>
			<CASTSHADOW/>
		</LIGHT>
		<LIGHT name="obj_Omni501">
			<POSITION>362.4307861 -1442.5992432 1240.1477051</POSITION>
			<COLOR>0.9215687 0.9450981 0.8235295</COLOR>
			<INTENSITY>0.5000000</INTENSITY>
			<ATTENUATIONSTART>146.1348877</ATTENUATIONSTART>
			<ATTENUATIONEND>916.2582397</ATTENUATIONEND>
			<CASTSHADOW/>
		</LIGHT>
		<LIGHT name="obj_Omni502">
			<POSITION>1366.3645020 -372.1094971 1240.1477051</POSITION>
			<COLOR>0.9215687 0.9450981 0.8235295</COLOR>
			<INTENSITY>0.5000000</INTENSITY>
			<ATTENUATIONSTART>146.1348877</ATTENUATIONSTART>
			<ATTENUATIONEND>916.2582397</ATTENUATIONEND>
			<CASTSHADOW/>
		</LIGHT>
		<LIGHT name="obj_Omni503">
			<POSITION>1004.5325928 920.7094727 1240.1477051</POSITION>
			<COLOR>0.9215687 0.9450981 0.8235295</COLOR>
			<INTENSITY>0.5000000</INTENSITY>
			<ATTENUATIONSTART>146.1348877</ATTENUATIONSTART>
			<ATTENUATIONEND>916.2582397</ATTENUATIONEND>
			<CASTSHADOW/>
		</LIGHT>
		<LIGHT name="obj_Omni504">
			<POSITION>0.0000000 -0.0000088 897.8579102</POSITION>
			<COLOR>0.9725491 0.9254903 0.8235295</COLOR>
			<INTENSITY>1.0000000</INTENSITY>
			<ATTENUATIONSTART>367.3392639</ATTENUATIONSTART>
			<ATTENUATIONEND>1108.6724854</ATTENUATIONEND>
		</LIGHT>
		<LIGHT name="obj_Omni505">
			<POSITION>0.0000000 -0.0000088 897.8579102</POSITION>
			<COLOR>0.9725491 0.9254903 0.8235295</COLOR>
			<INTENSITY>1.0000000</INTENSITY>
			<ATTENUATIONSTART>367.3392639</ATTENUATIONSTART>
			<ATTENUATIONEND>1108.6724854</ATTENUATIONEND>
		</LIGHT>
		<LIGHT name="obj_Omni506">
			<POSITION>0.0000000 -0.0000088 897.8579102</POSITION>
			<COLOR>0.9725491 0.9254903 0.8235295</COLOR>
			<INTENSITY>1.0000000</INTENSITY>
			<ATTENUATIONSTART>367.3392639</ATTENUATIONSTART>
			<ATTENUATIONEND>1108.6724854</ATTENUATIONEND>
		</LIGHT>
		<LIGHT name="obj_Omni507">
			<POSITION>0.0000000 -0.0000088 897.8579102</POSITION>
			<COLOR>0.9725491 0.9254903 0.8235295</COLOR>
			<INTENSITY>1.0000000</INTENSITY>
			<ATTENUATIONSTART>367.3392639</ATTENUATIONSTART>
			<ATTENUATIONEND>1108.6724854</ATTENUATIONEND>
		</LIGHT>
		<LIGHT name="obj_Omni508">
			<POSITION>688.7580566 1745.0819092 1174.2535400</POSITION>
			<COLOR>0.9725491 0.9254903 0.8235295</COLOR>
			<INTENSITY>0.6000000</INTENSITY>
			<ATTENUATIONSTART>367.3392639</ATTENUATIONSTART>
			<ATTENUATIONEND>1108.6724854</ATTENUATIONEND>
			<CASTSHADOW/>
		</LIGHT>
		<LIGHT name="obj_Omni509">
			<POSITION>1128.5413818 1493.4815674 1174.2535400</POSITION>
			<COLOR>0.9725491 0.9254903 0.8235295</COLOR>
			<INTENSITY>0.6000000</INTENSITY>
			<ATTENUATIONSTART>367.3392639</ATTENUATIONSTART>
			<ATTENUATIONEND>1108.6724854</ATTENUATIONEND>
			<CASTSHADOW/>
		</LIGHT>
		<LIGHT name="obj_Omni510">
			<POSITION>-652.6065674 -1588.8260498 1174.2535400</POSITION>
			<COLOR>0.9725491 0.9254903 0.8235295</COLOR>
			<INTENSITY>0.6000000</INTENSITY>
			<ATTENUATIONSTART>367.3392639</ATTENUATIONSTART>
			<ATTENUATIONEND>1108.6724854</ATTENUATIONEND>
			<CASTSHADOW/>
		</LIGHT>
		<LIGHT name="obj_Omni511">
			<POSITION>-1092.3898926 -1337.2257080 1174.2535400</POSITION>
			<COLOR>0.9725491 0.9254903 0.8235295</COLOR>
			<INTENSITY>0.6000000</INTENSITY>
			<ATTENUATIONSTART>367.3392639</ATTENUATIONSTART>
			<ATTENUATIONEND>1108.6724854</ATTENUATIONEND>
			<CASTSHADOW/>
		</LIGHT>
		<LIGHT name="obj_Omni512">
			<POSITION>-1011.7982178 1425.5526123 1174.2535400</POSITION>
			<COLOR>0.9725491 0.9254903 0.8235295</COLOR>
			<INTENSITY>0.6000000</INTENSITY>
			<ATTENUATIONSTART>367.3392639</ATTENUATIONSTART>
			<ATTENUATIONEND>1108.6724854</ATTENUATIONEND>
			<CASTSHADOW/>
		</LIGHT>
		<LIGHT name="obj_Omni513">
			<POSITION>-727.7953491 1610.5599365 1174.2535400</POSITION>
			<COLOR>0.9725491 0.9254903 0.8235295</COLOR>
			<INTENSITY>0.6000000</INTENSITY>
			<ATTENUATIONSTART>367.3392639</ATTENUATIONSTART>
			<ATTENUATIONEND>1108.6724854</ATTENUATIONEND>
			<CASTSHADOW/>
		</LIGHT>
		<LIGHT name="obj_Omni514">
			<POSITION>1760.8217773 185.9959869 1174.2535400</POSITION>
			<COLOR>0.9725491 0.9254903 0.8235295</COLOR>
			<INTENSITY>0.6000000</INTENSITY>
			<ATTENUATIONSTART>367.3392639</ATTENUATIONSTART>
			<ATTENUATIONEND>1108.6724854</ATTENUATIONEND>
			<CASTSHADOW/>
		</LIGHT>
		<LIGHT name="obj_Omni515">
			<POSITION>1780.7597656 -213.9355621 1174.2535400</POSITION>
			<COLOR>0.9725491 0.9254903 0.8235295</COLOR>
			<INTENSITY>0.6000000</INTENSITY>
			<ATTENUATIONSTART>367.3392639</ATTENUATIONSTART>
			<ATTENUATIONEND>1108.6724854</ATTENUATIONEND>
			<CASTSHADOW/>
		</LIGHT>
		<LIGHT name="obj_Omni516">
			<POSITION>1105.5943604 -1440.9127197 1174.2535400</POSITION>
			<COLOR>0.9725491 0.9254903 0.8235295</COLOR>
			<INTENSITY>0.6000000</INTENSITY>
			<ATTENUATIONSTART>367.3392639</ATTENUATIONSTART>
			<ATTENUATIONEND>1108.6724854</ATTENUATIONEND>
			<CASTSHADOW/>
		</LIGHT>
		<LIGHT name="obj_Omni517">
			<POSITION>687.8373413 -1669.7171631 1174.2535400</POSITION>
			<COLOR>0.9725491 0.9254903 0.8235295</COLOR>
			<INTENSITY>0.6000000</INTENSITY>
			<ATTENUATIONSTART>367.3392639</ATTENUATIONSTART>
			<ATTENUATIONEND>1108.6724854</ATTENUATIONEND>
			<CASTSHADOW/>
		</LIGHT>
		<LIGHT name="obj_Omni518">
			<POSITION>4.3320580 1796.5743408 1240.1477051</POSITION>
			<COLOR>0.9215687 0.9450981 0.8235295</COLOR>
			<INTENSITY>0.8000000</INTENSITY>
			<ATTENUATIONSTART>273.2722473</ATTENUATIONSTART>
			<ATTENUATIONEND>916.2582397</ATTENUATIONEND>
			<CASTSHADOW/>
		</LIGHT>
		<LIGHT name="obj_Omni519">
			<POSITION>-17.4833984 -1784.3646240 1240.1477051</POSITION>
			<COLOR>0.9215687 0.9450981 0.8235295</COLOR>
			<INTENSITY>0.8000000</INTENSITY>
			<ATTENUATIONSTART>273.2722473</ATTENUATIONSTART>
			<ATTENUATIONEND>916.2582397</ATTENUATIONEND>
			<CASTSHADOW/>
		</LIGHT>
		<LIGHT name="obj_Omni520">
			<POSITION>1532.2475586 -937.9152832 1240.1477051</POSITION>
			<COLOR>0.9215687 0.9450981 0.8235295</COLOR>
			<INTENSITY>0.8000000</INTENSITY>
			<ATTENUATIONSTART>273.2722473</ATTENUATIONSTART>
			<ATTENUATIONEND>916.2582397</ATTENUATIONEND>
			<CASTSHADOW/>
		</LIGHT>
		<LIGHT name="obj_Omni521">
			<POSITION>1571.1893311 902.1075439 1240.1477051</POSITION>
			<COLOR>0.9215687 0.9450981 0.8235295</COLOR>
			<INTENSITY>0.8000000</INTENSITY>
			<ATTENUATIONSTART>273.2722473</ATTENUATIONSTART>
			<ATTENUATIONEND>916.2582397</ATTENUATIONEND>
			<CASTSHADOW/>
		</LIGHT>
		<LIGHT name="obj_Omni522">
			<POSITION>0.0000000 -0.0000088 897.8579102</POSITION>
			<COLOR>0.9725491 0.9254903 0.8235295</COLOR>
			<INTENSITY>1.0000000</INTENSITY>
			<ATTENUATIONSTART>367.3392639</ATTENUATIONSTART>
			<ATTENUATIONEND>1108.6724854</ATTENUATIONEND>
		</LIGHT>
		<LIGHT name="obj_Omni523">
			<POSITION>-1765.6608887 -233.1910553 1174.2535400</POSITION>
			<COLOR>0.9725491 0.9254903 0.8235295</COLOR>
			<INTENSITY>0.6000000</INTENSITY>
			<ATTENUATIONSTART>367.3392639</ATTENUATIONSTART>
			<ATTENUATIONEND>1108.6724854</ATTENUATIONEND>
			<CASTSHADOW/>
		</LIGHT>
		<LIGHT name="obj_Omni524">
			<POSITION>-1745.1767578 180.1728973 1174.2535400</POSITION>
			<COLOR>0.9725491 0.9254903 0.8235295</COLOR>
			<INTENSITY>0.6000000</INTENSITY>
			<ATTENUATIONSTART>367.3392639</ATTENUATIONSTART>
			<ATTENUATIONEND>1108.6724854</ATTENUATIONEND>
			<CASTSHADOW/>
		</LIGHT>
		<LIGHT name="obj_Omni525">
			<POSITION>-1591.7132568 959.6431885 1240.1477051</POSITION>
			<COLOR>0.9215687 0.9450981 0.8235295</COLOR>
			<INTENSITY>0.8000000</INTENSITY>
			<ATTENUATIONSTART>273.2722473</ATTENUATIONSTART>
			<ATTENUATIONEND>916.2582397</ATTENUATIONEND>
			<CASTSHADOW/>
		</LIGHT>
		<LIGHT name="obj_Omni526">
			<POSITION>-1565.7457275 -890.8152466 1240.1477051</POSITION>
			<COLOR>0.9215687 0.9450981 0.8235295</COLOR>
			<INTENSITY>0.8000000</INTENSITY>
			<ATTENUATIONSTART>273.2722473</ATTENUATIONSTART>
			<ATTENUATIONEND>916.2582397</ATTENUATIONEND>
			<CASTSHADOW/>
		</LIGHT>
		<LIGHT name="obj_Omni527">
			<POSITION>0.0000000 -0.0000088 897.8579102</POSITION>
			<COLOR>0.9725491 0.9254903 0.8235295</COLOR>
			<INTENSITY>1.0000000</INTENSITY>
			<ATTENUATIONSTART>367.3392639</ATTENUATIONSTART>
			<ATTENUATIONEND>1108.6724854</ATTENUATIONEND>
		</LIGHT>
		<LIGHT name="obj_Omni528">
			<POSITION>526.7875366 -904.7935791 1372.0472412</POSITION>
			<COLOR>0.9215687 0.9450981 0.8235295</COLOR>
			<INTENSITY>0.5000000</INTENSITY>
			<ATTENUATIONSTART>146.1348877</ATTENUATIONSTART>
			<ATTENUATIONEND>421.4787903</ATTENUATIONEND>
		</LIGHT>
		<LIGHT name="obj_Omni529">
			<POSITION>-517.5160522 -867.0396729 1372.0472412</POSITION>
			<COLOR>0.9215687 0.9450981 0.8235295</COLOR>
			<INTENSITY>0.5000000</INTENSITY>
			<ATTENUATIONSTART>146.1348877</ATTENUATIONSTART>
			<ATTENUATIONEND>421.4787903</ATTENUATIONEND>
		</LIGHT>
		<LIGHT name="obj_Omni530">
			<POSITION>-976.8271484 -24.6231174 1372.0472412</POSITION>
			<COLOR>0.9215687 0.9450981 0.8235295</COLOR>
			<INTENSITY>0.5000000</INTENSITY>
			<ATTENUATIONSTART>146.1348877</ATTENUATIONSTART>
			<ATTENUATIONEND>421.4787903</ATTENUATIONEND>
		</LIGHT>
		<LIGHT name="obj_Omni531">
			<POSITION>-498.9974060 862.3302002 1372.0472412</POSITION>
			<COLOR>0.9215687 0.9450981 0.8235295</COLOR>
			<INTENSITY>0.5000000</INTENSITY>
			<ATTENUATIONSTART>146.1348877</ATTENUATIONSTART>
			<ATTENUATIONEND>421.4787903</ATTENUATIONEND>
		</LIGHT>
		<LIGHT name="obj_Omni532">
			<POSITION>526.3562012 903.6067505 1372.0472412</POSITION>
			<COLOR>0.9215687 0.9450981 0.8235295</COLOR>
			<INTENSITY>0.5000000</INTENSITY>
			<ATTENUATIONSTART>146.1348877</ATTENUATIONSTART>
			<ATTENUATIONEND>421.4787903</ATTENUATIONEND>
		</LIGHT>
		<LIGHT name="obj_Omni533">
			<POSITION>1059.0858154 -53.4412613 1372.0472412</POSITION>
			<COLOR>0.9215687 0.9450981 0.8235295</COLOR>
			<INTENSITY>0.5000000</INTENSITY>
			<ATTENUATIONSTART>146.1348877</ATTENUATIONSTART>
			<ATTENUATIONEND>421.4787903</ATTENUATIONEND>
		</LIGHT>
		<LIGHT name="obj_start001">
			<POSITION>0.0000000 189.3877869 111.2863159</POSITION>
			<COLOR>0.5647059 0.7803922 0.9843138</COLOR>
			<INTENSITY>0.3000000</INTENSITY>
			<ATTENUATIONSTART>163.7630615</ATTENUATIONSTART>
			<ATTENUATIONEND>201.4285583</ATTENUATIONEND>
			<CASTSHADOW/>
		</LIGHT>
		<LIGHT name="obj_start002">
			<POSITION>-164.5350800 -94.1754456 111.2863159</POSITION>
			<COLOR>0.5647059 0.7803922 0.9843138</COLOR>
			<INTENSITY>0.3000000</INTENSITY>
			<ATTENUATIONSTART>163.7630615</ATTENUATIONSTART>
			<ATTENUATIONEND>201.4285583</ATTENUATIONEND>
			<CASTSHADOW/>
		</LIGHT>
		<LIGHT name="obj_start003">
			<POSITION>164.5743866 -94.1754456 111.2863159</POSITION>
			<COLOR>0.5647059 0.7803922 0.9843138</COLOR>
			<INTENSITY>0.3000000</INTENSITY>
			<ATTENUATIONSTART>163.7630615</ATTENUATIONSTART>
			<ATTENUATIONEND>201.4285583</ATTENUATIONEND>
			<CASTSHADOW/>
		</LIGHT>
		<LIGHT name="obj_door001">
			<POSITION>0.0000000 2120.7836914 359.8790894</POSITION>
			<COLOR>0.9333334 0.4862745 0.2431373</COLOR>
			<INTENSITY>0.3000000</INTENSITY>
			<ATTENUATIONSTART>117.2292862</ATTENUATIONSTART>
			<ATTENUATIONEND>339.8217468</ATTENUATIONEND>
			<CASTSHADOW/>
		</LIGHT>
		<LIGHT name="obj_door002">
			<POSITION>-1853.4008789 1069.7392578 359.8790894</POSITION>
			<COLOR>0.9333334 0.4862745 0.2431373</COLOR>
			<INTENSITY>0.3000000</INTENSITY>
			<ATTENUATIONSTART>117.2292862</ATTENUATIONSTART>
			<ATTENUATIONEND>339.8217468</ATTENUATIONEND>
			<CASTSHADOW/>
		</LIGHT>
		<LIGHT name="obj_door003">
			<POSITION>-1864.4840088 -1078.7543945 359.8790894</POSITION>
			<COLOR>0.9333334 0.4862745 0.2431373</COLOR>
			<INTENSITY>0.3000000</INTENSITY>
			<ATTENUATIONSTART>117.2292862</ATTENUATIONSTART>
			<ATTENUATIONEND>339.8217468</ATTENUATIONEND>
			<CASTSHADOW/>
		</LIGHT>
		<LIGHT name="obj_door004">
			<POSITION>10.7402344 -2143.3833008 359.8790894</POSITION>
			<COLOR>0.9333334 0.4862745 0.2431373</COLOR>
			<INTENSITY>0.3000000</INTENSITY>
			<ATTENUATIONSTART>117.2292862</ATTENUATIONSTART>
			<ATTENUATIONEND>339.8217468</ATTENUATIONEND>
			<CASTSHADOW/>
		</LIGHT>
		<LIGHT name="obj_door005">
			<POSITION>1870.4088135 -1077.9818115 359.8790894</POSITION>
			<COLOR>0.9333334 0.4862745 0.2431373</COLOR>
			<INTENSITY>0.3000000</INTENSITY>
			<ATTENUATIONSTART>117.2292862</ATTENUATIONSTART>
			<ATTENUATIONEND>339.8217468</ATTENUATIONEND>
			<CASTSHADOW/>
		</LIGHT>
		<LIGHT name="obj_door006">
			<POSITION>1869.5764160 1077.7501221 359.8790894</POSITION>
			<COLOR>0.9333334 0.4862745 0.2431373</COLOR>
			<INTENSITY>0.3000000</INTENSITY>
			<ATTENUATIONSTART>117.2292862</ATTENUATIONSTART>
			<ATTENUATIONEND>339.8217468</ATTENUATIONEND>
			<CASTSHADOW/>
		</LIGHT>
		<LIGHT name="obj_sc001">
			<POSITION>-690.6408691 1945.1945801 70.8373413</POSITION>
			<COLOR>0.9490197 0.6000000 0.4078432</COLOR>
			<INTENSITY>0.3000000</INTENSITY>
			<ATTENUATIONSTART>97.3003082</ATTENUATIONSTART>
			<ATTENUATIONEND>180.1055298</ATTENUATIONEND>
			<CASTSHADOW/>
		</LIGHT>
		<LIGHT name="obj_sc002">
			<POSITION>-1342.6214600 1563.8465576 70.8373413</POSITION>
			<COLOR>0.9490197 0.6000000 0.4078432</COLOR>
			<INTENSITY>0.3000000</INTENSITY>
			<ATTENUATIONSTART>97.3003082</ATTENUATIONSTART>
			<ATTENUATIONEND>180.1055298</ATTENUATIONEND>
			<CASTSHADOW/>
		</LIGHT>
		<LIGHT name="obj_sc003">
			<POSITION>-1983.6787109 358.6777954 70.8373413</POSITION>
			<COLOR>0.9490197 0.6000000 0.4078432</COLOR>
			<INTENSITY>0.3000000</INTENSITY>
			<ATTENUATIONSTART>97.3003082</ATTENUATIONSTART>
			<ATTENUATIONEND>180.1055298</ATTENUATIONEND>
			<CASTSHADOW/>
		</LIGHT>
		<LIGHT name="obj_sc004">
			<POSITION>-1983.6984863 -356.5875244 70.8373413</POSITION>
			<COLOR>0.9490197 0.6000000 0.4078432</COLOR>
			<INTENSITY>0.3000000</INTENSITY>
			<ATTENUATIONSTART>97.3003082</ATTENUATIONSTART>
			<ATTENUATIONEND>180.1055298</ATTENUATIONEND>
			<CASTSHADOW/>
		</LIGHT>
		<LIGHT name="obj_sc005">
			<POSITION>-1300.2686768 -1540.6230469 70.8373413</POSITION>
			<COLOR>0.9490197 0.6000000 0.4078432</COLOR>
			<INTENSITY>0.3000000</INTENSITY>
			<ATTENUATIONSTART>97.3003082</ATTENUATIONSTART>
			<ATTENUATIONEND>180.1055298</ATTENUATIONEND>
			<CASTSHADOW/>
		</LIGHT>
		<LIGHT name="obj_sc006">
			<POSITION>-682.4696045 -1928.1752930 70.8373413</POSITION>
			<COLOR>0.9490197 0.6000000 0.4078432</COLOR>
			<INTENSITY>0.3000000</INTENSITY>
			<ATTENUATIONSTART>97.3003082</ATTENUATIONSTART>
			<ATTENUATIONEND>180.1055298</ATTENUATIONEND>
			<CASTSHADOW/>
		</LIGHT>
		<LIGHT name="obj_sc007">
			<POSITION>684.4602051 -1921.0351563 70.8373413</POSITION>
			<COLOR>0.9490197 0.6000000 0.4078432</COLOR>
			<INTENSITY>0.3000000</INTENSITY>
			<ATTENUATIONSTART>97.3003082</ATTENUATIONSTART>
			<ATTENUATIONEND>180.1055298</ATTENUATIONEND>
			<CASTSHADOW/>
		</LIGHT>
		<LIGHT name="obj_sc008">
			<POSITION>1331.9041748 -1559.2506104 70.8373413</POSITION>
			<COLOR>0.9490197 0.6000000 0.4078432</COLOR>
			<INTENSITY>0.3000000</INTENSITY>
			<ATTENUATIONSTART>97.3003082</ATTENUATIONSTART>
			<ATTENUATIONEND>180.1055298</ATTENUATIONEND>
			<CASTSHADOW/>
		</LIGHT>
		<LIGHT name="obj_sc009">
			<POSITION>2013.9012451 -373.4086304 70.8373413</POSITION>
			<COLOR>0.9490197 0.6000000 0.4078432</COLOR>
			<INTENSITY>0.3000000</INTENSITY>
			<ATTENUATIONSTART>97.3003082</ATTENUATIONSTART>
			<ATTENUATIONEND>180.1055298</ATTENUATIONEND>
			<CASTSHADOW/>
		</LIGHT>
		<LIGHT name="obj_sc010">
			<POSITION>2011.2587891 372.2412109 70.8373413</POSITION>
			<COLOR>0.9490197 0.6000000 0.4078432</COLOR>
			<INTENSITY>0.3000000</INTENSITY>
			<ATTENUATIONSTART>97.3003082</ATTENUATIONSTART>
			<ATTENUATIONEND>180.1055298</ATTENUATIONEND>
			<CASTSHADOW/>
		</LIGHT>
		<LIGHT name="obj_sc011">
			<POSITION>1322.3380127 1562.1066895 70.8373413</POSITION>
			<COLOR>0.9490197 0.6000000 0.4078432</COLOR>
			<INTENSITY>0.3000000</INTENSITY>
			<ATTENUATIONSTART>97.3003082</ATTENUATIONSTART>
			<ATTENUATIONEND>180.1055298</ATTENUATIONEND>
			<CASTSHADOW/>
		</LIGHT>
		<LIGHT name="obj_sc012">
			<POSITION>681.8736572 1929.5083008 70.8373413</POSITION>
			<COLOR>0.9490197 0.6000000 0.4078432</COLOR>
			<INTENSITY>0.3000000</INTENSITY>
			<ATTENUATIONSTART>97.3003082</ATTENUATIONSTART>
			<ATTENUATIONEND>180.1055298</ATTENUATIONEND>
			<CASTSHADOW/>
		</LIGHT>
		<LIGHT name="Omni423">
			<POSITION>-330.7685852 394.1946716 393.1557617</POSITION>
			<COLOR>0.9254903 0.9450981 0.8274511</COLOR>
			<INTENSITY>0.4000000</INTENSITY>
			<ATTENUATIONSTART>146.1348877</ATTENUATIONSTART>
			<ATTENUATIONEND>916.2582397</ATTENUATIONEND>
			<CASTSHADOW/>
		</LIGHT>
		<LIGHT name="Omni424">
			<POSITION>-506.7669373 -89.3566895 393.1557617</POSITION>
			<COLOR>0.9254903 0.9450981 0.8274511</COLOR>
			<INTENSITY>0.4000000</INTENSITY>
			<ATTENUATIONSTART>146.1348877</ATTENUATIONSTART>
			<ATTENUATIONEND>916.2582397</ATTENUATIONEND>
			<CASTSHADOW/>
		</LIGHT>
		<LIGHT name="Omni425">
			<POSITION>175.9984436 483.5512695 393.1557617</POSITION>
			<COLOR>0.9254903 0.9450981 0.8274511</COLOR>
			<INTENSITY>0.4000000</INTENSITY>
			<ATTENUATIONSTART>146.1348877</ATTENUATIONSTART>
			<ATTENUATIONEND>916.2582397</ATTENUATIONEND>
			<CASTSHADOW/>
		</LIGHT>
		<LIGHT name="Omni426">
			<POSITION>506.7669067 89.3565979 393.1557617</POSITION>
			<COLOR>0.9254903 0.9450981 0.8274511</COLOR>
			<INTENSITY>0.4000000</INTENSITY>
			<ATTENUATIONSTART>146.1348877</ATTENUATIONSTART>
			<ATTENUATIONEND>916.2582397</ATTENUATIONEND>
			<CASTSHADOW/>
		</LIGHT>
		<LIGHT name="Omni427">
			<POSITION>330.7686462 -394.1946106 393.1557617</POSITION>
			<COLOR>0.9254903 0.9450981 0.8274511</COLOR>
			<INTENSITY>0.4000000</INTENSITY>
			<ATTENUATIONSTART>146.1348877</ATTENUATIONSTART>
			<ATTENUATIONEND>916.2582397</ATTENUATIONEND>
			<CASTSHADOW/>
		</LIGHT>
		<LIGHT name="Omni428">
			<POSITION>-175.9982605 -483.5513000 393.1557617</POSITION>
			<COLOR>0.9254903 0.9450981 0.8274511</COLOR>
			<INTENSITY>0.4000000</INTENSITY>
			<ATTENUATIONSTART>146.1348877</ATTENUATIONSTART>
			<ATTENUATIONEND>916.2582397</ATTENUATIONEND>
			<CASTSHADOW/>
		</LIGHT>
		<LIGHT name="obj_Omni202">
			<POSITION>0.0000000 0.0000298 4079.0356445</POSITION>
			<COLOR>0.9725491 0.9254903 0.8235295</COLOR>
			<INTENSITY>0.5000000</INTENSITY>
			<ATTENUATIONSTART>1944.9941406</ATTENUATIONSTART>
			<ATTENUATIONEND>3565.7104492</ATTENUATIONEND>
		</LIGHT>
		<LIGHT name="obj_Omni423">
			<POSITION>-175.9982605 -483.5512695 358.1735840</POSITION>
			<COLOR>0.9215687 0.9450981 0.8235295</COLOR>
			<INTENSITY>1.0000000</INTENSITY>
			<ATTENUATIONSTART>146.1348877</ATTENUATIONSTART>
			<ATTENUATIONEND>916.2582397</ATTENUATIONEND>
			<CASTSHADOW/>
		</LIGHT>
		<LIGHT name="obj_Omni424">
			<POSITION>-474.2605591 -925.7619019 358.1735840</POSITION>
			<COLOR>0.9215687 0.9450981 0.8235295</COLOR>
			<INTENSITY>1.0000000</INTENSITY>
			<ATTENUATIONSTART>146.1348877</ATTENUATIONSTART>
			<ATTENUATIONEND>916.2582397</ATTENUATIONEND>
			<CASTSHADOW/>
		</LIGHT>
		<LIGHT name="obj_Omni425">
			<POSITION>-356.1708679 -1445.3188477 358.1735840</POSITION>
			<COLOR>0.9215687 0.9450981 0.8235295</COLOR>
			<INTENSITY>1.0000000</INTENSITY>
			<ATTENUATIONSTART>146.1348877</ATTENUATIONSTART>
			<ATTENUATIONEND>916.2582397</ATTENUATIONEND>
			<CASTSHADOW/>
		</LIGHT>
		<LIGHT name="obj_Omni426">
			<POSITION>-506.7669678 -89.3566589 358.1735840</POSITION>
			<COLOR>0.9215687 0.9450981 0.8235295</COLOR>
			<INTENSITY>1.0000000</INTENSITY>
			<ATTENUATIONSTART>146.1348877</ATTENUATIONSTART>
			<ATTENUATIONEND>916.2582397</ATTENUATIONEND>
			<CASTSHADOW/>
		</LIGHT>
		<LIGHT name="obj_Omni427">
			<POSITION>-1013.5340576 -178.7133484 358.1735840</POSITION>
			<COLOR>0.9215687 0.9450981 0.8235295</COLOR>
			<INTENSITY>1.0000000</INTENSITY>
			<ATTENUATIONSTART>146.1348877</ATTENUATIONSTART>
			<ATTENUATIONEND>916.2582397</ATTENUATIONEND>
			<CASTSHADOW/>
		</LIGHT>
		<LIGHT name="obj_Omni428">
			<POSITION>-1351.6011963 -387.8427429 358.1735840</POSITION>
			<COLOR>0.9215687 0.9450981 0.8235295</COLOR>
			<INTENSITY>1.0000000</INTENSITY>
			<ATTENUATIONSTART>146.1348877</ATTENUATIONSTART>
			<ATTENUATIONEND>916.2582397</ATTENUATIONEND>
			<CASTSHADOW/>
		</LIGHT>
		<LIGHT name="obj_Omni429">
			<POSITION>175.9984436 483.5513000 358.1735840</POSITION>
			<COLOR>0.9215687 0.9450981 0.8235295</COLOR>
			<INTENSITY>1.0000000</INTENSITY>
			<ATTENUATIONSTART>146.1348877</ATTENUATIONSTART>
			<ATTENUATIONEND>916.2582397</ATTENUATIONEND>
			<CASTSHADOW/>
		</LIGHT>
		<LIGHT name="obj_Omni430">
			<POSITION>240.9329376 991.4927979 358.1735840</POSITION>
			<COLOR>0.9215687 0.9450981 0.8235295</COLOR>
			<INTENSITY>1.0000000</INTENSITY>
			<ATTENUATIONSTART>146.1348877</ATTENUATIONSTART>
			<ATTENUATIONEND>916.2582397</ATTENUATIONEND>
			<CASTSHADOW/>
		</LIGHT>
		<LIGHT name="obj_Omni431">
			<POSITION>374.2177124 1382.7106934 358.1735840</POSITION>
			<COLOR>0.9215687 0.9450981 0.8235295</COLOR>
			<INTENSITY>1.0000000</INTENSITY>
			<ATTENUATIONSTART>146.1348877</ATTENUATIONSTART>
			<ATTENUATIONEND>916.2582397</ATTENUATIONEND>
			<CASTSHADOW/>
		</LIGHT>
		<LIGHT name="obj_Omni432">
			<POSITION>330.7686462 -394.1945801 358.1735840</POSITION>
			<COLOR>0.9215687 0.9450981 0.8235295</COLOR>
			<INTENSITY>1.0000000</INTENSITY>
			<ATTENUATIONSTART>146.1348877</ATTENUATIONSTART>
			<ATTENUATIONEND>916.2582397</ATTENUATIONEND>
			<CASTSHADOW/>
		</LIGHT>
		<LIGHT name="obj_Omni433">
			<POSITION>661.5374756 -788.3895264 358.1735840</POSITION>
			<COLOR>0.9215687 0.9450981 0.8235295</COLOR>
			<INTENSITY>1.0000000</INTENSITY>
			<ATTENUATIONSTART>146.1348877</ATTENUATIONSTART>
			<ATTENUATIONEND>916.2582397</ATTENUATIONEND>
			<CASTSHADOW/>
		</LIGHT>
		<LIGHT name="obj_Omni434">
			<POSITION>1086.8342285 -1062.7939453 358.1735840</POSITION>
			<COLOR>0.9215687 0.9450981 0.8235295</COLOR>
			<INTENSITY>1.0000000</INTENSITY>
			<ATTENUATIONSTART>146.1348877</ATTENUATIONSTART>
			<ATTENUATIONEND>916.2582397</ATTENUATIONEND>
			<CASTSHADOW/>
		</LIGHT>
		<LIGHT name="obj_Omni435">
			<POSITION>506.7669067 89.3566284 358.1735840</POSITION>
			<COLOR>0.9215687 0.9450981 0.8235295</COLOR>
			<INTENSITY>1.0000000</INTENSITY>
			<ATTENUATIONSTART>146.1348877</ATTENUATIONSTART>
			<ATTENUATIONEND>916.2582397</ATTENUATIONEND>
			<CASTSHADOW/>
		</LIGHT>
		<LIGHT name="obj_Omni436">
			<POSITION>1013.5340576 178.7132874 358.1735840</POSITION>
			<COLOR>0.9215687 0.9450981 0.8235295</COLOR>
			<INTENSITY>1.0000000</INTENSITY>
			<ATTENUATIONSTART>146.1348877</ATTENUATIONSTART>
			<ATTENUATIONEND>916.2582397</ATTENUATIONEND>
			<CASTSHADOW/>
		</LIGHT>
		<LIGHT name="obj_Omni437">
			<POSITION>1353.6070557 369.6217041 358.1735840</POSITION>
			<COLOR>0.9215687 0.9450981 0.8235295</COLOR>
			<INTENSITY>1.0000000</INTENSITY>
			<ATTENUATIONSTART>146.1348877</ATTENUATIONSTART>
			<ATTENUATIONEND>916.2582397</ATTENUATIONEND>
			<CASTSHADOW/>
		</LIGHT>
		<LIGHT name="obj_Omni438">
			<POSITION>-330.7685852 394.1947021 358.1735840</POSITION>
			<COLOR>0.9215687 0.9450981 0.8235295</COLOR>
			<INTENSITY>1.0000000</INTENSITY>
			<ATTENUATIONSTART>146.1348877</ATTENUATIONSTART>
			<ATTENUATIONEND>916.2582397</ATTENUATIONEND>
			<CASTSHADOW/>
		</LIGHT>
		<LIGHT name="obj_Omni439">
			<POSITION>-661.5373535 788.3895264 358.1735840</POSITION>
			<COLOR>0.9215687 0.9450981 0.8235295</COLOR>
			<INTENSITY>1.0000000</INTENSITY>
			<ATTENUATIONSTART>146.1348877</ATTENUATIONSTART>
			<ATTENUATIONEND>916.2582397</ATTENUATIONEND>
			<CASTSHADOW/>
		</LIGHT>
		<LIGHT name="obj_Omni440">
			<POSITION>-1098.4887695 1032.2736816 358.1735840</POSITION>
			<COLOR>0.9215687 0.9450981 0.8235295</COLOR>
			<INTENSITY>1.0000000</INTENSITY>
			<ATTENUATIONSTART>146.1348877</ATTENUATIONSTART>
			<ATTENUATIONEND>916.2582397</ATTENUATIONEND>
			<CASTSHADOW/>
		</LIGHT>
		<LIGHT name="obj_Omni441">
			<POSITION>0.0000000 0.0000298 298.8212891</POSITION>
			<COLOR>0.9725491 0.9254903 0.8235295</COLOR>
			<INTENSITY>0.3000000</INTENSITY>
			<ATTENUATIONSTART>146.1348877</ATTENUATIONSTART>
			<ATTENUATIONEND>916.2582397</ATTENUATIONEND>
			<CASTSHADOW/>
		</LIGHT>
		<LIGHT name="obj_Omni442">
			<POSITION>-402.3204346 1348.1557617 358.1735840</POSITION>
			<COLOR>0.9215687 0.9450981 0.8235295</COLOR>
			<INTENSITY>1.0000000</INTENSITY>
			<ATTENUATIONSTART>146.1348877</ATTENUATIONSTART>
			<ATTENUATIONEND>916.2582397</ATTENUATIONEND>
			<CASTSHADOW/>
		</LIGHT>
		<LIGHT name="obj_Omni443">
			<POSITION>-1402.8507080 374.2991638 358.1735840</POSITION>
			<COLOR>0.9215687 0.9450981 0.8235295</COLOR>
			<INTENSITY>1.0000000</INTENSITY>
			<ATTENUATIONSTART>146.1348877</ATTENUATIONSTART>
			<ATTENUATIONEND>916.2582397</ATTENUATIONEND>
			<CASTSHADOW/>
		</LIGHT>
		<LIGHT name="obj_Omni444">
			<POSITION>-952.0441895 -912.0155029 358.1735840</POSITION>
			<COLOR>0.9215687 0.9450981 0.8235295</COLOR>
			<INTENSITY>1.0000000</INTENSITY>
			<ATTENUATIONSTART>146.1348877</ATTENUATIONSTART>
			<ATTENUATIONEND>916.2582397</ATTENUATIONEND>
			<CASTSHADOW/>
		</LIGHT>
		<LIGHT name="obj_Omni445">
			<POSITION>362.4307861 -1442.5991211 358.1735840</POSITION>
			<COLOR>0.9215687 0.9450981 0.8235295</COLOR>
			<INTENSITY>1.0000000</INTENSITY>
			<ATTENUATIONSTART>146.1348877</ATTENUATIONSTART>
			<ATTENUATIONEND>916.2582397</ATTENUATIONEND>
			<CASTSHADOW/>
		</LIGHT>
		<LIGHT name="obj_Omni446">
			<POSITION>1366.3645020 -372.1094666 358.1735840</POSITION>
			<COLOR>0.9215687 0.9450981 0.8235295</COLOR>
			<INTENSITY>1.0000000</INTENSITY>
			<ATTENUATIONSTART>146.1348877</ATTENUATIONSTART>
			<ATTENUATIONEND>916.2582397</ATTENUATIONEND>
			<CASTSHADOW/>
		</LIGHT>
		<LIGHT name="obj_Omni447">
			<POSITION>1004.5325928 920.7094727 358.1735840</POSITION>
			<COLOR>0.9215687 0.9450981 0.8235295</COLOR>
			<INTENSITY>1.0000000</INTENSITY>
			<ATTENUATIONSTART>146.1348877</ATTENUATIONSTART>
			<ATTENUATIONEND>916.2582397</ATTENUATIONEND>
			<CASTSHADOW/>
		</LIGHT>
		<LIGHT name="obj_Omni448">
			<POSITION>0.0000000 0.0000298 15.8837891</POSITION>
			<COLOR>0.9725491 0.9254903 0.8235295</COLOR>
			<INTENSITY>1.0000000</INTENSITY>
			<ATTENUATIONSTART>367.3392639</ATTENUATIONSTART>
			<ATTENUATIONEND>1108.6724854</ATTENUATIONEND>
		</LIGHT>
		<LIGHT name="obj_Omni449">
			<POSITION>0.0000000 0.0000298 15.8837891</POSITION>
			<COLOR>0.9725491 0.9254903 0.8235295</COLOR>
			<INTENSITY>1.0000000</INTENSITY>
			<ATTENUATIONSTART>367.3392639</ATTENUATIONSTART>
			<ATTENUATIONEND>1108.6724854</ATTENUATIONEND>
		</LIGHT>
		<LIGHT name="obj_Omni450">
			<POSITION>0.0000000 0.0000298 15.8837891</POSITION>
			<COLOR>0.9725491 0.9254903 0.8235295</COLOR>
			<INTENSITY>1.0000000</INTENSITY>
			<ATTENUATIONSTART>367.3392639</ATTENUATIONSTART>
			<ATTENUATIONEND>1108.6724854</ATTENUATIONEND>
		</LIGHT>
		<LIGHT name="obj_Omni451">
			<POSITION>0.0000000 0.0000298 15.8837891</POSITION>
			<COLOR>0.9725491 0.9254903 0.8235295</COLOR>
			<INTENSITY>1.0000000</INTENSITY>
			<ATTENUATIONSTART>367.3392639</ATTENUATIONSTART>
			<ATTENUATIONEND>1108.6724854</ATTENUATIONEND>
		</LIGHT>
		<LIGHT name="obj_Omni452">
			<POSITION>688.7580566 1745.0820313 292.2794189</POSITION>
			<COLOR>0.9725491 0.9254903 0.8235295</COLOR>
			<INTENSITY>0.6000000</INTENSITY>
			<ATTENUATIONSTART>367.3392639</ATTENUATIONSTART>
			<ATTENUATIONEND>1108.6724854</ATTENUATIONEND>
			<CASTSHADOW/>
		</LIGHT>
		<LIGHT name="obj_Omni453">
			<POSITION>1128.5413818 1493.4816895 292.2794189</POSITION>
			<COLOR>0.9725491 0.9254903 0.8235295</COLOR>
			<INTENSITY>0.6000000</INTENSITY>
			<ATTENUATIONSTART>367.3392639</ATTENUATIONSTART>
			<ATTENUATIONEND>1108.6724854</ATTENUATIONEND>
			<CASTSHADOW/>
		</LIGHT>
		<LIGHT name="obj_Omni454">
			<POSITION>-652.6065674 -1588.8259277 292.2794189</POSITION>
			<COLOR>0.9725491 0.9254903 0.8235295</COLOR>
			<INTENSITY>0.6000000</INTENSITY>
			<ATTENUATIONSTART>367.3392639</ATTENUATIONSTART>
			<ATTENUATIONEND>1108.6724854</ATTENUATIONEND>
			<CASTSHADOW/>
		</LIGHT>
		<LIGHT name="obj_Omni455">
			<POSITION>-1092.3898926 -1337.2255859 292.2794189</POSITION>
			<COLOR>0.9725491 0.9254903 0.8235295</COLOR>
			<INTENSITY>0.6000000</INTENSITY>
			<ATTENUATIONSTART>367.3392639</ATTENUATIONSTART>
			<ATTENUATIONEND>1108.6724854</ATTENUATIONEND>
			<CASTSHADOW/>
		</LIGHT>
		<LIGHT name="obj_Omni456">
			<POSITION>-1011.7982178 1425.5527344 292.2794189</POSITION>
			<COLOR>0.9725491 0.9254903 0.8235295</COLOR>
			<INTENSITY>0.6000000</INTENSITY>
			<ATTENUATIONSTART>367.3392639</ATTENUATIONSTART>
			<ATTENUATIONEND>1108.6724854</ATTENUATIONEND>
			<CASTSHADOW/>
		</LIGHT>
		<LIGHT name="obj_Omni457">
			<POSITION>-727.7953491 1610.5600586 292.2794189</POSITION>
			<COLOR>0.9725491 0.9254903 0.8235295</COLOR>
			<INTENSITY>0.6000000</INTENSITY>
			<ATTENUATIONSTART>367.3392639</ATTENUATIONSTART>
			<ATTENUATIONEND>1108.6724854</ATTENUATIONEND>
			<CASTSHADOW/>
		</LIGHT>
		<LIGHT name="obj_Omni458">
			<POSITION>1760.8217773 185.9960327 292.2794189</POSITION>
			<COLOR>0.9725491 0.9254903 0.8235295</COLOR>
			<INTENSITY>0.6000000</INTENSITY>
			<ATTENUATIONSTART>367.3392639</ATTENUATIONSTART>
			<ATTENUATIONEND>1108.6724854</ATTENUATIONEND>
			<CASTSHADOW/>
		</LIGHT>
		<LIGHT name="obj_Omni459">
			<POSITION>1780.7597656 -213.9355164 292.2794189</POSITION>
			<COLOR>0.9725491 0.9254903 0.8235295</COLOR>
			<INTENSITY>0.6000000</INTENSITY>
			<ATTENUATIONSTART>367.3392639</ATTENUATIONSTART>
			<ATTENUATIONEND>1108.6724854</ATTENUATIONEND>
			<CASTSHADOW/>
		</LIGHT>
		<LIGHT name="obj_Omni460">
			<POSITION>1105.5943604 -1440.9125977 292.2794189</POSITION>
			<COLOR>0.9725491 0.9254903 0.8235295</COLOR>
			<INTENSITY>0.6000000</INTENSITY>
			<ATTENUATIONSTART>367.3392639</ATTENUATIONSTART>
			<ATTENUATIONEND>1108.6724854</ATTENUATIONEND>
			<CASTSHADOW/>
		</LIGHT>
		<LIGHT name="obj_Omni461">
			<POSITION>687.8373413 -1669.7170410 292.2794189</POSITION>
			<COLOR>0.9725491 0.9254903 0.8235295</COLOR>
			<INTENSITY>0.6000000</INTENSITY>
			<ATTENUATIONSTART>367.3392639</ATTENUATIONSTART>
			<ATTENUATIONEND>1108.6724854</ATTENUATIONEND>
			<CASTSHADOW/>
		</LIGHT>
		<LIGHT name="obj_Omni462">
			<POSITION>4.3320580 1796.5744629 358.1735840</POSITION>
			<COLOR>0.9215687 0.9450981 0.8235295</COLOR>
			<INTENSITY>0.8000000</INTENSITY>
			<ATTENUATIONSTART>273.2722473</ATTENUATIONSTART>
			<ATTENUATIONEND>916.2582397</ATTENUATIONEND>
			<CASTSHADOW/>
		</LIGHT>
		<LIGHT name="obj_Omni463">
			<POSITION>-17.4833984 -1784.3645020 358.1735840</POSITION>
			<COLOR>0.9215687 0.9450981 0.8235295</COLOR>
			<INTENSITY>0.8000000</INTENSITY>
			<ATTENUATIONSTART>273.2722473</ATTENUATIONSTART>
			<ATTENUATIONEND>916.2582397</ATTENUATIONEND>
			<CASTSHADOW/>
		</LIGHT>
		<LIGHT name="obj_Omni464">
			<POSITION>1532.2475586 -937.9152832 358.1735840</POSITION>
			<COLOR>0.9215687 0.9450981 0.8235295</COLOR>
			<INTENSITY>0.8000000</INTENSITY>
			<ATTENUATIONSTART>273.2722473</ATTENUATIONSTART>
			<ATTENUATIONEND>916.2582397</ATTENUATIONEND>
			<CASTSHADOW/>
		</LIGHT>
		<LIGHT name="obj_Omni465">
			<POSITION>1571.1893311 902.1075439 358.1735840</POSITION>
			<COLOR>0.9215687 0.9450981 0.8235295</COLOR>
			<INTENSITY>0.8000000</INTENSITY>
			<ATTENUATIONSTART>273.2722473</ATTENUATIONSTART>
			<ATTENUATIONEND>916.2582397</ATTENUATIONEND>
			<CASTSHADOW/>
		</LIGHT>
		<LIGHT name="obj_Omni466">
			<POSITION>0.0000000 0.0000298 15.8837891</POSITION>
			<COLOR>0.9725491 0.9254903 0.8235295</COLOR>
			<INTENSITY>1.0000000</INTENSITY>
			<ATTENUATIONSTART>367.3392639</ATTENUATIONSTART>
			<ATTENUATIONEND>1108.6724854</ATTENUATIONEND>
		</LIGHT>
		<LIGHT name="obj_Omni467">
			<POSITION>-1765.6608887 -233.1910095 292.2794189</POSITION>
			<COLOR>0.9725491 0.9254903 0.8235295</COLOR>
			<INTENSITY>0.6000000</INTENSITY>
			<ATTENUATIONSTART>367.3392639</ATTENUATIONSTART>
			<ATTENUATIONEND>1108.6724854</ATTENUATIONEND>
			<CASTSHADOW/>
		</LIGHT>
		<LIGHT name="obj_Omni468">
			<POSITION>-1745.1767578 180.1729431 292.2794189</POSITION>
			<COLOR>0.9725491 0.9254903 0.8235295</COLOR>
			<INTENSITY>0.6000000</INTENSITY>
			<ATTENUATIONSTART>367.3392639</ATTENUATIONSTART>
			<ATTENUATIONEND>1108.6724854</ATTENUATIONEND>
			<CASTSHADOW/>
		</LIGHT>
		<LIGHT name="obj_Omni469">
			<POSITION>-1591.7132568 959.6431885 358.1735840</POSITION>
			<COLOR>0.9215687 0.9450981 0.8235295</COLOR>
			<INTENSITY>0.8000000</INTENSITY>
			<ATTENUATIONSTART>273.2722473</ATTENUATIONSTART>
			<ATTENUATIONEND>916.2582397</ATTENUATIONEND>
			<CASTSHADOW/>
		</LIGHT>
		<LIGHT name="obj_Omni470">
			<POSITION>-1565.7457275 -890.8152466 358.1735840</POSITION>
			<COLOR>0.9215687 0.9450981 0.8235295</COLOR>
			<INTENSITY>0.8000000</INTENSITY>
			<ATTENUATIONSTART>273.2722473</ATTENUATIONSTART>
			<ATTENUATIONEND>916.2582397</ATTENUATIONEND>
			<CASTSHADOW/>
		</LIGHT>
		<LIGHT name="obj_Omni471">
			<POSITION>0.0000000 0.0000298 15.8837891</POSITION>
			<COLOR>0.9725491 0.9254903 0.8235295</COLOR>
			<INTENSITY>1.0000000</INTENSITY>
			<ATTENUATIONSTART>367.3392639</ATTENUATIONSTART>
			<ATTENUATIONEND>1108.6724854</ATTENUATIONEND>
		</LIGHT>
		<LIGHT name="obj_Omni472">
			<POSITION>526.7875366 -904.7935791 490.0731201</POSITION>
			<COLOR>0.9215687 0.9450981 0.8235295</COLOR>
			<INTENSITY>0.5000000</INTENSITY>
			<ATTENUATIONSTART>146.1348877</ATTENUATIONSTART>
			<ATTENUATIONEND>421.4787903</ATTENUATIONEND>
		</LIGHT>
		<LIGHT name="obj_Omni473">
			<POSITION>-517.5160522 -867.0396729 490.0731201</POSITION>
			<COLOR>0.9215687 0.9450981 0.8235295</COLOR>
			<INTENSITY>0.5000000</INTENSITY>
			<ATTENUATIONSTART>146.1348877</ATTENUATIONSTART>
			<ATTENUATIONEND>421.4787903</ATTENUATIONEND>
		</LIGHT>
		<LIGHT name="obj_Omni474">
			<POSITION>-976.8271484 -24.6230774 490.0731201</POSITION>
			<COLOR>0.9215687 0.9450981 0.8235295</COLOR>
			<INTENSITY>0.5000000</INTENSITY>
			<ATTENUATIONSTART>146.1348877</ATTENUATIONSTART>
			<ATTENUATIONEND>421.4787903</ATTENUATIONEND>
		</LIGHT>
		<LIGHT name="obj_Omni475">
			<POSITION>-498.9974060 862.3302002 490.0731201</POSITION>
			<COLOR>0.9215687 0.9450981 0.8235295</COLOR>
			<INTENSITY>0.5000000</INTENSITY>
			<ATTENUATIONSTART>146.1348877</ATTENUATIONSTART>
			<ATTENUATIONEND>421.4787903</ATTENUATIONEND>
		</LIGHT>
		<LIGHT name="obj_Omni476">
			<POSITION>526.3562012 903.6067505 490.0731201</POSITION>
			<COLOR>0.9215687 0.9450981 0.8235295</COLOR>
			<INTENSITY>0.5000000</INTENSITY>
			<ATTENUATIONSTART>146.1348877</ATTENUATIONSTART>
			<ATTENUATIONEND>421.4787903</ATTENUATIONEND>
		</LIGHT>
		<LIGHT name="obj_Omni477">
			<POSITION>1059.0858154 -53.4412231 490.0731201</POSITION>
			<COLOR>0.9215687 0.9450981 0.8235295</COLOR>
			<INTENSITY>0.5000000</INTENSITY>
			<ATTENUATIONSTART>146.1348877</ATTENUATIONSTART>
			<ATTENUATIONEND>421.4787903</ATTENUATIONEND>
		</LIGHT>
	</LIGHTLIST>
	<OBJECTLIST>
	</OBJECTLIST>
	<DUMMYLIST>
		<DUMMY name="spawn_npc_2">
			<POSITION>938.0780029 1471.4088135 50.0000000</POSITION>
			<DIRECTION>-0.4999999 -0.8660253 0.0000000</DIRECTION>
		</DUMMY>
		<DUMMY name="spawn_npc_2">
			<POSITION>799.3292847 1547.5126953 50.0000000</POSITION>
			<DIRECTION>-0.4999999 -0.8660253 0.0000000</DIRECTION>
		</DUMMY>
		<DUMMY name="spawn_npc_2">
			<POSITION>-793.5540161 1547.5126953 50.0000000</POSITION>
			<DIRECTION>0.5000001 -0.8660253 0.0000000</DIRECTION>
		</DUMMY>
		<DUMMY name="spawn_npc_2">
			<POSITION>-939.2545166 1463.8089600 50.0000000</POSITION>
			<DIRECTION>0.5000001 -0.8660253 0.0000000</DIRECTION>
		</DUMMY>
		<DUMMY name="spawn_npc_1">
			<POSITION>90.9840088 1916.3161621 50.0000000</POSITION>
			<DIRECTION>-0.0000002 -0.9999999 0.0000000</DIRECTION>
		</DUMMY>
		<DUMMY name="spawn_npc_1">
			<POSITION>-89.0763855 1916.3161621 50.0000000</POSITION>
			<DIRECTION>-0.0000002 -0.9999999 0.0000000</DIRECTION>
		</DUMMY>
		<DUMMY name="spawn_solo_103">
			<POSITION>0.0000000 200.0000000 150.0000000</POSITION>
			<DIRECTION>0.0000000 0.9999999 0.0000000</DIRECTION>
		</DUMMY>
		<DUMMY name="spawn_solo_101">
			<POSITION>-173.2050781 -100.0000305 150.0000000</POSITION>
			<DIRECTION>-0.8660252 -0.5000000 0.0000000</DIRECTION>
		</DUMMY>
		<DUMMY name="spawn_npc_1">
			<POSITION>-1739.8500977 -81.5170898 50.0000000</POSITION>
			<DIRECTION>0.9999999 0.0000001 0.0000000</DIRECTION>
		</DUMMY>
		<DUMMY name="spawn_npc_1">
			<POSITION>-1743.3165283 76.6947021 50.0000000</POSITION>
			<DIRECTION>0.9999999 0.0000001 0.0000000</DIRECTION>
		</DUMMY>
		<DUMMY name="spawn_npc_3">
			<POSITION>-1705.0705566 -879.3640137 50.0000000</POSITION>
			<DIRECTION>0.8660254 0.4999999 0.0000000</DIRECTION>
		</DUMMY>
		<DUMMY name="spawn_npc_3">
			<POSITION>-1615.0402832 -1035.3007813 50.0000000</POSITION>
			<DIRECTION>0.8660254 0.4999999 0.0000000</DIRECTION>
		</DUMMY>
		<DUMMY name="spawn_npc_3">
			<POSITION>-943.4082031 -1460.9943848 50.0000000</POSITION>
			<DIRECTION>0.4999999 0.8660254 0.0000000</DIRECTION>
		</DUMMY>
		<DUMMY name="spawn_npc_3">
			<POSITION>-798.0682983 -1545.3228760 50.0000000</POSITION>
			<DIRECTION>0.4999999 0.8660254 0.0000000</DIRECTION>
		</DUMMY>
		<DUMMY name="spawn_solo_102">
			<POSITION>173.2051392 -99.9999695 150.0000000</POSITION>
			<DIRECTION>0.8660254 -0.4999999 0.0000000</DIRECTION>
		</DUMMY>
		<DUMMY name="spawn_npc_2">
			<POSITION>940.5209961 -1465.9958496 50.0000000</POSITION>
			<DIRECTION>-0.5000001 0.8660253 0.0000000</DIRECTION>
		</DUMMY>
		<DUMMY name="spawn_npc_2">
			<POSITION>805.2388916 -1548.1037598 50.0000000</POSITION>
			<DIRECTION>-0.5000001 0.8660253 0.0000000</DIRECTION>
		</DUMMY>
		<DUMMY name="spawn_npc_1">
			<POSITION>1614.0871582 -1036.9522705 50.0000000</POSITION>
			<DIRECTION>-0.8660253 0.5000000 0.0000000</DIRECTION>
		</DUMMY>
		<DUMMY name="spawn_npc_1">
			<POSITION>1704.1169434 -881.0153809 50.0000000</POSITION>
			<DIRECTION>-0.8660253 0.5000000 0.0000000</DIRECTION>
		</DUMMY>
		<DUMMY name="spawn_npc_3">
			<POSITION>1736.9624023 -86.5180664 50.0000000</POSITION>
			<DIRECTION>-0.9999999 -0.0000001 0.0000000</DIRECTION>
		</DUMMY>
		<DUMMY name="spawn_npc_3">
			<POSITION>1737.3229980 81.5142822 50.0000000</POSITION>
			<DIRECTION>-0.9999999 -0.0000001 0.0000000</DIRECTION>
		</DUMMY>
		<DUMMY name="obj_light001">
			<POSITION>7.5494385 -0.0000698 3067.6318359</POSITION>
			<DIRECTION>0.0000000 0.9999999 0.0000000</DIRECTION>
		</DUMMY>
	</DUMMYLIST>
	<OCCLUSIONLIST>
	</OCCLUSIONLIST>
	<FOG min="0" max="6000">
		<R>95</R>
		<G>115</G>
		<B>122</B>
	</FOG>
	<AMBIENTSOUNDLIST>
	</AMBIENTSOUNDLIST>
	<GLOBAL>
		<fog_enable>TRUE</fog_enable>
		<fog_min>0</fog_min>
		<fog_max>6000</fog_max>
		<fog_color>95,115,122</fog_color>
	</GLOBAL>
</XML>
