<?xml version="1.0" encoding="UTF-8"?>
<XML>
	<GAMETYPE id="solo">
		<SPAWN item="bullet02" timesec="35000">
			<POSITION>-982.4000000 226.6000000 0.1000000</POSITION>
		</SPAWN>
		<SPAWN item="bullet02" timesec="35000">
			<POSITION>1124.1000000 -608.4000000 0.3000000</POSITION>
		</SPAWN>
		<SPAWN item="ap01" timesec="35000">
			<POSITION>1061.9000000 2477.2000000 246.6000000</POSITION>
		</SPAWN>
		<SPAWN item="ap02" timesec="35000">
			<POSITION>775.7000000 -2082.6000000 480.5000000</POSITION>
		</SPAWN>
		<SPAWN item="hp01" timesec="35000">
			<POSITION>-955.2000000 201.6000000 384.5000000</POSITION>
		</SPAWN>
		<SPAWN item="hp02" timesec="35000">
			<POSITION>-4.9000000 5051.6000000 0.1000000</POSITION>
		</SPAWN>
		<SPAWN item="hp03" timesec="35000">
			<POSITION>854.0000000 -4708.4000000 0.9000000</POSITION>
		</SPAWN>
	</GAMETYPE>

	<GAMETYPE id="team">
		<SPAWN item="bullet02" timesec="35000">
			<POSITION>-982.4000000 226.6000000 0.1000000</POSITION>
		</SPAWN>
		<SPAWN item="bullet02" timesec="35000">
			<POSITION>1124.1000000 -608.4000000 0.3000000</POSITION>
		</SPAWN>
		<SPAWN item="ap01" timesec="35000">
			<POSITION>1061.9000000 2477.2000000 246.6000000</POSITION>
		</SPAWN>
		<SPAWN item="ap02" timesec="35000">
			<POSITION>775.7000000 -2082.6000000 480.5000000</POSITION>
		</SPAWN>
		<SPAWN item="hp01" timesec="35000">
			<POSITION>-955.2000000 201.6000000 384.5000000</POSITION>
		</SPAWN>
		<SPAWN item="hp02" timesec="35000">
			<POSITION>-4.9000000 5051.6000000 0.1000000</POSITION>
		</SPAWN>
		<SPAWN item="hp03" timesec="35000">
			<POSITION>854.0000000 -4708.4000000 0.9000000</POSITION>
		</SPAWN>
	</GAMETYPE>
	<OBJECTLIST>
		<OBJECT name="Village_obj_sky_daylight.elu">
		</OBJECT>
	</OBJECTLIST>
	<FOG min="0" max="9000">
		<R>233</R>
		<G>246</G>
		<B>255</B>
	</FOG>
	<GLOBAL>
		<fog_enable>TRUE</fog_enable>
		<fog_min>0</fog_min>
		<fog_max>9000</fog_max>
		<fog_color>233,246,255</fog_color>
	</GLOBAL>
</XML>
