<?xml version="1.0" encoding="UTF-8"?>
<XML>
	<GAMETYPE id="solo">
		<SPAWN item="bullet02" timesec="35000">
			<POSITION>-30.0000000 1089.0000000 40.0000000</POSITION>
		</SPAWN>
		<SPAWN item="bullet02" timesec="35000">
			<POSITION>-30.0000000 -1403.0000000 0.0000000</POSITION>
		</SPAWN>
		<SPAWN item="ap02" timesec="35000">
			<POSITION>-2415.0000000 -1114.0000000 400.0000000</POSITION>
		</SPAWN>
		<SPAWN item="ap02" timesec="35000">
			<POSITION>2289.0000000 -1114.0000000 400.0000000</POSITION>
		</SPAWN>
		<SPAWN item="hp03" timesec="35000">
			<POSITION>-23.0000000 230.0000000 0.0000000</POSITION>
		</SPAWN>
	</GAMETYPE>

	<GAMETYPE id="team">
		<SPAWN item="bullet02" timesec="35000">
			<POSITION>-30.0000000 1089.0000000 40.0000000</POSITION>
		</SPAWN>
		<SPAWN item="bullet02" timesec="35000">
			<POSITION>-30.0000000 -1403.0000000 0.0000000</POSITION>
		</SPAWN>
		<SPAWN item="ap02" timesec="35000">
			<POSITION>-2415.0000000 -1114.0000000 400.0000000</POSITION>
		</SPAWN>
		<SPAWN item="ap02" timesec="35000">
			<POSITION>2289.0000000 -1114.0000000 400.0000000</POSITION>
		</SPAWN>
		<SPAWN item="hp03" timesec="35000">
			<POSITION>-23.0000000 230.0000000 0.0000000</POSITION>
		</SPAWN>
	</GAMETYPE>
</XML>
