<?xml version="1.0"?>
<XML>
	<MATERIALLIST>
		<MATERIAL name="material_0">
			<DIFFUSE>1.0000000 1.0000000 1.0000000</DIFFUSE>
			<AMBIENT>0.5500000 0.5500000 0.5500000</AMBIENT>
			<SPECULAR>0.9000000 0.9000000 0.9000000</SPECULAR>
			<DIFFUSEMAP>awp_summer_material_0.bmp</DIFFUSEMAP>
		</MATERIAL>
		<MATERIAL name="material_1">
			<DIFFUSE>1.0000000 1.0000000 1.0000000</DIFFUSE>
			<AMBIENT>0.5500000 0.5500000 0.5500000</AMBIENT>
			<SPECULAR>0.9000000 0.9000000 0.9000000</SPECULAR>
			<DIFFUSEMAP>awp_summer_material_1.bmp</DIFFUSEMAP>
		</MATERIAL>
		<MATERIAL name="material_2">
			<DIFFUSE>1.0000000 1.0000000 1.0000000</DIFFUSE>
			<AMBIENT>0.5500000 0.5500000 0.5500000</AMBIENT>
			<SPECULAR>0.9000000 0.9000000 0.9000000</SPECULAR>
			<DIFFUSEMAP>awp_summer_material_2.bmp</DIFFUSEMAP>
		</MATERIAL>
		<MATERIAL name="material_3">
			<DIFFUSE>1.0000000 1.0000000 1.0000000</DIFFUSE>
			<AMBIENT>0.5500000 0.5500000 0.5500000</AMBIENT>
			<SPECULAR>0.9000000 0.9000000 0.9000000</SPECULAR>
			<DIFFUSEMAP>awp_summer_material_3.bmp</DIFFUSEMAP>
		</MATERIAL>
		<MATERIAL name="material_4">
			<DIFFUSE>1.0000000 1.0000000 1.0000000</DIFFUSE>
			<AMBIENT>0.5500000 0.5500000 0.5500000</AMBIENT>
			<SPECULAR>0.9000000 0.9000000 0.9000000</SPECULAR>
			<DIFFUSEMAP>awp_summer_material_4.bmp</DIFFUSEMAP>
		</MATERIAL>
		<MATERIAL name="material_5">
			<DIFFUSE>1.0000000 1.0000000 1.0000000</DIFFUSE>
			<AMBIENT>0.5500000 0.5500000 0.5500000</AMBIENT>
			<SPECULAR>0.9000000 0.9000000 0.9000000</SPECULAR>
			<DIFFUSEMAP>awp_summer_material_5.bmp</DIFFUSEMAP>
		</MATERIAL>
		<MATERIAL name="material_6">
			<DIFFUSE>1.0000000 1.0000000 1.0000000</DIFFUSE>
			<AMBIENT>0.5500000 0.5500000 0.5500000</AMBIENT>
			<SPECULAR>0.9000000 0.9000000 0.9000000</SPECULAR>
			<DIFFUSEMAP></DIFFUSEMAP>
		</MATERIAL>
	</MATERIALLIST>
	<LIGHTLIST>
		<LIGHT name="Omni01">
			<POSITION>0.0000044 -100.1824570 3412.2661133</POSITION>
			<COLOR>0.9607844 0.7058824 0.3098039</COLOR>
			<INTENSITY>1.0000000</INTENSITY>
			<ATTENUATIONSTART>1200.0000000</ATTENUATIONSTART>
			<ATTENUATIONEND>4200.0000000</ATTENUATIONEND>
		</LIGHT>
		<LIGHT name="Omni03">
			<POSITION>-0.0001111 2071.2724609 868.8948364</POSITION>
			<COLOR>0.9607844 0.7058824 0.3098039</COLOR>
			<INTENSITY>1.0000000</INTENSITY>
			<ATTENUATIONSTART>852.0000000</ATTENUATIONSTART>
			<ATTENUATIONEND>2527.6799316</ATTENUATIONEND>
		</LIGHT>
		<LIGHT name="Omni02">
			<POSITION>0.0000799 -2298.6894531 868.8946533</POSITION>
			<COLOR>0.9607844 0.7058824 0.3098039</COLOR>
			<INTENSITY>1.0000000</INTENSITY>
			<ATTENUATIONSTART>852.0000000</ATTENUATIONSTART>
			<ATTENUATIONEND>2527.6799316</ATTENUATIONEND>
		</LIGHT>
	</LIGHTLIST>
	<OBJECTLIST>
	</OBJECTLIST>
	<DUMMYLIST>
		<DUMMY name="spawn_team1_101">
			<POSITION>396.3555603 -2860.0747070 509.5859375</POSITION>
			<DIRECTION>0.0000000 1.0000000 0.0000000</DIRECTION>
		</DUMMY>
		<DUMMY name="spawn_team1_102">
			<POSITION>244.3206787 -2860.0747070 509.5859375</POSITION>
			<DIRECTION>0.0000000 1.0000000 0.0000000</DIRECTION>
		</DUMMY>
		<DUMMY name="spawn_team1_103">
			<POSITION>93.4456329 -2860.0747070 509.5859375</POSITION>
			<DIRECTION>0.0000000 1.0000000 0.0000000</DIRECTION>
		</DUMMY>
		<DUMMY name="spawn_team1_104">
			<POSITION>-58.4622192 -2860.0747070 509.5859375</POSITION>
			<DIRECTION>0.0000000 1.0000000 0.0000000</DIRECTION>
		</DUMMY>
		<DUMMY name="spawn_team1_105">
			<POSITION>-281.7492676 -2860.0747070 509.5859375</POSITION>
			<DIRECTION>0.0000000 1.0000000 0.0000000</DIRECTION>
		</DUMMY>
		<DUMMY name="spawn_team1_106">
			<POSITION>-281.7492676 -3019.4523926 509.5859375</POSITION>
			<DIRECTION>0.0000000 1.0000000 0.0000000</DIRECTION>
		</DUMMY>
		<DUMMY name="spawn_team1_107">
			<POSITION>-25.2455139 -3019.4523926 509.5859375</POSITION>
			<DIRECTION>0.0000000 1.0000000 0.0000000</DIRECTION>
		</DUMMY>
		<DUMMY name="spawn_team1_108">
			<POSITION>327.8334351 -3019.4523926 509.5859375</POSITION>
			<DIRECTION>0.0000000 1.0000000 0.0000000</DIRECTION>
		</DUMMY>
		<DUMMY name="spawn_team2_101">
			<POSITION>396.3555603 2780.3732910 509.5859375</POSITION>
			<DIRECTION>0.0000000 1.0000000 0.0000000</DIRECTION>
		</DUMMY>
		<DUMMY name="spawn_team2_102">
			<POSITION>224.4216309 2780.3732910 509.5859375</POSITION>
			<DIRECTION>0.0000000 1.0000000 0.0000000</DIRECTION>
		</DUMMY>
		<DUMMY name="spawn_team2_103">
			<POSITION>25.4649963 2780.3732910 509.5859375</POSITION>
			<DIRECTION>0.0000000 1.0000000 0.0000000</DIRECTION>
		</DUMMY>
		<DUMMY name="spawn_team2_104">
			<POSITION>-170.6920319 2780.3732910 509.5859375</POSITION>
			<DIRECTION>0.0000000 1.0000000 0.0000000</DIRECTION>
		</DUMMY>
		<DUMMY name="spawn_team2_105">
			<POSITION>-349.9566040 2780.3732910 509.5859375</POSITION>
			<DIRECTION>0.0000000 1.0000000 0.0000000</DIRECTION>
		</DUMMY>
		<DUMMY name="spawn_team2_106">
			<POSITION>-349.9566040 3003.2182617 509.5859375</POSITION>
			<DIRECTION>0.0000000 1.0000000 0.0000000</DIRECTION>
		</DUMMY>
		<DUMMY name="spawn_team2_107">
			<POSITION>1.4318237 3003.2182617 509.5859375</POSITION>
			<DIRECTION>0.0000000 1.0000000 0.0000000</DIRECTION>
		</DUMMY>
		<DUMMY name="spawn_team2_108">
			<POSITION>263.5148315 3003.2182617 509.5859375</POSITION>
			<DIRECTION>0.0000000 1.0000000 0.0000000</DIRECTION>
		</DUMMY>
		<DUMMY name="spawn_solo_101">
			<POSITION>396.3555603 1222.0383301 106.8616333</POSITION>
			<DIRECTION>0.0000000 1.0000000 0.0000000</DIRECTION>
		</DUMMY>
		<DUMMY name="spawn_solo_102">
			<POSITION>396.3555603 861.2983398 106.8616333</POSITION>
			<DIRECTION>0.0000000 1.0000000 0.0000000</DIRECTION>
		</DUMMY>
		<DUMMY name="spawn_solo_103">
			<POSITION>1208.0827637 861.2983398 106.8616333</POSITION>
			<DIRECTION>0.0000000 1.0000000 0.0000000</DIRECTION>
		</DUMMY>
		<DUMMY name="spawn_solo_104">
			<POSITION>32.0852051 861.2983398 106.8616333</POSITION>
			<DIRECTION>0.0000000 1.0000000 0.0000000</DIRECTION>
		</DUMMY>
		<DUMMY name="spawn_solo_105">
			<POSITION>-387.8984985 1175.0047607 106.8616333</POSITION>
			<DIRECTION>0.0000000 1.0000000 0.0000000</DIRECTION>
		</DUMMY>
		<DUMMY name="spawn_solo_106">
			<POSITION>-387.8984985 -909.0408325 106.8616333</POSITION>
			<DIRECTION>0.0000000 1.0000000 0.0000000</DIRECTION>
		</DUMMY>
		<DUMMY name="spawn_solo_107">
			<POSITION>73.4915771 -909.0408325 106.8616333</POSITION>
			<DIRECTION>0.0000000 1.0000000 0.0000000</DIRECTION>
		</DUMMY>
		<DUMMY name="spawn_solo_108">
			<POSITION>73.4915771 -1110.7823486 106.8616333</POSITION>
			<DIRECTION>0.0000000 1.0000000 0.0000000</DIRECTION>
		</DUMMY>
		<DUMMY name="spawn_solo_109">
			<POSITION>-399.6918335 -1110.7823486 106.8616333</POSITION>
			<DIRECTION>0.0000000 1.0000000 0.0000000</DIRECTION>
		</DUMMY>
		<DUMMY name="spawn_solo_110">
			<POSITION>-743.4024048 -1110.7823486 106.8616333</POSITION>
			<DIRECTION>0.0000000 1.0000000 0.0000000</DIRECTION>
		</DUMMY>
		<DUMMY name="spawn_solo_111">
			<POSITION>739.3375854 -1110.7823486 106.8616333</POSITION>
			<DIRECTION>0.0000000 1.0000000 0.0000000</DIRECTION>
		</DUMMY>
		<DUMMY name="spawn_solo_112">
			<POSITION>739.3375854 -2340.9306641 -226.0383911</POSITION>
			<DIRECTION>0.0000000 1.0000000 0.0000000</DIRECTION>
		</DUMMY>
		<DUMMY name="spawn_solo_113">
			<POSITION>371.4986572 -2340.9306641 -226.0383911</POSITION>
			<DIRECTION>0.0000000 1.0000000 0.0000000</DIRECTION>
		</DUMMY>
		<DUMMY name="spawn_solo_114">
			<POSITION>-15.1689453 -2340.9306641 -226.0383911</POSITION>
			<DIRECTION>0.0000000 1.0000000 0.0000000</DIRECTION>
		</DUMMY>
		<DUMMY name="spawn_solo_115">
			<POSITION>-800.8244629 -2340.9306641 -226.0383911</POSITION>
			<DIRECTION>0.0000000 1.0000000 0.0000000</DIRECTION>
		</DUMMY>
		<DUMMY name="spawn_solo_116">
			<POSITION>-20.7434082 -2752.0424805 -275.9061890</POSITION>
			<DIRECTION>0.0000000 1.0000000 0.0000000</DIRECTION>
		</DUMMY>
	</DUMMYLIST>
	<OCCLUSIONLIST>
	</OCCLUSIONLIST>
	<AMBIENTSOUNDLIST>
	</AMBIENTSOUNDLIST>
</XML>
