<?xml version="1.0" encoding="UTF-8"?>
<XML>
	<GAMETYPE id="solo">
		
		<SPAWN item="ap03" timesec="45000">
			<POSITION>73.4915771 -909.0408325 106.8616333</POSITION>
		</SPAWN>
		<SPAWN item="hp03" timesec="45000">
			<POSITION>73.4915771 -1110.7823486 106.8616333</POSITION>
		</SPAWN>
		<SPAWN item="hp03" timesec="45000">
			<POSITION>-399.6918335 -1110.7823486 106.8616333</POSITION>
		</SPAWN>
		<SPAWN item="ap03" timesec="45000">
			<POSITION>-743.4024048 -1110.7823486 106.8616333</POSITION>
		</SPAWN>
		
		
		<SPAWN item="bullet02" timesec="5000">
			<POSITION>73.4915771 -909.0408325 106.8616333</POSITION>
		</SPAWN>
		<SPAWN item="bullet02" timesec="5000">
			<POSITION>73.4915771 -1110.7823486 106.8616333</POSITION>
		</SPAWN>
		<SPAWN item="bullet02" timesec="5000">
			<POSITION>-399.6918335 -1110.7823486 106.8616333</POSITION>
		</SPAWN>
		<SPAWN item="bullet02" timesec="5000">
			<POSITION>-387.8984985 -909.0408325 106.8616333</POSITION>
		</SPAWN>
		
</GAMETYPE><GAMETYPE id="team">
		<SPAWN item="ap03" timesec="45000">
			<POSITION>73.4915771 -909.0408325 106.8616333</POSITION>
		</SPAWN>
		<SPAWN item="hp03" timesec="45000">
			<POSITION>73.4915771 -1110.7823486 106.8616333</POSITION>
		</SPAWN>
		<SPAWN item="hp03" timesec="45000">
			<POSITION>-399.6918335 -1110.7823486 106.8616333</POSITION>
		</SPAWN>
		<SPAWN item="ap03" timesec="45000">
			<POSITION>-743.4024048 -1110.7823486 106.8616333</POSITION>
		</SPAWN>
		
		
		<SPAWN item="bullet02" timesec="5000">
			<POSITION>73.4915771 -909.0408325 106.8616333</POSITION>
		</SPAWN>
		<SPAWN item="bullet02" timesec="5000">
			<POSITION>73.4915771 -1110.7823486 106.8616333</POSITION>
		</SPAWN>
		<SPAWN item="bullet02" timesec="5000">
			<POSITION>-399.6918335 -1110.7823486 106.8616333</POSITION>
		</SPAWN>
		<SPAWN item="bullet02" timesec="5000">
			<POSITION>-387.8984985 -909.0408325 106.8616333</POSITION>
		</SPAWN>
</GAMETYPE>
</XML>
