<?xml version="1.0" encoding="UTF-8"?>
<XML>
	<MATERIALLIST>
		<MATERIAL name="mansion_gzd_map_Mansion_floor06.bmp">
			<DIFFUSE>1.00000000 1.00000000 1.00000000</DIFFUSE>
			<AMBIENT>1.00000000 1.00000000 1.00000000</AMBIENT>
			<SPECULAR>1.00000000 1.00000000 1.00000000</SPECULAR>
			<DIFFUSEMAP>mansion/gzd_map_Mansion_floor06.bmp</DIFFUSEMAP>
		</MATERIAL>
		<MATERIAL name="garden_gzd_map_Garden_wall03.bmp">
			<DIFFUSE>1.00000000 1.00000000 1.00000000</DIFFUSE>
			<AMBIENT>1.00000000 1.00000000 1.00000000</AMBIENT>
			<SPECULAR>1.00000000 1.00000000 1.00000000</SPECULAR>
			<DIFFUSEMAP>garden/gzd_map_Garden_wall03.bmp</DIFFUSEMAP>
		</MATERIAL>
		<MATERIAL name="mansion_gzd_map_Mansion_floor01.bmp">
			<DIFFUSE>1.00000000 1.00000000 1.00000000</DIFFUSE>
			<AMBIENT>1.00000000 1.00000000 1.00000000</AMBIENT>
			<SPECULAR>1.00000000 1.00000000 1.00000000</SPECULAR>
			<DIFFUSEMAP>mansion/gzd_map_Mansion_floor01.bmp</DIFFUSEMAP>
		</MATERIAL>
		<MATERIAL name="mansion_gzd_map_Mansion_floor03.bmp">
			<DIFFUSE>1.00000000 1.00000000 1.00000000</DIFFUSE>
			<AMBIENT>1.00000000 1.00000000 1.00000000</AMBIENT>
			<SPECULAR>1.00000000 1.00000000 1.00000000</SPECULAR>
			<DIFFUSEMAP>mansion/gzd_map_Mansion_floor03.bmp</DIFFUSEMAP>
		</MATERIAL>
		<MATERIAL name="mansion_gzd_map_Mansion_floor07.bmp">
			<DIFFUSE>1.00000000 1.00000000 1.00000000</DIFFUSE>
			<AMBIENT>1.00000000 1.00000000 1.00000000</AMBIENT>
			<SPECULAR>1.00000000 1.00000000 1.00000000</SPECULAR>
			<DIFFUSEMAP>mansion/gzd_map_Mansion_floor07.bmp</DIFFUSEMAP>
		</MATERIAL>
		<MATERIAL name="mansion_gzd_map_Mansion_ceiling01.bmp">
			<DIFFUSE>1.00000000 1.00000000 1.00000000</DIFFUSE>
			<AMBIENT>1.00000000 1.00000000 1.00000000</AMBIENT>
			<SPECULAR>1.00000000 1.00000000 1.00000000</SPECULAR>
			<DIFFUSEMAP>mansion/gzd_map_Mansion_ceiling01.bmp</DIFFUSEMAP>
		</MATERIAL>
		<MATERIAL name="mansion_gzd_map_Mansion_floor05.bmp">
			<DIFFUSE>1.00000000 1.00000000 1.00000000</DIFFUSE>
			<AMBIENT>1.00000000 1.00000000 1.00000000</AMBIENT>
			<SPECULAR>1.00000000 1.00000000 1.00000000</SPECULAR>
			<DIFFUSEMAP>mansion/gzd_map_Mansion_floor05.bmp</DIFFUSEMAP>
		</MATERIAL>
		<MATERIAL name="mansion_gzd_map_Mansion_ornament03.bmp">
			<DIFFUSE>1.00000000 1.00000000 1.00000000</DIFFUSE>
			<AMBIENT>1.00000000 1.00000000 1.00000000</AMBIENT>
			<SPECULAR>1.00000000 1.00000000 1.00000000</SPECULAR>
			<DIFFUSEMAP>mansion/gzd_map_Mansion_ornament03.bmp</DIFFUSEMAP>
		</MATERIAL>
		<MATERIAL name="mansion_gzd_map_Mansion_wall01.bmp">
			<DIFFUSE>1.00000000 1.00000000 1.00000000</DIFFUSE>
			<AMBIENT>1.00000000 1.00000000 1.00000000</AMBIENT>
			<SPECULAR>1.00000000 1.00000000 1.00000000</SPECULAR>
			<DIFFUSEMAP>mansion/gzd_map_Mansion_wall01.bmp</DIFFUSEMAP>
		</MATERIAL>
		<MATERIAL name="mansion_gzd_map_Mansion_post01.bmp">
			<DIFFUSE>1.00000000 1.00000000 1.00000000</DIFFUSE>
			<AMBIENT>1.00000000 1.00000000 1.00000000</AMBIENT>
			<SPECULAR>1.00000000 1.00000000 1.00000000</SPECULAR>
			<DIFFUSEMAP>mansion/gzd_map_Mansion_post01.bmp</DIFFUSEMAP>
		</MATERIAL>
		<MATERIAL name="High_Haven_gzd_map_Haven_wall08.bmp">
			<DIFFUSE>1.00000000 1.00000000 1.00000000</DIFFUSE>
			<AMBIENT>1.00000000 1.00000000 1.00000000</AMBIENT>
			<SPECULAR>1.00000000 1.00000000 1.00000000</SPECULAR>
			<DIFFUSEMAP>High_Haven/gzd_map_Haven_wall08.bmp</DIFFUSEMAP>
		</MATERIAL>
		<MATERIAL name="mansion_gzd_map_Mansion_post02.bmp">
			<DIFFUSE>1.00000000 1.00000000 1.00000000</DIFFUSE>
			<AMBIENT>1.00000000 1.00000000 1.00000000</AMBIENT>
			<SPECULAR>1.00000000 1.00000000 1.00000000</SPECULAR>
			<DIFFUSEMAP>mansion/gzd_map_Mansion_post02.bmp</DIFFUSEMAP>
		</MATERIAL>
		<MATERIAL name="mansion_gzd_map_Mansion_library01.bmp">
			<DIFFUSE>1.00000000 1.00000000 1.00000000</DIFFUSE>
			<AMBIENT>1.00000000 1.00000000 1.00000000</AMBIENT>
			<SPECULAR>1.00000000 1.00000000 1.00000000</SPECULAR>
			<DIFFUSEMAP>mansion/gzd_map_Mansion_library01.bmp</DIFFUSEMAP>
		</MATERIAL>
		<MATERIAL name="mansion_gzd_map_Mansion_carpet02.bmp">
			<DIFFUSE>1.00000000 1.00000000 1.00000000</DIFFUSE>
			<AMBIENT>1.00000000 1.00000000 1.00000000</AMBIENT>
			<SPECULAR>1.00000000 1.00000000 1.00000000</SPECULAR>
			<DIFFUSEMAP>mansion/gzd_map_Mansion_carpet02.bmp</DIFFUSEMAP>
		</MATERIAL>
		<MATERIAL name="mansion_gzd_map_Mansion_wood02.bmp">
			<DIFFUSE>1.00000000 1.00000000 1.00000000</DIFFUSE>
			<AMBIENT>1.00000000 1.00000000 1.00000000</AMBIENT>
			<SPECULAR>1.00000000 1.00000000 1.00000000</SPECULAR>
			<DIFFUSEMAP>mansion/gzd_map_Mansion_wood02.bmp</DIFFUSEMAP>
		</MATERIAL>
		<MATERIAL name="mansion_gzd_map_Mansion_library02.bmp">
			<DIFFUSE>1.00000000 1.00000000 1.00000000</DIFFUSE>
			<AMBIENT>1.00000000 1.00000000 1.00000000</AMBIENT>
			<SPECULAR>1.00000000 1.00000000 1.00000000</SPECULAR>
			<DIFFUSEMAP>mansion/gzd_map_Mansion_library02.bmp</DIFFUSEMAP>
		</MATERIAL>
		<MATERIAL name="mansion_gzd_map_Mansion_floor04.bmp">
			<DIFFUSE>1.00000000 1.00000000 1.00000000</DIFFUSE>
			<AMBIENT>1.00000000 1.00000000 1.00000000</AMBIENT>
			<SPECULAR>1.00000000 1.00000000 1.00000000</SPECULAR>
			<DIFFUSEMAP>mansion/gzd_map_Mansion_floor04.bmp</DIFFUSEMAP>
		</MATERIAL>
		<MATERIAL name="mansion_gzd_map_Mansion_carpet03.bmp">
			<DIFFUSE>1.00000000 1.00000000 1.00000000</DIFFUSE>
			<AMBIENT>1.00000000 1.00000000 1.00000000</AMBIENT>
			<SPECULAR>1.00000000 1.00000000 1.00000000</SPECULAR>
			<DIFFUSEMAP>mansion/gzd_map_Mansion_carpet03.bmp</DIFFUSEMAP>
		</MATERIAL>
		<MATERIAL name="mansion_gzd_map_Mansion_floor08.bmp">
			<DIFFUSE>1.00000000 1.00000000 1.00000000</DIFFUSE>
			<AMBIENT>1.00000000 1.00000000 1.00000000</AMBIENT>
			<SPECULAR>1.00000000 1.00000000 1.00000000</SPECULAR>
			<DIFFUSEMAP>mansion/gzd_map_Mansion_floor08.bmp</DIFFUSEMAP>
		</MATERIAL>
		<MATERIAL name="Mansion1_table">
			<DIFFUSE>1.00000000 1.00000000 1.00000000</DIFFUSE>
			<AMBIENT>1.00000000 1.00000000 1.00000000</AMBIENT>
			<SPECULAR>1.00000000 1.00000000 1.00000000</SPECULAR>
			<DIFFUSEMAP>Mansion1/table.jpg</DIFFUSEMAP>
		</MATERIAL>
		<MATERIAL name="mansion_gzd_map_Mansion_table01.bmp">
			<DIFFUSE>1.00000000 1.00000000 1.00000000</DIFFUSE>
			<AMBIENT>1.00000000 1.00000000 1.00000000</AMBIENT>
			<SPECULAR>1.00000000 1.00000000 1.00000000</SPECULAR>
			<DIFFUSEMAP>mansion/gzd_map_Mansion_table01.bmp</DIFFUSEMAP>
		</MATERIAL>
		<MATERIAL name="mansion_gzd_map_Mansion_furni01.bmp">
			<DIFFUSE>1.00000000 1.00000000 1.00000000</DIFFUSE>
			<AMBIENT>1.00000000 1.00000000 1.00000000</AMBIENT>
			<SPECULAR>1.00000000 1.00000000 1.00000000</SPECULAR>
			<DIFFUSEMAP>mansion/gzd_map_Mansion_furni01.bmp</DIFFUSEMAP>
		</MATERIAL>
		<MATERIAL name="mansion_gzd_map_Mansion_wood01.bmp">
			<DIFFUSE>1.00000000 1.00000000 1.00000000</DIFFUSE>
			<AMBIENT>1.00000000 1.00000000 1.00000000</AMBIENT>
			<SPECULAR>1.00000000 1.00000000 1.00000000</SPECULAR>
			<DIFFUSEMAP>mansion/gzd_map_Mansion_wood01.bmp</DIFFUSEMAP>
		</MATERIAL>
		<MATERIAL name="chocobo_v3_chocobov3_wood">
			<DIFFUSE>1.00000000 1.00000000 1.00000000</DIFFUSE>
			<AMBIENT>1.00000000 1.00000000 1.00000000</AMBIENT>
			<SPECULAR>1.00000000 1.00000000 1.00000000</SPECULAR>
			<DIFFUSEMAP>null</DIFFUSEMAP>
		</MATERIAL>
		<MATERIAL name="chocobo_v3_chocobov3_void">
			<DIFFUSE>1.00000000 1.00000000 1.00000000</DIFFUSE>
			<AMBIENT>1.00000000 1.00000000 1.00000000</AMBIENT>
			<SPECULAR>1.00000000 1.00000000 1.00000000</SPECULAR>
			<DIFFUSEMAP>null</DIFFUSEMAP>
		</MATERIAL>
		<MATERIAL name="mansion_gzd_map_Mansion_chair01.bmp">
			<DIFFUSE>1.00000000 1.00000000 1.00000000</DIFFUSE>
			<AMBIENT>1.00000000 1.00000000 1.00000000</AMBIENT>
			<SPECULAR>1.00000000 1.00000000 1.00000000</SPECULAR>
			<DIFFUSEMAP>mansion/gzd_map_Mansion_chair01.bmp</DIFFUSEMAP>
		</MATERIAL>
	</MATERIALLIST>
	<LIGHTLIST>
		<LIGHT name="Omni01">
			<POSITION>941.3914795 2689.8935547 1159.9764404</POSITION>
			<COLOR>1.0000000 0.8549020 0.6705883</COLOR>
			<INTENSITY>1.0000000</INTENSITY>
			<ATTENUATIONSTART>80.0000000</ATTENUATIONSTART>
			<ATTENUATIONEND>200.0000000</ATTENUATIONEND>
			<CASTSHADOW/>
		</LIGHT>
		<LIGHT name="Omni02">
			<POSITION>941.3914795 2689.8935547 476.5292969</POSITION>
			<COLOR>1.0000000 0.8549020 0.6705883</COLOR>
			<INTENSITY>1.0000000</INTENSITY>
			<ATTENUATIONSTART>80.0000000</ATTENUATIONSTART>
			<ATTENUATIONEND>200.0000000</ATTENUATIONEND>
			<CASTSHADOW/>
		</LIGHT>
		<LIGHT name="Omni03">
			<POSITION>941.3914795 1920.1217041 476.5292969</POSITION>
			<COLOR>1.0000000 0.8549020 0.6705883</COLOR>
			<INTENSITY>1.0000000</INTENSITY>
			<ATTENUATIONSTART>80.0000000</ATTENUATIONSTART>
			<ATTENUATIONEND>200.0000000</ATTENUATIONEND>
			<CASTSHADOW/>
		</LIGHT>
		<LIGHT name="Omni04">
			<POSITION>941.3914795 1920.1217041 1159.9764404</POSITION>
			<COLOR>1.0000000 0.8549020 0.6705883</COLOR>
			<INTENSITY>1.0000000</INTENSITY>
			<ATTENUATIONSTART>80.0000000</ATTENUATIONSTART>
			<ATTENUATIONEND>200.0000000</ATTENUATIONEND>
			<CASTSHADOW/>
		</LIGHT>
		<LIGHT name="Omni05">
			<POSITION>941.3914795 1154.8951416 476.5292969</POSITION>
			<COLOR>1.0000000 0.8549020 0.6705883</COLOR>
			<INTENSITY>1.0000000</INTENSITY>
			<ATTENUATIONSTART>80.0000000</ATTENUATIONSTART>
			<ATTENUATIONEND>200.0000000</ATTENUATIONEND>
			<CASTSHADOW/>
		</LIGHT>
		<LIGHT name="Omni06">
			<POSITION>941.3914795 1154.8951416 1159.9764404</POSITION>
			<COLOR>1.0000000 0.8549020 0.6705883</COLOR>
			<INTENSITY>1.0000000</INTENSITY>
			<ATTENUATIONSTART>80.0000000</ATTENUATIONSTART>
			<ATTENUATIONEND>200.0000000</ATTENUATIONEND>
			<CASTSHADOW/>
		</LIGHT>
		<LIGHT name="Omni07">
			<POSITION>941.3914795 379.0924683 476.5292969</POSITION>
			<COLOR>1.0000000 0.8549020 0.6705883</COLOR>
			<INTENSITY>1.0000000</INTENSITY>
			<ATTENUATIONSTART>80.0000000</ATTENUATIONSTART>
			<ATTENUATIONEND>200.0000000</ATTENUATIONEND>
			<CASTSHADOW/>
		</LIGHT>
		<LIGHT name="Omni08">
			<POSITION>941.3914795 379.0924683 1159.9764404</POSITION>
			<COLOR>1.0000000 0.8549020 0.6705883</COLOR>
			<INTENSITY>1.0000000</INTENSITY>
			<ATTENUATIONSTART>80.0000000</ATTENUATIONSTART>
			<ATTENUATIONEND>200.0000000</ATTENUATIONEND>
			<CASTSHADOW/>
		</LIGHT>
		<LIGHT name="Omni09">
			<POSITION>941.3914795 -380.9413452 476.5292969</POSITION>
			<COLOR>1.0000000 0.8549020 0.6705883</COLOR>
			<INTENSITY>1.0000000</INTENSITY>
			<ATTENUATIONSTART>80.0000000</ATTENUATIONSTART>
			<ATTENUATIONEND>200.0000000</ATTENUATIONEND>
			<CASTSHADOW/>
		</LIGHT>
		<LIGHT name="Omni10">
			<POSITION>941.3914795 -380.9413452 1159.9764404</POSITION>
			<COLOR>1.0000000 0.8549020 0.6705883</COLOR>
			<INTENSITY>1.0000000</INTENSITY>
			<ATTENUATIONSTART>80.0000000</ATTENUATIONSTART>
			<ATTENUATIONEND>200.0000000</ATTENUATIONEND>
			<CASTSHADOW/>
		</LIGHT>
		<LIGHT name="Omni11">
			<POSITION>941.3914795 -1154.2163086 476.5292969</POSITION>
			<COLOR>1.0000000 0.8549020 0.6705883</COLOR>
			<INTENSITY>1.0000000</INTENSITY>
			<ATTENUATIONSTART>80.0000000</ATTENUATIONSTART>
			<ATTENUATIONEND>200.0000000</ATTENUATIONEND>
			<CASTSHADOW/>
		</LIGHT>
		<LIGHT name="Omni12">
			<POSITION>941.3914795 -1154.2163086 1159.9764404</POSITION>
			<COLOR>1.0000000 0.8549020 0.6705883</COLOR>
			<INTENSITY>1.0000000</INTENSITY>
			<ATTENUATIONSTART>80.0000000</ATTENUATIONSTART>
			<ATTENUATIONEND>200.0000000</ATTENUATIONEND>
			<CASTSHADOW/>
		</LIGHT>
		<LIGHT name="Omni13">
			<POSITION>941.3914795 -1919.3334961 476.5292969</POSITION>
			<COLOR>1.0000000 0.8549020 0.6705883</COLOR>
			<INTENSITY>1.0000000</INTENSITY>
			<ATTENUATIONSTART>80.0000000</ATTENUATIONSTART>
			<ATTENUATIONEND>200.0000000</ATTENUATIONEND>
			<CASTSHADOW/>
		</LIGHT>
		<LIGHT name="Omni14">
			<POSITION>941.3914795 -1919.3334961 1159.9764404</POSITION>
			<COLOR>1.0000000 0.8549020 0.6705883</COLOR>
			<INTENSITY>1.0000000</INTENSITY>
			<ATTENUATIONSTART>80.0000000</ATTENUATIONSTART>
			<ATTENUATIONEND>200.0000000</ATTENUATIONEND>
			<CASTSHADOW/>
		</LIGHT>
		<LIGHT name="Omni15">
			<POSITION>941.3914795 -2689.7844238 476.5292969</POSITION>
			<COLOR>1.0000000 0.8549020 0.6705883</COLOR>
			<INTENSITY>1.0000000</INTENSITY>
			<ATTENUATIONSTART>80.0000000</ATTENUATIONSTART>
			<ATTENUATIONEND>200.0000000</ATTENUATIONEND>
			<CASTSHADOW/>
		</LIGHT>
		<LIGHT name="Omni16">
			<POSITION>941.3914795 -2689.7844238 1159.9764404</POSITION>
			<COLOR>1.0000000 0.8549020 0.6705883</COLOR>
			<INTENSITY>1.0000000</INTENSITY>
			<ATTENUATIONSTART>80.0000000</ATTENUATIONSTART>
			<ATTENUATIONEND>200.0000000</ATTENUATIONEND>
			<CASTSHADOW/>
		</LIGHT>
		<LIGHT name="Omni17">
			<POSITION>-2042.5817871 2689.8935547 1159.9764404</POSITION>
			<COLOR>1.0000000 0.8549020 0.6705883</COLOR>
			<INTENSITY>1.0000000</INTENSITY>
			<ATTENUATIONSTART>80.0000000</ATTENUATIONSTART>
			<ATTENUATIONEND>200.0000000</ATTENUATIONEND>
			<CASTSHADOW/>
		</LIGHT>
		<LIGHT name="Omni18">
			<POSITION>-2042.5817871 2689.8935547 476.5292969</POSITION>
			<COLOR>1.0000000 0.8549020 0.6705883</COLOR>
			<INTENSITY>1.0000000</INTENSITY>
			<ATTENUATIONSTART>80.0000000</ATTENUATIONSTART>
			<ATTENUATIONEND>200.0000000</ATTENUATIONEND>
			<CASTSHADOW/>
		</LIGHT>
		<LIGHT name="Omni19">
			<POSITION>-2042.5817871 1920.1217041 476.5292969</POSITION>
			<COLOR>1.0000000 0.8549020 0.6705883</COLOR>
			<INTENSITY>1.0000000</INTENSITY>
			<ATTENUATIONSTART>80.0000000</ATTENUATIONSTART>
			<ATTENUATIONEND>200.0000000</ATTENUATIONEND>
			<CASTSHADOW/>
		</LIGHT>
		<LIGHT name="Omni20">
			<POSITION>-2042.5817871 1920.1217041 1159.9764404</POSITION>
			<COLOR>1.0000000 0.8549020 0.6705883</COLOR>
			<INTENSITY>1.0000000</INTENSITY>
			<ATTENUATIONSTART>80.0000000</ATTENUATIONSTART>
			<ATTENUATIONEND>200.0000000</ATTENUATIONEND>
			<CASTSHADOW/>
		</LIGHT>
		<LIGHT name="Omni21">
			<POSITION>-2042.5817871 1154.8951416 476.5292969</POSITION>
			<COLOR>1.0000000 0.8549020 0.6705883</COLOR>
			<INTENSITY>1.0000000</INTENSITY>
			<ATTENUATIONSTART>80.0000000</ATTENUATIONSTART>
			<ATTENUATIONEND>200.0000000</ATTENUATIONEND>
			<CASTSHADOW/>
		</LIGHT>
		<LIGHT name="Omni22">
			<POSITION>-2042.5817871 1154.8951416 1159.9764404</POSITION>
			<COLOR>1.0000000 0.8549020 0.6705883</COLOR>
			<INTENSITY>1.0000000</INTENSITY>
			<ATTENUATIONSTART>80.0000000</ATTENUATIONSTART>
			<ATTENUATIONEND>200.0000000</ATTENUATIONEND>
			<CASTSHADOW/>
		</LIGHT>
		<LIGHT name="Omni23">
			<POSITION>-2042.5817871 379.0924683 476.5292969</POSITION>
			<COLOR>1.0000000 0.8549020 0.6705883</COLOR>
			<INTENSITY>1.0000000</INTENSITY>
			<ATTENUATIONSTART>80.0000000</ATTENUATIONSTART>
			<ATTENUATIONEND>200.0000000</ATTENUATIONEND>
			<CASTSHADOW/>
		</LIGHT>
		<LIGHT name="Omni24">
			<POSITION>-2042.5817871 379.0924683 1159.9764404</POSITION>
			<COLOR>1.0000000 0.8549020 0.6705883</COLOR>
			<INTENSITY>1.0000000</INTENSITY>
			<ATTENUATIONSTART>80.0000000</ATTENUATIONSTART>
			<ATTENUATIONEND>200.0000000</ATTENUATIONEND>
			<CASTSHADOW/>
		</LIGHT>
		<LIGHT name="Omni25">
			<POSITION>-2042.5817871 -380.9413452 476.5292969</POSITION>
			<COLOR>1.0000000 0.8549020 0.6705883</COLOR>
			<INTENSITY>1.0000000</INTENSITY>
			<ATTENUATIONSTART>80.0000000</ATTENUATIONSTART>
			<ATTENUATIONEND>200.0000000</ATTENUATIONEND>
			<CASTSHADOW/>
		</LIGHT>
		<LIGHT name="Omni26">
			<POSITION>-2042.5817871 -380.9413452 1159.9764404</POSITION>
			<COLOR>1.0000000 0.8549020 0.6705883</COLOR>
			<INTENSITY>1.0000000</INTENSITY>
			<ATTENUATIONSTART>80.0000000</ATTENUATIONSTART>
			<ATTENUATIONEND>200.0000000</ATTENUATIONEND>
			<CASTSHADOW/>
		</LIGHT>
		<LIGHT name="Omni27">
			<POSITION>-2042.5817871 -1154.2163086 476.5292969</POSITION>
			<COLOR>1.0000000 0.8549020 0.6705883</COLOR>
			<INTENSITY>1.0000000</INTENSITY>
			<ATTENUATIONSTART>80.0000000</ATTENUATIONSTART>
			<ATTENUATIONEND>200.0000000</ATTENUATIONEND>
			<CASTSHADOW/>
		</LIGHT>
		<LIGHT name="Omni28">
			<POSITION>-2042.5817871 -1154.2163086 1159.9764404</POSITION>
			<COLOR>1.0000000 0.8549020 0.6705883</COLOR>
			<INTENSITY>1.0000000</INTENSITY>
			<ATTENUATIONSTART>80.0000000</ATTENUATIONSTART>
			<ATTENUATIONEND>200.0000000</ATTENUATIONEND>
			<CASTSHADOW/>
		</LIGHT>
		<LIGHT name="Omni29">
			<POSITION>-2042.5817871 -1919.3334961 476.5292969</POSITION>
			<COLOR>1.0000000 0.8549020 0.6705883</COLOR>
			<INTENSITY>1.0000000</INTENSITY>
			<ATTENUATIONSTART>80.0000000</ATTENUATIONSTART>
			<ATTENUATIONEND>200.0000000</ATTENUATIONEND>
			<CASTSHADOW/>
		</LIGHT>
		<LIGHT name="Omni30">
			<POSITION>-2042.5817871 -1919.3334961 1159.9764404</POSITION>
			<COLOR>1.0000000 0.8549020 0.6705883</COLOR>
			<INTENSITY>1.0000000</INTENSITY>
			<ATTENUATIONSTART>80.0000000</ATTENUATIONSTART>
			<ATTENUATIONEND>200.0000000</ATTENUATIONEND>
			<CASTSHADOW/>
		</LIGHT>
		<LIGHT name="Omni31">
			<POSITION>-2042.5817871 -2689.7844238 476.5292969</POSITION>
			<COLOR>1.0000000 0.8549020 0.6705883</COLOR>
			<INTENSITY>1.0000000</INTENSITY>
			<ATTENUATIONSTART>80.0000000</ATTENUATIONSTART>
			<ATTENUATIONEND>200.0000000</ATTENUATIONEND>
			<CASTSHADOW/>
		</LIGHT>
		<LIGHT name="Omni32">
			<POSITION>-2042.5817871 -2689.7844238 1159.9764404</POSITION>
			<COLOR>1.0000000 0.8549020 0.6705883</COLOR>
			<INTENSITY>1.0000000</INTENSITY>
			<ATTENUATIONSTART>80.0000000</ATTENUATIONSTART>
			<ATTENUATIONEND>200.0000000</ATTENUATIONEND>
			<CASTSHADOW/>
		</LIGHT>
		<LIGHT name="Omni33">
			<POSITION>1174.3165283 -356.8899841 1159.9764404</POSITION>
			<COLOR>1.0000000 0.8549020 0.6705883</COLOR>
			<INTENSITY>1.0000000</INTENSITY>
			<ATTENUATIONSTART>80.0000000</ATTENUATIONSTART>
			<ATTENUATIONEND>200.0000000</ATTENUATIONEND>
			<CASTSHADOW/>
		</LIGHT>
		<LIGHT name="Omni34">
			<POSITION>1174.3165283 -356.8899841 476.5292969</POSITION>
			<COLOR>1.0000000 0.8549020 0.6705883</COLOR>
			<INTENSITY>1.0000000</INTENSITY>
			<ATTENUATIONSTART>80.0000000</ATTENUATIONSTART>
			<ATTENUATIONEND>200.0000000</ATTENUATIONEND>
			<CASTSHADOW/>
		</LIGHT>
		<LIGHT name="Omni35">
			<POSITION>1819.9565430 -356.8899841 1159.9764404</POSITION>
			<COLOR>1.0000000 0.8549020 0.6705883</COLOR>
			<INTENSITY>1.0000000</INTENSITY>
			<ATTENUATIONSTART>80.0000000</ATTENUATIONSTART>
			<ATTENUATIONEND>200.0000000</ATTENUATIONEND>
			<CASTSHADOW/>
		</LIGHT>
		<LIGHT name="Omni36">
			<POSITION>1819.9565430 -356.8899841 476.5292969</POSITION>
			<COLOR>1.0000000 0.8549020 0.6705883</COLOR>
			<INTENSITY>1.0000000</INTENSITY>
			<ATTENUATIONSTART>80.0000000</ATTENUATIONSTART>
			<ATTENUATIONEND>200.0000000</ATTENUATIONEND>
			<CASTSHADOW/>
		</LIGHT>
		<LIGHT name="Omni37">
			<POSITION>2584.3107910 -356.8899841 1159.9764404</POSITION>
			<COLOR>1.0000000 0.8549020 0.6705883</COLOR>
			<INTENSITY>1.0000000</INTENSITY>
			<ATTENUATIONSTART>80.0000000</ATTENUATIONSTART>
			<ATTENUATIONEND>200.0000000</ATTENUATIONEND>
			<CASTSHADOW/>
		</LIGHT>
		<LIGHT name="Omni38">
			<POSITION>2584.3107910 -356.8899841 476.5292969</POSITION>
			<COLOR>1.0000000 0.8549020 0.6705883</COLOR>
			<INTENSITY>1.0000000</INTENSITY>
			<ATTENUATIONSTART>80.0000000</ATTENUATIONSTART>
			<ATTENUATIONEND>200.0000000</ATTENUATIONEND>
			<CASTSHADOW/>
		</LIGHT>
		<LIGHT name="Omni39">
			<POSITION>2584.3107910 -65.5727234 1159.9764404</POSITION>
			<COLOR>1.0000000 0.8549020 0.6705883</COLOR>
			<INTENSITY>1.0000000</INTENSITY>
			<ATTENUATIONSTART>80.0000000</ATTENUATIONSTART>
			<ATTENUATIONEND>200.0000000</ATTENUATIONEND>
			<CASTSHADOW/>
		</LIGHT>
		<LIGHT name="Omni40">
			<POSITION>2584.3107910 -65.5727234 476.5292969</POSITION>
			<COLOR>1.0000000 0.8549020 0.6705883</COLOR>
			<INTENSITY>1.0000000</INTENSITY>
			<ATTENUATIONSTART>80.0000000</ATTENUATIONSTART>
			<ATTENUATIONEND>200.0000000</ATTENUATIONEND>
			<CASTSHADOW/>
		</LIGHT>
		<LIGHT name="Omni41">
			<POSITION>2584.3107910 700.2413330 1159.9764404</POSITION>
			<COLOR>1.0000000 0.8549020 0.6705883</COLOR>
			<INTENSITY>1.0000000</INTENSITY>
			<ATTENUATIONSTART>80.0000000</ATTENUATIONSTART>
			<ATTENUATIONEND>200.0000000</ATTENUATIONEND>
			<CASTSHADOW/>
		</LIGHT>
		<LIGHT name="Omni42">
			<POSITION>2584.3107910 700.2413330 476.5292969</POSITION>
			<COLOR>1.0000000 0.8549020 0.6705883</COLOR>
			<INTENSITY>1.0000000</INTENSITY>
			<ATTENUATIONSTART>80.0000000</ATTENUATIONSTART>
			<ATTENUATIONEND>200.0000000</ATTENUATIONEND>
			<CASTSHADOW/>
		</LIGHT>
		<LIGHT name="Omni43">
			<POSITION>2584.3107910 1463.2717285 1159.9764404</POSITION>
			<COLOR>1.0000000 0.8549020 0.6705883</COLOR>
			<INTENSITY>1.0000000</INTENSITY>
			<ATTENUATIONSTART>80.0000000</ATTENUATIONSTART>
			<ATTENUATIONEND>200.0000000</ATTENUATIONEND>
			<CASTSHADOW/>
		</LIGHT>
		<LIGHT name="Omni44">
			<POSITION>2584.3107910 1463.2717285 476.5292969</POSITION>
			<COLOR>1.0000000 0.8549020 0.6705883</COLOR>
			<INTENSITY>1.0000000</INTENSITY>
			<ATTENUATIONSTART>80.0000000</ATTENUATIONSTART>
			<ATTENUATIONEND>200.0000000</ATTENUATIONEND>
			<CASTSHADOW/>
		</LIGHT>
		<LIGHT name="Omni45">
			<POSITION>2584.3107910 2236.6755371 1159.9764404</POSITION>
			<COLOR>1.0000000 0.8549020 0.6705883</COLOR>
			<INTENSITY>1.0000000</INTENSITY>
			<ATTENUATIONSTART>80.0000000</ATTENUATIONSTART>
			<ATTENUATIONEND>200.0000000</ATTENUATIONEND>
			<CASTSHADOW/>
		</LIGHT>
		<LIGHT name="Omni46">
			<POSITION>2584.3107910 2236.6755371 476.5292969</POSITION>
			<COLOR>1.0000000 0.8549020 0.6705883</COLOR>
			<INTENSITY>1.0000000</INTENSITY>
			<ATTENUATIONSTART>80.0000000</ATTENUATIONSTART>
			<ATTENUATIONEND>200.0000000</ATTENUATIONEND>
			<CASTSHADOW/>
		</LIGHT>
		<LIGHT name="Omni47">
			<POSITION>2584.3107910 2580.4265137 1159.9764404</POSITION>
			<COLOR>1.0000000 0.8549020 0.6705883</COLOR>
			<INTENSITY>1.0000000</INTENSITY>
			<ATTENUATIONSTART>80.0000000</ATTENUATIONSTART>
			<ATTENUATIONEND>200.0000000</ATTENUATIONEND>
			<CASTSHADOW/>
		</LIGHT>
		<LIGHT name="Omni48">
			<POSITION>2584.3107910 2580.4265137 476.5292969</POSITION>
			<COLOR>1.0000000 0.8549020 0.6705883</COLOR>
			<INTENSITY>1.0000000</INTENSITY>
			<ATTENUATIONSTART>80.0000000</ATTENUATIONSTART>
			<ATTENUATIONEND>200.0000000</ATTENUATIONEND>
			<CASTSHADOW/>
		</LIGHT>
		<LIGHT name="Omni49">
			<POSITION>1824.4249268 2580.4265137 1159.9764404</POSITION>
			<COLOR>1.0000000 0.8549020 0.6705883</COLOR>
			<INTENSITY>1.0000000</INTENSITY>
			<ATTENUATIONSTART>80.0000000</ATTENUATIONSTART>
			<ATTENUATIONEND>200.0000000</ATTENUATIONEND>
			<CASTSHADOW/>
		</LIGHT>
		<LIGHT name="Omni50">
			<POSITION>1824.4249268 2580.4265137 476.5292969</POSITION>
			<COLOR>1.0000000 0.8549020 0.6705883</COLOR>
			<INTENSITY>1.0000000</INTENSITY>
			<ATTENUATIONSTART>80.0000000</ATTENUATIONSTART>
			<ATTENUATIONEND>200.0000000</ATTENUATIONEND>
			<CASTSHADOW/>
		</LIGHT>
		<LIGHT name="Omni51">
			<POSITION>1205.2471924 1870.4680176 1159.9764404</POSITION>
			<COLOR>1.0000000 0.8549020 0.6705883</COLOR>
			<INTENSITY>1.0000000</INTENSITY>
			<ATTENUATIONSTART>80.0000000</ATTENUATIONSTART>
			<ATTENUATIONEND>200.0000000</ATTENUATIONEND>
			<CASTSHADOW/>
		</LIGHT>
		<LIGHT name="Omni52">
			<POSITION>1205.2471924 1870.4680176 476.5292969</POSITION>
			<COLOR>1.0000000 0.8549020 0.6705883</COLOR>
			<INTENSITY>1.0000000</INTENSITY>
			<ATTENUATIONSTART>80.0000000</ATTENUATIONSTART>
			<ATTENUATIONEND>200.0000000</ATTENUATIONEND>
			<CASTSHADOW/>
		</LIGHT>
		<LIGHT name="Omni53">
			<POSITION>1856.8364258 1772.6936035 1159.9764404</POSITION>
			<COLOR>1.0000000 0.8549020 0.6705883</COLOR>
			<INTENSITY>1.0000000</INTENSITY>
			<ATTENUATIONSTART>80.0000000</ATTENUATIONSTART>
			<ATTENUATIONEND>200.0000000</ATTENUATIONEND>
			<CASTSHADOW/>
		</LIGHT>
		<LIGHT name="Omni54">
			<POSITION>1856.8364258 1772.6936035 476.5292969</POSITION>
			<COLOR>1.0000000 0.8549020 0.6705883</COLOR>
			<INTENSITY>1.0000000</INTENSITY>
			<ATTENUATIONSTART>80.0000000</ATTENUATIONSTART>
			<ATTENUATIONEND>200.0000000</ATTENUATIONEND>
			<CASTSHADOW/>
		</LIGHT>
		<LIGHT name="Omni55">
			<POSITION>1814.4781494 1036.6118164 1159.9764404</POSITION>
			<COLOR>1.0000000 0.8549020 0.6705883</COLOR>
			<INTENSITY>1.0000000</INTENSITY>
			<ATTENUATIONSTART>80.0000000</ATTENUATIONSTART>
			<ATTENUATIONEND>200.0000000</ATTENUATIONEND>
			<CASTSHADOW/>
		</LIGHT>
		<LIGHT name="Omni56">
			<POSITION>1814.4781494 1036.6118164 476.5292969</POSITION>
			<COLOR>1.0000000 0.8549020 0.6705883</COLOR>
			<INTENSITY>1.0000000</INTENSITY>
			<ATTENUATIONSTART>80.0000000</ATTENUATIONSTART>
			<ATTENUATIONEND>200.0000000</ATTENUATIONEND>
			<CASTSHADOW/>
		</LIGHT>
		<LIGHT name="Omni57">
			<POSITION>1208.4194336 403.3990479 1159.9764404</POSITION>
			<COLOR>1.0000000 0.8549020 0.6705883</COLOR>
			<INTENSITY>1.0000000</INTENSITY>
			<ATTENUATIONSTART>80.0000000</ATTENUATIONSTART>
			<ATTENUATIONEND>200.0000000</ATTENUATIONEND>
			<CASTSHADOW/>
		</LIGHT>
		<LIGHT name="Omni58">
			<POSITION>1208.4194336 403.3990479 476.5292969</POSITION>
			<COLOR>1.0000000 0.8549020 0.6705883</COLOR>
			<INTENSITY>1.0000000</INTENSITY>
			<ATTENUATIONSTART>80.0000000</ATTENUATIONSTART>
			<ATTENUATIONEND>200.0000000</ATTENUATIONEND>
			<CASTSHADOW/>
		</LIGHT>
		<LIGHT name="Omni59">
			<POSITION>-2311.0849609 1884.1728516 1159.9764404</POSITION>
			<COLOR>1.0000000 0.8549020 0.6705883</COLOR>
			<INTENSITY>1.0000000</INTENSITY>
			<ATTENUATIONSTART>80.0000000</ATTENUATIONSTART>
			<ATTENUATIONEND>200.0000000</ATTENUATIONEND>
			<CASTSHADOW/>
		</LIGHT>
		<LIGHT name="Omni60">
			<POSITION>-2311.0849609 1884.1728516 476.5292969</POSITION>
			<COLOR>1.0000000 0.8549020 0.6705883</COLOR>
			<INTENSITY>1.0000000</INTENSITY>
			<ATTENUATIONSTART>80.0000000</ATTENUATIONSTART>
			<ATTENUATIONEND>200.0000000</ATTENUATIONEND>
			<CASTSHADOW/>
		</LIGHT>
		<LIGHT name="Omni61">
			<POSITION>-2922.9296875 2564.6406250 1159.9764404</POSITION>
			<COLOR>1.0000000 0.8549020 0.6705883</COLOR>
			<INTENSITY>1.0000000</INTENSITY>
			<ATTENUATIONSTART>80.0000000</ATTENUATIONSTART>
			<ATTENUATIONEND>200.0000000</ATTENUATIONEND>
			<CASTSHADOW/>
		</LIGHT>
		<LIGHT name="Omni62">
			<POSITION>-2922.9296875 2564.6406250 476.5292969</POSITION>
			<COLOR>1.0000000 0.8549020 0.6705883</COLOR>
			<INTENSITY>1.0000000</INTENSITY>
			<ATTENUATIONSTART>80.0000000</ATTENUATIONSTART>
			<ATTENUATIONEND>200.0000000</ATTENUATIONEND>
			<CASTSHADOW/>
		</LIGHT>
		<LIGHT name="Omni63">
			<POSITION>-3703.7912598 2564.6406250 1159.9764404</POSITION>
			<COLOR>1.0000000 0.8549020 0.6705883</COLOR>
			<INTENSITY>1.0000000</INTENSITY>
			<ATTENUATIONSTART>80.0000000</ATTENUATIONSTART>
			<ATTENUATIONEND>200.0000000</ATTENUATIONEND>
			<CASTSHADOW/>
		</LIGHT>
		<LIGHT name="Omni64">
			<POSITION>-3703.7912598 2564.6406250 476.5292969</POSITION>
			<COLOR>1.0000000 0.8549020 0.6705883</COLOR>
			<INTENSITY>1.0000000</INTENSITY>
			<ATTENUATIONSTART>80.0000000</ATTENUATIONSTART>
			<ATTENUATIONEND>200.0000000</ATTENUATIONEND>
			<CASTSHADOW/>
		</LIGHT>
		<LIGHT name="Omni65">
			<POSITION>-3637.3220215 2235.9870605 1159.9764404</POSITION>
			<COLOR>1.0000000 0.8549020 0.6705883</COLOR>
			<INTENSITY>1.0000000</INTENSITY>
			<ATTENUATIONSTART>80.0000000</ATTENUATIONSTART>
			<ATTENUATIONEND>200.0000000</ATTENUATIONEND>
			<CASTSHADOW/>
		</LIGHT>
		<LIGHT name="Omni66">
			<POSITION>-3637.3220215 2235.9870605 476.5292969</POSITION>
			<COLOR>1.0000000 0.8549020 0.6705883</COLOR>
			<INTENSITY>1.0000000</INTENSITY>
			<ATTENUATIONSTART>80.0000000</ATTENUATIONSTART>
			<ATTENUATIONEND>200.0000000</ATTENUATIONEND>
			<CASTSHADOW/>
		</LIGHT>
		<LIGHT name="Omni67">
			<POSITION>-3637.3220215 1476.3492432 1159.9764404</POSITION>
			<COLOR>1.0000000 0.8549020 0.6705883</COLOR>
			<INTENSITY>1.0000000</INTENSITY>
			<ATTENUATIONSTART>80.0000000</ATTENUATIONSTART>
			<ATTENUATIONEND>200.0000000</ATTENUATIONEND>
			<CASTSHADOW/>
		</LIGHT>
		<LIGHT name="Omni68">
			<POSITION>-3637.3220215 1476.3492432 476.5292969</POSITION>
			<COLOR>1.0000000 0.8549020 0.6705883</COLOR>
			<INTENSITY>1.0000000</INTENSITY>
			<ATTENUATIONSTART>80.0000000</ATTENUATIONSTART>
			<ATTENUATIONEND>200.0000000</ATTENUATIONEND>
			<CASTSHADOW/>
		</LIGHT>
		<LIGHT name="Omni69">
			<POSITION>-3637.3220215 700.3020020 1159.9764404</POSITION>
			<COLOR>1.0000000 0.8549020 0.6705883</COLOR>
			<INTENSITY>1.0000000</INTENSITY>
			<ATTENUATIONSTART>80.0000000</ATTENUATIONSTART>
			<ATTENUATIONEND>200.0000000</ATTENUATIONEND>
			<CASTSHADOW/>
		</LIGHT>
		<LIGHT name="Omni70">
			<POSITION>-3637.3220215 700.3020020 476.5292969</POSITION>
			<COLOR>1.0000000 0.8549020 0.6705883</COLOR>
			<INTENSITY>1.0000000</INTENSITY>
			<ATTENUATIONSTART>80.0000000</ATTENUATIONSTART>
			<ATTENUATIONEND>200.0000000</ATTENUATIONEND>
			<CASTSHADOW/>
		</LIGHT>
		<LIGHT name="Omni71">
			<POSITION>-3637.3220215 -65.3226929 1159.9764404</POSITION>
			<COLOR>1.0000000 0.8549020 0.6705883</COLOR>
			<INTENSITY>1.0000000</INTENSITY>
			<ATTENUATIONSTART>80.0000000</ATTENUATIONSTART>
			<ATTENUATIONEND>200.0000000</ATTENUATIONEND>
			<CASTSHADOW/>
		</LIGHT>
		<LIGHT name="Omni72">
			<POSITION>-3637.3220215 -65.3226929 476.5292969</POSITION>
			<COLOR>1.0000000 0.8549020 0.6705883</COLOR>
			<INTENSITY>1.0000000</INTENSITY>
			<ATTENUATIONSTART>80.0000000</ATTENUATIONSTART>
			<ATTENUATIONEND>200.0000000</ATTENUATIONEND>
			<CASTSHADOW/>
		</LIGHT>
		<LIGHT name="Omni73">
			<POSITION>-3682.2172852 -335.1417542 1159.9764404</POSITION>
			<COLOR>1.0000000 0.8549020 0.6705883</COLOR>
			<INTENSITY>1.0000000</INTENSITY>
			<ATTENUATIONSTART>80.0000000</ATTENUATIONSTART>
			<ATTENUATIONEND>200.0000000</ATTENUATIONEND>
			<CASTSHADOW/>
		</LIGHT>
		<LIGHT name="Omni74">
			<POSITION>-3682.2172852 -335.1417542 476.5292969</POSITION>
			<COLOR>1.0000000 0.8549020 0.6705883</COLOR>
			<INTENSITY>1.0000000</INTENSITY>
			<ATTENUATIONSTART>80.0000000</ATTENUATIONSTART>
			<ATTENUATIONEND>200.0000000</ATTENUATIONEND>
			<CASTSHADOW/>
		</LIGHT>
		<LIGHT name="Omni75">
			<POSITION>-2925.2023926 -335.1417542 1159.9764404</POSITION>
			<COLOR>1.0000000 0.8549020 0.6705883</COLOR>
			<INTENSITY>1.0000000</INTENSITY>
			<ATTENUATIONSTART>80.0000000</ATTENUATIONSTART>
			<ATTENUATIONEND>200.0000000</ATTENUATIONEND>
			<CASTSHADOW/>
		</LIGHT>
		<LIGHT name="Omni76">
			<POSITION>-2925.2023926 -335.1417542 476.5292969</POSITION>
			<COLOR>1.0000000 0.8549020 0.6705883</COLOR>
			<INTENSITY>1.0000000</INTENSITY>
			<ATTENUATIONSTART>80.0000000</ATTENUATIONSTART>
			<ATTENUATIONEND>200.0000000</ATTENUATIONEND>
			<CASTSHADOW/>
		</LIGHT>
		<LIGHT name="Omni77">
			<POSITION>-2330.0654297 -355.8695374 1159.9764404</POSITION>
			<COLOR>1.0000000 0.8549020 0.6705883</COLOR>
			<INTENSITY>1.0000000</INTENSITY>
			<ATTENUATIONSTART>80.0000000</ATTENUATIONSTART>
			<ATTENUATIONEND>200.0000000</ATTENUATIONEND>
			<CASTSHADOW/>
		</LIGHT>
		<LIGHT name="Omni78">
			<POSITION>-2330.0654297 -355.8695374 476.5292969</POSITION>
			<COLOR>1.0000000 0.8549020 0.6705883</COLOR>
			<INTENSITY>1.0000000</INTENSITY>
			<ATTENUATIONSTART>80.0000000</ATTENUATIONSTART>
			<ATTENUATIONEND>200.0000000</ATTENUATIONEND>
			<CASTSHADOW/>
		</LIGHT>
		<LIGHT name="Omni79">
			<POSITION>-2328.0883789 401.4927673 1159.9764404</POSITION>
			<COLOR>1.0000000 0.8549020 0.6705883</COLOR>
			<INTENSITY>1.0000000</INTENSITY>
			<ATTENUATIONSTART>80.0000000</ATTENUATIONSTART>
			<ATTENUATIONEND>200.0000000</ATTENUATIONEND>
			<CASTSHADOW/>
		</LIGHT>
		<LIGHT name="Omni80">
			<POSITION>-2328.0883789 401.4927673 476.5292969</POSITION>
			<COLOR>1.0000000 0.8549020 0.6705883</COLOR>
			<INTENSITY>1.0000000</INTENSITY>
			<ATTENUATIONSTART>80.0000000</ATTENUATIONSTART>
			<ATTENUATIONEND>200.0000000</ATTENUATIONEND>
			<CASTSHADOW/>
		</LIGHT>
		<LIGHT name="Omni81">
			<POSITION>-2966.5874023 1031.9053955 1159.9764404</POSITION>
			<COLOR>1.0000000 0.8549020 0.6705883</COLOR>
			<INTENSITY>1.0000000</INTENSITY>
			<ATTENUATIONSTART>80.0000000</ATTENUATIONSTART>
			<ATTENUATIONEND>200.0000000</ATTENUATIONEND>
			<CASTSHADOW/>
		</LIGHT>
		<LIGHT name="Omni82">
			<POSITION>-2966.5874023 1031.9053955 476.5292969</POSITION>
			<COLOR>1.0000000 0.8549020 0.6705883</COLOR>
			<INTENSITY>1.0000000</INTENSITY>
			<ATTENUATIONSTART>80.0000000</ATTENUATIONSTART>
			<ATTENUATIONEND>200.0000000</ATTENUATIONEND>
			<CASTSHADOW/>
		</LIGHT>
		<LIGHT name="Omni83">
			<POSITION>-2966.9123535 1773.7917480 1159.9764404</POSITION>
			<COLOR>1.0000000 0.8549020 0.6705883</COLOR>
			<INTENSITY>1.0000000</INTENSITY>
			<ATTENUATIONSTART>80.0000000</ATTENUATIONSTART>
			<ATTENUATIONEND>200.0000000</ATTENUATIONEND>
			<CASTSHADOW/>
		</LIGHT>
		<LIGHT name="Omni84">
			<POSITION>-2966.9123535 1773.7917480 476.5292969</POSITION>
			<COLOR>1.0000000 0.8549020 0.6705883</COLOR>
			<INTENSITY>1.0000000</INTENSITY>
			<ATTENUATIONSTART>80.0000000</ATTENUATIONSTART>
			<ATTENUATIONEND>200.0000000</ATTENUATIONEND>
			<CASTSHADOW/>
		</LIGHT>
		<LIGHT name="Omni85">
			<POSITION>-3917.3237305 1747.3132324 1159.9764404</POSITION>
			<COLOR>1.0000000 0.8549020 0.6705883</COLOR>
			<INTENSITY>1.0000000</INTENSITY>
			<ATTENUATIONSTART>80.0000000</ATTENUATIONSTART>
			<ATTENUATIONEND>200.0000000</ATTENUATIONEND>
			<CASTSHADOW/>
		</LIGHT>
		<LIGHT name="Omni86">
			<POSITION>-5031.7553711 1747.3132324 1159.9764404</POSITION>
			<COLOR>1.0000000 0.8549020 0.6705883</COLOR>
			<INTENSITY>1.0000000</INTENSITY>
			<ATTENUATIONSTART>80.0000000</ATTENUATIONSTART>
			<ATTENUATIONEND>200.0000000</ATTENUATIONEND>
			<CASTSHADOW/>
		</LIGHT>
		<LIGHT name="Omni87">
			<POSITION>-5031.7553711 820.8101196 1159.9764404</POSITION>
			<COLOR>1.0000000 0.8549020 0.6705883</COLOR>
			<INTENSITY>1.0000000</INTENSITY>
			<ATTENUATIONSTART>80.0000000</ATTENUATIONSTART>
			<ATTENUATIONEND>200.0000000</ATTENUATIONEND>
			<CASTSHADOW/>
		</LIGHT>
		<LIGHT name="Omni88">
			<POSITION>-4452.3183594 1315.3713379 1102.4064941</POSITION>
			<COLOR>1.0000000 1.0000000 1.0000000</COLOR>
			<INTENSITY>1.0000000</INTENSITY>
			<ATTENUATIONSTART>80.0000000</ATTENUATIONSTART>
			<ATTENUATIONEND>200.0000000</ATTENUATIONEND>
			<CASTSHADOW/>
		</LIGHT>
		<LIGHT name="Omni89">
			<POSITION>-4452.3183594 644.8864746 1102.4064941</POSITION>
			<COLOR>1.0000000 1.0000000 1.0000000</COLOR>
			<INTENSITY>1.0000000</INTENSITY>
			<ATTENUATIONSTART>80.0000000</ATTENUATIONSTART>
			<ATTENUATIONEND>200.0000000</ATTENUATIONEND>
			<CASTSHADOW/>
		</LIGHT>
		<LIGHT name="Omni90">
			<POSITION>-4452.3183594 8.8861084 1102.4064941</POSITION>
			<COLOR>1.0000000 1.0000000 1.0000000</COLOR>
			<INTENSITY>1.0000000</INTENSITY>
			<ATTENUATIONSTART>80.0000000</ATTENUATIONSTART>
			<ATTENUATIONEND>200.0000000</ATTENUATIONEND>
			<CASTSHADOW/>
		</LIGHT>
	</LIGHTLIST>
	<OBJECTLIST>
		<OBJECT name="cathedralstairs.elu">
		</OBJECT>
                <OBJECT name="lights.elu">
                </OBJECT>
                <OBJECT name="statues.elu">
                </OBJECT>
                <OBJECT name="cube.elu">
                </OBJECT>
	</OBJECTLIST>
	<DUMMYLIST>
		<DUMMY name="spawn_solo_101">
			<POSITION>-552.00000000 1024.00000000 8.00000000</POSITION>
			<DIRECTION>-1.00000000 0.00000000 0.00000000</DIRECTION>
		</DUMMY>
		<DUMMY name="spawn_team1_101">
			<POSITION>4632.00000000 1472.00000000 704.00000000</POSITION>
			<DIRECTION>-1.00000000 0.00000000 0.00000000</DIRECTION>
		</DUMMY>
		<DUMMY name="spawn_team1_102">
			<POSITION>4440.00000000 1088.00000000 704.00000000</POSITION>
			<DIRECTION>-1.00000000 0.00000000 0.00000000</DIRECTION>
		</DUMMY>
		<DUMMY name="spawn_team1_103">
			<POSITION>4440.00000000 1344.00000000 704.00000000</POSITION>
			<DIRECTION>-1.00000000 0.00000000 0.00000000</DIRECTION>
		</DUMMY>
		<DUMMY name="spawn_team1_104">
			<POSITION>4632.00000000 960.00000000 704.00000000</POSITION>
			<DIRECTION>-1.00000000 0.00000000 0.00000000</DIRECTION>
		</DUMMY>
		<DUMMY name="spawn_team1_105">
			<POSITION>4216.00000000 1472.00000000 704.00000000</POSITION>
			<DIRECTION>-1.00000000 0.00000000 0.00000000</DIRECTION>
		</DUMMY>
		<DUMMY name="spawn_team1_106">
			<POSITION>4024.00000000 1088.00000000 704.00000000</POSITION>
			<DIRECTION>-1.00000000 0.00000000 0.00000000</DIRECTION>
		</DUMMY>
		<DUMMY name="spawn_team1_107">
			<POSITION>4024.00000000 1344.00000000 704.00000000</POSITION>
			<DIRECTION>-1.00000000 0.00000000 0.00000000</DIRECTION>
		</DUMMY>
		<DUMMY name="spawn_team1_108">
			<POSITION>4216.00000000 960.00000000 704.00000000</POSITION>
			<DIRECTION>-1.00000000 0.00000000 0.00000000</DIRECTION>
		</DUMMY>
		<DUMMY name="spawn_team1_109">
			<POSITION>3832.00000000 1472.00000000 704.00000000</POSITION>
			<DIRECTION>-1.00000000 0.00000000 0.00000000</DIRECTION>
		</DUMMY>
		<DUMMY name="spawn_team1_110">
			<POSITION>3640.00000000 1088.00000000 704.00000000</POSITION>
			<DIRECTION>-1.00000000 0.00000000 0.00000000</DIRECTION>
		</DUMMY>
		<DUMMY name="spawn_team1_111">
			<POSITION>3640.00000000 1344.00000000 704.00000000</POSITION>
			<DIRECTION>-1.00000000 0.00000000 0.00000000</DIRECTION>
		</DUMMY>
		<DUMMY name="spawn_team1_112">
			<POSITION>3832.00000000 960.00000000 704.00000000</POSITION>
			<DIRECTION>-1.00000000 0.00000000 0.00000000</DIRECTION>
		</DUMMY>
		<DUMMY name="spawn_team2_101">
			<POSITION>-4456.00000000 -392.00000000 704.00000000</POSITION>
			<DIRECTION>-0.00000000 -1.00000000 0.00000000</DIRECTION>
		</DUMMY>
		<DUMMY name="spawn_team2_102">
			<POSITION>-4104.00000000 -392.00000000 704.00000000</POSITION>
			<DIRECTION>-0.00000000 -1.00000000 0.00000000</DIRECTION>
		</DUMMY>
		<DUMMY name="spawn_team2_103">
			<POSITION>-4808.00000000 -392.00000000 704.00000000</POSITION>
			<DIRECTION>-0.00000000 -1.00000000 0.00000000</DIRECTION>
		</DUMMY>
		<DUMMY name="spawn_team2_104">
			<POSITION>-4104.00000000 -128.00000000 704.00000000</POSITION>
			<DIRECTION>-0.00000000 -1.00000000 0.00000000</DIRECTION>
		</DUMMY>
		<DUMMY name="spawn_team2_105">
			<POSITION>-4808.00000000 -128.00000000 704.00000000</POSITION>
			<DIRECTION>-0.00000000 -1.00000000 0.00000000</DIRECTION>
		</DUMMY>
		<DUMMY name="spawn_team2_106">
			<POSITION>-4104.00000000 128.00000000 704.00000000</POSITION>
			<DIRECTION>-0.00000000 -1.00000000 0.00000000</DIRECTION>
		</DUMMY>
		<DUMMY name="spawn_team2_107">
			<POSITION>-4808.00000000 128.00000000 704.00000000</POSITION>
			<DIRECTION>-0.00000000 -1.00000000 0.00000000</DIRECTION>
		</DUMMY>
		<DUMMY name="spawn_team2_108">
			<POSITION>-4104.00000000 384.00000000 704.00000000</POSITION>
			<DIRECTION>-0.00000000 -1.00000000 0.00000000</DIRECTION>
		</DUMMY>
		<DUMMY name="spawn_team2_109">
			<POSITION>-4808.00000000 384.00000000 704.00000000</POSITION>
			<DIRECTION>-0.00000000 -1.00000000 0.00000000</DIRECTION>
		</DUMMY>
		<DUMMY name="spawn_team2_110">
			<POSITION>-4808.00000000 608.00000000 704.00000000</POSITION>
			<DIRECTION>1.00000000 -0.00000000 0.00000000</DIRECTION>
		</DUMMY>
		<DUMMY name="spawn_team2_111">
			<POSITION>-4808.00000000 864.00000000 704.00000000</POSITION>
			<DIRECTION>1.00000000 -0.00000000 0.00000000</DIRECTION>
		</DUMMY>
		<DUMMY name="spawn_team2_112">
			<POSITION>-4808.00000000 1120.00000000 704.00000000</POSITION>
			<DIRECTION>1.00000000 -0.00000000 0.00000000</DIRECTION>
		</DUMMY>
		<DUMMY name="snd_amb_b1_chain 01">
			<POSITION>4455.165 1320.0 1136.19</POSITION>
			<DIRECTION>0.0000000 0.9999999 0.0000000</DIRECTION>
		</DUMMY>
		<DUMMY name="snd_amb_b1_chain 02">
			<POSITION>4455.165 645.016 1136.192</POSITION>
			<DIRECTION>0.0000000 0.9999999 0.0000000</DIRECTION>
		</DUMMY>
		<DUMMY name="snd_amb_b1_chain 03">
			<POSITION>4455.165 1.737 1136.1922</POSITION>
			<DIRECTION>0.0000000 0.9999999 0.0000000</DIRECTION>
		</DUMMY>
	</DUMMYLIST>
	<AMBIENTSOUNDLIST>
		<AMBIENTSOUND ObjName="snd_amb_b1_chain 01" type="b1" filename="amb_chain">
			<CENTER>-4455.165 1320.0 1136.192</CENTER>
			<RADIUS>500</RADIUS>
		</AMBIENTSOUND>
		<AMBIENTSOUND ObjName="snd_amb_b1_chain 02" type="b1" filename="amb_chain">
			<CENTER>-4455.165 645.016 1136.192</CENTER>
			<RADIUS>500</RADIUS>
		</AMBIENTSOUND>
		<AMBIENTSOUND ObjName="snd_amb_b1_chain 03" type="b1" filename="amb_chain">
			<CENTER>-4455.165 1.737 1136.192</CENTER>
			<RADIUS>500</RADIUS>
		</AMBIENTSOUND>
		<AMBIENTSOUND ObjName="snd_amb_b1_wind 01" type="b1" filename="amb_wind_hole_2d">
			<CENTER>0 0 0</CENTER>
			<RADIUS>9999</RADIUS>
		</AMBIENTSOUND>
	</AMBIENTSOUNDLIST>
</XML>
