<?xml version="1.0"?>
<XML>
	<MATERIALLIST>
		<MATERIAL name="snow_mt_snw">
			<DIFFUSE>0.5882353 0.5882353 0.5882353</DIFFUSE>
			<AMBIENT>0.5882353 0.5882353 0.5882353</AMBIENT>
			<SPECULAR>0.9000000 0.9000000 0.9000000</SPECULAR>
			<DIFFUSEMAP>../snow_town/gzd_map_Snow_town_snow01.bmp.dds</DIFFUSEMAP>
		</MATERIAL>
		<MATERIAL name="wall2_2_mt_con">
			<DIFFUSE>0.5882353 0.5882353 0.5882353</DIFFUSE>
			<AMBIENT>0.5882353 0.5882353 0.5882353</AMBIENT>
			<SPECULAR>0.9000000 0.9000000 0.9000000</SPECULAR>
			<DIFFUSEMAP>../town/gzd_map_town_wall15.bmp.dds</DIFFUSEMAP>
		</MATERIAL>
		<MATERIAL name="cablepole_mt_wod">
			<DIFFUSE>0.5882353 0.5882353 0.5882353</DIFFUSE>
			<AMBIENT>0.5882353 0.5882353 0.5882353</AMBIENT>
			<SPECULAR>0.9000000 0.9000000 0.9000000</SPECULAR>
			<DIFFUSEMAP>../battle arena/gzd_map_BA_door_a01.bmp.dds</DIFFUSEMAP>
		</MATERIAL>
		<MATERIAL name="wall_mt_con">
			<DIFFUSE>0.5882353 0.5882353 0.5882353</DIFFUSE>
			<AMBIENT>0.5882353 0.5882353 0.5882353</AMBIENT>
			<SPECULAR>0.9000000 0.9000000 0.9000000</SPECULAR>
			<DIFFUSEMAP>../town/gzd_map_town_chimney03.bmp.dds</DIFFUSEMAP>
		</MATERIAL>
		<MATERIAL name="build22_mt_con">
			<DIFFUSE>0.5882353 0.5882353 0.5882353</DIFFUSE>
			<AMBIENT>0.5882353 0.5882353 0.5882353</AMBIENT>
			<SPECULAR>0.9000000 0.9000000 0.9000000</SPECULAR>
			<DIFFUSEMAP>../town/gzd_map_town_build27.bmp.dds</DIFFUSEMAP>
		</MATERIAL>
		<MATERIAL name="wall2_mt_con">
			<DIFFUSE>0.5882353 0.5882353 0.5882353</DIFFUSE>
			<AMBIENT>0.5882353 0.5882353 0.5882353</AMBIENT>
			<SPECULAR>0.9000000 0.9000000 0.9000000</SPECULAR>
			<DIFFUSEMAP>../town/gzd_map_town_wall14.bmp.dds</DIFFUSEMAP>
		</MATERIAL>
		<MATERIAL name="build25_mt_con">
			<DIFFUSE>0.5880000 0.5880000 0.5880000</DIFFUSE>
			<AMBIENT>0.5880000 0.5880000 0.5880000</AMBIENT>
			<SPECULAR>0.9000000 0.9000000 0.9000000</SPECULAR>
			<DIFFUSEMAP>../town/gzd_map_town_build28.bmp.dds</DIFFUSEMAP>
		</MATERIAL>
		<MATERIAL name="brickwall2_mt_con">
			<DIFFUSE>0.5882353 0.5882353 0.5882353</DIFFUSE>
			<AMBIENT>0.5882353 0.5882353 0.5882353</AMBIENT>
			<SPECULAR>0.9000000 0.9000000 0.9000000</SPECULAR>
			<DIFFUSEMAP>../town/gzd_map_town_build13.bmp.dds</DIFFUSEMAP>
		</MATERIAL>
		<MATERIAL name="metalpost_mt_met">
			<DIFFUSE>0.5882353 0.5882353 0.5882353</DIFFUSE>
			<AMBIENT>0.5882353 0.5882353 0.5882353</AMBIENT>
			<SPECULAR>0.9000000 0.9000000 0.9000000</SPECULAR>
			<DIFFUSEMAP>../station/gzd_map_Sta_wire001.tga.dds</DIFFUSEMAP>
		</MATERIAL>
		<MATERIAL name="blockade_mt_wod">
			<DIFFUSE>0.5882353 0.5882353 0.5882353</DIFFUSE>
			<AMBIENT>0.5882353 0.5882353 0.5882353</AMBIENT>
			<SPECULAR>0.9000000 0.9000000 0.9000000</SPECULAR>
			<DIFFUSEMAP>../island/gzd_map_island_boat04.bmp.dds</DIFFUSEMAP>
		</MATERIAL>
		<MATERIAL name="railground_mt_con">
			<DIFFUSE>0.5882353 0.5882353 0.5882353</DIFFUSE>
			<AMBIENT>0.5882353 0.5882353 0.5882353</AMBIENT>
			<SPECULAR>0.9000000 0.9000000 0.9000000</SPECULAR>
			<DIFFUSEMAP>../station/gzd_map_Sta_rail001.bmp.dds</DIFFUSEMAP>
		</MATERIAL>
		<MATERIAL name="traintracks_mt_met">
			<DIFFUSE>0.5882353 0.5882353 0.5882353</DIFFUSE>
			<AMBIENT>0.5882353 0.5882353 0.5882353</AMBIENT>
			<SPECULAR>0.9000000 0.9000000 0.9000000</SPECULAR>
			<DIFFUSEMAP>../station/gzd_map_Sta_train001.bmp.dds</DIFFUSEMAP>
		</MATERIAL>
		<MATERIAL name="tilefloor_2_mt_con">
			<DIFFUSE>0.5882353 0.5882353 0.5882353</DIFFUSE>
			<AMBIENT>0.5882353 0.5882353 0.5882353</AMBIENT>
			<SPECULAR>0.9000000 0.9000000 0.9000000</SPECULAR>
			<DIFFUSEMAP>../station/gzd_map_Sta_floor001_1.bmp.dds</DIFFUSEMAP>
		</MATERIAL>
		<MATERIAL name="stonebricks_mt_con">
			<DIFFUSE>0.5882353 0.5882353 0.5882353</DIFFUSE>
			<AMBIENT>0.5882353 0.5882353 0.5882353</AMBIENT>
			<SPECULAR>0.9000000 0.9000000 0.9000000</SPECULAR>
			<DIFFUSEMAP>../factory/gzd_map_Factory_wall01.bmp.dds</DIFFUSEMAP>
		</MATERIAL>
		<MATERIAL name="windows_mt_gls">
			<DIFFUSE>0.5880000 0.5880000 0.5880000</DIFFUSE>
			<AMBIENT>0.5880000 0.5880000 0.5880000</AMBIENT>
			<SPECULAR>0.9000000 0.9000000 0.9000000</SPECULAR>
			<DIFFUSEMAP>../factory/gzd_map_Factory_wall03.bmp.dds</DIFFUSEMAP>
		</MATERIAL>
		<MATERIAL name="doors_mt_met">
			<DIFFUSE>0.5882353 0.5882353 0.5882353</DIFFUSE>
			<AMBIENT>0.5882353 0.5882353 0.5882353</AMBIENT>
			<SPECULAR>0.9000000 0.9000000 0.9000000</SPECULAR>
			<DIFFUSEMAP>../town/gzd_map_town_build30.bmp.dds</DIFFUSEMAP>
		</MATERIAL>
		<MATERIAL name="tilefloor_mt_con">
			<DIFFUSE>0.5882353 0.5882353 0.5882353</DIFFUSE>
			<AMBIENT>0.5882353 0.5882353 0.5882353</AMBIENT>
			<SPECULAR>0.9000000 0.9000000 0.9000000</SPECULAR>
			<DIFFUSEMAP>../station/gzd_map_Sta_floor001.bmp.dds</DIFFUSEMAP>
		</MATERIAL>
		<MATERIAL name="ceiling_mt_con">
			<DIFFUSE>0.5882353 0.5882353 0.5882353</DIFFUSE>
			<AMBIENT>0.5882353 0.5882353 0.5882353</AMBIENT>
			<SPECULAR>0.9000000 0.9000000 0.9000000</SPECULAR>
			<DIFFUSEMAP>../town/gzd_map_town_floor13_1.bmp.dds</DIFFUSEMAP>
		</MATERIAL>
		<MATERIAL name="train">
			<DIFFUSE>0.5880000 0.5880000 0.5880000</DIFFUSE>
			<AMBIENT>0.5880000 0.5880000 0.5880000</AMBIENT>
			<SPECULAR>0.9000000 0.9000000 0.9000000</SPECULAR>
			<DIFFUSEMAP>../station/gzd_map_Sta_train004.bmp.dds</DIFFUSEMAP>
		</MATERIAL>
		<MATERIAL name="train2">
			<DIFFUSE>0.5880000 0.5880000 0.5880000</DIFFUSE>
			<AMBIENT>0.5880000 0.5880000 0.5880000</AMBIENT>
			<SPECULAR>0.9000000 0.9000000 0.9000000</SPECULAR>
			<DIFFUSEMAP>../station/gzd_map_Sta_train004_2.bmp.dds</DIFFUSEMAP>
		</MATERIAL>
		<MATERIAL name="train3">
			<DIFFUSE>0.5880000 0.5880000 0.5880000</DIFFUSE>
			<AMBIENT>0.5880000 0.5880000 0.5880000</AMBIENT>
			<SPECULAR>0.9000000 0.9000000 0.9000000</SPECULAR>
			<DIFFUSEMAP>../station/gzd_map_Sta_train-link.bmp.dds</DIFFUSEMAP>
		</MATERIAL>
		<MATERIAL name="door01">
			<DIFFUSE>0.5880000 0.5880000 0.5880000</DIFFUSE>
			<AMBIENT>0.5880000 0.5880000 0.5880000</AMBIENT>
			<SPECULAR>0.9000000 0.9000000 0.9000000</SPECULAR>
			<DIFFUSEMAP>../factory/gzd_map_Factory_door01.bmp.dds</DIFFUSEMAP>
		</MATERIAL>
		<MATERIAL name="gzd_map_station_box002_1_mt_wod">
			<DIFFUSE>0.5880000 0.5880000 0.5880000</DIFFUSE>
			<AMBIENT>0.5880000 0.5880000 0.5880000</AMBIENT>
			<SPECULAR>0.9000000 0.9000000 0.9000000</SPECULAR>
			<DIFFUSEMAP>../station/gzd_map_Sta_box002_1.bmp.dds</DIFFUSEMAP>
		</MATERIAL>
		<MATERIAL name="crate05_mt_met">
			<DIFFUSE>0.5880000 0.5880000 0.5880000</DIFFUSE>
			<AMBIENT>0.5880000 0.5880000 0.5880000</AMBIENT>
			<SPECULAR>0.9000000 0.9000000 0.9000000</SPECULAR>
			<DIFFUSEMAP>../station/gzd_map_Sta_box005.bmp.dds</DIFFUSEMAP>
		</MATERIAL>
		<MATERIAL name="gzd_map_station_box001_1_mt_wod">
			<DIFFUSE>0.5880000 0.5880000 0.5880000</DIFFUSE>
			<AMBIENT>0.5880000 0.5880000 0.5880000</AMBIENT>
			<SPECULAR>0.9000000 0.9000000 0.9000000</SPECULAR>
			<DIFFUSEMAP>../station/gzd_map_Sta_box001_1.bmp.dds</DIFFUSEMAP>
		</MATERIAL>
		<MATERIAL name="barrel">
			<DIFFUSE>0.5882353 0.5882353 0.5882353</DIFFUSE>
			<AMBIENT>0.5882353 0.5882353 0.5882353</AMBIENT>
			<SPECULAR>0.9000000 0.9000000 0.9000000</SPECULAR>
			<DIFFUSEMAP>../high_haven/gzd_map_Haven_wood01.bmp.dds</DIFFUSEMAP>
		</MATERIAL>
		<MATERIAL name="car_mt_met">
			<DIFFUSE>0.5882353 0.5882353 0.5882353</DIFFUSE>
			<AMBIENT>0.5882353 0.5882353 0.5882353</AMBIENT>
			<SPECULAR>0.9000000 0.9000000 0.9000000</SPECULAR>
			<DIFFUSEMAP>../town/gzd_map_town_car_b02_1.bmp.dds</DIFFUSEMAP>
		</MATERIAL>
		<MATERIAL name="build21_mt_con">
			<DIFFUSE>0.5880000 0.5880000 0.5880000</DIFFUSE>
			<AMBIENT>0.5880000 0.5880000 0.5880000</AMBIENT>
			<SPECULAR>0.9000000 0.9000000 0.9000000</SPECULAR>
			<DIFFUSEMAP>../town/gzd_map_town_build20.bmp.dds</DIFFUSEMAP>
		</MATERIAL>
		<MATERIAL name="crate05_01">
			<DIFFUSE>0.5880000 0.5880000 0.5880000</DIFFUSE>
			<AMBIENT>0.5880000 0.5880000 0.5880000</AMBIENT>
			<SPECULAR>0.9000000 0.9000000 0.9000000</SPECULAR>
			<DIFFUSEMAP>../station/gzd_map_Sta_box005_1.bmp.dds</DIFFUSEMAP>
		</MATERIAL>
		<MATERIAL name="crate_mt_met">
			<DIFFUSE>0.5880000 0.5880000 0.5880000</DIFFUSE>
			<AMBIENT>0.5880000 0.5880000 0.5880000</AMBIENT>
			<SPECULAR>0.9000000 0.9000000 0.9000000</SPECULAR>
			<DIFFUSEMAP>../station/gzd_map_Sta_box004.bmp.dds</DIFFUSEMAP>
		</MATERIAL>
		<MATERIAL name="crate2_mt_met">
			<DIFFUSE>0.5880000 0.5880000 0.5880000</DIFFUSE>
			<AMBIENT>0.5880000 0.5880000 0.5880000</AMBIENT>
			<SPECULAR>0.9000000 0.9000000 0.9000000</SPECULAR>
			<DIFFUSEMAP>../station/gzd_map_Sta_box006.bmp.dds</DIFFUSEMAP>
		</MATERIAL>
		<MATERIAL name="build23_mt_con">
			<DIFFUSE>0.5880000 0.5880000 0.5880000</DIFFUSE>
			<AMBIENT>0.5880000 0.5880000 0.5880000</AMBIENT>
			<SPECULAR>0.9000000 0.9000000 0.9000000</SPECULAR>
			<DIFFUSEMAP>../town/gzd_map_town_build18.bmp.dds</DIFFUSEMAP>
		</MATERIAL>
		<MATERIAL name="light">
			<DIFFUSE>0.5880000 0.5880000 0.5880000</DIFFUSE>
			<AMBIENT>0.5880000 0.5880000 0.5880000</AMBIENT>
			<SPECULAR>0.9000000 0.9000000 0.9000000</SPECULAR>
			<DIFFUSEMAP>../mansion/gzd_map_Mansion_light01.bmp.dds</DIFFUSEMAP>
		</MATERIAL>
		<MATERIAL name="station_wall_02_mt_con">
			<DIFFUSE>0.5882353 0.5882353 0.5882353</DIFFUSE>
			<AMBIENT>0.5882353 0.5882353 0.5882353</AMBIENT>
			<SPECULAR>0.9000000 0.9000000 0.9000000</SPECULAR>
			<DIFFUSEMAP>../station/gzd_map_Sta_wall002.bmp.dds</DIFFUSEMAP>
		</MATERIAL>
		<MATERIAL name="window_mt_gls">
			<DIFFUSE>0.5882353 0.5882353 0.5882353</DIFFUSE>
			<AMBIENT>0.5882353 0.5882353 0.5882353</AMBIENT>
			<SPECULAR>0.9000000 0.9000000 0.9000000</SPECULAR>
			<DIFFUSEMAP>../station/gzd_map_Sta_H-gang001.bmp.dds</DIFFUSEMAP>
		</MATERIAL>
		<MATERIAL name="traindoor_mt_met">
			<DIFFUSE>0.5882353 0.5882353 0.5882353</DIFFUSE>
			<AMBIENT>0.5882353 0.5882353 0.5882353</AMBIENT>
			<SPECULAR>0.9000000 0.9000000 0.9000000</SPECULAR>
			<DIFFUSEMAP>../station/gzd_map_Sta_shutter001.bmp.dds</DIFFUSEMAP>
		</MATERIAL>
		<MATERIAL name="gzd_map_town_">
			<DIFFUSE>0.5880000 0.5880000 0.5880000</DIFFUSE>
			<AMBIENT>0.5880000 0.5880000 0.5880000</AMBIENT>
			<SPECULAR>0.9000000 0.9000000 0.9000000</SPECULAR>
			<DIFFUSEMAP>../town/gzd_map_town_build18_1.bmp.dds</DIFFUSEMAP>
		</MATERIAL>
		<MATERIAL name="gate2">
			<DIFFUSE>0.5882353 0.5882353 0.5882353</DIFFUSE>
			<AMBIENT>0.5882353 0.5882353 0.5882353</AMBIENT>
			<SPECULAR>0.9000000 0.9000000 0.9000000</SPECULAR>
			<DIFFUSEMAP>../station/gzd_map_Sta_shutter002.bmp.dds</DIFFUSEMAP>
		</MATERIAL>
		<MATERIAL name="cable">
			<DIFFUSE>0.5880000 0.5880000 0.5880000</DIFFUSE>
			<AMBIENT>0.5880000 0.5880000 0.5880000</AMBIENT>
			<SPECULAR>0.9000000 0.9000000 0.9000000</SPECULAR>
			<DIFFUSEMAP>../town/gzd_map_town_tele_pole01.tga.dds</DIFFUSEMAP>
			<TWOSIDED/>
			<USEOPACITY/>
		</MATERIAL>
		<MATERIAL name="snowman">
			<DIFFUSE>0.5880000 0.5880000 0.5880000</DIFFUSE>
			<AMBIENT>0.5880000 0.5880000 0.5880000</AMBIENT>
			<SPECULAR>0.9000000 0.9000000 0.9000000</SPECULAR>
			<DIFFUSEMAP>../snow_town/gzd_map_Snow_town_Snowman.bmp.dds</DIFFUSEMAP>
		</MATERIAL>
		<MATERIAL name="bell">
			<DIFFUSE>0.5880000 0.5880000 0.5880000</DIFFUSE>
			<AMBIENT>0.5880000 0.5880000 0.5880000</AMBIENT>
			<SPECULAR>0.9000000 0.9000000 0.9000000</SPECULAR>
			<DIFFUSEMAP>gzd_map_snow_wasteland_bell.dds</DIFFUSEMAP>
		</MATERIAL>
		<MATERIAL name="fade">
			<DIFFUSE>0.5880000 0.5880000 0.5880000</DIFFUSE>
			<AMBIENT>0.5880000 0.5880000 0.5880000</AMBIENT>
			<SPECULAR>0.9000000 0.9000000 0.9000000</SPECULAR>
			<DIFFUSEMAP>../battle arena/black.tga.dds</DIFFUSEMAP>
			<USEOPACITY/>
		</MATERIAL>
		<MATERIAL name="tree_mt_wod">
			<DIFFUSE>0.5880000 0.5880000 0.5880000</DIFFUSE>
			<AMBIENT>0.5880000 0.5880000 0.5880000</AMBIENT>
			<SPECULAR>0.9000000 0.9000000 0.9000000</SPECULAR>
			<DIFFUSEMAP>gzd_map_snow_wasteland_tree_snow.dds</DIFFUSEMAP>
			<TWOSIDED/>
			<USEOPACITY/>
			<USEALPHATEST/>
		</MATERIAL>
		<MATERIAL name="glow">
			<DIFFUSE>0.5880000 0.5880000 0.5880000</DIFFUSE>
			<AMBIENT>0.5880000 0.5880000 0.5880000</AMBIENT>
			<SPECULAR>0.9000000 0.9000000 0.9000000</SPECULAR>
			<DIFFUSEMAP>gzd_map_snow_wasteland_glow_fx01.dds</DIFFUSEMAP>
			<ADDITIVE/>
		</MATERIAL>
		<MATERIAL name="lamps_mt_met">
			<DIFFUSE>0.5880000 0.5880000 0.5880000</DIFFUSE>
			<AMBIENT>0.5880000 0.5880000 0.5880000</AMBIENT>
			<SPECULAR>0.9000000 0.9000000 0.9000000</SPECULAR>
			<DIFFUSEMAP>../prison/gzd_map_Prison_deco002.bmp.dds</DIFFUSEMAP>
		</MATERIAL>
		<MATERIAL name="bench_mt_wod">
			<DIFFUSE>0.5880000 0.5880000 0.5880000</DIFFUSE>
			<AMBIENT>0.5880000 0.5880000 0.5880000</AMBIENT>
			<SPECULAR>0.9000000 0.9000000 0.9000000</SPECULAR>
			<DIFFUSEMAP>../town/gzd_map_town_build16.bmp.dds</DIFFUSEMAP>
		</MATERIAL>
		<MATERIAL name="hedge_mt_gras">
			<DIFFUSE>0.5880000 0.5880000 0.5880000</DIFFUSE>
			<AMBIENT>0.5880000 0.5880000 0.5880000</AMBIENT>
			<SPECULAR>0.9000000 0.9000000 0.9000000</SPECULAR>
			<DIFFUSEMAP>../garden/gzd_map_Garden_wood01.bmp.dds</DIFFUSEMAP>
		</MATERIAL>
		<MATERIAL name="Standard_4">
			<DIFFUSE>0.5880000 0.5880000 0.5880000</DIFFUSE>
			<AMBIENT>0.5880000 0.5880000 0.5880000</AMBIENT>
			<SPECULAR>0.9000000 0.9000000 0.9000000</SPECULAR>
			<DIFFUSEMAP>gzd_map_snow_wasteland_sky_night.dds</DIFFUSEMAP>
		</MATERIAL>
		<MATERIAL name="tree_stem_mt_wod">
			<DIFFUSE>0.5880000 0.5880000 0.5880000</DIFFUSE>
			<AMBIENT>0.5880000 0.5880000 0.5880000</AMBIENT>
			<SPECULAR>0.9000000 0.9000000 0.9000000</SPECULAR>
			<DIFFUSEMAP>gzd_map_snow_wasteland_tree_snow.dds</DIFFUSEMAP>
		</MATERIAL>
		<MATERIAL name="fence_mt_met">
			<DIFFUSE>0.5882353 0.5882353 0.5882353</DIFFUSE>
			<AMBIENT>0.5882353 0.5882353 0.5882353</AMBIENT>
			<SPECULAR>0.9000000 0.9000000 0.9000000</SPECULAR>
			<DIFFUSEMAP>../prison/gzd_map_Prison_wire01.tga.dds</DIFFUSEMAP>
			<TWOSIDED/>
			<USEOPACITY/>
		</MATERIAL>
	</MATERIALLIST>
	<LIGHTLIST>
		<LIGHT name="Omni_global00">
			<POSITION>20000.0000000 20000.0000000 -20000.0000000</POSITION>
			<COLOR>0.3450980 0.3450980 0.8823530</COLOR>
			<INTENSITY>0.1500000</INTENSITY>
			<ATTENUATIONSTART>40000.0000000</ATTENUATIONSTART>
			<ATTENUATIONEND>40000.0000000</ATTENUATIONEND>
		</LIGHT>
		<LIGHT name="Omni_global01">
			<POSITION>-20000.0000000 20000.0000000 -20000.0000000</POSITION>
			<COLOR>0.3450980 0.3450980 0.8823530</COLOR>
			<INTENSITY>0.1500000</INTENSITY>
			<ATTENUATIONSTART>40000.0000000</ATTENUATIONSTART>
			<ATTENUATIONEND>40000.0000000</ATTENUATIONEND>
		</LIGHT>
		<LIGHT name="Omni_global02">
			<POSITION>20000.0000000 -20000.0000000 -20000.0000000</POSITION>
			<COLOR>0.3450980 0.3450980 0.8823530</COLOR>
			<INTENSITY>0.1500000</INTENSITY>
			<ATTENUATIONSTART>40000.0000000</ATTENUATIONSTART>
			<ATTENUATIONEND>40000.0000000</ATTENUATIONEND>
		</LIGHT>
		<LIGHT name="Omni_global03">
			<POSITION>-20000.0000000 -20000.0000000 -20000.0000000</POSITION>
			<COLOR>0.3450980 0.3450980 0.8823530</COLOR>
			<INTENSITY>0.1500000</INTENSITY>
			<ATTENUATIONSTART>40000.0000000</ATTENUATIONSTART>
			<ATTENUATIONEND>40000.0000000</ATTENUATIONEND>
		</LIGHT>
		<LIGHT name="Omni_global04">
			<POSITION>20000.0000000 -20000.0000000 20000.0000000</POSITION>
			<COLOR>0.3450980 0.3450980 0.8823530</COLOR>
			<INTENSITY>0.1500000</INTENSITY>
			<ATTENUATIONSTART>40000.0000000</ATTENUATIONSTART>
			<ATTENUATIONEND>40000.0000000</ATTENUATIONEND>
		</LIGHT>
		<LIGHT name="Omni_global05">
			<POSITION>-20000.0000000 -20000.0000000 20000.0000000</POSITION>
			<COLOR>0.3450980 0.3450980 0.8823530</COLOR>
			<INTENSITY>0.1500000</INTENSITY>
			<ATTENUATIONSTART>40000.0000000</ATTENUATIONSTART>
			<ATTENUATIONEND>40000.0000000</ATTENUATIONEND>
		</LIGHT>
		<LIGHT name="Omni_global06">
			<POSITION>-20000.0000000 20000.0000000 20000.0000000</POSITION>
			<COLOR>0.3450980 0.3450980 0.8823530</COLOR>
			<INTENSITY>0.1500000</INTENSITY>
			<ATTENUATIONSTART>40000.0000000</ATTENUATIONSTART>
			<ATTENUATIONEND>40000.0000000</ATTENUATIONEND>
		</LIGHT>
		<LIGHT name="Omni_global07">
			<POSITION>20000.0000000 20000.0000000 20000.0000000</POSITION>
			<COLOR>0.3450980 0.3450980 0.8823530</COLOR>
			<INTENSITY>0.1700000</INTENSITY>
			<ATTENUATIONSTART>40000.0000000</ATTENUATIONSTART>
			<ATTENUATIONEND>40000.0000000</ATTENUATIONEND>
		</LIGHT>
		<LIGHT name="Omni_lamp00">
			<POSITION>-1387.0000000 -274.9133301 809.4206543</POSITION>
			<COLOR>1.0000000 0.6627451 0.0000000</COLOR>
			<INTENSITY>0.6000000</INTENSITY>
			<ATTENUATIONSTART>150.0000000</ATTENUATIONSTART>
			<ATTENUATIONEND>350.0000000</ATTENUATIONEND>
			<CASTSHADOW/>
		</LIGHT>
		<LIGHT name="Omni_lamp01">
			<POSITION>1364.7611084 -275.0267944 809.4206543</POSITION>
			<COLOR>1.0000000 0.6627451 0.0000000</COLOR>
			<INTENSITY>0.6000000</INTENSITY>
			<ATTENUATIONSTART>150.0000000</ATTENUATIONSTART>
			<ATTENUATIONEND>350.0000000</ATTENUATIONEND>
			<CASTSHADOW/>
		</LIGHT>
		<LIGHT name="Omni_lamp02">
			<POSITION>2945.8891602 860.0000000 809.3764648</POSITION>
			<COLOR>1.0000000 0.6627451 0.0000000</COLOR>
			<INTENSITY>0.6000000</INTENSITY>
			<ATTENUATIONSTART>150.0000000</ATTENUATIONSTART>
			<ATTENUATIONEND>350.0000000</ATTENUATIONEND>
			<CASTSHADOW/>
		</LIGHT>
		<LIGHT name="Omni_lamp03">
			<POSITION>1831.8911133 -2340.0000000 808.6231689</POSITION>
			<COLOR>1.0000000 0.6627451 0.0000000</COLOR>
			<INTENSITY>0.6000000</INTENSITY>
			<ATTENUATIONSTART>150.0000000</ATTENUATIONSTART>
			<ATTENUATIONEND>350.0000000</ATTENUATIONEND>
			<CASTSHADOW/>
		</LIGHT>
		<LIGHT name="Omni_lamp04">
			<POSITION>-1853.4438477 -2340.0000000 809.3951416</POSITION>
			<COLOR>1.0000000 0.6627451 0.0000000</COLOR>
			<INTENSITY>0.6000000</INTENSITY>
			<ATTENUATIONSTART>150.0000000</ATTENUATIONSTART>
			<ATTENUATIONEND>350.0000000</ATTENUATIONEND>
			<CASTSHADOW/>
		</LIGHT>
		<LIGHT name="Omni_lamp05">
			<POSITION>3703.0000000 -868.1607666 655.2619629</POSITION>
			<COLOR>1.0000000 0.6627451 0.0000000</COLOR>
			<INTENSITY>0.6000000</INTENSITY>
			<ATTENUATIONSTART>150.0000000</ATTENUATIONSTART>
			<ATTENUATIONEND>350.0000000</ATTENUATIONEND>
			<CASTSHADOW/>
		</LIGHT>
		<LIGHT name="Omni_lamp06">
			<POSITION>-2840.7329102 860.0000000 788.9840698</POSITION>
			<COLOR>1.0000000 0.6627451 0.0000000</COLOR>
			<INTENSITY>0.6000000</INTENSITY>
			<ATTENUATIONSTART>150.0000000</ATTENUATIONSTART>
			<ATTENUATIONEND>350.0000000</ATTENUATIONEND>
			<CASTSHADOW/>
		</LIGHT>
		<LIGHT name="Omni_lamp07">
			<POSITION>-3499.3356934 -1046.0249023 929.3341064</POSITION>
			<COLOR>1.0000000 0.6627451 0.0000000</COLOR>
			<INTENSITY>0.6000000</INTENSITY>
			<ATTENUATIONSTART>150.0000000</ATTENUATIONSTART>
			<ATTENUATIONEND>350.0000000</ATTENUATIONEND>
			<CASTSHADOW/>
		</LIGHT>
		<LIGHT name="Omni_ground00">
			<POSITION>-2627.0000000 930.0000000 248.0000000</POSITION>
			<COLOR>1.0000000 0.6627451 0.0000000</COLOR>
			<INTENSITY>0.3000000</INTENSITY>
			<ATTENUATIONSTART>100.0000000</ATTENUATIONSTART>
			<ATTENUATIONEND>350.0000000</ATTENUATIONEND>
		</LIGHT>
		<LIGHT name="Omni_ground01">
			<POSITION>-2627.0000000 790.0000000 248.0000000</POSITION>
			<COLOR>1.0000000 0.6627451 0.0000000</COLOR>
			<INTENSITY>0.3000000</INTENSITY>
			<ATTENUATIONSTART>100.0000000</ATTENUATIONSTART>
			<ATTENUATIONEND>350.0000000</ATTENUATIONEND>
		</LIGHT>
		<LIGHT name="Omni_ground02">
			<POSITION>-2767.0000000 930.0000000 248.0000000</POSITION>
			<COLOR>1.0000000 0.6627451 0.0000000</COLOR>
			<INTENSITY>0.3000000</INTENSITY>
			<ATTENUATIONSTART>100.0000000</ATTENUATIONSTART>
			<ATTENUATIONEND>350.0000000</ATTENUATIONEND>
		</LIGHT>
		<LIGHT name="Omni_ground03">
			<POSITION>-2767.0000000 790.0000000 248.0000000</POSITION>
			<COLOR>1.0000000 0.6627451 0.0000000</COLOR>
			<INTENSITY>0.3000000</INTENSITY>
			<ATTENUATIONSTART>100.0000000</ATTENUATIONSTART>
			<ATTENUATIONEND>350.0000000</ATTENUATIONEND>
		</LIGHT>
		<LIGHT name="Omni_ground04">
			<POSITION>2733.0000000 790.0000000 248.0000000</POSITION>
			<COLOR>1.0000000 0.6627451 0.0000000</COLOR>
			<INTENSITY>0.3000000</INTENSITY>
			<ATTENUATIONSTART>100.0000000</ATTENUATIONSTART>
			<ATTENUATIONEND>350.0000000</ATTENUATIONEND>
		</LIGHT>
		<LIGHT name="Omni_ground05">
			<POSITION>2873.0000000 790.0000000 248.0000000</POSITION>
			<COLOR>1.0000000 0.6627451 0.0000000</COLOR>
			<INTENSITY>0.3000000</INTENSITY>
			<ATTENUATIONSTART>100.0000000</ATTENUATIONSTART>
			<ATTENUATIONEND>350.0000000</ATTENUATIONEND>
		</LIGHT>
		<LIGHT name="Omni_ground06">
			<POSITION>2873.0000000 930.0000000 248.0000000</POSITION>
			<COLOR>1.0000000 0.6627451 0.0000000</COLOR>
			<INTENSITY>0.3000000</INTENSITY>
			<ATTENUATIONSTART>100.0000000</ATTENUATIONSTART>
			<ATTENUATIONEND>350.0000000</ATTENUATIONEND>
		</LIGHT>
		<LIGHT name="Omni_ground07">
			<POSITION>2733.0000000 930.0000000 248.0000000</POSITION>
			<COLOR>1.0000000 0.6627451 0.0000000</COLOR>
			<INTENSITY>0.3000000</INTENSITY>
			<ATTENUATIONSTART>100.0000000</ATTENUATIONSTART>
			<ATTENUATIONEND>350.0000000</ATTENUATIONEND>
		</LIGHT>
		<LIGHT name="Omni_ground08">
			<POSITION>3633.0000000 -1110.0000000 448.0000000</POSITION>
			<COLOR>1.0000000 0.6627451 0.0000000</COLOR>
			<INTENSITY>0.3000000</INTENSITY>
			<ATTENUATIONSTART>100.0000000</ATTENUATIONSTART>
			<ATTENUATIONEND>350.0000000</ATTENUATIONEND>
		</LIGHT>
		<LIGHT name="Omni_ground09">
			<POSITION>3773.0000000 -1110.0000000 448.0000000</POSITION>
			<COLOR>1.0000000 0.6627451 0.0000000</COLOR>
			<INTENSITY>0.3000000</INTENSITY>
			<ATTENUATIONSTART>100.0000000</ATTENUATIONSTART>
			<ATTENUATIONEND>350.0000000</ATTENUATIONEND>
		</LIGHT>
		<LIGHT name="Omni_ground10">
			<POSITION>3773.0000000 -970.0000000 448.0000000</POSITION>
			<COLOR>1.0000000 0.6627451 0.0000000</COLOR>
			<INTENSITY>0.3000000</INTENSITY>
			<ATTENUATIONSTART>100.0000000</ATTENUATIONSTART>
			<ATTENUATIONEND>350.0000000</ATTENUATIONEND>
		</LIGHT>
		<LIGHT name="Omni_ground11">
			<POSITION>3633.0000000 -970.0000000 448.0000000</POSITION>
			<COLOR>1.0000000 0.6627451 0.0000000</COLOR>
			<INTENSITY>0.3000000</INTENSITY>
			<ATTENUATIONSTART>100.0000000</ATTENUATIONSTART>
			<ATTENUATIONEND>350.0000000</ATTENUATIONEND>
		</LIGHT>
		<LIGHT name="Omni_ground12">
			<POSITION>1293.0000000 -520.0000000 448.0000000</POSITION>
			<COLOR>1.0000000 0.6627451 0.0000000</COLOR>
			<INTENSITY>0.3000000</INTENSITY>
			<ATTENUATIONSTART>100.0000000</ATTENUATIONSTART>
			<ATTENUATIONEND>350.0000000</ATTENUATIONEND>
		</LIGHT>
		<LIGHT name="Omni_ground13">
			<POSITION>1433.0000000 -520.0000000 448.0000000</POSITION>
			<COLOR>1.0000000 0.6627451 0.0000000</COLOR>
			<INTENSITY>0.3000000</INTENSITY>
			<ATTENUATIONSTART>100.0000000</ATTENUATIONSTART>
			<ATTENUATIONEND>350.0000000</ATTENUATIONEND>
		</LIGHT>
		<LIGHT name="Omni_ground14">
			<POSITION>1433.0000000 -380.0000000 448.0000000</POSITION>
			<COLOR>1.0000000 0.6627451 0.0000000</COLOR>
			<INTENSITY>0.3000000</INTENSITY>
			<ATTENUATIONSTART>100.0000000</ATTENUATIONSTART>
			<ATTENUATIONEND>350.0000000</ATTENUATIONEND>
		</LIGHT>
		<LIGHT name="Omni_ground15">
			<POSITION>1293.0000000 -380.0000000 448.0000000</POSITION>
			<COLOR>1.0000000 0.6627451 0.0000000</COLOR>
			<INTENSITY>0.3000000</INTENSITY>
			<ATTENUATIONSTART>100.0000000</ATTENUATIONSTART>
			<ATTENUATIONEND>350.0000000</ATTENUATIONEND>
		</LIGHT>
		<LIGHT name="Omni_ground16">
			<POSITION>-1457.0000000 -520.0000000 448.0000000</POSITION>
			<COLOR>1.0000000 0.6627451 0.0000000</COLOR>
			<INTENSITY>0.3000000</INTENSITY>
			<ATTENUATIONSTART>100.0000000</ATTENUATIONSTART>
			<ATTENUATIONEND>350.0000000</ATTENUATIONEND>
		</LIGHT>
		<LIGHT name="Omni_ground17">
			<POSITION>-1317.0000000 -520.0000000 448.0000000</POSITION>
			<COLOR>1.0000000 0.6627451 0.0000000</COLOR>
			<INTENSITY>0.3000000</INTENSITY>
			<ATTENUATIONSTART>100.0000000</ATTENUATIONSTART>
			<ATTENUATIONEND>350.0000000</ATTENUATIONEND>
		</LIGHT>
		<LIGHT name="Omni_ground18">
			<POSITION>-1317.0000000 -380.0000000 448.0000000</POSITION>
			<COLOR>1.0000000 0.6627451 0.0000000</COLOR>
			<INTENSITY>0.3000000</INTENSITY>
			<ATTENUATIONSTART>100.0000000</ATTENUATIONSTART>
			<ATTENUATIONEND>350.0000000</ATTENUATIONEND>
		</LIGHT>
		<LIGHT name="Omni_ground19">
			<POSITION>-1457.0000000 -380.0000000 448.0000000</POSITION>
			<COLOR>1.0000000 0.6627451 0.0000000</COLOR>
			<INTENSITY>0.3000000</INTENSITY>
			<ATTENUATIONSTART>100.0000000</ATTENUATIONSTART>
			<ATTENUATIONEND>350.0000000</ATTENUATIONEND>
		</LIGHT>
		<LIGHT name="Omni_ground20">
			<POSITION>1873.0000000 -2410.0000000 448.0000000</POSITION>
			<COLOR>1.0000000 0.6627451 0.0000000</COLOR>
			<INTENSITY>0.3000000</INTENSITY>
			<ATTENUATIONSTART>100.0000000</ATTENUATIONSTART>
			<ATTENUATIONEND>350.0000000</ATTENUATIONEND>
		</LIGHT>
		<LIGHT name="Omni_ground21">
			<POSITION>2013.0000000 -2410.0000000 448.0000000</POSITION>
			<COLOR>1.0000000 0.6627451 0.0000000</COLOR>
			<INTENSITY>0.3000000</INTENSITY>
			<ATTENUATIONSTART>100.0000000</ATTENUATIONSTART>
			<ATTENUATIONEND>350.0000000</ATTENUATIONEND>
		</LIGHT>
		<LIGHT name="Omni_ground22">
			<POSITION>2013.0000000 -2270.0000000 448.0000000</POSITION>
			<COLOR>1.0000000 0.6627451 0.0000000</COLOR>
			<INTENSITY>0.3000000</INTENSITY>
			<ATTENUATIONSTART>100.0000000</ATTENUATIONSTART>
			<ATTENUATIONEND>350.0000000</ATTENUATIONEND>
		</LIGHT>
		<LIGHT name="Omni_ground23">
			<POSITION>1873.0000000 -2270.0000000 448.0000000</POSITION>
			<COLOR>1.0000000 0.6627451 0.0000000</COLOR>
			<INTENSITY>0.3000000</INTENSITY>
			<ATTENUATIONSTART>100.0000000</ATTENUATIONSTART>
			<ATTENUATIONEND>350.0000000</ATTENUATIONEND>
		</LIGHT>
		<LIGHT name="Omni_ground24">
			<POSITION>-2037.0000000 -2410.0000000 448.0000000</POSITION>
			<COLOR>1.0000000 0.6627451 0.0000000</COLOR>
			<INTENSITY>0.3000000</INTENSITY>
			<ATTENUATIONSTART>100.0000000</ATTENUATIONSTART>
			<ATTENUATIONEND>350.0000000</ATTENUATIONEND>
		</LIGHT>
		<LIGHT name="Omni_ground25">
			<POSITION>-1897.0000000 -2410.0000000 448.0000000</POSITION>
			<COLOR>1.0000000 0.6627451 0.0000000</COLOR>
			<INTENSITY>0.3000000</INTENSITY>
			<ATTENUATIONSTART>100.0000000</ATTENUATIONSTART>
			<ATTENUATIONEND>350.0000000</ATTENUATIONEND>
		</LIGHT>
		<LIGHT name="Omni_ground26">
			<POSITION>-1897.0000000 -2270.0000000 448.0000000</POSITION>
			<COLOR>1.0000000 0.6627451 0.0000000</COLOR>
			<INTENSITY>0.3000000</INTENSITY>
			<ATTENUATIONSTART>100.0000000</ATTENUATIONSTART>
			<ATTENUATIONEND>350.0000000</ATTENUATIONEND>
		</LIGHT>
		<LIGHT name="Omni_ground27">
			<POSITION>-2037.0000000 -2270.0000000 448.0000000</POSITION>
			<COLOR>1.0000000 0.6627451 0.0000000</COLOR>
			<INTENSITY>0.3000000</INTENSITY>
			<ATTENUATIONSTART>100.0000000</ATTENUATIONSTART>
			<ATTENUATIONEND>350.0000000</ATTENUATIONEND>
		</LIGHT>
		<LIGHT name="Omni_ground28">
			<POSITION>-3567.0000000 -1230.0000000 448.0000000</POSITION>
			<COLOR>1.0000000 0.6627451 0.0000000</COLOR>
			<INTENSITY>0.3000000</INTENSITY>
			<ATTENUATIONSTART>100.0000000</ATTENUATIONSTART>
			<ATTENUATIONEND>350.0000000</ATTENUATIONEND>
		</LIGHT>
		<LIGHT name="Omni_ground29">
			<POSITION>-3427.0000000 -1230.0000000 448.0000000</POSITION>
			<COLOR>1.0000000 0.6627451 0.0000000</COLOR>
			<INTENSITY>0.3000000</INTENSITY>
			<ATTENUATIONSTART>100.0000000</ATTENUATIONSTART>
			<ATTENUATIONEND>350.0000000</ATTENUATIONEND>
		</LIGHT>
		<LIGHT name="Omni_ground30">
			<POSITION>-3427.0000000 -1090.0000000 448.0000000</POSITION>
			<COLOR>1.0000000 0.6627451 0.0000000</COLOR>
			<INTENSITY>0.3000000</INTENSITY>
			<ATTENUATIONSTART>100.0000000</ATTENUATIONSTART>
			<ATTENUATIONEND>350.0000000</ATTENUATIONEND>
		</LIGHT>
		<LIGHT name="Omni_ground31">
			<POSITION>-3567.0000000 -1090.0000000 448.0000000</POSITION>
			<COLOR>1.0000000 0.6627451 0.0000000</COLOR>
			<INTENSITY>0.3000000</INTENSITY>
			<ATTENUATIONSTART>100.0000000</ATTENUATIONSTART>
			<ATTENUATIONEND>350.0000000</ATTENUATIONEND>
		</LIGHT>
		<LIGHT name="Omni_station_00">
			<POSITION>783.0000000 3035.3894043 588.0000000</POSITION>
			<COLOR>1.0000000 1.0000000 1.0000000</COLOR>
			<INTENSITY>0.5000000</INTENSITY>
			<ATTENUATIONSTART>100.0000000</ATTENUATIONSTART>
			<ATTENUATIONEND>200.0000000</ATTENUATIONEND>
			<CASTSHADOW/>
		</LIGHT>
		<LIGHT name="Omni_station_01">
			<POSITION>913.0000000 3035.3894043 588.0000000</POSITION>
			<COLOR>1.0000000 1.0000000 1.0000000</COLOR>
			<INTENSITY>0.5000000</INTENSITY>
			<ATTENUATIONSTART>100.0000000</ATTENUATIONSTART>
			<ATTENUATIONEND>200.0000000</ATTENUATIONEND>
			<CASTSHADOW/>
		</LIGHT>
		<LIGHT name="Omni_station_02">
			<POSITION>1053.0000000 3035.3894043 588.0000000</POSITION>
			<COLOR>1.0000000 1.0000000 1.0000000</COLOR>
			<INTENSITY>0.5000000</INTENSITY>
			<ATTENUATIONSTART>100.0000000</ATTENUATIONSTART>
			<ATTENUATIONEND>200.0000000</ATTENUATIONEND>
			<CASTSHADOW/>
		</LIGHT>
		<LIGHT name="Omni_station_03">
			<POSITION>123.0000000 3035.3894043 588.0000000</POSITION>
			<COLOR>1.0000000 1.0000000 1.0000000</COLOR>
			<INTENSITY>0.5000000</INTENSITY>
			<ATTENUATIONSTART>100.0000000</ATTENUATIONSTART>
			<ATTENUATIONEND>200.0000000</ATTENUATIONEND>
			<CASTSHADOW/>
		</LIGHT>
		<LIGHT name="Omni_station_04">
			<POSITION>-17.0000000 3035.3894043 588.0000000</POSITION>
			<COLOR>1.0000000 1.0000000 1.0000000</COLOR>
			<INTENSITY>0.5000000</INTENSITY>
			<ATTENUATIONSTART>100.0000000</ATTENUATIONSTART>
			<ATTENUATIONEND>200.0000000</ATTENUATIONEND>
			<CASTSHADOW/>
		</LIGHT>
		<LIGHT name="Omni_station_05">
			<POSITION>-147.0000000 3035.3894043 588.0000000</POSITION>
			<COLOR>1.0000000 1.0000000 1.0000000</COLOR>
			<INTENSITY>0.5000000</INTENSITY>
			<ATTENUATIONSTART>100.0000000</ATTENUATIONSTART>
			<ATTENUATIONEND>200.0000000</ATTENUATIONEND>
			<CASTSHADOW/>
		</LIGHT>
		<LIGHT name="Omni_station_06">
			<POSITION>-807.0000000 3035.3894043 588.0000000</POSITION>
			<COLOR>1.0000000 1.0000000 1.0000000</COLOR>
			<INTENSITY>0.5000000</INTENSITY>
			<ATTENUATIONSTART>100.0000000</ATTENUATIONSTART>
			<ATTENUATIONEND>200.0000000</ATTENUATIONEND>
			<CASTSHADOW/>
		</LIGHT>
		<LIGHT name="Omni_station_07">
			<POSITION>-947.0000000 3035.3894043 588.0000000</POSITION>
			<COLOR>1.0000000 1.0000000 1.0000000</COLOR>
			<INTENSITY>0.5000000</INTENSITY>
			<ATTENUATIONSTART>100.0000000</ATTENUATIONSTART>
			<ATTENUATIONEND>200.0000000</ATTENUATIONEND>
			<CASTSHADOW/>
		</LIGHT>
		<LIGHT name="Omni_station_08">
			<POSITION>-1077.0000000 3035.3894043 588.0000000</POSITION>
			<COLOR>1.0000000 1.0000000 1.0000000</COLOR>
			<INTENSITY>0.5000000</INTENSITY>
			<ATTENUATIONSTART>100.0000000</ATTENUATIONSTART>
			<ATTENUATIONEND>200.0000000</ATTENUATIONEND>
			<CASTSHADOW/>
		</LIGHT>
		<LIGHT name="Omni_window00">
			<POSITION>2943.0000000 1410.0000000 468.0000000</POSITION>
			<COLOR>1.0000000 0.6627451 0.0000000</COLOR>
			<INTENSITY>0.3000000</INTENSITY>
			<ATTENUATIONSTART>75.0000000</ATTENUATIONSTART>
			<ATTENUATIONEND>300.0000000</ATTENUATIONEND>
		</LIGHT>
		<LIGHT name="Omni_window01">
			<POSITION>2943.0000000 1530.0000000 468.0000000</POSITION>
			<COLOR>1.0000000 0.6627451 0.0000000</COLOR>
			<INTENSITY>0.3000000</INTENSITY>
			<ATTENUATIONSTART>75.0000000</ATTENUATIONSTART>
			<ATTENUATIONEND>300.0000000</ATTENUATIONEND>
		</LIGHT>
		<LIGHT name="Omni_window02">
			<POSITION>2943.0000000 1650.0000000 468.0000000</POSITION>
			<COLOR>1.0000000 0.6627451 0.0000000</COLOR>
			<INTENSITY>0.3000000</INTENSITY>
			<ATTENUATIONSTART>75.0000000</ATTENUATIONSTART>
			<ATTENUATIONEND>300.0000000</ATTENUATIONEND>
		</LIGHT>
		<LIGHT name="Omni_window03">
			<POSITION>2943.0000000 1650.0000000 768.0000000</POSITION>
			<COLOR>1.0000000 0.6627451 0.0000000</COLOR>
			<INTENSITY>0.3000000</INTENSITY>
			<ATTENUATIONSTART>75.0000000</ATTENUATIONSTART>
			<ATTENUATIONEND>300.0000000</ATTENUATIONEND>
		</LIGHT>
		<LIGHT name="Omni_window04">
			<POSITION>2943.0000000 1530.0000000 768.0000000</POSITION>
			<COLOR>1.0000000 0.6627451 0.0000000</COLOR>
			<INTENSITY>0.3000000</INTENSITY>
			<ATTENUATIONSTART>75.0000000</ATTENUATIONSTART>
			<ATTENUATIONEND>300.0000000</ATTENUATIONEND>
		</LIGHT>
		<LIGHT name="Omni_window05">
			<POSITION>2943.0000000 1410.0000000 768.0000000</POSITION>
			<COLOR>1.0000000 0.6627451 0.0000000</COLOR>
			<INTENSITY>0.3000000</INTENSITY>
			<ATTENUATIONSTART>75.0000000</ATTENUATIONSTART>
			<ATTENUATIONEND>300.0000000</ATTENUATIONEND>
		</LIGHT>
		<LIGHT name="Omni_window06">
			<POSITION>2943.0000000 1650.0000000 668.0000000</POSITION>
			<COLOR>1.0000000 0.6627451 0.0000000</COLOR>
			<INTENSITY>0.3000000</INTENSITY>
			<ATTENUATIONSTART>75.0000000</ATTENUATIONSTART>
			<ATTENUATIONEND>300.0000000</ATTENUATIONEND>
		</LIGHT>
		<LIGHT name="Omni_window07">
			<POSITION>2943.0000000 1530.0000000 668.0000000</POSITION>
			<COLOR>1.0000000 0.6627451 0.0000000</COLOR>
			<INTENSITY>0.3000000</INTENSITY>
			<ATTENUATIONSTART>75.0000000</ATTENUATIONSTART>
			<ATTENUATIONEND>300.0000000</ATTENUATIONEND>
		</LIGHT>
		<LIGHT name="Omni_window08">
			<POSITION>2943.0000000 1410.0000000 668.0000000</POSITION>
			<COLOR>1.0000000 0.6627451 0.0000000</COLOR>
			<INTENSITY>0.3000000</INTENSITY>
			<ATTENUATIONSTART>75.0000000</ATTENUATIONSTART>
			<ATTENUATIONEND>300.0000000</ATTENUATIONEND>
		</LIGHT>
		<LIGHT name="Omni_window09">
			<POSITION>2943.0000000 1650.0000000 568.0000000</POSITION>
			<COLOR>1.0000000 0.6627451 0.0000000</COLOR>
			<INTENSITY>0.3000000</INTENSITY>
			<ATTENUATIONSTART>75.0000000</ATTENUATIONSTART>
			<ATTENUATIONEND>300.0000000</ATTENUATIONEND>
		</LIGHT>
		<LIGHT name="Omni_window10">
			<POSITION>2943.0000000 1530.0000000 568.0000000</POSITION>
			<COLOR>1.0000000 0.6627451 0.0000000</COLOR>
			<INTENSITY>0.3000000</INTENSITY>
			<ATTENUATIONSTART>75.0000000</ATTENUATIONSTART>
			<ATTENUATIONEND>300.0000000</ATTENUATIONEND>
		</LIGHT>
		<LIGHT name="Omni_window11">
			<POSITION>2943.0000000 1410.0000000 568.0000000</POSITION>
			<COLOR>1.0000000 0.6627451 0.0000000</COLOR>
			<INTENSITY>0.3000000</INTENSITY>
			<ATTENUATIONSTART>75.0000000</ATTENUATIONSTART>
			<ATTENUATIONEND>300.0000000</ATTENUATIONEND>
		</LIGHT>
		<LIGHT name="Omni_window12">
			<POSITION>2943.0000000 -510.0000000 768.0000000</POSITION>
			<COLOR>1.0000000 0.6627451 0.0000000</COLOR>
			<INTENSITY>0.3000000</INTENSITY>
			<ATTENUATIONSTART>75.0000000</ATTENUATIONSTART>
			<ATTENUATIONEND>300.0000000</ATTENUATIONEND>
		</LIGHT>
		<LIGHT name="Omni_window13">
			<POSITION>2943.0000000 -390.0000000 768.0000000</POSITION>
			<COLOR>1.0000000 0.6627451 0.0000000</COLOR>
			<INTENSITY>0.3000000</INTENSITY>
			<ATTENUATIONSTART>75.0000000</ATTENUATIONSTART>
			<ATTENUATIONEND>300.0000000</ATTENUATIONEND>
		</LIGHT>
		<LIGHT name="Omni_window14">
			<POSITION>2943.0000000 -270.0000000 768.0000000</POSITION>
			<COLOR>1.0000000 0.6627451 0.0000000</COLOR>
			<INTENSITY>0.3000000</INTENSITY>
			<ATTENUATIONSTART>75.0000000</ATTENUATIONSTART>
			<ATTENUATIONEND>300.0000000</ATTENUATIONEND>
		</LIGHT>
		<LIGHT name="Omni_window15">
			<POSITION>2943.0000000 -270.0000000 668.0000000</POSITION>
			<COLOR>1.0000000 0.6627451 0.0000000</COLOR>
			<INTENSITY>0.3000000</INTENSITY>
			<ATTENUATIONSTART>75.0000000</ATTENUATIONSTART>
			<ATTENUATIONEND>300.0000000</ATTENUATIONEND>
		</LIGHT>
		<LIGHT name="Omni_window16">
			<POSITION>2943.0000000 -390.0000000 668.0000000</POSITION>
			<COLOR>1.0000000 0.6627451 0.0000000</COLOR>
			<INTENSITY>0.3000000</INTENSITY>
			<ATTENUATIONSTART>75.0000000</ATTENUATIONSTART>
			<ATTENUATIONEND>300.0000000</ATTENUATIONEND>
		</LIGHT>
		<LIGHT name="Omni_window17">
			<POSITION>2943.0000000 -510.0000000 668.0000000</POSITION>
			<COLOR>1.0000000 0.6627451 0.0000000</COLOR>
			<INTENSITY>0.3000000</INTENSITY>
			<ATTENUATIONSTART>75.0000000</ATTENUATIONSTART>
			<ATTENUATIONEND>300.0000000</ATTENUATIONEND>
		</LIGHT>
		<LIGHT name="Omni_window18">
			<POSITION>2943.0000000 -510.0000000 568.0000000</POSITION>
			<COLOR>1.0000000 0.6627451 0.0000000</COLOR>
			<INTENSITY>0.3000000</INTENSITY>
			<ATTENUATIONSTART>75.0000000</ATTENUATIONSTART>
			<ATTENUATIONEND>300.0000000</ATTENUATIONEND>
		</LIGHT>
		<LIGHT name="Omni_window19">
			<POSITION>2943.0000000 -510.0000000 468.0000000</POSITION>
			<COLOR>1.0000000 0.6627451 0.0000000</COLOR>
			<INTENSITY>0.3000000</INTENSITY>
			<ATTENUATIONSTART>75.0000000</ATTENUATIONSTART>
			<ATTENUATIONEND>300.0000000</ATTENUATIONEND>
		</LIGHT>
		<LIGHT name="Omni_window20">
			<POSITION>2943.0000000 -390.0000000 468.0000000</POSITION>
			<COLOR>1.0000000 0.6627451 0.0000000</COLOR>
			<INTENSITY>0.3000000</INTENSITY>
			<ATTENUATIONSTART>75.0000000</ATTENUATIONSTART>
			<ATTENUATIONEND>300.0000000</ATTENUATIONEND>
		</LIGHT>
		<LIGHT name="Omni_window21">
			<POSITION>2943.0000000 -390.0000000 568.0000000</POSITION>
			<COLOR>1.0000000 0.6627451 0.0000000</COLOR>
			<INTENSITY>0.3000000</INTENSITY>
			<ATTENUATIONSTART>75.0000000</ATTENUATIONSTART>
			<ATTENUATIONEND>300.0000000</ATTENUATIONEND>
		</LIGHT>
		<LIGHT name="Omni_window22">
			<POSITION>2943.0000000 -270.0000000 568.0000000</POSITION>
			<COLOR>1.0000000 0.6627451 0.0000000</COLOR>
			<INTENSITY>0.3000000</INTENSITY>
			<ATTENUATIONSTART>75.0000000</ATTENUATIONSTART>
			<ATTENUATIONEND>300.0000000</ATTENUATIONEND>
		</LIGHT>
		<LIGHT name="Omni_window23">
			<POSITION>2943.0000000 -270.0000000 468.0000000</POSITION>
			<COLOR>1.0000000 0.6627451 0.0000000</COLOR>
			<INTENSITY>0.3000000</INTENSITY>
			<ATTENUATIONSTART>75.0000000</ATTENUATIONSTART>
			<ATTENUATIONEND>300.0000000</ATTENUATIONEND>
		</LIGHT>
		<LIGHT name="Omni_window24">
			<POSITION>-2067.0000000 2850.0000000 768.0000000</POSITION>
			<COLOR>1.0000000 0.6627451 0.0000000</COLOR>
			<INTENSITY>0.3000000</INTENSITY>
			<ATTENUATIONSTART>75.0000000</ATTENUATIONSTART>
			<ATTENUATIONEND>300.0000000</ATTENUATIONEND>
		</LIGHT>
		<LIGHT name="Omni_window25">
			<POSITION>-2187.0000000 2850.0000000 768.0000000</POSITION>
			<COLOR>1.0000000 0.6627451 0.0000000</COLOR>
			<INTENSITY>0.3000000</INTENSITY>
			<ATTENUATIONSTART>75.0000000</ATTENUATIONSTART>
			<ATTENUATIONEND>300.0000000</ATTENUATIONEND>
		</LIGHT>
		<LIGHT name="Omni_window26">
			<POSITION>-2307.0000000 2850.0000000 768.0000000</POSITION>
			<COLOR>1.0000000 0.6627451 0.0000000</COLOR>
			<INTENSITY>0.3000000</INTENSITY>
			<ATTENUATIONSTART>75.0000000</ATTENUATIONSTART>
			<ATTENUATIONEND>300.0000000</ATTENUATIONEND>
		</LIGHT>
		<LIGHT name="Omni_window27">
			<POSITION>-2307.0000000 2850.0000000 668.0000000</POSITION>
			<COLOR>1.0000000 0.6627451 0.0000000</COLOR>
			<INTENSITY>0.3000000</INTENSITY>
			<ATTENUATIONSTART>75.0000000</ATTENUATIONSTART>
			<ATTENUATIONEND>300.0000000</ATTENUATIONEND>
		</LIGHT>
		<LIGHT name="Omni_window28">
			<POSITION>-2187.0000000 2850.0000000 668.0000000</POSITION>
			<COLOR>1.0000000 0.6627451 0.0000000</COLOR>
			<INTENSITY>0.3000000</INTENSITY>
			<ATTENUATIONSTART>75.0000000</ATTENUATIONSTART>
			<ATTENUATIONEND>300.0000000</ATTENUATIONEND>
		</LIGHT>
		<LIGHT name="Omni_window29">
			<POSITION>-2067.0000000 2850.0000000 668.0000000</POSITION>
			<COLOR>1.0000000 0.6627451 0.0000000</COLOR>
			<INTENSITY>0.3000000</INTENSITY>
			<ATTENUATIONSTART>75.0000000</ATTENUATIONSTART>
			<ATTENUATIONEND>300.0000000</ATTENUATIONEND>
		</LIGHT>
		<LIGHT name="Omni_window30">
			<POSITION>-2067.0000000 2850.0000000 568.0000000</POSITION>
			<COLOR>1.0000000 0.6627451 0.0000000</COLOR>
			<INTENSITY>0.3000000</INTENSITY>
			<ATTENUATIONSTART>75.0000000</ATTENUATIONSTART>
			<ATTENUATIONEND>300.0000000</ATTENUATIONEND>
		</LIGHT>
		<LIGHT name="Omni_window31">
			<POSITION>-2067.0000000 2850.0000000 468.0000000</POSITION>
			<COLOR>1.0000000 0.6627451 0.0000000</COLOR>
			<INTENSITY>0.3000000</INTENSITY>
			<ATTENUATIONSTART>75.0000000</ATTENUATIONSTART>
			<ATTENUATIONEND>300.0000000</ATTENUATIONEND>
		</LIGHT>
		<LIGHT name="Omni_window32">
			<POSITION>-2187.0000000 2850.0000000 468.0000000</POSITION>
			<COLOR>1.0000000 0.6627451 0.0000000</COLOR>
			<INTENSITY>0.3000000</INTENSITY>
			<ATTENUATIONSTART>75.0000000</ATTENUATIONSTART>
			<ATTENUATIONEND>300.0000000</ATTENUATIONEND>
		</LIGHT>
		<LIGHT name="Omni_window33">
			<POSITION>-2187.0000000 2850.0000000 568.0000000</POSITION>
			<COLOR>1.0000000 0.6627451 0.0000000</COLOR>
			<INTENSITY>0.3000000</INTENSITY>
			<ATTENUATIONSTART>75.0000000</ATTENUATIONSTART>
			<ATTENUATIONEND>300.0000000</ATTENUATIONEND>
		</LIGHT>
		<LIGHT name="Omni_window34">
			<POSITION>-2307.0000000 2850.0000000 568.0000000</POSITION>
			<COLOR>1.0000000 0.6627451 0.0000000</COLOR>
			<INTENSITY>0.3000000</INTENSITY>
			<ATTENUATIONSTART>75.0000000</ATTENUATIONSTART>
			<ATTENUATIONEND>300.0000000</ATTENUATIONEND>
		</LIGHT>
		<LIGHT name="Omni_window35">
			<POSITION>-2307.0000000 2850.0000000 468.0000000</POSITION>
			<COLOR>1.0000000 0.6627451 0.0000000</COLOR>
			<INTENSITY>0.3000000</INTENSITY>
			<ATTENUATIONSTART>75.0000000</ATTENUATIONSTART>
			<ATTENUATIONEND>300.0000000</ATTENUATIONEND>
		</LIGHT>
		<LIGHT name="Omni_window36">
			<POSITION>2283.0000000 2850.0000000 1478.0000000</POSITION>
			<COLOR>1.0000000 0.6627451 0.0000000</COLOR>
			<INTENSITY>0.3000000</INTENSITY>
			<ATTENUATIONSTART>75.0000000</ATTENUATIONSTART>
			<ATTENUATIONEND>300.0000000</ATTENUATIONEND>
		</LIGHT>
		<LIGHT name="Omni_window37">
			<POSITION>2163.0000000 2850.0000000 1478.0000000</POSITION>
			<COLOR>1.0000000 0.6627451 0.0000000</COLOR>
			<INTENSITY>0.3000000</INTENSITY>
			<ATTENUATIONSTART>75.0000000</ATTENUATIONSTART>
			<ATTENUATIONEND>300.0000000</ATTENUATIONEND>
		</LIGHT>
		<LIGHT name="Omni_window38">
			<POSITION>2043.0000000 2850.0000000 1478.0000000</POSITION>
			<COLOR>1.0000000 0.6627451 0.0000000</COLOR>
			<INTENSITY>0.3000000</INTENSITY>
			<ATTENUATIONSTART>75.0000000</ATTENUATIONSTART>
			<ATTENUATIONEND>300.0000000</ATTENUATIONEND>
		</LIGHT>
		<LIGHT name="Omni_window39">
			<POSITION>2043.0000000 2850.0000000 1378.0000000</POSITION>
			<COLOR>1.0000000 0.6627451 0.0000000</COLOR>
			<INTENSITY>0.3000000</INTENSITY>
			<ATTENUATIONSTART>75.0000000</ATTENUATIONSTART>
			<ATTENUATIONEND>300.0000000</ATTENUATIONEND>
		</LIGHT>
		<LIGHT name="Omni_window40">
			<POSITION>2163.0000000 2850.0000000 1378.0000000</POSITION>
			<COLOR>1.0000000 0.6627451 0.0000000</COLOR>
			<INTENSITY>0.3000000</INTENSITY>
			<ATTENUATIONSTART>75.0000000</ATTENUATIONSTART>
			<ATTENUATIONEND>300.0000000</ATTENUATIONEND>
		</LIGHT>
		<LIGHT name="Omni_window41">
			<POSITION>2283.0000000 2850.0000000 1378.0000000</POSITION>
			<COLOR>1.0000000 0.6627451 0.0000000</COLOR>
			<INTENSITY>0.3000000</INTENSITY>
			<ATTENUATIONSTART>75.0000000</ATTENUATIONSTART>
			<ATTENUATIONEND>300.0000000</ATTENUATIONEND>
		</LIGHT>
		<LIGHT name="Omni_window42">
			<POSITION>2283.0000000 2850.0000000 1278.0000000</POSITION>
			<COLOR>1.0000000 0.6627451 0.0000000</COLOR>
			<INTENSITY>0.3000000</INTENSITY>
			<ATTENUATIONSTART>75.0000000</ATTENUATIONSTART>
			<ATTENUATIONEND>300.0000000</ATTENUATIONEND>
		</LIGHT>
		<LIGHT name="Omni_window43">
			<POSITION>2283.0000000 2850.0000000 1178.0000000</POSITION>
			<COLOR>1.0000000 0.6627451 0.0000000</COLOR>
			<INTENSITY>0.3000000</INTENSITY>
			<ATTENUATIONSTART>75.0000000</ATTENUATIONSTART>
			<ATTENUATIONEND>300.0000000</ATTENUATIONEND>
		</LIGHT>
		<LIGHT name="Omni_window44">
			<POSITION>2163.0000000 2850.0000000 1178.0000000</POSITION>
			<COLOR>1.0000000 0.6627451 0.0000000</COLOR>
			<INTENSITY>0.3000000</INTENSITY>
			<ATTENUATIONSTART>75.0000000</ATTENUATIONSTART>
			<ATTENUATIONEND>300.0000000</ATTENUATIONEND>
		</LIGHT>
		<LIGHT name="Omni_window45">
			<POSITION>2163.0000000 2850.0000000 1278.0000000</POSITION>
			<COLOR>1.0000000 0.6627451 0.0000000</COLOR>
			<INTENSITY>0.3000000</INTENSITY>
			<ATTENUATIONSTART>75.0000000</ATTENUATIONSTART>
			<ATTENUATIONEND>300.0000000</ATTENUATIONEND>
		</LIGHT>
		<LIGHT name="Omni_window46">
			<POSITION>2043.0000000 2850.0000000 1278.0000000</POSITION>
			<COLOR>1.0000000 0.6627451 0.0000000</COLOR>
			<INTENSITY>0.3000000</INTENSITY>
			<ATTENUATIONSTART>75.0000000</ATTENUATIONSTART>
			<ATTENUATIONEND>300.0000000</ATTENUATIONEND>
		</LIGHT>
		<LIGHT name="Omni_window47">
			<POSITION>2043.0000000 2850.0000000 1178.0000000</POSITION>
			<COLOR>1.0000000 0.6627451 0.0000000</COLOR>
			<INTENSITY>0.3000000</INTENSITY>
			<ATTENUATIONSTART>75.0000000</ATTENUATIONSTART>
			<ATTENUATIONEND>300.0000000</ATTENUATIONEND>
		</LIGHT>
		<LIGHT name="Omni_station_09">
			<POSITION>-757.0000000 3105.3894043 388.0000000</POSITION>
			<COLOR>1.0000000 1.0000000 1.0000000</COLOR>
			<INTENSITY>0.5000000</INTENSITY>
			<ATTENUATIONSTART>100.0000000</ATTENUATIONSTART>
			<ATTENUATIONEND>175.0000000</ATTENUATIONEND>
			<CASTSHADOW/>
		</LIGHT>
		<LIGHT name="Omni_station_10">
			<POSITION>-887.0000000 3105.3894043 388.0000000</POSITION>
			<COLOR>1.0000000 1.0000000 1.0000000</COLOR>
			<INTENSITY>0.5000000</INTENSITY>
			<ATTENUATIONSTART>100.0000000</ATTENUATIONSTART>
			<ATTENUATIONEND>175.0000000</ATTENUATIONEND>
			<CASTSHADOW/>
		</LIGHT>
		<LIGHT name="Omni_station_11">
			<POSITION>-1127.0000000 3105.3894043 388.0000000</POSITION>
			<COLOR>1.0000000 1.0000000 1.0000000</COLOR>
			<INTENSITY>0.5000000</INTENSITY>
			<ATTENUATIONSTART>100.0000000</ATTENUATIONSTART>
			<ATTENUATIONEND>175.0000000</ATTENUATIONEND>
			<CASTSHADOW/>
		</LIGHT>
		<LIGHT name="Omni_station_12">
			<POSITION>-1127.0000000 2965.3894043 388.0000000</POSITION>
			<COLOR>1.0000000 1.0000000 1.0000000</COLOR>
			<INTENSITY>0.5000000</INTENSITY>
			<ATTENUATIONSTART>100.0000000</ATTENUATIONSTART>
			<ATTENUATIONEND>175.0000000</ATTENUATIONEND>
			<CASTSHADOW/>
		</LIGHT>
		<LIGHT name="Omni_station_13">
			<POSITION>-757.0000000 2965.3894043 388.0000000</POSITION>
			<COLOR>1.0000000 1.0000000 1.0000000</COLOR>
			<INTENSITY>0.5000000</INTENSITY>
			<ATTENUATIONSTART>100.0000000</ATTENUATIONSTART>
			<ATTENUATIONEND>175.0000000</ATTENUATIONEND>
			<CASTSHADOW/>
		</LIGHT>
		<LIGHT name="Omni_station_14">
			<POSITION>-887.0000000 2965.3894043 388.0000000</POSITION>
			<COLOR>1.0000000 1.0000000 1.0000000</COLOR>
			<INTENSITY>0.5000000</INTENSITY>
			<ATTENUATIONSTART>100.0000000</ATTENUATIONSTART>
			<ATTENUATIONEND>175.0000000</ATTENUATIONEND>
			<CASTSHADOW/>
		</LIGHT>
		<LIGHT name="Omni_station_15">
			<POSITION>-1007.0000000 2965.3894043 388.0000000</POSITION>
			<COLOR>1.0000000 1.0000000 1.0000000</COLOR>
			<INTENSITY>0.5000000</INTENSITY>
			<ATTENUATIONSTART>100.0000000</ATTENUATIONSTART>
			<ATTENUATIONEND>175.0000000</ATTENUATIONEND>
			<CASTSHADOW/>
		</LIGHT>
		<LIGHT name="Omni_station_16">
			<POSITION>-1007.0000000 3105.3894043 388.0000000</POSITION>
			<COLOR>1.0000000 1.0000000 1.0000000</COLOR>
			<INTENSITY>0.5000000</INTENSITY>
			<ATTENUATIONSTART>100.0000000</ATTENUATIONSTART>
			<ATTENUATIONEND>175.0000000</ATTENUATIONEND>
			<CASTSHADOW/>
		</LIGHT>
		<LIGHT name="Omni_station_17">
			<POSITION>173.0000000 2965.3894043 388.0000000</POSITION>
			<COLOR>1.0000000 1.0000000 1.0000000</COLOR>
			<INTENSITY>0.5000000</INTENSITY>
			<ATTENUATIONSTART>100.0000000</ATTENUATIONSTART>
			<ATTENUATIONEND>175.0000000</ATTENUATIONEND>
			<CASTSHADOW/>
		</LIGHT>
		<LIGHT name="Omni_station_18">
			<POSITION>173.0000000 3105.3894043 388.0000000</POSITION>
			<COLOR>1.0000000 1.0000000 1.0000000</COLOR>
			<INTENSITY>0.5000000</INTENSITY>
			<ATTENUATIONSTART>100.0000000</ATTENUATIONSTART>
			<ATTENUATIONEND>175.0000000</ATTENUATIONEND>
			<CASTSHADOW/>
		</LIGHT>
		<LIGHT name="Omni_station_19">
			<POSITION>43.0000000 3105.3894043 388.0000000</POSITION>
			<COLOR>1.0000000 1.0000000 1.0000000</COLOR>
			<INTENSITY>0.5000000</INTENSITY>
			<ATTENUATIONSTART>100.0000000</ATTENUATIONSTART>
			<ATTENUATIONEND>175.0000000</ATTENUATIONEND>
			<CASTSHADOW/>
		</LIGHT>
		<LIGHT name="Omni_station_20">
			<POSITION>43.0000000 2965.3894043 388.0000000</POSITION>
			<COLOR>1.0000000 1.0000000 1.0000000</COLOR>
			<INTENSITY>0.5000000</INTENSITY>
			<ATTENUATIONSTART>100.0000000</ATTENUATIONSTART>
			<ATTENUATIONEND>175.0000000</ATTENUATIONEND>
			<CASTSHADOW/>
		</LIGHT>
		<LIGHT name="Omni_station_21">
			<POSITION>-77.0000000 2965.3894043 388.0000000</POSITION>
			<COLOR>1.0000000 1.0000000 1.0000000</COLOR>
			<INTENSITY>0.4999999</INTENSITY>
			<ATTENUATIONSTART>100.0000000</ATTENUATIONSTART>
			<ATTENUATIONEND>175.0000000</ATTENUATIONEND>
			<CASTSHADOW/>
		</LIGHT>
		<LIGHT name="Omni_station_22">
			<POSITION>-77.0000000 3105.3894043 388.0000000</POSITION>
			<COLOR>1.0000000 1.0000000 1.0000000</COLOR>
			<INTENSITY>0.5000000</INTENSITY>
			<ATTENUATIONSTART>100.0000000</ATTENUATIONSTART>
			<ATTENUATIONEND>175.0000000</ATTENUATIONEND>
			<CASTSHADOW/>
		</LIGHT>
		<LIGHT name="Omni_station_23">
			<POSITION>-197.0000000 3105.3894043 388.0000000</POSITION>
			<COLOR>1.0000000 1.0000000 1.0000000</COLOR>
			<INTENSITY>0.5000000</INTENSITY>
			<ATTENUATIONSTART>100.0000000</ATTENUATIONSTART>
			<ATTENUATIONEND>175.0000000</ATTENUATIONEND>
			<CASTSHADOW/>
		</LIGHT>
		<LIGHT name="Omni_station_24">
			<POSITION>-197.0000000 2965.3894043 388.0000000</POSITION>
			<COLOR>1.0000000 1.0000000 1.0000000</COLOR>
			<INTENSITY>0.5000000</INTENSITY>
			<ATTENUATIONSTART>100.0000000</ATTENUATIONSTART>
			<ATTENUATIONEND>175.0000000</ATTENUATIONEND>
			<CASTSHADOW/>
		</LIGHT>
		<LIGHT name="Omni_station_25">
			<POSITION>1103.0000000 2965.3894043 388.0000000</POSITION>
			<COLOR>1.0000000 1.0000000 1.0000000</COLOR>
			<INTENSITY>0.5000000</INTENSITY>
			<ATTENUATIONSTART>100.0000000</ATTENUATIONSTART>
			<ATTENUATIONEND>175.0000000</ATTENUATIONEND>
			<CASTSHADOW/>
		</LIGHT>
		<LIGHT name="Omni_station_26">
			<POSITION>1103.0000000 3105.3894043 388.0000000</POSITION>
			<COLOR>1.0000000 1.0000000 1.0000000</COLOR>
			<INTENSITY>0.5000000</INTENSITY>
			<ATTENUATIONSTART>100.0000000</ATTENUATIONSTART>
			<ATTENUATIONEND>175.0000000</ATTENUATIONEND>
			<CASTSHADOW/>
		</LIGHT>
		<LIGHT name="Omni_station_27">
			<POSITION>973.0000000 3105.3894043 388.0000000</POSITION>
			<COLOR>1.0000000 1.0000000 1.0000000</COLOR>
			<INTENSITY>0.5000000</INTENSITY>
			<ATTENUATIONSTART>100.0000000</ATTENUATIONSTART>
			<ATTENUATIONEND>175.0000000</ATTENUATIONEND>
			<CASTSHADOW/>
		</LIGHT>
		<LIGHT name="Omni_station_28">
			<POSITION>973.0000000 2965.3894043 388.0000000</POSITION>
			<COLOR>1.0000000 1.0000000 1.0000000</COLOR>
			<INTENSITY>0.5000000</INTENSITY>
			<ATTENUATIONSTART>100.0000000</ATTENUATIONSTART>
			<ATTENUATIONEND>175.0000000</ATTENUATIONEND>
			<CASTSHADOW/>
		</LIGHT>
		<LIGHT name="Omni_station_29">
			<POSITION>853.0000000 2965.3894043 388.0000000</POSITION>
			<COLOR>1.0000000 1.0000000 1.0000000</COLOR>
			<INTENSITY>0.5000000</INTENSITY>
			<ATTENUATIONSTART>100.0000000</ATTENUATIONSTART>
			<ATTENUATIONEND>175.0000000</ATTENUATIONEND>
			<CASTSHADOW/>
		</LIGHT>
		<LIGHT name="Omni_station_30">
			<POSITION>853.0000000 3105.3894043 388.0000000</POSITION>
			<COLOR>1.0000000 1.0000000 1.0000000</COLOR>
			<INTENSITY>0.5000000</INTENSITY>
			<ATTENUATIONSTART>100.0000000</ATTENUATIONSTART>
			<ATTENUATIONEND>175.0000000</ATTENUATIONEND>
			<CASTSHADOW/>
		</LIGHT>
		<LIGHT name="Omni_station_31">
			<POSITION>733.0000000 3105.3894043 388.0000000</POSITION>
			<COLOR>1.0000000 1.0000000 1.0000000</COLOR>
			<INTENSITY>0.5000000</INTENSITY>
			<ATTENUATIONSTART>100.0000000</ATTENUATIONSTART>
			<ATTENUATIONEND>175.0000000</ATTENUATIONEND>
			<CASTSHADOW/>
		</LIGHT>
		<LIGHT name="Omni_station_32">
			<POSITION>733.0000000 2965.3894043 388.0000000</POSITION>
			<COLOR>1.0000000 1.0000000 1.0000000</COLOR>
			<INTENSITY>0.5000000</INTENSITY>
			<ATTENUATIONSTART>100.0000000</ATTENUATIONSTART>
			<ATTENUATIONEND>175.0000000</ATTENUATIONEND>
			<CASTSHADOW/>
		</LIGHT>
		<LIGHT name="obj_Omni_moon">
			<POSITION>20000.0000000 20000.0000000 20000.0000000</POSITION>
			<COLOR>0.3450980 0.3450980 0.8823530</COLOR>
			<INTENSITY>2.0000000</INTENSITY>
			<ATTENUATIONSTART>50000.0000000</ATTENUATIONSTART>
			<ATTENUATIONEND>50000.0000000</ATTENUATIONEND>
		</LIGHT>
		<LIGHT name="obj_omni_dynamic00">
			<POSITION>2945.8891602 860.0000000 809.3764648</POSITION>
			<COLOR>1.0000000 0.6627451 0.0000000</COLOR>
			<INTENSITY>0.6000000</INTENSITY>
			<ATTENUATIONSTART>150.0000000</ATTENUATIONSTART>
			<ATTENUATIONEND>500.0000000</ATTENUATIONEND>
			<CASTSHADOW/>
		</LIGHT>
		<LIGHT name="obj_omni_dynamic01">
			<POSITION>1364.7611084 -275.0267944 809.4206543</POSITION>
			<COLOR>1.0000000 0.6627451 0.0000000</COLOR>
			<INTENSITY>0.6000000</INTENSITY>
			<ATTENUATIONSTART>150.0000000</ATTENUATIONSTART>
			<ATTENUATIONEND>500.0000000</ATTENUATIONEND>
			<CASTSHADOW/>
		</LIGHT>
		<LIGHT name="obj_omni_dynamic02">
			<POSITION>1831.8911133 -2340.0000000 808.6231689</POSITION>
			<COLOR>1.0000000 0.6627451 0.0000000</COLOR>
			<INTENSITY>0.6000000</INTENSITY>
			<ATTENUATIONSTART>150.0000000</ATTENUATIONSTART>
			<ATTENUATIONEND>500.0000000</ATTENUATIONEND>
			<CASTSHADOW/>
		</LIGHT>
		<LIGHT name="obj_omni_dynamic03">
			<POSITION>3703.0000000 -868.1607666 655.2619629</POSITION>
			<COLOR>1.0000000 0.6627451 0.0000000</COLOR>
			<INTENSITY>0.6000000</INTENSITY>
			<ATTENUATIONSTART>150.0000000</ATTENUATIONSTART>
			<ATTENUATIONEND>500.0000000</ATTENUATIONEND>
			<CASTSHADOW/>
		</LIGHT>
		<LIGHT name="obj_omni_dynamic04">
			<POSITION>-2840.7329102 860.0000000 788.9840698</POSITION>
			<COLOR>1.0000000 0.6627451 0.0000000</COLOR>
			<INTENSITY>0.6000000</INTENSITY>
			<ATTENUATIONSTART>150.0000000</ATTENUATIONSTART>
			<ATTENUATIONEND>500.0000000</ATTENUATIONEND>
			<CASTSHADOW/>
		</LIGHT>
		<LIGHT name="obj_omni_dynamic05">
			<POSITION>-1387.0000000 -274.9133301 809.4206543</POSITION>
			<COLOR>1.0000000 0.6627451 0.0000000</COLOR>
			<INTENSITY>0.6000000</INTENSITY>
			<ATTENUATIONSTART>150.0000000</ATTENUATIONSTART>
			<ATTENUATIONEND>500.0000000</ATTENUATIONEND>
			<CASTSHADOW/>
		</LIGHT>
		<LIGHT name="obj_omni_dynamic06">
			<POSITION>-1853.4438477 -2340.0000000 809.3951416</POSITION>
			<COLOR>1.0000000 0.6627451 0.0000000</COLOR>
			<INTENSITY>0.6000000</INTENSITY>
			<ATTENUATIONSTART>150.0000000</ATTENUATIONSTART>
			<ATTENUATIONEND>500.0000000</ATTENUATIONEND>
			<CASTSHADOW/>
		</LIGHT>
		<LIGHT name="obj_omni_dynamic07">
			<POSITION>-3499.3356934 -1046.0249023 929.3341064</POSITION>
			<COLOR>1.0000000 0.6627451 0.0000000</COLOR>
			<INTENSITY>0.6000000</INTENSITY>
			<ATTENUATIONSTART>150.0000000</ATTENUATIONSTART>
			<ATTENUATIONEND>500.0000000</ATTENUATIONEND>
			<CASTSHADOW/>
		</LIGHT>
		<LIGHT name="obj_omni_dynamic08">
			<POSITION>2943.0000000 1530.0000000 640.0000000</POSITION>
			<COLOR>1.0000000 0.6627451 0.0000000</COLOR>
			<INTENSITY>0.3000000</INTENSITY>
			<ATTENUATIONSTART>75.0000000</ATTENUATIONSTART>
			<ATTENUATIONEND>750.0000000</ATTENUATIONEND>
		</LIGHT>
		<LIGHT name="obj_omni_dynamic09">
			<POSITION>2163.0000000 2850.0000000 1340.0000000</POSITION>
			<COLOR>1.0000000 0.6627451 0.0000000</COLOR>
			<INTENSITY>0.3000000</INTENSITY>
			<ATTENUATIONSTART>75.0000000</ATTENUATIONSTART>
			<ATTENUATIONEND>750.0000000</ATTENUATIONEND>
		</LIGHT>
		<LIGHT name="obj_omni_dynamic10">
			<POSITION>2943.0000000 -390.0000000 640.0000000</POSITION>
			<COLOR>1.0000000 0.6627451 0.0000000</COLOR>
			<INTENSITY>0.3000000</INTENSITY>
			<ATTENUATIONSTART>75.0000000</ATTENUATIONSTART>
			<ATTENUATIONEND>750.0000000</ATTENUATIONEND>
		</LIGHT>
		<LIGHT name="obj_omni_dynamic11">
			<POSITION>-2187.0000000 2850.0000000 640.0000000</POSITION>
			<COLOR>1.0000000 0.6627451 0.0000000</COLOR>
			<INTENSITY>0.3000000</INTENSITY>
			<ATTENUATIONSTART>75.0000000</ATTENUATIONSTART>
			<ATTENUATIONEND>750.0000000</ATTENUATIONEND>
		</LIGHT>
		<LIGHT name="obj_omni_dynamic12">
			<POSITION>913.0000000 3035.3894043 588.0000000</POSITION>
			<COLOR>1.0000000 1.0000000 1.0000000</COLOR>
			<INTENSITY>0.5000000</INTENSITY>
			<ATTENUATIONSTART>100.0000000</ATTENUATIONSTART>
			<ATTENUATIONEND>500.0000000</ATTENUATIONEND>
			<CASTSHADOW/>
		</LIGHT>
		<LIGHT name="obj_omni_dynamic13">
			<POSITION>-17.0000000 3035.3894043 588.0000000</POSITION>
			<COLOR>1.0000000 1.0000000 1.0000000</COLOR>
			<INTENSITY>0.5000000</INTENSITY>
			<ATTENUATIONSTART>100.0000000</ATTENUATIONSTART>
			<ATTENUATIONEND>500.0000000</ATTENUATIONEND>
			<CASTSHADOW/>
		</LIGHT>
		<LIGHT name="obj_omni_dynamic14">
			<POSITION>-947.0000000 3035.3894043 588.0000000</POSITION>
			<COLOR>1.0000000 1.0000000 1.0000000</COLOR>
			<INTENSITY>0.5000000</INTENSITY>
			<ATTENUATIONSTART>100.0000000</ATTENUATIONSTART>
			<ATTENUATIONEND>500.0000000</ATTENUATIONEND>
			<CASTSHADOW/>
		</LIGHT>
	</LIGHTLIST>
	<OBJECTLIST>
		<OBJECT name="Snow_Wasteland_obj_glow.elu">
		</OBJECT>
		<OBJECT name="Snow_Wasteland_obj_sky_night.elu">
		</OBJECT>
		<OBJECT name="Snow_Wasteland_obj_fence.elu">
		</OBJECT>
	</OBJECTLIST>
	<DUMMYLIST>
		<DUMMY name="spawn_solo_101">
			<POSITION>0.0000000 0.0000000 172.0000000</POSITION>
			<DIRECTION>0.0000000 1.0000000 0.0000000</DIRECTION>
		</DUMMY>
		<DUMMY name="spawn_solo_102">
			<POSITION>-1530.8118896 2837.4455566 172.0000000</POSITION>
			<DIRECTION>-0.0000002 -1.0000000 0.0000000</DIRECTION>
		</DUMMY>
		<DUMMY name="spawn_solo_103">
			<POSITION>1596.9351807 2837.4455566 172.0000000</POSITION>
			<DIRECTION>-0.0000002 -1.0000000 0.0000000</DIRECTION>
		</DUMMY>
		<DUMMY name="spawn_solo_104">
			<POSITION>2037.7680664 1507.4179688 172.0000000</POSITION>
			<DIRECTION>-0.9999999 0.0000002 0.0000000</DIRECTION>
		</DUMMY>
		<DUMMY name="spawn_solo_105">
			<POSITION>-1808.2089844 1507.4179688 172.0000000</POSITION>
			<DIRECTION>0.9999999 -0.0000005 0.0000000</DIRECTION>
		</DUMMY>
		<DUMMY name="spawn_solo_106">
			<POSITION>-2764.0771484 -1120.2004395 340.0000000</POSITION>
			<DIRECTION>0.9999999 -0.0000005 0.0000000</DIRECTION>
		</DUMMY>
		<DUMMY name="spawn_solo_107">
			<POSITION>2867.1494141 -1120.2004395 340.0000000</POSITION>
			<DIRECTION>0.0000003 1.0000000 0.0000000</DIRECTION>
		</DUMMY>
		<DUMMY name="spawn_solo_108">
			<POSITION>2139.6953125 -2367.2075195 340.0000000</POSITION>
			<DIRECTION>0.0000003 1.0000000 0.0000000</DIRECTION>
		</DUMMY>
		<DUMMY name="spawn_solo_109">
			<POSITION>-2236.1821289 -2401.7561035 340.0000000</POSITION>
			<DIRECTION>0.0000003 1.0000000 0.0000000</DIRECTION>
		</DUMMY>
		<DUMMY name="spawn_solo_110">
			<POSITION>-1378.0695801 -485.2976074 340.0000000</POSITION>
			<DIRECTION>0.0000003 1.0000000 0.0000000</DIRECTION>
		</DUMMY>
		<DUMMY name="spawn_solo_111">
			<POSITION>1350.2854004 -471.2940063 340.0000000</POSITION>
			<DIRECTION>0.0000003 1.0000000 0.0000000</DIRECTION>
		</DUMMY>
		<DUMMY name="spawn_solo_112">
			<POSITION>-29.3724365 -1944.1030273 340.0000000</POSITION>
			<DIRECTION>0.0000003 1.0000000 0.0000000</DIRECTION>
		</DUMMY>
		<DUMMY name="spawn_team1_101">
			<POSITION>-2455.0000000 -2418.3115234 340.0000000</POSITION>
			<DIRECTION>0.0000003 1.0000000 0.0000000</DIRECTION>
		</DUMMY>
		<DUMMY name="spawn_team1_102">
			<POSITION>-2275.0000000 -2418.3115234 340.0000000</POSITION>
			<DIRECTION>0.0000003 1.0000000 0.0000000</DIRECTION>
		</DUMMY>
		<DUMMY name="spawn_team1_103">
			<POSITION>-2095.0000000 -2418.3115234 340.0000000</POSITION>
			<DIRECTION>0.0000003 1.0000000 0.0000000</DIRECTION>
		</DUMMY>
		<DUMMY name="spawn_team1_104">
			<POSITION>-1915.0000000 -2418.3115234 340.0000000</POSITION>
			<DIRECTION>0.0000003 1.0000000 0.0000000</DIRECTION>
		</DUMMY>
		<DUMMY name="spawn_team1_105">
			<POSITION>-1915.0000000 -2235.0756836 340.0000000</POSITION>
			<DIRECTION>0.0000003 1.0000000 0.0000000</DIRECTION>
		</DUMMY>
		<DUMMY name="spawn_team1_106">
			<POSITION>-2095.0000000 -2235.0756836 340.0000000</POSITION>
			<DIRECTION>0.0000003 1.0000000 0.0000000</DIRECTION>
		</DUMMY>
		<DUMMY name="spawn_team1_107">
			<POSITION>-2275.0000000 -2235.0756836 340.0000000</POSITION>
			<DIRECTION>0.0000003 1.0000000 0.0000000</DIRECTION>
		</DUMMY>
		<DUMMY name="spawn_team1_108">
			<POSITION>-2455.0000000 -2235.0756836 340.0000000</POSITION>
			<DIRECTION>0.0000003 1.0000000 0.0000000</DIRECTION>
		</DUMMY>
		<DUMMY name="spawn_team2_105">
			<POSITION>2440.5944824 -2235.0756836 340.0000000</POSITION>
			<DIRECTION>0.0000003 1.0000000 0.0000000</DIRECTION>
		</DUMMY>
		<DUMMY name="spawn_team2_106">
			<POSITION>2260.5944824 -2235.0756836 340.0000000</POSITION>
			<DIRECTION>0.0000003 1.0000000 0.0000000</DIRECTION>
		</DUMMY>
		<DUMMY name="spawn_team2_107">
			<POSITION>2080.5944824 -2235.0756836 340.0000000</POSITION>
			<DIRECTION>0.0000003 1.0000000 0.0000000</DIRECTION>
		</DUMMY>
		<DUMMY name="spawn_team2_108">
			<POSITION>1900.5944824 -2235.0756836 340.0000000</POSITION>
			<DIRECTION>0.0000003 1.0000000 0.0000000</DIRECTION>
		</DUMMY>
		<DUMMY name="spawn_team2_103">
			<POSITION>2080.5944824 -2418.3115234 340.0000000</POSITION>
			<DIRECTION>0.0000003 1.0000000 0.0000000</DIRECTION>
		</DUMMY>
		<DUMMY name="spawn_team2_102">
			<POSITION>2260.5944824 -2418.3115234 340.0000000</POSITION>
			<DIRECTION>0.0000003 1.0000000 0.0000000</DIRECTION>
		</DUMMY>
		<DUMMY name="spawn_team2_101">
			<POSITION>2440.5944824 -2418.3115234 340.0000000</POSITION>
			<DIRECTION>0.0000003 1.0000000 0.0000000</DIRECTION>
		</DUMMY>
		<DUMMY name="spawn_team2_104">
			<POSITION>1900.5944824 -2418.3115234 340.0000000</POSITION>
			<DIRECTION>0.0000003 1.0000000 0.0000000</DIRECTION>
		</DUMMY>
		<DUMMY name="smk_ss_06">
			<POSITION>-3305.0000000 1435.0000000 1580.0000000</POSITION>
			<DIRECTION>0.0000000 1.0000000 0.0000000</DIRECTION>
		</DUMMY>
		<DUMMY name="smk_ss_07">
			<POSITION>-2315.0000000 -1480.0000000 1450.0000000</POSITION>
			<DIRECTION>0.0000000 1.0000000 0.0000000</DIRECTION>
		</DUMMY>
		<DUMMY name="smk_ss_03">
			<POSITION>-330.0000000 -2310.0000000 1450.0000000</POSITION>
			<DIRECTION>0.0000000 1.0000000 0.0000000</DIRECTION>
		</DUMMY>
		<DUMMY name="smk_ss_04">
			<POSITION>-2890.0000000 -3335.0000000 1680.0000000</POSITION>
			<DIRECTION>0.0000000 1.0000000 0.0000000</DIRECTION>
		</DUMMY>
		<DUMMY name="smk_ss_05">
			<POSITION>3735.0000000 -2660.0000000 1580.0000000</POSITION>
			<DIRECTION>0.0000000 1.0000000 0.0000000</DIRECTION>
		</DUMMY>
		<DUMMY name="smk_ss_02">
			<POSITION>3735.0000000 -195.0000000 2435.0000000</POSITION>
			<DIRECTION>0.0000000 1.0000000 0.0000000</DIRECTION>
		</DUMMY>
		<DUMMY name="smk_ss_01">
			<POSITION>3540.0000000 -385.0000000 2050.0000000</POSITION>
			<DIRECTION>0.0000000 1.0000000 0.0000000</DIRECTION>
		</DUMMY>
		<DUMMY name="obj_glow">
			<POSITION>4.3439021 -0.0000000 4.3001657</POSITION>
			<DIRECTION>156830816.0000000 0.0000000 0.0000000</DIRECTION>
		</DUMMY>
		<DUMMY name="obj_sky_night">
			<POSITION>0.0000000 0.0000000 0.0000000</POSITION>
			<DIRECTION>0.0000000 -5.1977305 2.0000000</DIRECTION>
		</DUMMY>
		<DUMMY name="obj_fence">
			<POSITION>0.0000000 0.0000000 0.0000000</POSITION>
			<DIRECTION>0.0000000 0.0000000 0.0000000</DIRECTION>
		</DUMMY>
	</DUMMYLIST>
	<OCCLUSIONLIST>
	</OCCLUSIONLIST>
	<AMBIENTSOUNDLIST>
	</AMBIENTSOUNDLIST>
</XML>
