<?xml version="1.0" encoding="UTF-8"?>
<XML>
	<MATERIALLIST>
		<MATERIAL name="mercy_floor_concrete_white3">
			<DIFFUSE>1.00000000 1.00000000 1.00000000</DIFFUSE>
			<AMBIENT>1.00000000 1.00000000 1.00000000</AMBIENT>
			<SPECULAR>1.00000000 1.00000000 1.00000000</SPECULAR>
			<DIFFUSEMAP>mercy/floor_concrete_white3.jpg</DIFFUSEMAP>
		</MATERIAL>
		<MATERIAL name="mercy_floor_concrete_green3">
			<DIFFUSE>1.00000000 1.00000000 1.00000000</DIFFUSE>
			<AMBIENT>1.00000000 1.00000000 1.00000000</AMBIENT>
			<SPECULAR>1.00000000 1.00000000 1.00000000</SPECULAR>
			<DIFFUSEMAP>mercy/floor_concrete_green3.jpg</DIFFUSEMAP>
		</MATERIAL>
		<MATERIAL name="Common_wire">
			<DIFFUSE>1.00000000 1.00000000 1.00000000</DIFFUSE>
			<AMBIENT>1.00000000 1.00000000 1.00000000</AMBIENT>
			<SPECULAR>1.00000000 1.00000000 1.00000000</SPECULAR>
			<DIFFUSEMAP>Common/wire.tga</DIFFUSEMAP>
			<USEOPACITY/> 
			<USEALPHATEST/> 
			<TWOSIDED/> 
			<ADDITIVE/>
		</MATERIAL>
		<MATERIAL name="mercy_floor_concrete_white">
			<DIFFUSE>1.00000000 1.00000000 1.00000000</DIFFUSE>
			<AMBIENT>1.00000000 1.00000000 1.00000000</AMBIENT>
			<SPECULAR>1.00000000 1.00000000 1.00000000</SPECULAR>
			<DIFFUSEMAP>mercy/floor_concrete_white.jpg</DIFFUSEMAP>
		</MATERIAL>
		<MATERIAL name="Mercy-Alpha_banner_blueweap6">
			<DIFFUSE>1.00000000 1.00000000 1.00000000</DIFFUSE>
			<AMBIENT>1.00000000 1.00000000 1.00000000</AMBIENT>
			<SPECULAR>1.00000000 1.00000000 1.00000000</SPECULAR>
			<DIFFUSEMAP>Mercy-Alpha/banner_blueweap6.tga</DIFFUSEMAP>
			<USEOPACITY/> 
			<USEALPHATEST/> 
			<TWOSIDED/> 
			<ADDITIVE/>
		</MATERIAL>
		<MATERIAL name="effects_glow">
			<DIFFUSE>1.00000000 1.00000000 1.00000000</DIFFUSE>
			<AMBIENT>1.00000000 1.00000000 1.00000000</AMBIENT>
			<SPECULAR>1.00000000 1.00000000 1.00000000</SPECULAR>
			<DIFFUSEMAP>effects/glow.tga</DIFFUSEMAP>
			<USEALPHATEST/> 
			<TWOSIDED/> 
			<ADDITIVE/>
		</MATERIAL>
		<MATERIAL name="Mercy-Alpha_banner_redweap6">
			<DIFFUSE>1.00000000 1.00000000 1.00000000</DIFFUSE>
			<AMBIENT>1.00000000 1.00000000 1.00000000</AMBIENT>
			<SPECULAR>1.00000000 1.00000000 1.00000000</SPECULAR>
			<DIFFUSEMAP>Mercy-Alpha/banner_redweap6.tga</DIFFUSEMAP>
			<USEOPACITY/> 
			<USEALPHATEST/> 
			<TWOSIDED/> 
			<ADDITIVE/>
		</MATERIAL>
		<MATERIAL name="Mercy-Alpha_banner_nickmapbase">
			<DIFFUSE>1.00000000 1.00000000 1.00000000</DIFFUSE>
			<AMBIENT>1.00000000 1.00000000 1.00000000</AMBIENT>
			<SPECULAR>1.00000000 1.00000000 1.00000000</SPECULAR>
			<DIFFUSEMAP>Mercy-Alpha/banner_nickmapbase.tga</DIFFUSEMAP>
			<USEOPACITY/> 
			<USEALPHATEST/> 
			<TWOSIDED/> 
			<ADDITIVE/>
		</MATERIAL>
		<MATERIAL name="Mercy-Alpha_banner_blueweap5">
			<DIFFUSE>1.00000000 1.00000000 1.00000000</DIFFUSE>
			<AMBIENT>1.00000000 1.00000000 1.00000000</AMBIENT>
			<SPECULAR>1.00000000 1.00000000 1.00000000</SPECULAR>
			<DIFFUSEMAP>Mercy-Alpha/banner_blueweap5.tga</DIFFUSEMAP>
			<USEOPACITY/> 
			<USEALPHATEST/> 
			<TWOSIDED/> 
			<ADDITIVE/>
		</MATERIAL>
		<MATERIAL name="Shaders_PlasmaLight">
			<DIFFUSE>1.00000000 1.00000000 1.00000000</DIFFUSE>
			<AMBIENT>1.00000000 1.00000000 1.00000000</AMBIENT>
			<SPECULAR>1.00000000 1.00000000 1.00000000</SPECULAR>
			<DIFFUSEMAP>Shaders/PlasmaLight.tga</DIFFUSEMAP>
			<TWOSIDED/> 
			<ADDITIVE/>
		</MATERIAL>
	</MATERIALLIST>
	<DUMMYLIST>
		<DUMMY name="spawn_solo_101">
			<POSITION>0.00000000 0.00000000 96.00000000</POSITION>
			<DIRECTION>-1.00000000 0.00000000 0.00000000</DIRECTION>
		</DUMMY>
		<DUMMY name="spawn_solo_102">
			<POSITION>2280.00000000 0.00000000 736.00000000</POSITION>
			<DIRECTION>-1.00000000 0.00000000 0.00000000</DIRECTION>
		</DUMMY>
		<DUMMY name="spawn_solo_103">
			<POSITION>-32.00000000 -2312.00000000 760.00000000</POSITION>
			<DIRECTION>-1.00000000 0.00000000 0.00000000</DIRECTION>
		</DUMMY>
		<DUMMY name="spawn_solo_104">
			<POSITION>-32.00000000 2272.00000000 792.00000000</POSITION>
			<DIRECTION>-1.00000000 0.00000000 0.00000000</DIRECTION>
		</DUMMY>
		<DUMMY name="spawn_team1_101">
			<POSITION>176.00000000 2112.00000000 792.00000000</POSITION>
			<DIRECTION>-1.00000000 0.00000000 0.00000000</DIRECTION>
		</DUMMY>
		<DUMMY name="spawn_team2_101">
			<POSITION>2312.00000000 -200.00000000 792.00000000</POSITION>
			<DIRECTION>-1.00000000 0.00000000 0.00000000</DIRECTION>
		</DUMMY>
		<DUMMY name="spawn_team2_102">
			<POSITION>72.00000000 -2176.00000000 792.00000000</POSITION>
			<DIRECTION>-1.00000000 0.00000000 0.00000000</DIRECTION>
		</DUMMY>
		<DUMMY name="spawn_solo_105">
			<POSITION>-2224.00000000 -168.00000000 792.00000000</POSITION>
			<DIRECTION>-1.00000000 0.00000000 0.00000000</DIRECTION>
		</DUMMY>
		<DUMMY name="spawn_team1_102">
			<POSITION>-2104.00000000 208.00000000 792.00000000</POSITION>
			<DIRECTION>-1.00000000 0.00000000 0.00000000</DIRECTION>
		</DUMMY>
		<DUMMY name="obj_sky_daylight">
			<POSITION>-4.1193156 0.0000000 4.2378502</POSITION>
			<DIRECTION>0.0000000 -1.8750000 0.0000000</DIRECTION>
		</DUMMY>
		<DUMMY name="sun_Dummy">
			<POSITION>2304.1613770 -4202.5058594 7428.8769531</POSITION>
			<DIRECTION>0.9999999 -0.0000001 0.0000000</DIRECTION>
		</DUMMY>
	</DUMMYLIST>
	<OBJECTLIST>
		<OBJECT name="Mercy+_obj_sky_daylight.elu">
		</OBJECT>
	</OBJECTLIST>
</XML>
