<?xml version="1.0"?>
<XML>
	<MATERIALLIST>
		<MATERIAL name="Material #70">
			<DIFFUSE>0.5880000 0.5880000 0.5880000</DIFFUSE>
			<AMBIENT>true</AMBIENT>
			<SPECULAR>true</SPECULAR>
			<DIFFUSEMAP></DIFFUSEMAP>
		</MATERIAL>
		<MATERIAL name="Material #71">
			<DIFFUSE>0.5880000 0.5880000 0.5880000</DIFFUSE>
			<AMBIENT>true</AMBIENT>
			<SPECULAR>true</SPECULAR>
			<DIFFUSEMAP></DIFFUSEMAP>
		</MATERIAL>
		<MATERIAL name="Material #72">
			<DIFFUSE>0.5880000 0.5880000 0.5880000</DIFFUSE>
			<AMBIENT>true</AMBIENT>
			<SPECULAR>true</SPECULAR>
			<DIFFUSEMAP></DIFFUSEMAP>
		</MATERIAL>
		<MATERIAL name="Material #73">
			<DIFFUSE>0.5880000 0.5880000 0.5880000</DIFFUSE>
			<AMBIENT>true</AMBIENT>
			<SPECULAR>true</SPECULAR>
			<DIFFUSEMAP></DIFFUSEMAP>
		</MATERIAL>
		<MATERIAL name="Material #83">
			<DIFFUSE>0.5880000 0.5880000 0.5880000</DIFFUSE>
			<AMBIENT>true</AMBIENT>
			<SPECULAR>true</SPECULAR>
			<DIFFUSEMAP>gzd_map_dojo_wall_01.dds</DIFFUSEMAP>
		</MATERIAL>
		<MATERIAL name="Material #75">
			<DIFFUSE>0.5880000 0.5880000 0.5880000</DIFFUSE>
			<AMBIENT>true</AMBIENT>
			<SPECULAR>true</SPECULAR>
			<DIFFUSEMAP></DIFFUSEMAP>
		</MATERIAL>
		<MATERIAL name="Material #76">
			<DIFFUSE>0.5880000 0.5880000 0.5880000</DIFFUSE>
			<AMBIENT>true</AMBIENT>
			<SPECULAR>true</SPECULAR>
			<DIFFUSEMAP></DIFFUSEMAP>
		</MATERIAL>
		<MATERIAL name="Material #77">
			<DIFFUSE>0.5880000 0.5880000 0.5880000</DIFFUSE>
			<AMBIENT>true</AMBIENT>
			<SPECULAR>true</SPECULAR>
			<DIFFUSEMAP></DIFFUSEMAP>
		</MATERIAL>
		<MATERIAL name="Material #78">
			<DIFFUSE>0.5880000 0.5880000 0.5880000</DIFFUSE>
			<AMBIENT>true</AMBIENT>
			<SPECULAR>true</SPECULAR>
			<DIFFUSEMAP></DIFFUSEMAP>
		</MATERIAL>
		<MATERIAL name="Material #79">
			<DIFFUSE>0.5880000 0.5880000 0.5880000</DIFFUSE>
			<AMBIENT>true</AMBIENT>
			<SPECULAR>true</SPECULAR>
			<DIFFUSEMAP></DIFFUSEMAP>
		</MATERIAL>
		<MATERIAL name="Material #95">
			<DIFFUSE>0.5880000 0.5880000 0.5880000</DIFFUSE>
			<AMBIENT>true</AMBIENT>
			<SPECULAR>true</SPECULAR>
			<DIFFUSEMAP>gzd_map_dojo_wall_02.dds</DIFFUSEMAP>
		</MATERIAL>
		<MATERIAL name="07___Default">
			<DIFFUSE>0.4705880 0.4705880 0.4705880</DIFFUSE>
			<AMBIENT>true</AMBIENT>
			<SPECULAR>true</SPECULAR>
			<DIFFUSEMAP>gzd_map_dojo_beam_02.dds</DIFFUSEMAP>
		</MATERIAL>
		<MATERIAL name="07___Default_gzd_map_dojo_floor_02_dds">
			<DIFFUSE>0.4705880 0.4705880 0.4705880</DIFFUSE>
			<AMBIENT>true</AMBIENT>
			<SPECULAR>true</SPECULAR>
			<DIFFUSEMAP>gzd_map_dojo_floor_02.dds</DIFFUSEMAP>
		</MATERIAL>
		<MATERIAL name="07___Default_gzd_map_dojo_wall_03_dds">
			<DIFFUSE>0.4705880 0.4705880 0.4705880</DIFFUSE>
			<AMBIENT>true</AMBIENT>
			<SPECULAR>true</SPECULAR>
			<DIFFUSEMAP>gzd_map_dojo_wall_03.dds</DIFFUSEMAP>
		</MATERIAL>
		<MATERIAL name="03___Default">
			<DIFFUSE>0.4705880 0.4705880 0.4705880</DIFFUSE>
			<AMBIENT>true</AMBIENT>
			<SPECULAR>true</SPECULAR>
			<DIFFUSEMAP>gzd_map_dojo_wall_01.dds</DIFFUSEMAP>
		</MATERIAL>
		<MATERIAL name="01___Default">
			<DIFFUSE>0.4705880 0.4705880 0.4705880</DIFFUSE>
			<AMBIENT>true</AMBIENT>
			<SPECULAR>true</SPECULAR>
			<DIFFUSEMAP>gzd_map_dojo_beam_01.dds</DIFFUSEMAP>
		</MATERIAL>
		<MATERIAL name="Material #82">
			<DIFFUSE>0.5880000 0.5880000 0.5880000</DIFFUSE>
			<AMBIENT>true</AMBIENT>
			<SPECULAR>true</SPECULAR>
			<DIFFUSEMAP>gzd_map_dojo_floor_03.dds</DIFFUSEMAP>
		</MATERIAL>
		<MATERIAL name="02___Default">
			<DIFFUSE>0.4705880 0.4705880 0.4705880</DIFFUSE>
			<AMBIENT>true</AMBIENT>
			<SPECULAR>true</SPECULAR>
			<DIFFUSEMAP>gzd_map_dojo_floor_01.dds</DIFFUSEMAP>
		</MATERIAL>
		<MATERIAL name="01___Default_gzd_map_dojo_paintings_02_dds">
			<DIFFUSE>0.4705880 0.4705880 0.4705880</DIFFUSE>
			<AMBIENT>true</AMBIENT>
			<SPECULAR>true</SPECULAR>
			<DIFFUSEMAP>gzd_map_dojo_paintings_02.dds</DIFFUSEMAP>
		</MATERIAL>
		<MATERIAL name="01___Default_gzd_map_dojo_paintings_03_dds">
			<DIFFUSE>0.4705880 0.4705880 0.4705880</DIFFUSE>
			<AMBIENT>true</AMBIENT>
			<SPECULAR>true</SPECULAR>
			<DIFFUSEMAP>gzd_map_dojo_paintings_03.dds</DIFFUSEMAP>
		</MATERIAL>
		<MATERIAL name="Material #137">
			<DIFFUSE>0.5880000 0.5880000 0.5880000</DIFFUSE>
			<AMBIENT>true</AMBIENT>
			<SPECULAR>true</SPECULAR>
			<DIFFUSEMAP>gzd_map_dojo_lamp.dds</DIFFUSEMAP>
			<TWOSIDED/>
			<USEOPACITY/>
		</MATERIAL>
	</MATERIALLIST>
	<LIGHTLIST>
		<LIGHT name="Omni001">
			<POSITION>-1101.0832520 849.9999390 978.3635254</POSITION>
			<COLOR>1.0000000 1.0000000 1.0000000</COLOR>
			<INTENSITY>0.0500000</INTENSITY>
			<ATTENUATIONSTART>1500.0000000</ATTENUATIONSTART>
			<ATTENUATIONEND>2500.0000000</ATTENUATIONEND>
		</LIGHT>
		<LIGHT name="Omni002">
			<POSITION>898.9168091 849.9998169 978.3635254</POSITION>
			<COLOR>1.0000000 1.0000000 1.0000000</COLOR>
			<INTENSITY>0.0500000</INTENSITY>
			<ATTENUATIONSTART>1500.0000000</ATTENUATIONSTART>
			<ATTENUATIONEND>2500.0000000</ATTENUATIONEND>
		</LIGHT>
		<LIGHT name="Omni003">
			<POSITION>-1101.0832520 -1650.0000000 978.3635254</POSITION>
			<COLOR>1.0000000 1.0000000 1.0000000</COLOR>
			<INTENSITY>0.0500000</INTENSITY>
			<ATTENUATIONSTART>1500.0000000</ATTENUATIONSTART>
			<ATTENUATIONEND>2500.0000000</ATTENUATIONEND>
		</LIGHT>
		<LIGHT name="Omni004">
			<POSITION>898.9168091 -1650.0000000 978.3635254</POSITION>
			<COLOR>1.0000000 1.0000000 1.0000000</COLOR>
			<INTENSITY>0.0500000</INTENSITY>
			<ATTENUATIONSTART>1500.0000000</ATTENUATIONSTART>
			<ATTENUATIONEND>2500.0000000</ATTENUATIONEND>
		</LIGHT>
		<LIGHT name="Omni005">
			<POSITION>2500.0000000 1500.0000000 -900.0000000</POSITION>
			<COLOR>1.0000000 1.0000000 1.0000000</COLOR>
			<INTENSITY>0.0500000</INTENSITY>
			<ATTENUATIONSTART>1500.0000000</ATTENUATIONSTART>
			<ATTENUATIONEND>2500.0000000</ATTENUATIONEND>
		</LIGHT>
		<LIGHT name="Omni006">
			<POSITION>-2500.0000000 1500.0000000 -900.0000000</POSITION>
			<COLOR>1.0000000 1.0000000 1.0000000</COLOR>
			<INTENSITY>0.0500000</INTENSITY>
			<ATTENUATIONSTART>1500.0000000</ATTENUATIONSTART>
			<ATTENUATIONEND>2500.0000000</ATTENUATIONEND>
		</LIGHT>
		<LIGHT name="Omni007">
			<POSITION>-2500.0000000 -2375.2541504 -900.0001221</POSITION>
			<COLOR>1.0000000 1.0000000 1.0000000</COLOR>
			<INTENSITY>0.0500000</INTENSITY>
			<ATTENUATIONSTART>1500.0000000</ATTENUATIONSTART>
			<ATTENUATIONEND>2500.0000000</ATTENUATIONEND>
		</LIGHT>
		<LIGHT name="Omni008">
			<POSITION>2500.0000000 -2375.2541504 -900.0001221</POSITION>
			<COLOR>1.0000000 1.0000000 1.0000000</COLOR>
			<INTENSITY>0.0500000</INTENSITY>
			<ATTENUATIONSTART>1500.0000000</ATTENUATIONSTART>
			<ATTENUATIONEND>2500.0000000</ATTENUATIONEND>
		</LIGHT>
		<LIGHT name="Omni009">
			<POSITION>1345.1748047 -1935.3361816 -61.5594635</POSITION>
			<COLOR>1.0000000 1.0000000 0.8627452</COLOR>
			<INTENSITY>0.1000000</INTENSITY>
			<ATTENUATIONSTART>200.0000000</ATTENUATIONSTART>
			<ATTENUATIONEND>2500.0000000</ATTENUATIONEND>
			<CASTSHADOW/>
		</LIGHT>
		<LIGHT name="Omni010">
			<POSITION>1345.1748047 -937.9151001 -61.5594635</POSITION>
			<COLOR>1.0000000 1.0000000 0.8627452</COLOR>
			<INTENSITY>0.1000000</INTENSITY>
			<ATTENUATIONSTART>200.0000000</ATTENUATIONSTART>
			<ATTENUATIONEND>2500.0000000</ATTENUATIONEND>
			<CASTSHADOW/>
		</LIGHT>
		<LIGHT name="Omni011">
			<POSITION>1345.1748047 63.4736404 -61.5594635</POSITION>
			<COLOR>1.0000000 1.0000000 0.8627452</COLOR>
			<INTENSITY>0.1000000</INTENSITY>
			<ATTENUATIONSTART>200.0000000</ATTENUATIONSTART>
			<ATTENUATIONEND>2500.0000000</ATTENUATIONEND>
			<CASTSHADOW/>
		</LIGHT>
		<LIGHT name="Omni012">
			<POSITION>1345.1748047 1063.6646729 -61.5594635</POSITION>
			<COLOR>1.0000000 1.0000000 0.8627452</COLOR>
			<INTENSITY>0.1000000</INTENSITY>
			<ATTENUATIONSTART>200.0000000</ATTENUATIONSTART>
			<ATTENUATIONEND>2500.0000000</ATTENUATIONEND>
			<CASTSHADOW/>
		</LIGHT>
		<LIGHT name="Omni013">
			<POSITION>-1544.4160156 63.4736404 -61.5594635</POSITION>
			<COLOR>1.0000000 1.0000000 0.8627452</COLOR>
			<INTENSITY>0.1000000</INTENSITY>
			<ATTENUATIONSTART>200.0000000</ATTENUATIONSTART>
			<ATTENUATIONEND>2500.0000000</ATTENUATIONEND>
			<CASTSHADOW/>
		</LIGHT>
		<LIGHT name="Omni014">
			<POSITION>-1544.4160156 1063.6646729 -61.5594635</POSITION>
			<COLOR>1.0000000 1.0000000 0.8627452</COLOR>
			<INTENSITY>0.1000000</INTENSITY>
			<ATTENUATIONSTART>200.0000000</ATTENUATIONSTART>
			<ATTENUATIONEND>2500.0000000</ATTENUATIONEND>
			<CASTSHADOW/>
		</LIGHT>
		<LIGHT name="Omni015">
			<POSITION>-1544.4160156 -937.9151001 -61.5594635</POSITION>
			<COLOR>1.0000000 1.0000000 0.8627452</COLOR>
			<INTENSITY>0.1000000</INTENSITY>
			<ATTENUATIONSTART>200.0000000</ATTENUATIONSTART>
			<ATTENUATIONEND>2500.0000000</ATTENUATIONEND>
			<CASTSHADOW/>
		</LIGHT>
		<LIGHT name="Omni016">
			<POSITION>-1544.4160156 -1935.3361816 -61.5594635</POSITION>
			<COLOR>1.0000000 1.0000000 0.8627452</COLOR>
			<INTENSITY>0.1000000</INTENSITY>
			<ATTENUATIONSTART>200.0000000</ATTENUATIONSTART>
			<ATTENUATIONEND>2500.0000000</ATTENUATIONEND>
			<CASTSHADOW/>
		</LIGHT>
		<LIGHT name="Omni017">
			<POSITION>-1099.0847168 -2880.2082520 387.0228271</POSITION>
			<COLOR>1.0000000 1.0000000 0.8627452</COLOR>
			<INTENSITY>0.1000000</INTENSITY>
			<ATTENUATIONSTART>200.0000000</ATTENUATIONSTART>
			<ATTENUATIONEND>2500.0000000</ATTENUATIONEND>
			<CASTSHADOW/>
		</LIGHT>
		<LIGHT name="Omni018">
			<POSITION>-99.9568939 -2880.2082520 387.0228271</POSITION>
			<COLOR>1.0000000 1.0000000 0.8627452</COLOR>
			<INTENSITY>0.1000000</INTENSITY>
			<ATTENUATIONSTART>200.0000000</ATTENUATIONSTART>
			<ATTENUATIONEND>2500.0000000</ATTENUATIONEND>
			<CASTSHADOW/>
		</LIGHT>
		<LIGHT name="Omni019">
			<POSITION>899.1583252 -2880.2082520 387.0228271</POSITION>
			<COLOR>1.0000000 1.0000000 0.8627452</COLOR>
			<INTENSITY>0.1000000</INTENSITY>
			<ATTENUATIONSTART>200.0000000</ATTENUATIONSTART>
			<ATTENUATIONEND>2500.0000000</ATTENUATIONEND>
			<CASTSHADOW/>
		</LIGHT>
		<LIGHT name="Omni020">
			<POSITION>-1099.0847168 1988.5325928 387.0228271</POSITION>
			<COLOR>1.0000000 1.0000000 0.8627452</COLOR>
			<INTENSITY>0.1000000</INTENSITY>
			<ATTENUATIONSTART>200.0000000</ATTENUATIONSTART>
			<ATTENUATIONEND>2500.0000000</ATTENUATIONEND>
			<CASTSHADOW/>
		</LIGHT>
		<LIGHT name="Omni021">
			<POSITION>-99.9568939 1988.5325928 387.0228271</POSITION>
			<COLOR>1.0000000 1.0000000 0.8627452</COLOR>
			<INTENSITY>0.1000000</INTENSITY>
			<ATTENUATIONSTART>200.0000000</ATTENUATIONSTART>
			<ATTENUATIONEND>2500.0000000</ATTENUATIONEND>
			<CASTSHADOW/>
		</LIGHT>
		<LIGHT name="Omni022">
			<POSITION>899.1583252 1988.5325928 387.0228271</POSITION>
			<COLOR>1.0000000 1.0000000 0.8627452</COLOR>
			<INTENSITY>0.1000000</INTENSITY>
			<ATTENUATIONSTART>200.0000000</ATTENUATIONSTART>
			<ATTENUATIONEND>2500.0000000</ATTENUATIONEND>
			<CASTSHADOW/>
		</LIGHT>
	</LIGHTLIST>
	<OBJECTLIST>
		<OBJECT name="Dojo_obj_lamps.elu">
		</OBJECT>
	</OBJECTLIST>
	<DUMMYLIST>
		<DUMMY name="spawn_team1_102">
			<POSITION>-84.0000000 1778.0000000 175.0000000</POSITION>
			<DIRECTION>0.0000000 -0.9999999 0.0000000</DIRECTION>
		</DUMMY>
		<DUMMY name="spawn_team1_101">
			<POSITION>1135.0000000 1778.0000000 175.0000000</POSITION>
			<DIRECTION>0.0000000 -0.9999999 0.0000000</DIRECTION>
		</DUMMY>
		<DUMMY name="spawn_team1_103">
			<POSITION>-1337.0000000 1778.0000000 175.0000000</POSITION>
			<DIRECTION>0.0000000 -0.9999999 0.0000000</DIRECTION>
		</DUMMY>
		<DUMMY name="spawn_team1_104">
			<POSITION>549.0000000 1778.0000000 -275.0000000</POSITION>
			<DIRECTION>0.0000000 -0.9999999 0.0000000</DIRECTION>
		</DUMMY>
		<DUMMY name="spawn_team1_105">
			<POSITION>-84.0000000 1778.0000000 -275.0000000</POSITION>
			<DIRECTION>0.0000000 -0.9999999 0.0000000</DIRECTION>
		</DUMMY>
		<DUMMY name="spawn_team1_106">
			<POSITION>-1337.0000000 1778.0000000 -275.0000000</POSITION>
			<DIRECTION>0.0000000 -0.9999999 0.0000000</DIRECTION>
		</DUMMY>
		<DUMMY name="spawn_team2_104">
			<POSITION>-1337.0000000 -2668.0000000 -275.0000000</POSITION>
			<DIRECTION>0.9999999 0.0000000 0.0000000</DIRECTION>
		</DUMMY>
		<DUMMY name="spawn_team2_101">
			<POSITION>-1337.0000000 -2668.0000000 175.0000000</POSITION>
			<DIRECTION>0.9999999 0.0000000 0.0000000</DIRECTION>
		</DUMMY>
		<DUMMY name="spawn_team2_105">
			<POSITION>-84.0000000 -2668.0000000 -275.0000000</POSITION>
			<DIRECTION>0.9999999 0.0000000 0.0000000</DIRECTION>
		</DUMMY>
		<DUMMY name="spawn_team2_102">
			<POSITION>-84.0000000 -2668.0000000 175.0000000</POSITION>
			<DIRECTION>0.9999999 0.0000000 0.0000000</DIRECTION>
		</DUMMY>
		<DUMMY name="spawn_team2_106">
			<POSITION>1135.0000000 -3254.0000000 -275.0000000</POSITION>
			<DIRECTION>0.9999999 0.0000000 0.0000000</DIRECTION>
		</DUMMY>
		<DUMMY name="spawn_team2_103">
			<POSITION>1135.0000000 -3254.0000000 175.0000000</POSITION>
			<DIRECTION>0.9999999 0.0000000 0.0000000</DIRECTION>
		</DUMMY>
		<DUMMY name="spawn_solo_101">
			<POSITION>-1390.0000000 -2668.0000000 175.0000000</POSITION>
			<DIRECTION>0.9999999 0.0000000 0.0000000</DIRECTION>
		</DUMMY>
		<DUMMY name="spawn_solo_102">
			<POSITION>-1390.0000000 -2668.0000000 -275.0000000</POSITION>
			<DIRECTION>0.9999999 0.0000000 0.0000000</DIRECTION>
		</DUMMY>
		<DUMMY name="spawn_solo_103">
			<POSITION>-84.0000000 -2668.0000000 -275.0000000</POSITION>
			<DIRECTION>0.9999999 0.0000000 0.0000000</DIRECTION>
		</DUMMY>
		<DUMMY name="spawn_solo_104">
			<POSITION>-84.0000000 -2668.0000000 175.0000000</POSITION>
			<DIRECTION>0.9999999 0.0000000 0.0000000</DIRECTION>
		</DUMMY>
		<DUMMY name="spawn_solo_105">
			<POSITION>1135.0000000 -2668.0000000 -275.0000000</POSITION>
			<DIRECTION>0.9999999 0.0000000 0.0000000</DIRECTION>
		</DUMMY>
		<DUMMY name="spawn_solo_106">
			<POSITION>1135.0000000 -2668.0000000 175.0000000</POSITION>
			<DIRECTION>0.9999999 0.0000000 0.0000000</DIRECTION>
		</DUMMY>
		<DUMMY name="spawn_solo_107">
			<POSITION>1189.0000000 1778.0000000 175.0000000</POSITION>
			<DIRECTION>0.0000000 -0.9999999 0.0000000</DIRECTION>
		</DUMMY>
		<DUMMY name="spawn_solo_108">
			<POSITION>1189.0000000 1778.0000000 -275.0000000</POSITION>
			<DIRECTION>0.0000000 -0.9999999 0.0000000</DIRECTION>
		</DUMMY>
		<DUMMY name="spawn_solo_109">
			<POSITION>-65.0000000 1778.0000000 -275.0000000</POSITION>
			<DIRECTION>0.0000000 -0.9999999 0.0000000</DIRECTION>
		</DUMMY>
		<DUMMY name="spawn_solo_110">
			<POSITION>-65.0000000 1778.0000000 175.0000000</POSITION>
			<DIRECTION>0.0000000 -0.9999999 0.0000000</DIRECTION>
		</DUMMY>
		<DUMMY name="spawn_solo_111">
			<POSITION>-1327.0000000 1778.0000000 -275.0000000</POSITION>
			<DIRECTION>0.0000000 -0.9999999 0.0000000</DIRECTION>
		</DUMMY>
		<DUMMY name="spawn_solo_112">
			<POSITION>-1327.0000000 1778.0000000 175.0000000</POSITION>
			<DIRECTION>0.0000000 -0.9999999 0.0000000</DIRECTION>
		</DUMMY>
		<DUMMY name="obj_lamps">
			<POSITION>0.0000000 0.0000000 0.0000000</POSITION>
			<DIRECTION>0.0000000 0.0000000 0.0000000</DIRECTION>
		</DUMMY>
	</DUMMYLIST>
	<OCCLUSIONLIST>
	</OCCLUSIONLIST>
	<AMBIENTSOUNDLIST>
	</AMBIENTSOUNDLIST>
	<GLOBAL>
		<license>student</license>
	</GLOBAL>
</XML>
