<?xml version="1.0" encoding="UTF-8"?>
<XML>
	<GAMETYPE id="solo">
		<SPAWN item="bullet02" timesec="35000">
			<POSITION>1670.0000000 743.0000000 0.0000000</POSITION>
		</SPAWN>
		<SPAWN item="bullet02" timesec="35000">
			<POSITION>1670.0000000 -3741.0000000 0.0000000</POSITION>
		</SPAWN>
		<SPAWN item="ap03" timesec="35000">
			<POSITION>3256.0000000 -4100.0000000 172.0000000</POSITION>
		</SPAWN>
		<SPAWN item="ap03" timesec="35000">
			<POSITION>85.0000000 1113.0000000 172.0000000</POSITION>
		</SPAWN>
		<SPAWN item="hp03" timesec="35000">
			<POSITION>1659.0000000 -1478.0000000 750.0000000</POSITION>
		</SPAWN>
	</GAMETYPE>

	<GAMETYPE id="team">
		<SPAWN item="bullet02" timesec="35000">
			<POSITION>1670.0000000 743.0000000 0.0000000</POSITION>
		</SPAWN>
		<SPAWN item="bullet02" timesec="35000">
			<POSITION>1670.0000000 -3741.0000000 0.0000000</POSITION>
		</SPAWN>
		<SPAWN item="ap03" timesec="35000">
			<POSITION>3256.0000000 -4100.0000000 172.0000000</POSITION>
		</SPAWN>
		<SPAWN item="ap03" timesec="35000">
			<POSITION>85.0000000 1113.0000000 172.0000000</POSITION>
		</SPAWN>
		<SPAWN item="hp03" timesec="35000">
			<POSITION>1659.0000000 -1478.0000000 750.0000000</POSITION>
		</SPAWN>
	</GAMETYPE>
</XML>
