<?xml version="1.0"?>
<XML>
	<MATERIALLIST>
		<MATERIAL name="gzd_map_LS_wall03_mt_con">
			<DIFFUSE>0.5880000 0.5880000 0.5880000</DIFFUSE>
			<AMBIENT>0.5880000 0.5880000 0.5880000</AMBIENT>
			<SPECULAR>0.9000000 0.9000000 0.9000000</SPECULAR>
			<DIFFUSEMAP>gzd_map_LS_wall03.bmp</DIFFUSEMAP>
		</MATERIAL>
		<MATERIAL name="gzd_map_LS_wall03_2_mt_con">
			<DIFFUSE>0.5880000 0.5880000 0.5880000</DIFFUSE>
			<AMBIENT>0.5880000 0.5880000 0.5880000</AMBIENT>
			<SPECULAR>0.9000000 0.9000000 0.9000000</SPECULAR>
			<DIFFUSEMAP>gzd_map_LS_wall03_2.bmp</DIFFUSEMAP>
		</MATERIAL>
		<MATERIAL name="gzd_map_LS_wall04_mt_con">
			<DIFFUSE>0.5880000 0.5880000 0.5880000</DIFFUSE>
			<AMBIENT>0.5880000 0.5880000 0.5880000</AMBIENT>
			<SPECULAR>0.9000000 0.9000000 0.9000000</SPECULAR>
			<DIFFUSEMAP>gzd_map_LS_wall04.bmp</DIFFUSEMAP>
		</MATERIAL>
		<MATERIAL name="gzd_map_LS_wall03_4_mt_con">
			<DIFFUSE>0.5880000 0.5880000 0.5880000</DIFFUSE>
			<AMBIENT>0.5880000 0.5880000 0.5880000</AMBIENT>
			<SPECULAR>0.9000000 0.9000000 0.9000000</SPECULAR>
			<DIFFUSEMAP>gzd_map_LS_wall03_4.bmp</DIFFUSEMAP>
		</MATERIAL>
		<MATERIAL name="gzd_map_LS_wall03_3_mt_con">
			<DIFFUSE>0.5880000 0.5880000 0.5880000</DIFFUSE>
			<AMBIENT>0.5880000 0.5880000 0.5880000</AMBIENT>
			<SPECULAR>0.9000000 0.9000000 0.9000000</SPECULAR>
			<DIFFUSEMAP>gzd_map_LS_wall03_3.bmp</DIFFUSEMAP>
		</MATERIAL>
		<MATERIAL name="gzd_map_LS_stair01_mt_con">
			<DIFFUSE>0.5880000 0.5880000 0.5880000</DIFFUSE>
			<AMBIENT>0.5880000 0.5880000 0.5880000</AMBIENT>
			<SPECULAR>0.9000000 0.9000000 0.9000000</SPECULAR>
			<DIFFUSEMAP>gzd_map_LS_stair01.bmp</DIFFUSEMAP>
		</MATERIAL>
		<MATERIAL name="gzd_map_LS_wall01_mt_con">
			<DIFFUSE>0.5880000 0.5880000 0.5880000</DIFFUSE>
			<AMBIENT>0.5880000 0.5880000 0.5880000</AMBIENT>
			<SPECULAR>0.9000000 0.9000000 0.9000000</SPECULAR>
			<DIFFUSEMAP>gzd_map_LS_wall01.bmp</DIFFUSEMAP>
		</MATERIAL>
		<MATERIAL name="gzd_map_LS_wall09_mt_con">
			<DIFFUSE>0.5880000 0.5880000 0.5880000</DIFFUSE>
			<AMBIENT>0.5880000 0.5880000 0.5880000</AMBIENT>
			<SPECULAR>0.9000000 0.9000000 0.9000000</SPECULAR>
			<DIFFUSEMAP>gzd_map_LS_wall09.bmp</DIFFUSEMAP>
		</MATERIAL>
		<MATERIAL name="gzd_map_LS_deco01_mt_con">
			<DIFFUSE>0.5880000 0.5880000 0.5880000</DIFFUSE>
			<AMBIENT>0.5880000 0.5880000 0.5880000</AMBIENT>
			<SPECULAR>0.9000000 0.9000000 0.9000000</SPECULAR>
			<DIFFUSEMAP>gzd_map_LS_deco01.bmp</DIFFUSEMAP>
		</MATERIAL>
		<MATERIAL name="gzd_map_Factory_sky_sunset">
			<DIFFUSE>0.5882353 0.5882353 0.5882353</DIFFUSE>
			<AMBIENT>0.5882353 0.5882353 0.5882353</AMBIENT>
			<SPECULAR>0.9000000 0.9000000 0.9000000</SPECULAR>
			<DIFFUSEMAP>../factory/sky_sunset.bmp</DIFFUSEMAP>
		</MATERIAL>
		<MATERIAL name="gzd_map_Prison_door001_mt_met">
			<DIFFUSE>0.5880000 0.5880000 0.5880000</DIFFUSE>
			<AMBIENT>0.5880000 0.5880000 0.5880000</AMBIENT>
			<SPECULAR>0.9000000 0.9000000 0.9000000</SPECULAR>
			<DIFFUSEMAP>../prison/gzd_map_Prison_door001.bmp</DIFFUSEMAP>
		</MATERIAL>
		<MATERIAL name="gzd_map_BA_black">
			<DIFFUSE>0.5882353 0.5882353 0.5882353</DIFFUSE>
			<AMBIENT>0.5882353 0.5882353 0.5882353</AMBIENT>
			<SPECULAR>0.9000000 0.9000000 0.9000000</SPECULAR>
			<DIFFUSEMAP>../battle arena/black.tga</DIFFUSEMAP>
			<USEOPACITY/>
		</MATERIAL>
	</MATERIALLIST>
	<LIGHTLIST>
		<LIGHT name="Omni_main_a 01">
			<POSITION>-10000.0000000 10000.0000000 10000.0000000</POSITION>
			<COLOR>1.0000000 1.0000000 1.0000000</COLOR>
			<INTENSITY>0.2000000</INTENSITY>
			<ATTENUATIONSTART>50000.0000000</ATTENUATIONSTART>
			<ATTENUATIONEND>50000.0000000</ATTENUATIONEND>
		</LIGHT>
		<LIGHT name="Omni_main_a 02">
			<POSITION>-10000.0000000 -10000.0000000 10000.0000000</POSITION>
			<COLOR>1.0000000 1.0000000 1.0000000</COLOR>
			<INTENSITY>0.2000000</INTENSITY>
			<ATTENUATIONSTART>50000.0000000</ATTENUATIONSTART>
			<ATTENUATIONEND>50000.0000000</ATTENUATIONEND>
		</LIGHT>
		<LIGHT name="Omni_main_a 03">
			<POSITION>10000.0000000 -10000.0000000 10000.0000000</POSITION>
			<COLOR>1.0000000 1.0000000 1.0000000</COLOR>
			<INTENSITY>0.2000000</INTENSITY>
			<ATTENUATIONSTART>50000.0000000</ATTENUATIONSTART>
			<ATTENUATIONEND>50000.0000000</ATTENUATIONEND>
		</LIGHT>
		<LIGHT name="Omni_main_a 04">
			<POSITION>10000.0000000 10000.0000000 10000.0009766</POSITION>
			<COLOR>1.0000000 1.0000000 1.0000000</COLOR>
			<INTENSITY>0.2000000</INTENSITY>
			<ATTENUATIONSTART>50000.0000000</ATTENUATIONSTART>
			<ATTENUATIONEND>50000.0000000</ATTENUATIONEND>
		</LIGHT>
		<LIGHT name="Omni_main_b 01">
			<POSITION>-10000.0000000 10000.0000000 -9999.9990234</POSITION>
			<COLOR>1.0000000 1.0000000 1.0000000</COLOR>
			<INTENSITY>0.1600000</INTENSITY>
			<ATTENUATIONSTART>20000.0000000</ATTENUATIONSTART>
			<ATTENUATIONEND>20000.0000000</ATTENUATIONEND>
		</LIGHT>
		<LIGHT name="Omni_main_b 02">
			<POSITION>-10000.0000000 -10000.0000000 -10000.0000000</POSITION>
			<COLOR>1.0000000 1.0000000 1.0000000</COLOR>
			<INTENSITY>0.1600000</INTENSITY>
			<ATTENUATIONSTART>20000.0000000</ATTENUATIONSTART>
			<ATTENUATIONEND>20000.0000000</ATTENUATIONEND>
		</LIGHT>
		<LIGHT name="Omni_main_b 03">
			<POSITION>10000.0000000 -10000.0000000 -10000.0000000</POSITION>
			<COLOR>1.0000000 1.0000000 1.0000000</COLOR>
			<INTENSITY>0.1600000</INTENSITY>
			<ATTENUATIONSTART>20000.0000000</ATTENUATIONSTART>
			<ATTENUATIONEND>20000.0000000</ATTENUATIONEND>
		</LIGHT>
		<LIGHT name="Omni_main_b 04">
			<POSITION>10000.0000000 10000.0000000 -9999.9990234</POSITION>
			<COLOR>1.0000000 1.0000000 1.0000000</COLOR>
			<INTENSITY>0.1600000</INTENSITY>
			<ATTENUATIONSTART>20000.0000000</ATTENUATIONSTART>
			<ATTENUATIONEND>20000.0000000</ATTENUATIONEND>
		</LIGHT>
		<LIGHT name="sun_Omni">
			<POSITION>119957.4921875 -15778.0839844 112152.9687500</POSITION>
			<COLOR>1.0000000 0.6549020 0.3490196</COLOR>
			<INTENSITY>1.2000000</INTENSITY>
			<ATTENUATIONSTART>250000.0000000</ATTENUATIONSTART>
			<ATTENUATIONEND>250000.0000000</ATTENUATIONEND>
			<CASTSHADOW/>
		</LIGHT>
		<LIGHT name="obj_sun_Omni01">
			<POSITION>119957.4921875 -15778.0839844 112152.9687500</POSITION>
			<COLOR>1.0000000 0.6549020 0.3490196</COLOR>
			<INTENSITY>1.1000000</INTENSITY>
			<ATTENUATIONSTART>250000.0000000</ATTENUATIONSTART>
			<ATTENUATIONEND>250000.0000000</ATTENUATIONEND>
			<CASTSHADOW/>
		</LIGHT>
	</LIGHTLIST>
	<OBJECTLIST>
		<OBJECT name="Lost Shrine_obj_sky_sunset.elu">
		</OBJECT>
	</OBJECTLIST>
	<DUMMYLIST>
		<DUMMY name="spawn_solo_101">
			<POSITION>2400.0000000 -1700.0000000 5.0000000</POSITION>
			<DIRECTION>-0.0000002 0.9999999 0.0000000</DIRECTION>
		</DUMMY>
		<DUMMY name="spawn_solo_102">
			<POSITION>2400.0000000 1700.0000000 5.0000000</POSITION>
			<DIRECTION>0.0000000 -0.9999999 0.0000000</DIRECTION>
		</DUMMY>
		<DUMMY name="spawn_solo_103">
			<POSITION>2760.0000000 2707.3244629 5.0000000</POSITION>
			<DIRECTION>-0.0000002 0.9999999 0.0000000</DIRECTION>
		</DUMMY>
		<DUMMY name="spawn_solo_104">
			<POSITION>-1500.0000000 -3000.0000000 520.0000000</POSITION>
			<DIRECTION>0.9999999 0.0000007 0.0000000</DIRECTION>
		</DUMMY>
		<DUMMY name="spawn_solo_105">
			<POSITION>-4000.0000000 -2750.0000000 -345.0000000</POSITION>
			<DIRECTION>-0.0000002 0.9999999 0.0000000</DIRECTION>
		</DUMMY>
		<DUMMY name="spawn_solo_106">
			<POSITION>4000.0000000 2750.0000000 -345.0000000</POSITION>
			<DIRECTION>0.0000000 -0.9999999 0.0000000</DIRECTION>
		</DUMMY>
		<DUMMY name="spawn_solo_107">
			<POSITION>4000.0000000 -0.0000007 -245.0000000</POSITION>
			<DIRECTION>-0.9999999 -0.0000003 0.0000000</DIRECTION>
		</DUMMY>
		<DUMMY name="spawn_solo_108">
			<POSITION>-300.0000000 3230.0000000 520.0000000</POSITION>
			<DIRECTION>0.9659258 -0.2588190 0.0000000</DIRECTION>
		</DUMMY>
		<DUMMY name="spawn_solo_109">
			<POSITION>-4000.0000000 -4600.0004883 155.0000000</POSITION>
			<DIRECTION>-0.0000002 0.9999999 0.0000000</DIRECTION>
		</DUMMY>
		<DUMMY name="spawn_solo_110">
			<POSITION>-4000.0000000 0.0000109 -245.0000000</POSITION>
			<DIRECTION>0.9999999 0.0000000 0.0000000</DIRECTION>
		</DUMMY>
		<DUMMY name="spawn_solo_111">
			<POSITION>900.0000000 -3000.0000000 935.0000000</POSITION>
			<DIRECTION>-0.9999999 0.0000002 0.0000000</DIRECTION>
		</DUMMY>
		<DUMMY name="spawn_solo_112">
			<POSITION>4000.0000000 4600.0000000 155.0000000</POSITION>
			<DIRECTION>0.0000010 -0.9999999 0.0000000</DIRECTION>
		</DUMMY>
		<DUMMY name="spawn_solo_113">
			<POSITION>2100.0000000 3011.8024902 935.0000000</POSITION>
			<DIRECTION>-0.9999999 0.0000002 0.0000000</DIRECTION>
		</DUMMY>
		<DUMMY name="spawn_solo_114">
			<POSITION>-2776.5419922 -2718.6093750 140.0000000</POSITION>
			<DIRECTION>-0.8660252 -0.5000002 0.0000000</DIRECTION>
		</DUMMY>
		<DUMMY name="spawn_solo_115">
			<POSITION>-2400.0000000 1700.0000000 5.0000000</POSITION>
			<DIRECTION>0.0000000 -0.9999999 0.0000000</DIRECTION>
		</DUMMY>
		<DUMMY name="spawn_solo_116">
			<POSITION>-2400.0000000 -1700.0000000 5.0000000</POSITION>
			<DIRECTION>-0.0000002 0.9999999 0.0000000</DIRECTION>
		</DUMMY>
		<DUMMY name="spawn_team1_101">
			<POSITION>4000.0000000 4850.0000000 5.0000000</POSITION>
			<DIRECTION>0.0000000 -0.9999999 0.0000000</DIRECTION>
		</DUMMY>
		<DUMMY name="spawn_team2_101">
			<POSITION>-4000.0000000 -4849.9995117 5.0000000</POSITION>
			<DIRECTION>-0.0000002 0.9999999 0.0000000</DIRECTION>
		</DUMMY>
		<DUMMY name="spawn_team2_102">
			<POSITION>-4000.0000000 -4999.9995117 5.0000000</POSITION>
			<DIRECTION>-0.0000002 0.9999999 0.0000000</DIRECTION>
		</DUMMY>
		<DUMMY name="spawn_team1_102">
			<POSITION>4000.0000000 5000.0000000 5.0000000</POSITION>
			<DIRECTION>0.0000000 -0.9999999 0.0000000</DIRECTION>
		</DUMMY>
		<DUMMY name="spawn_team2_103">
			<POSITION>-4000.0000000 -5149.9995117 5.0000000</POSITION>
			<DIRECTION>-0.0000002 0.9999999 0.0000000</DIRECTION>
		</DUMMY>
		<DUMMY name="spawn_team1_103">
			<POSITION>4000.0000000 5150.0000000 5.0000000</POSITION>
			<DIRECTION>0.0000000 -0.9999999 0.0000000</DIRECTION>
		</DUMMY>
		<DUMMY name="spawn_team2_104">
			<POSITION>-4000.0000000 -5299.9995117 5.0000000</POSITION>
			<DIRECTION>-0.0000002 0.9999999 0.0000000</DIRECTION>
		</DUMMY>
		<DUMMY name="spawn_team1_104">
			<POSITION>4000.0000000 5300.0000000 5.0000000</POSITION>
			<DIRECTION>0.0000000 -0.9999999 0.0000000</DIRECTION>
		</DUMMY>
		<DUMMY name="spawn_team2_105">
			<POSITION>-3600.0000000 -4600.0004883 5.0000000</POSITION>
			<DIRECTION>-0.0000002 0.9999999 0.0000000</DIRECTION>
		</DUMMY>
		<DUMMY name="spawn_team1_105">
			<POSITION>3600.0000000 4600.0000000 5.0000000</POSITION>
			<DIRECTION>0.0000000 -0.9999999 0.0000000</DIRECTION>
		</DUMMY>
		<DUMMY name="spawn_team2_106">
			<POSITION>-3750.0000000 -4600.0004883 5.0000000</POSITION>
			<DIRECTION>-0.0000002 0.9999999 0.0000000</DIRECTION>
		</DUMMY>
		<DUMMY name="spawn_team1_106">
			<POSITION>3750.0000000 4600.0000000 5.0000000</POSITION>
			<DIRECTION>0.0000000 -0.9999999 0.0000000</DIRECTION>
		</DUMMY>
		<DUMMY name="spawn_team2_107">
			<POSITION>-4250.0000000 -4600.0004883 5.0000000</POSITION>
			<DIRECTION>-0.0000002 0.9999999 0.0000000</DIRECTION>
		</DUMMY>
		<DUMMY name="spawn_team1_107">
			<POSITION>4250.0000000 4600.0000000 5.0000000</POSITION>
			<DIRECTION>0.0000000 -0.9999999 0.0000000</DIRECTION>
		</DUMMY>
		<DUMMY name="spawn_team2_108">
			<POSITION>-4400.0000000 -4600.0004883 5.0000000</POSITION>
			<DIRECTION>-0.0000002 0.9999999 0.0000000</DIRECTION>
		</DUMMY>
		<DUMMY name="spawn_team1_108">
			<POSITION>4400.0000000 4600.0000000 5.0000000</POSITION>
			<DIRECTION>0.0000000 -0.9999999 0.0000000</DIRECTION>
		</DUMMY>
		<DUMMY name="spawn_item_solo_bullet02_01">
			<POSITION>4000.0000000 1800.0000000 -340.0000000</POSITION>
			<DIRECTION>-0.0000002 0.9999999 0.0000000</DIRECTION>
		</DUMMY>
		<DUMMY name="spawn_item_solo_hp02_01">
			<POSITION>-2400.0000000 -3000.0000000 5.0000000</POSITION>
			<DIRECTION>-0.0000002 0.9999999 0.0000000</DIRECTION>
		</DUMMY>
		<DUMMY name="spawn_item_solo_ap03_01">
			<POSITION>2300.0000000 -0.0000132 310.0000000</POSITION>
			<DIRECTION>-0.0000002 0.9999999 0.0000000</DIRECTION>
		</DUMMY>
		<DUMMY name="spawn_item_solo_hp03_01">
			<POSITION>0.0000000 0.0000109 -240.0000000</POSITION>
			<DIRECTION>-0.0000002 0.9999999 0.0000000</DIRECTION>
		</DUMMY>
		<DUMMY name="spawn_item_team_bullet02_01">
			<POSITION>-1200.0000000 3000.0000000 5.0000000</POSITION>
			<DIRECTION>-0.0000002 0.9999999 0.0000000</DIRECTION>
		</DUMMY>
		<DUMMY name="spawn_item_team_ap03_01">
			<POSITION>-4000.0000000 0.0000000 -245.0000000</POSITION>
			<DIRECTION>-0.0000002 0.9999999 0.0000000</DIRECTION>
		</DUMMY>
		<DUMMY name="spawn_item_team_hp03_01">
			<POSITION>0.0000000 0.0000000 -240.0000000</POSITION>
			<DIRECTION>-0.0000002 0.9999999 0.0000000</DIRECTION>
		</DUMMY>
		<DUMMY name="spawn_item_solo_ap03_02">
			<POSITION>-2300.0000000 -0.0000132 310.0000000</POSITION>
			<DIRECTION>-0.0000002 0.9999999 0.0000000</DIRECTION>
		</DUMMY>
		<DUMMY name="spawn_item_solo_hp02_02">
			<POSITION>2400.0000000 3000.0000000 5.0000000</POSITION>
			<DIRECTION>-0.0000002 0.9999999 0.0000000</DIRECTION>
		</DUMMY>
		<DUMMY name="spawn_item_solo_bullet02_02">
			<POSITION>-4000.0000000 -1800.0000000 -340.0000000</POSITION>
			<DIRECTION>-0.0000002 0.9999999 0.0000000</DIRECTION>
		</DUMMY>
		<DUMMY name="spawn_item_team_ap03_02">
			<POSITION>4000.0000000 0.0000000 -245.0000000</POSITION>
			<DIRECTION>-0.0000002 0.9999999 0.0000000</DIRECTION>
		</DUMMY>
		<DUMMY name="spawn_item_team_bullet02_02">
			<POSITION>1200.0000000 -3000.0000000 5.0000000</POSITION>
			<DIRECTION>-0.0000002 0.9999999 0.0000000</DIRECTION>
		</DUMMY>
		<DUMMY name="wait_pos_01">
			<POSITION>4137.9780273 -533.3261108 0.0000000</POSITION>
			<DIRECTION>-0.9541058 0.2706773 0.1281243</DIRECTION>
		</DUMMY>
	</DUMMYLIST>
	<OCCLUSIONLIST>
	</OCCLUSIONLIST>
	<AMBIENTSOUNDLIST>
	</AMBIENTSOUNDLIST>
</XML>
