<?xml version="1.0" encoding="UTF-8"?>
<XML>
	<MATERIALLIST>
		<MATERIAL name="shader1_infierno1">
			<DIFFUSE>1.00000000 1.00000000 1.00000000</DIFFUSE>
			<AMBIENT>1.00000000 1.00000000 1.00000000</AMBIENT>
			<SPECULAR>1.00000000 1.00000000 1.00000000</SPECULAR>
			<DIFFUSEMAP>shader1/infierno1.jpg</DIFFUSEMAP>
		</MATERIAL>
		<MATERIAL name="Hell_infierno1">
			<DIFFUSE>1.00000000 1.00000000 1.00000000</DIFFUSE>
			<AMBIENT>1.00000000 1.00000000 1.00000000</AMBIENT>
			<SPECULAR>1.00000000 1.00000000 1.00000000</SPECULAR>
			<DIFFUSEMAP>Hell/infierno1.jpg</DIFFUSEMAP>
		</MATERIAL>
		<MATERIAL name="shader1_lava02">
			<DIFFUSE>1.00000000 1.00000000 1.00000000</DIFFUSE>
			<AMBIENT>1.00000000 1.00000000 1.00000000</AMBIENT>
			<SPECULAR>1.00000000 1.00000000 1.00000000</SPECULAR>
			<DIFFUSEMAP>shader1/lava02.jpg</DIFFUSEMAP>
		</MATERIAL>
		<MATERIAL name="shader1_lavah">
			<DIFFUSE>1.00000000 1.00000000 1.00000000</DIFFUSE>
			<AMBIENT>1.00000000 1.00000000 1.00000000</AMBIENT>
			<SPECULAR>1.00000000 1.00000000 1.00000000</SPECULAR>
			<DIFFUSEMAP>shader1/lavah</DIFFUSEMAP>
		</MATERIAL>
		<MATERIAL name="shader1_lava1h">
			<DIFFUSE>1.00000000 1.00000000 1.00000000</DIFFUSE>
			<AMBIENT>1.00000000 1.00000000 1.00000000</AMBIENT>
			<SPECULAR>1.00000000 1.00000000 1.00000000</SPECULAR>
			<DIFFUSEMAP>shader1/lava1h</DIFFUSEMAP>
		</MATERIAL>
		<MATERIAL name="shader1_BAblackbrick">
			<DIFFUSE>1.00000000 1.00000000 1.00000000</DIFFUSE>
			<AMBIENT>1.00000000 1.00000000 1.00000000</AMBIENT>
			<SPECULAR>1.00000000 1.00000000 1.00000000</SPECULAR>
			<DIFFUSEMAP>shader1/BAblackbrick</DIFFUSEMAP>
		</MATERIAL>
		<MATERIAL name="Hell_lava02">
			<DIFFUSE>1.00000000 1.00000000 1.00000000</DIFFUSE>
			<AMBIENT>1.00000000 1.00000000 1.00000000</AMBIENT>
			<SPECULAR>1.00000000 1.00000000 1.00000000</SPECULAR>
			<DIFFUSEMAP>Hell/lava02.jpg</DIFFUSEMAP>
		</MATERIAL>
		<MATERIAL name="fakewall_lavah">
			<DIFFUSE>1.00000000 1.00000000 1.00000000</DIFFUSE>
			<AMBIENT>1.00000000 1.00000000 1.00000000</AMBIENT>
			<SPECULAR>1.00000000 1.00000000 1.00000000</SPECULAR>
			<DIFFUSEMAP>fakewall/lavah</DIFFUSEMAP>
		</MATERIAL>
		<MATERIAL name="Hell_lava1h">
			<DIFFUSE>1.00000000 1.00000000 1.00000000</DIFFUSE>
			<AMBIENT>1.00000000 1.00000000 1.00000000</AMBIENT>
			<SPECULAR>1.00000000 1.00000000 1.00000000</SPECULAR>
			<DIFFUSEMAP>Hell/lava1h</DIFFUSEMAP>
		</MATERIAL>
		<MATERIAL name="Hell_lavah">
			<DIFFUSE>1.00000000 1.00000000 1.00000000</DIFFUSE>
			<AMBIENT>1.00000000 1.00000000 1.00000000</AMBIENT>
			<SPECULAR>1.00000000 1.00000000 1.00000000</SPECULAR>
			<DIFFUSEMAP>Hell/lavah</DIFFUSEMAP>
		</MATERIAL>
		<MATERIAL name="fakewall_lava1h">
			<DIFFUSE>1.00000000 1.00000000 1.00000000</DIFFUSE>
			<AMBIENT>1.00000000 1.00000000 1.00000000</AMBIENT>
			<SPECULAR>1.00000000 1.00000000 1.00000000</SPECULAR>
			<DIFFUSEMAP>fakewall/lava1h</DIFFUSEMAP>
		</MATERIAL>
		<MATERIAL name="BattleArena_gzd_map_BA_wall04.bmp">
			<DIFFUSE>1.00000000 1.00000000 1.00000000</DIFFUSE>
			<AMBIENT>1.00000000 1.00000000 1.00000000</AMBIENT>
			<SPECULAR>1.00000000 1.00000000 1.00000000</SPECULAR>
			<DIFFUSEMAP>BattleArena/gzd_map_BA_wall04.bmp</DIFFUSEMAP>
		</MATERIAL>
		<MATERIAL name="additive_red">
			<DIFFUSE>1.00000000 1.00000000 1.00000000</DIFFUSE>
			<AMBIENT>1.00000000 1.00000000 1.00000000</AMBIENT>
			<SPECULAR>1.00000000 1.00000000 1.00000000</SPECULAR>
			<DIFFUSEMAP>additive/red.png</DIFFUSEMAP>
			<ADDITIVE/>
		</MATERIAL>
	</MATERIALLIST>
	<DUMMYLIST>
		<DUMMY name="spawn_solo_101">
			<POSITION>32.00000000 -32.00000000 8.00000000</POSITION>
			<DIRECTION>0.00000000 1.00000000 0.00000000</DIRECTION>
		</DUMMY>
		<DUMMY name="spawn_solo_102">
			<POSITION>-256.00000000 -256.00000000 8.00000000</POSITION>
			<DIRECTION>0.00000000 1.00000000 0.00000000</DIRECTION>
		</DUMMY>
		<DUMMY name="spawn_solo_103">
			<POSITION>-544.00000000 -40.00000000 8.00000000</POSITION>
			<DIRECTION>0.00000000 1.00000000 0.00000000</DIRECTION>
		</DUMMY>
		<DUMMY name="spawn_team1_101">
			<POSITION>-56.00000000 -288.00000000 8.00000000</POSITION>
			<DIRECTION>-1.00000000 0.00000000 0.00000000</DIRECTION>
		</DUMMY>
		<DUMMY name="spawn_team2_101">
			<POSITION>-592.00000000 -408.00000000 8.00000000</POSITION>
			<DIRECTION>-1.00000000 0.00000000 0.00000000</DIRECTION>
		</DUMMY>
	</DUMMYLIST>
	<FOG min="0" max="10000">
		<R>230</R>
		<G>200</G>
		<B>200</B>
	</FOG>
</XML>
