<?xml version="1.0" encoding="euc-kr"?>
<XML>
	<MATERIALLIST>
		<MATERIAL name="gzd_map_Prison_deco002_mt_met">
			<DIFFUSE>0.5882353 0.5882353 0.5882353</DIFFUSE>
			<AMBIENT>0.5882353 0.5882353 0.5882353</AMBIENT>
			<SPECULAR>0.9000000 0.9000000 0.9000000</SPECULAR>
			<DIFFUSEMAP>gzd_map_Prison_deco002.bmp</DIFFUSEMAP>
		</MATERIAL>
		<MATERIAL name="gzd_map_Prison_fx001_add">
			<DIFFUSE>0.5882353 0.5882353 0.5882353</DIFFUSE>
			<AMBIENT>0.5882353 0.5882353 0.5882353</AMBIENT>
			<SPECULAR>0.9000000 0.9000000 0.9000000</SPECULAR>
			<DIFFUSEMAP>gzd_map_Prison_fx001.bmp</DIFFUSEMAP>
			<ADDITIVE/>
		</MATERIAL>
		<MATERIAL name="town_floor13_1_change_mt_con">
			<DIFFUSE>0.5880000 0.5880000 0.5880000</DIFFUSE>
			<AMBIENT>0.5880000 0.5880000 0.5880000</AMBIENT>
			<SPECULAR>0.9000000 0.9000000 0.9000000</SPECULAR>
			<DIFFUSEMAP>town_floor13_1_change.jpg</DIFFUSEMAP>
		</MATERIAL>
		<MATERIAL name="town_floor13_1_change_mt_wat">
			<DIFFUSE>0.5880000 0.5880000 0.5880000</DIFFUSE>
			<AMBIENT>0.5880000 0.5880000 0.5880000</AMBIENT>
			<SPECULAR>0.9000000 0.9000000 0.9000000</SPECULAR>
			<DIFFUSEMAP>town_floor13_1_change.jpg</DIFFUSEMAP>
		</MATERIAL>
		<MATERIAL name="Prison_deco003_change_mt_met">
			<DIFFUSE>0.5882353 0.5882353 0.5882353</DIFFUSE>
			<AMBIENT>0.5882353 0.5882353 0.5882353</AMBIENT>
			<SPECULAR>0.9000000 0.9000000 0.9000000</SPECULAR>
			<DIFFUSEMAP>Prison_deco003_change.jpg</DIFFUSEMAP>
		</MATERIAL>
		<MATERIAL name="Sta_H-gang001_change_mt_met">
			<DIFFUSE>0.5880000 0.5880000 0.5880000</DIFFUSE>
			<AMBIENT>0.5880000 0.5880000 0.5880000</AMBIENT>
			<SPECULAR>0.9000000 0.9000000 0.9000000</SPECULAR>
			<DIFFUSEMAP>Sta_H-gang001_change.jpg</DIFFUSEMAP>
		</MATERIAL>
		<MATERIAL name="Citadel_water2_2s">
			<DIFFUSE>0.1176471 0.1176471 0.8627452</DIFFUSE>
			<AMBIENT>0.1176471 0.1176471 0.8627452</AMBIENT>
			<SPECULAR>0.9000000 0.9000000 0.9000000</SPECULAR>
			<DIFFUSEMAP>Citadel_water2.jpg</DIFFUSEMAP>
			<ADDITIVE/>
			<TWOSIDED/>
		</MATERIAL>
	</MATERIALLIST>
	<LIGHTLIST>
		<LIGHT name="Omni_main 01">
			<POSITION>-6515.5117188 8000.0000000 7758.2836914</POSITION>
			<COLOR>1.0000000 1.0000000 1.0000000</COLOR>
			<INTENSITY>0.1000000</INTENSITY>
			<ATTENUATIONSTART>25000.0000000</ATTENUATIONSTART>
			<ATTENUATIONEND>25000.0000000</ATTENUATIONEND>
		</LIGHT>
		<LIGHT name="Omni_main 02">
			<POSITION>9484.4882813 8000.0000000 7758.2836914</POSITION>
			<COLOR>1.0000000 1.0000000 1.0000000</COLOR>
			<INTENSITY>0.1000000</INTENSITY>
			<ATTENUATIONSTART>25000.0000000</ATTENUATIONSTART>
			<ATTENUATIONEND>25000.0000000</ATTENUATIONEND>
		</LIGHT>
		<LIGHT name="Omni_main 03">
			<POSITION>9484.4882813 -8000.0000000 7758.2836914</POSITION>
			<COLOR>1.0000000 1.0000000 1.0000000</COLOR>
			<INTENSITY>0.1000000</INTENSITY>
			<ATTENUATIONSTART>25000.0000000</ATTENUATIONSTART>
			<ATTENUATIONEND>25000.0000000</ATTENUATIONEND>
		</LIGHT>
		<LIGHT name="Omni_main 04">
			<POSITION>-6515.5117188 -8000.0000000 7758.2836914</POSITION>
			<COLOR>1.0000000 1.0000000 1.0000000</COLOR>
			<INTENSITY>0.1000000</INTENSITY>
			<ATTENUATIONSTART>25000.0000000</ATTENUATIONSTART>
			<ATTENUATIONEND>25000.0000000</ATTENUATIONEND>
		</LIGHT>
		<LIGHT name="Omni_main b 01">
			<POSITION>-6515.5117188 8000.0004883 -6354.1108398</POSITION>
			<COLOR>1.0000000 1.0000000 1.0000000</COLOR>
			<INTENSITY>0.0500000</INTENSITY>
			<ATTENUATIONSTART>25000.0000000</ATTENUATIONSTART>
			<ATTENUATIONEND>25000.0000000</ATTENUATIONEND>
		</LIGHT>
		<LIGHT name="Omni_main b 02">
			<POSITION>9484.4882813 8000.0004883 -6354.1108398</POSITION>
			<COLOR>1.0000000 1.0000000 1.0000000</COLOR>
			<INTENSITY>0.0500000</INTENSITY>
			<ATTENUATIONSTART>25000.0000000</ATTENUATIONSTART>
			<ATTENUATIONEND>25000.0000000</ATTENUATIONEND>
		</LIGHT>
		<LIGHT name="Omni_main b 03">
			<POSITION>9484.4882813 -8000.0000000 -6354.1108398</POSITION>
			<COLOR>1.0000000 1.0000000 1.0000000</COLOR>
			<INTENSITY>0.0500000</INTENSITY>
			<ATTENUATIONSTART>25000.0000000</ATTENUATIONSTART>
			<ATTENUATIONEND>25000.0000000</ATTENUATIONEND>
		</LIGHT>
		<LIGHT name="Omni_main b 04">
			<POSITION>-6515.5117188 -8000.0000000 -6354.1108398</POSITION>
			<COLOR>1.0000000 1.0000000 1.0000000</COLOR>
			<INTENSITY>0.0500000</INTENSITY>
			<ATTENUATIONSTART>25000.0000000</ATTENUATIONSTART>
			<ATTENUATIONEND>25000.0000000</ATTENUATIONEND>
		</LIGHT>
		<LIGHT name="obj_Omni_light_a 01">
			<POSITION>-2113.3625488 -824.2023926 407.1737671</POSITION>
			<COLOR>0.9921569 0.8156863 0.5411765</COLOR>
			<INTENSITY>1.2000000</INTENSITY>
			<ATTENUATIONSTART>271.0000000</ATTENUATIONSTART>
			<ATTENUATIONEND>753.0000000</ATTENUATIONEND>
			<CASTSHADOW/>
		</LIGHT>
		<LIGHT name="Omni_light_a 01">
			<POSITION>-2113.3625488 -824.2023926 422.7067261</POSITION>
			<COLOR>0.9882354 0.8196079 0.4627451</COLOR>
			<INTENSITY>1.2000000</INTENSITY>
			<ATTENUATIONSTART>271.0000000</ATTENUATIONSTART>
			<ATTENUATIONEND>650.0000000</ATTENUATIONEND>
			<CASTSHADOW/>
		</LIGHT>
		<LIGHT name="obj_Omni_light_a 02">
			<POSITION>-1141.3275146 -217.3463135 407.1737671</POSITION>
			<COLOR>0.9921569 0.8156863 0.5411765</COLOR>
			<INTENSITY>1.2000000</INTENSITY>
			<ATTENUATIONSTART>271.0000000</ATTENUATIONSTART>
			<ATTENUATIONEND>753.0000000</ATTENUATIONEND>
			<CASTSHADOW/>
		</LIGHT>
		<LIGHT name="Omni_light_a 02">
			<POSITION>-1141.3275146 -217.3463135 422.7067261</POSITION>
			<COLOR>0.9882354 0.8196079 0.4627451</COLOR>
			<INTENSITY>1.2000000</INTENSITY>
			<ATTENUATIONSTART>271.0000000</ATTENUATIONSTART>
			<ATTENUATIONEND>650.0000000</ATTENUATIONEND>
			<CASTSHADOW/>
		</LIGHT>
		<LIGHT name="obj_Omni_light_a 03">
			<POSITION>-2.0362701 0.9411801 407.1737671</POSITION>
			<COLOR>0.9921569 0.8156863 0.5411765</COLOR>
			<INTENSITY>1.2000000</INTENSITY>
			<ATTENUATIONSTART>271.0000000</ATTENUATIONSTART>
			<ATTENUATIONEND>753.0000000</ATTENUATIONEND>
			<CASTSHADOW/>
		</LIGHT>
		<LIGHT name="Omni_light_a 03">
			<POSITION>-2.0362701 0.9411801 422.7067261</POSITION>
			<COLOR>0.9882354 0.8196079 0.4627451</COLOR>
			<INTENSITY>1.2000000</INTENSITY>
			<ATTENUATIONSTART>271.0000000</ATTENUATIONSTART>
			<ATTENUATIONEND>650.0000000</ATTENUATIONEND>
			<CASTSHADOW/>
		</LIGHT>
		<LIGHT name="Omni_light_a 04">
			<POSITION>1140.1348877 -217.1193848 422.7067261</POSITION>
			<COLOR>0.9882354 0.8196079 0.4627451</COLOR>
			<INTENSITY>1.2000000</INTENSITY>
			<ATTENUATIONSTART>271.0000000</ATTENUATIONSTART>
			<ATTENUATIONEND>650.0000000</ATTENUATIONEND>
			<CASTSHADOW/>
		</LIGHT>
		<LIGHT name="obj_Omni_light_a 04">
			<POSITION>1140.1348877 -217.1193848 407.1737671</POSITION>
			<COLOR>0.9921569 0.8156863 0.5411765</COLOR>
			<INTENSITY>1.2000000</INTENSITY>
			<ATTENUATIONSTART>271.0000000</ATTENUATIONSTART>
			<ATTENUATIONEND>753.0000000</ATTENUATIONEND>
			<CASTSHADOW/>
		</LIGHT>
		<LIGHT name="Omni_light_a 05">
			<POSITION>2111.7678223 -824.6405029 422.7067261</POSITION>
			<COLOR>0.9882354 0.8196079 0.4627451</COLOR>
			<INTENSITY>1.2000000</INTENSITY>
			<ATTENUATIONSTART>271.0000000</ATTENUATIONSTART>
			<ATTENUATIONEND>650.0000000</ATTENUATIONEND>
			<CASTSHADOW/>
		</LIGHT>
		<LIGHT name="obj_Omni_light_a 05">
			<POSITION>2111.7678223 -824.6405029 407.1737671</POSITION>
			<COLOR>0.9921569 0.8156863 0.5411765</COLOR>
			<INTENSITY>1.2000000</INTENSITY>
			<ATTENUATIONSTART>271.0000000</ATTENUATIONSTART>
			<ATTENUATIONEND>753.0000000</ATTENUATIONEND>
			<CASTSHADOW/>
		</LIGHT>
		<LIGHT name="Omni_light_b 01">
			<POSITION>-2113.3625488 -824.2023926 588.3471680</POSITION>
			<COLOR>0.9882354 0.8196079 0.4627451</COLOR>
			<INTENSITY>0.6000000</INTENSITY>
			<ATTENUATIONSTART>211.9766541</ATTENUATIONSTART>
			<ATTENUATIONEND>354.1721802</ATTENUATIONEND>
		</LIGHT>
		<LIGHT name="Omni_light_b 02">
			<POSITION>-1141.3275146 -217.3463135 588.3471680</POSITION>
			<COLOR>0.9882354 0.8196079 0.4627451</COLOR>
			<INTENSITY>0.6000000</INTENSITY>
			<ATTENUATIONSTART>211.9766541</ATTENUATIONSTART>
			<ATTENUATIONEND>354.1721802</ATTENUATIONEND>
		</LIGHT>
		<LIGHT name="Omni_light_b 03">
			<POSITION>-2.0362701 0.9411621 588.3471680</POSITION>
			<COLOR>0.9882354 0.8196079 0.4627451</COLOR>
			<INTENSITY>0.6000000</INTENSITY>
			<ATTENUATIONSTART>211.9766541</ATTENUATIONSTART>
			<ATTENUATIONEND>354.1721802</ATTENUATIONEND>
		</LIGHT>
		<LIGHT name="Omni_light_b 04">
			<POSITION>1140.1348877 -217.1193848 588.3471680</POSITION>
			<COLOR>0.9882354 0.8196079 0.4627451</COLOR>
			<INTENSITY>0.6000000</INTENSITY>
			<ATTENUATIONSTART>211.9766541</ATTENUATIONSTART>
			<ATTENUATIONEND>354.1721802</ATTENUATIONEND>
		</LIGHT>
		<LIGHT name="Omni_light_b 05">
			<POSITION>2111.7678223 -824.6405029 588.3471680</POSITION>
			<COLOR>0.9882354 0.8196079 0.4627451</COLOR>
			<INTENSITY>0.6000000</INTENSITY>
			<ATTENUATIONSTART>211.9766541</ATTENUATIONSTART>
			<ATTENUATIONEND>354.1721802</ATTENUATIONEND>
		</LIGHT>
	</LIGHTLIST>
	<OBJECTLIST>
		<OBJECT name="Prison_drainage2_ef_light_add_a 01.elu">
		</OBJECT>
		<OBJECT name="Prison_new_drainage2_obj_water_a.elu">
		</OBJECT>
	</OBJECTLIST>
	<DUMMYLIST>
		<DUMMY name="spawn_solo_101">
			<POSITION>-2212.3278809 -1029.4864502 5.0000000</POSITION>
			<DIRECTION>0.6347754 0.7726966 0.0000000</DIRECTION>
		</DUMMY>
		<DUMMY name="link01">
			<POSITION>2381.0754395 -1101.5167236 5.0000000</POSITION>
			<DIRECTION>0.0000000 0.9999999 0.0000000</DIRECTION>
		</DUMMY>
		<DUMMY name="spawn_npc_range_01">
			<POSITION>-2610.5673828 -1202.2076416 5.0000000</POSITION>
			<DIRECTION>0.7071068 0.7071068 0.0000000</DIRECTION>
		</DUMMY>
		<DUMMY name="spawn_npc_melee_01">
			<POSITION>-2414.7932129 -1320.8862305 5.0000000</POSITION>
			<DIRECTION>0.5000000 0.8660253 0.0000000</DIRECTION>
		</DUMMY>
		<DUMMY name="spawn_solo_102">
			<POSITION>-2338.0803223 -924.3431396 5.0000000</POSITION>
			<DIRECTION>0.6347754 0.7726966 0.0000000</DIRECTION>
		</DUMMY>
		<DUMMY name="spawn_solo_103">
			<POSITION>-2429.5979004 -1033.4746094 5.0000000</POSITION>
			<DIRECTION>0.6347754 0.7726966 0.0000000</DIRECTION>
		</DUMMY>
		<DUMMY name="spawn_solo_104">
			<POSITION>-2303.8454590 -1138.6179199 5.0000000</POSITION>
			<DIRECTION>0.6347754 0.7726966 0.0000000</DIRECTION>
		</DUMMY>
		<DUMMY name="spawn_solo_105">
			<POSITION>-2303.8454590 -1138.6179199 5.0000000</POSITION>
			<DIRECTION>0.6347754 0.7726966 0.0000000</DIRECTION>
		</DUMMY>
		<DUMMY name="spawn_solo_106">
			<POSITION>-2303.8454590 -1138.6179199 5.0000000</POSITION>
			<DIRECTION>0.6347754 0.7726966 0.0000000</DIRECTION>
		</DUMMY>
		<DUMMY name="spawn_solo_107">
			<POSITION>-2303.8454590 -1138.6179199 5.0000000</POSITION>
			<DIRECTION>0.6347754 0.7726966 0.0000000</DIRECTION>
		</DUMMY>
		<DUMMY name="spawn_solo_108">
			<POSITION>-2303.8454590 -1138.6179199 5.0000000</POSITION>
			<DIRECTION>0.6347754 0.7726966 0.0000000</DIRECTION>
		</DUMMY>
		<DUMMY name="spawn_npc_range_02">
			<POSITION>-1646.5718994 -627.5249023 5.0000000</POSITION>
			<DIRECTION>-0.5000000 0.8660253 0.0000000</DIRECTION>
		</DUMMY>
		<DUMMY name="spawn_npc_range_03">
			<POSITION>-625.5834351 68.9970703 5.0000000</POSITION>
			<DIRECTION>0.2588189 -0.9659258 0.0000000</DIRECTION>
		</DUMMY>
		<DUMMY name="spawn_npc_range_04">
			<POSITION>526.9624634 -175.4642029 5.0000000</POSITION>
			<DIRECTION>0.2588190 0.9659258 0.0000000</DIRECTION>
		</DUMMY>
		<DUMMY name="spawn_npc_range_05">
			<POSITION>1693.4852295 -341.8616943 5.0000000</POSITION>
			<DIRECTION>-0.5000000 -0.8660253 0.0000000</DIRECTION>
		</DUMMY>
		<DUMMY name="spawn_npc_melee_02">
			<POSITION>-1786.4270020 -403.4725037 5.0000000</POSITION>
			<DIRECTION>0.5000000 -0.8660253 0.0000000</DIRECTION>
		</DUMMY>
		<DUMMY name="spawn_npc_melee_03">
			<POSITION>-564.0856934 -183.4608002 5.0000000</POSITION>
			<DIRECTION>-0.2588190 0.9659258 0.0000000</DIRECTION>
		</DUMMY>
		<DUMMY name="spawn_npc_range_06">
			<POSITION>2412.4150391 -1323.1132813 5.0000000</POSITION>
			<DIRECTION>-0.5000000 0.8660253 0.0000000</DIRECTION>
		</DUMMY>
		<DUMMY name="spawn_npc_melee_04">
			<POSITION>576.1452637 78.6254425 5.0000000</POSITION>
			<DIRECTION>-0.2588189 -0.9659258 0.0000000</DIRECTION>
		</DUMMY>
		<DUMMY name="spawn_npc_melee_05">
			<POSITION>1552.5607910 -563.0014648 5.0000000</POSITION>
			<DIRECTION>0.5000000 0.8660253 0.0000000</DIRECTION>
		</DUMMY>
		<DUMMY name="spawn_npc_melee_06">
			<POSITION>2601.3244629 -1198.2495117 5.0000000</POSITION>
			<DIRECTION>-0.7071068 0.7071068 0.0000000</DIRECTION>
		</DUMMY>
		<DUMMY name="spawn_npc_range_07">
			<POSITION>2116.2248535 -829.9242554 400.0000000</POSITION>
			<DIRECTION>-0.7071066 0.7071069 0.0000000</DIRECTION>
		</DUMMY>
		<DUMMY name="spawn_npc_range_08">
			<POSITION>-4.1082935 -1.5381498 400.0000000</POSITION>
			<DIRECTION>-0.9999999 0.0000002 0.0000000</DIRECTION>
		</DUMMY>
		<DUMMY name="spawn_npc_range_09">
			<POSITION>-2111.5705566 -826.6237183 400.0000000</POSITION>
			<DIRECTION>0.7071069 0.7071065 0.0000000</DIRECTION>
		</DUMMY>
		<DUMMY name="spawn_npc_melee_07">
			<POSITION>-1136.4188232 -217.8115997 400.0000000</POSITION>
			<DIRECTION>0.9659258 0.2588191 0.0000000</DIRECTION>
		</DUMMY>
		<DUMMY name="spawn_npc_melee_08">
			<POSITION>1137.6149902 -214.1087799 400.0000000</POSITION>
			<DIRECTION>-0.8660254 0.4999999 0.0000000</DIRECTION>
		</DUMMY>
		<DUMMY name="snd_amb_b1_dropwater 01">
			<POSITION>2307.1120605 -1008.5040894 70.8766556</POSITION>
			<DIRECTION>0.0000000 0.9999999 0.0000000</DIRECTION>
		</DUMMY>
		<DUMMY name="snd_amb_b1_dropwater 02">
			<POSITION>590.4454346 -69.7461548 70.8766556</POSITION>
			<DIRECTION>0.0000000 0.9999999 0.0000000</DIRECTION>
		</DUMMY>
		<DUMMY name="snd_amb_b1_dropwater 03">
			<POSITION>-2245.8227539 -976.2786865 70.8766556</POSITION>
			<DIRECTION>0.0000000 0.9999999 0.0000000</DIRECTION>
		</DUMMY>
		<DUMMY name="link02">
			<POSITION>-2381.4992676 -1101.5167236 5.0000000</POSITION>
			<DIRECTION>0.0000000 0.9999999 0.0000000</DIRECTION>
		</DUMMY>
		<DUMMY name="wait_pos_01">
			<POSITION>-2285.3964844 -927.8954468 200.0000000</POSITION>
			<DIRECTION>0.8660254 0.4999999 0.0000000</DIRECTION>
		</DUMMY>
	</DUMMYLIST>
	<OCCLUSIONLIST>
	</OCCLUSIONLIST>
	<AMBIENTSOUNDLIST>
		<AMBIENTSOUND ObjName="snd_amb_b1_dropwater 01" type="b1" filename="amb_dropwater">
			<CENTER>2307.1120605 -1008.5040894 70.8766556</CENTER>
			<RADIUS>1000</RADIUS>
		</AMBIENTSOUND>
		<AMBIENTSOUND ObjName="snd_amb_b1_dropwater 02" type="b1" filename="amb_dropwater">
			<CENTER>590.4454346 -69.7461548 70.8766556</CENTER>
			<RADIUS>1000</RADIUS>
		</AMBIENTSOUND>
		<AMBIENTSOUND ObjName="snd_amb_b1_dropwater 03" type="b1" filename="amb_dropwater">
			<CENTER>-2245.8227539 -976.2786865 70.8766556</CENTER>
			<RADIUS>1000</RADIUS>
		</AMBIENTSOUND>
	</AMBIENTSOUNDLIST>
	<GLOBAL>
		<far_z>8500</far_z>
	</GLOBAL>
</XML>
