<?xml version="1.0" encoding="UTF-8"?>
<XML>
	<MATERIALLIST>
		<MATERIAL name="tadel_gzd_map_Citadel_floor00_00.bmp">
			<DIFFUSE>1.00000000 1.00000000 1.00000000</DIFFUSE>
			<AMBIENT>1.00000000 1.00000000 1.00000000</AMBIENT>
			<SPECULAR>1.00000000 1.00000000 1.00000000</SPECULAR>
			<DIFFUSEMAP>tadel/gzd_map_Citadel_floor00_00.bmp</DIFFUSEMAP>
		</MATERIAL>
		<MATERIAL name="tadel_gzd_map_Citadel_qiaobian2.bmp">
			<DIFFUSE>1.00000000 1.00000000 1.00000000</DIFFUSE>
			<AMBIENT>1.00000000 1.00000000 1.00000000</AMBIENT>
			<SPECULAR>1.00000000 1.00000000 1.00000000</SPECULAR>
			<DIFFUSEMAP>tadel/gzd_map_Citadel_qiaobian2.bmp</DIFFUSEMAP>
		</MATERIAL>
		<MATERIAL name="tadel_gzd_map_Citadel_hedi1.bmp">
			<DIFFUSE>1.00000000 1.00000000 1.00000000</DIFFUSE>
			<AMBIENT>1.00000000 1.00000000 1.00000000</AMBIENT>
			<SPECULAR>1.00000000 1.00000000 1.00000000</SPECULAR>
			<DIFFUSEMAP>tadel/gzd_map_Citadel_hedi1.bmp</DIFFUSEMAP>
		</MATERIAL>
		<MATERIAL name="tadel_gzd_map_Citadel_wall2.bmp">
			<DIFFUSE>1.00000000 1.00000000 1.00000000</DIFFUSE>
			<AMBIENT>1.00000000 1.00000000 1.00000000</AMBIENT>
			<SPECULAR>1.00000000 1.00000000 1.00000000</SPECULAR>
			<DIFFUSEMAP>tadel/gzd_map_Citadel_wall2.bmp</DIFFUSEMAP>
		</MATERIAL>
		<MATERIAL name="tadel_gzd_map_Citadel_shitou1.bmp">
			<DIFFUSE>1.00000000 1.00000000 1.00000000</DIFFUSE>
			<AMBIENT>1.00000000 1.00000000 1.00000000</AMBIENT>
			<SPECULAR>1.00000000 1.00000000 1.00000000</SPECULAR>
			<DIFFUSEMAP>tadel/gzd_map_Citadel_shitou1.bmp</DIFFUSEMAP>
		</MATERIAL>
		<MATERIAL name="tadel_bridge2">
			<DIFFUSE>1.00000000 1.00000000 1.00000000</DIFFUSE>
			<AMBIENT>1.00000000 1.00000000 1.00000000</AMBIENT>
			<SPECULAR>1.00000000 1.00000000 1.00000000</SPECULAR>
			<DIFFUSEMAP>tadel/bridge2</DIFFUSEMAP>
		</MATERIAL>
		<MATERIAL name="tadel_haligi">
			<DIFFUSE>1.00000000 1.00000000 1.00000000</DIFFUSE>
			<AMBIENT>1.00000000 1.00000000 1.00000000</AMBIENT>
			<SPECULAR>1.00000000 1.00000000 1.00000000</SPECULAR>
			<DIFFUSEMAP>tadel/haligi</DIFFUSEMAP>
		</MATERIAL>
		<MATERIAL name="tadel_tadel_r">
			<DIFFUSE>1.00000000 1.00000000 1.00000000</DIFFUSE>
			<AMBIENT>1.00000000 1.00000000 1.00000000</AMBIENT>
			<SPECULAR>1.00000000 1.00000000 1.00000000</SPECULAR>
			<DIFFUSEMAP>tadel/tadel_r</DIFFUSEMAP>
		</MATERIAL>
		<MATERIAL name="tadel_gzd_map_Citadel_wood01_00.bmp">
			<DIFFUSE>1.00000000 1.00000000 1.00000000</DIFFUSE>
			<AMBIENT>1.00000000 1.00000000 1.00000000</AMBIENT>
			<SPECULAR>1.00000000 1.00000000 1.00000000</SPECULAR>
			<DIFFUSEMAP>tadel/gzd_map_Citadel_wood01_00.bmp</DIFFUSEMAP>
		</MATERIAL>
		<MATERIAL name="tadel_gzd_map_Citadel_mask01.tga">
			<DIFFUSE>1.00000000 1.00000000 1.00000000</DIFFUSE>
			<AMBIENT>1.00000000 1.00000000 1.00000000</AMBIENT>
			<SPECULAR>1.00000000 1.00000000 1.00000000</SPECULAR>
			<DIFFUSEMAP>tadel/gzd_map_Citadel_mask01.tga</DIFFUSEMAP>
		</MATERIAL>
		<MATERIAL name="tadel_roof2">
			<DIFFUSE>1.00000000 1.00000000 1.00000000</DIFFUSE>
			<AMBIENT>1.00000000 1.00000000 1.00000000</AMBIENT>
			<SPECULAR>1.00000000 1.00000000 1.00000000</SPECULAR>
			<DIFFUSEMAP>tadel/roof2</DIFFUSEMAP>
		</MATERIAL>
		<MATERIAL name="tadel_roof6">
			<DIFFUSE>1.00000000 1.00000000 1.00000000</DIFFUSE>
			<AMBIENT>1.00000000 1.00000000 1.00000000</AMBIENT>
			<SPECULAR>1.00000000 1.00000000 1.00000000</SPECULAR>
			<DIFFUSEMAP>tadel/roof6</DIFFUSEMAP>
		</MATERIAL>
		<MATERIAL name="tadel_gzd_map_Citadel_stairway00_00.bmp">
			<DIFFUSE>1.00000000 1.00000000 1.00000000</DIFFUSE>
			<AMBIENT>1.00000000 1.00000000 1.00000000</AMBIENT>
			<SPECULAR>1.00000000 1.00000000 1.00000000</SPECULAR>
			<DIFFUSEMAP>tadel/gzd_map_Citadel_stairway00_00.bmp</DIFFUSEMAP>
		</MATERIAL>
		<MATERIAL name="tadel_roof4">
			<DIFFUSE>1.00000000 1.00000000 1.00000000</DIFFUSE>
			<AMBIENT>1.00000000 1.00000000 1.00000000</AMBIENT>
			<SPECULAR>1.00000000 1.00000000 1.00000000</SPECULAR>
			<DIFFUSEMAP>tadel/roof4</DIFFUSEMAP>
		</MATERIAL>
		<MATERIAL name="tadel_gzd_map_Citadel_road1.bmp">
			<DIFFUSE>1.00000000 1.00000000 1.00000000</DIFFUSE>
			<AMBIENT>1.00000000 1.00000000 1.00000000</AMBIENT>
			<SPECULAR>1.00000000 1.00000000 1.00000000</SPECULAR>
			<DIFFUSEMAP>tadel/gzd_map_Citadel_road1.bmp</DIFFUSEMAP>
		</MATERIAL>
		<MATERIAL name="tadel_gzd_map_Citadel_wall01_00.bmp">
			<DIFFUSE>1.00000000 1.00000000 1.00000000</DIFFUSE>
			<AMBIENT>1.00000000 1.00000000 1.00000000</AMBIENT>
			<SPECULAR>1.00000000 1.00000000 1.00000000</SPECULAR>
			<DIFFUSEMAP>tadel/gzd_map_Citadel_wall01_00.bmp</DIFFUSEMAP>
		</MATERIAL>
		<MATERIAL name="tadel_roof1">
			<DIFFUSE>1.00000000 1.00000000 1.00000000</DIFFUSE>
			<AMBIENT>1.00000000 1.00000000 1.00000000</AMBIENT>
			<SPECULAR>1.00000000 1.00000000 1.00000000</SPECULAR>
			<DIFFUSEMAP>tadel/roof1</DIFFUSEMAP>
		</MATERIAL>
		<MATERIAL name="tadel_roofend">
			<DIFFUSE>1.00000000 1.00000000 1.00000000</DIFFUSE>
			<AMBIENT>1.00000000 1.00000000 1.00000000</AMBIENT>
			<SPECULAR>1.00000000 1.00000000 1.00000000</SPECULAR>
			<DIFFUSEMAP>tadel/roofend</DIFFUSEMAP>
		</MATERIAL>
		<MATERIAL name="tadel_lantern">
			<DIFFUSE>1.00000000 1.00000000 1.00000000</DIFFUSE>
			<AMBIENT>1.00000000 1.00000000 1.00000000</AMBIENT>
			<SPECULAR>1.00000000 1.00000000 1.00000000</SPECULAR>
			<DIFFUSEMAP>tadel/lantern</DIFFUSEMAP>
		</MATERIAL>
		<MATERIAL name="tadel_tadel_statue">
			<DIFFUSE>1.00000000 1.00000000 1.00000000</DIFFUSE>
			<AMBIENT>1.00000000 1.00000000 1.00000000</AMBIENT>
			<SPECULAR>1.00000000 1.00000000 1.00000000</SPECULAR>
			<DIFFUSEMAP>tadel/tadel_statue</DIFFUSEMAP>
		</MATERIAL>
		<MATERIAL name="tadel_beam8">
			<DIFFUSE>1.00000000 1.00000000 1.00000000</DIFFUSE>
			<AMBIENT>1.00000000 1.00000000 1.00000000</AMBIENT>
			<SPECULAR>1.00000000 1.00000000 1.00000000</SPECULAR>
			<DIFFUSEMAP>tadel/beam8</DIFFUSEMAP>
		</MATERIAL>
		<MATERIAL name="tadel_beam5">
			<DIFFUSE>1.00000000 1.00000000 1.00000000</DIFFUSE>
			<AMBIENT>1.00000000 1.00000000 1.00000000</AMBIENT>
			<SPECULAR>1.00000000 1.00000000 1.00000000</SPECULAR>
			<DIFFUSEMAP>tadel/beam5</DIFFUSEMAP>
		</MATERIAL>
		<MATERIAL name="tadel_beam4">
			<DIFFUSE>1.00000000 1.00000000 1.00000000</DIFFUSE>
			<AMBIENT>1.00000000 1.00000000 1.00000000</AMBIENT>
			<SPECULAR>1.00000000 1.00000000 1.00000000</SPECULAR>
			<DIFFUSEMAP>tadel/beam4</DIFFUSEMAP>
		</MATERIAL>
		<MATERIAL name="tadel_gzd_map_Citadel_window.bmp">
			<DIFFUSE>1.00000000 1.00000000 1.00000000</DIFFUSE>
			<AMBIENT>1.00000000 1.00000000 1.00000000</AMBIENT>
			<SPECULAR>1.00000000 1.00000000 1.00000000</SPECULAR>
			<DIFFUSEMAP>tadel/gzd_map_Citadel_window.bmp</DIFFUSEMAP>
		</MATERIAL>
		<MATERIAL name="tadel_wuding3">
			<DIFFUSE>1.00000000 1.00000000 1.00000000</DIFFUSE>
			<AMBIENT>1.00000000 1.00000000 1.00000000</AMBIENT>
			<SPECULAR>1.00000000 1.00000000 1.00000000</SPECULAR>
			<DIFFUSEMAP>tadel/wuding3</DIFFUSEMAP>
		</MATERIAL>
		<MATERIAL name="tadel_roofwood2">
			<DIFFUSE>1.00000000 1.00000000 1.00000000</DIFFUSE>
			<AMBIENT>1.00000000 1.00000000 1.00000000</AMBIENT>
			<SPECULAR>1.00000000 1.00000000 1.00000000</SPECULAR>
			<DIFFUSEMAP>tadel/roofwood2</DIFFUSEMAP>
		</MATERIAL>
		<MATERIAL name="tadel_gzd_map_Citadel_wuding2.bmp">
			<DIFFUSE>1.00000000 1.00000000 1.00000000</DIFFUSE>
			<AMBIENT>1.00000000 1.00000000 1.00000000</AMBIENT>
			<SPECULAR>1.00000000 1.00000000 1.00000000</SPECULAR>
			<DIFFUSEMAP>tadel/gzd_map_Citadel_wuding2.bmp</DIFFUSEMAP>
		</MATERIAL>
		<MATERIAL name="tadel_beam1">
			<DIFFUSE>1.00000000 1.00000000 1.00000000</DIFFUSE>
			<AMBIENT>1.00000000 1.00000000 1.00000000</AMBIENT>
			<SPECULAR>1.00000000 1.00000000 1.00000000</SPECULAR>
			<DIFFUSEMAP>tadel/beam1</DIFFUSEMAP>
		</MATERIAL>
		<MATERIAL name="tadel_beam3">
			<DIFFUSE>1.00000000 1.00000000 1.00000000</DIFFUSE>
			<AMBIENT>1.00000000 1.00000000 1.00000000</AMBIENT>
			<SPECULAR>1.00000000 1.00000000 1.00000000</SPECULAR>
			<DIFFUSEMAP>tadel/beam3</DIFFUSEMAP>
		</MATERIAL>
		<MATERIAL name="tadel_tadelr1">
			<DIFFUSE>1.00000000 1.00000000 1.00000000</DIFFUSE>
			<AMBIENT>1.00000000 1.00000000 1.00000000</AMBIENT>
			<SPECULAR>1.00000000 1.00000000 1.00000000</SPECULAR>
			<DIFFUSEMAP>tadel/tadelr1</DIFFUSEMAP>
		</MATERIAL>
		<MATERIAL name="tadel_beam2">
			<DIFFUSE>1.00000000 1.00000000 1.00000000</DIFFUSE>
			<AMBIENT>1.00000000 1.00000000 1.00000000</AMBIENT>
			<SPECULAR>1.00000000 1.00000000 1.00000000</SPECULAR>
			<DIFFUSEMAP>tadel/beam2</DIFFUSEMAP>
		</MATERIAL>
		<MATERIAL name="tadel_roof_wood3">
			<DIFFUSE>1.00000000 1.00000000 1.00000000</DIFFUSE>
			<AMBIENT>1.00000000 1.00000000 1.00000000</AMBIENT>
			<SPECULAR>1.00000000 1.00000000 1.00000000</SPECULAR>
			<DIFFUSEMAP>tadel/roof_wood3</DIFFUSEMAP>
		</MATERIAL>
		<MATERIAL name="tadel_roof_wood2">
			<DIFFUSE>1.00000000 1.00000000 1.00000000</DIFFUSE>
			<AMBIENT>1.00000000 1.00000000 1.00000000</AMBIENT>
			<SPECULAR>1.00000000 1.00000000 1.00000000</SPECULAR>
			<DIFFUSEMAP>tadel/roof_wood2</DIFFUSEMAP>
		</MATERIAL>
		<MATERIAL name="tadel_roof_wood1">
			<DIFFUSE>1.00000000 1.00000000 1.00000000</DIFFUSE>
			<AMBIENT>1.00000000 1.00000000 1.00000000</AMBIENT>
			<SPECULAR>1.00000000 1.00000000 1.00000000</SPECULAR>
			<DIFFUSEMAP>tadel/roof_wood1</DIFFUSEMAP>
		</MATERIAL>
		<MATERIAL name="tadel_beamO">
			<DIFFUSE>1.00000000 1.00000000 1.00000000</DIFFUSE>
			<AMBIENT>1.00000000 1.00000000 1.00000000</AMBIENT>
			<SPECULAR>1.00000000 1.00000000 1.00000000</SPECULAR>
			<DIFFUSEMAP>tadel/beamO</DIFFUSEMAP>
		</MATERIAL>
		<MATERIAL name="tadel_Under_beam">
			<DIFFUSE>1.00000000 1.00000000 1.00000000</DIFFUSE>
			<AMBIENT>1.00000000 1.00000000 1.00000000</AMBIENT>
			<SPECULAR>1.00000000 1.00000000 1.00000000</SPECULAR>
			<DIFFUSEMAP>tadel/Under_beam</DIFFUSEMAP>
		</MATERIAL>
		<MATERIAL name="tadel_roof_wood4">
			<DIFFUSE>1.00000000 1.00000000 1.00000000</DIFFUSE>
			<AMBIENT>1.00000000 1.00000000 1.00000000</AMBIENT>
			<SPECULAR>1.00000000 1.00000000 1.00000000</SPECULAR>
			<DIFFUSEMAP>tadel/roof_wood4</DIFFUSEMAP>
		</MATERIAL>
	</MATERIALLIST>
	<DUMMYLIST>
		<DUMMY name="spawn_solo_101">
			<POSITION>-2088.00000000 -3848.00000000 160.00000000</POSITION>
			<DIRECTION>-1.00000000 0.00000000 0.00000000</DIRECTION>
		</DUMMY>
		<DUMMY name="spawn_team2_101">
			<POSITION>264.00000000 -3208.00000000 160.00000000</POSITION>
			<DIRECTION>-1.00000000 0.00000000 0.00000000</DIRECTION>
		</DUMMY>
		<DUMMY name="spawn_team2_102">
			<POSITION>264.00000000 -3312.00000000 160.00000000</POSITION>
			<DIRECTION>-1.00000000 0.00000000 0.00000000</DIRECTION>
		</DUMMY>
		<DUMMY name="spawn_team2_103">
			<POSITION>256.00000000 -3424.00000000 160.00000000</POSITION>
			<DIRECTION>-1.00000000 0.00000000 0.00000000</DIRECTION>
		</DUMMY>
		<DUMMY name="spawn_team2_104">
			<POSITION>264.00000000 -3520.00000000 160.00000000</POSITION>
			<DIRECTION>-1.00000000 0.00000000 0.00000000</DIRECTION>
		</DUMMY>
		<DUMMY name="spawn_team1_101">
			<POSITION>-5616.00000000 -3432.00000000 544.00000000</POSITION>
			<DIRECTION>-1.00000000 0.00000000 0.00000000</DIRECTION>
		</DUMMY>
		<DUMMY name="spawn_team1_102">
			<POSITION>-5928.00000000 -3688.00000000 544.00000000</POSITION>
			<DIRECTION>-1.00000000 0.00000000 0.00000000</DIRECTION>
		</DUMMY>
		<DUMMY name="spawn_team1_103">
			<POSITION>-6256.00000000 -3504.00000000 544.00000000</POSITION>
			<DIRECTION>-1.00000000 0.00000000 0.00000000</DIRECTION>
		</DUMMY>
		<DUMMY name="spawn_team1_104">
			<POSITION>-6112.00000000 -3312.00000000 544.00000000</POSITION>
			<DIRECTION>-1.00000000 0.00000000 0.00000000</DIRECTION>
		</DUMMY>
		<DUMMY name="obj_sea_01">
			<POSITION>-4.4211788 0.0000000 4.3401318</POSITION>
			<DIRECTION>0.0000000 0.3814076 704251422522212350.0000000</DIRECTION>
		</DUMMY>
		<DUMMY name="obj_sky_daylight">
			<POSITION>-4.1193156 0.0000000 4.2378502</POSITION>
			<DIRECTION>0.0000000 -1.8750000 0.0000000</DIRECTION>
		</DUMMY>
		<DUMMY name="sun_Dummy">
			<POSITION>2304.1613770 -4202.5058594 7428.8769531</POSITION>
			<DIRECTION>0.9999999 -0.0000001 0.0000000</DIRECTION>
		</DUMMY>
	</DUMMYLIST>
	<OBJECTLIST>
		<OBJECT name="tadel-room_obj_sea_01.elu">
		</OBJECT>
		<OBJECT name="Citadel_obj_sky_daylight.elu">
		</OBJECT>
	</OBJECTLIST>
</XML>
