<?xml version="1.0" encoding="UTF-8"?>
<XML>
	<GAMETYPE id="solo">
		<SPAWN item="blueflag" timesec="5000">
			<POSITION>-256 4624 -112</POSITION>
		</SPAWN>
		<SPAWN item="redflag" timesec="5000">
			<POSITION>688 -2640 -512</POSITION>
		</SPAWN>

		<SPAWN item="bullet02" timesec="45000">
			<POSITION>330 3855 -311</POSITION>
		</SPAWN>
		<SPAWN item="bullet02" timesec="45000">
			<POSITION>399 -1212 -711</POSITION>
		</SPAWN>
		<SPAWN item="hp02" timesec="30000">
			<POSITION>-1629 1774 -691</POSITION>
		</SPAWN>
		<SPAWN item="ap02" timesec="30000">
			<POSITION>-1681 1740 -711</POSITION>
		</SPAWN>
	</GAMETYPE>

	<GAMETYPE id="team">
		<SPAWN item="blueflag" timesec="5000">
			<POSITION>-256 4624 -112</POSITION>
		</SPAWN>
		<SPAWN item="redflag" timesec="5000">
			<POSITION>688 -2640 -512</POSITION>
		</SPAWN>

		<SPAWN item="hp02" timesec="120000">
			<POSITION>-320 1275 -631</POSITION>
		</SPAWN>
		<SPAWN item="ap02" timesec="120000">
			<POSITION>-1681 1740 -711</POSITION>
		</SPAWN>
		<SPAWN item="bullet02" timesec="160000">
			<POSITION>399 -1212 -711</POSITION>
		</SPAWN>
		<SPAWN item="bullet02" timesec="160000">
			<POSITION>-590 4016 -315</POSITION>
		</SPAWN>
		<SPAWN item="bullet02" timesec="160000">
			<POSITION>448 -4752 -1144</POSITION>
		</SPAWN>
	</GAMETYPE>
</XML>
