<?xml version="1.0" encoding="UTF-8"?>
<XML>
	<GAMETYPE id="solo">
		<SPAWN item="bullet02" timesec="45000">
			<POSITION>576.00000000 -3008.00000000 320.00000000</POSITION>
		</SPAWN>
		<SPAWN item="bullet02" timesec="45000">
			<POSITION>4320.00000000 -1280.00000000 512.00000000</POSITION>
		</SPAWN>
		<SPAWN item="bullet02" timesec="45000">
			<POSITION>3424.00000000 2944.00000000 -64.00000000</POSITION>
		</SPAWN>
		<SPAWN item="bullet02" timesec="45000">
			<POSITION>736.00000000 -5856.00000000 -192.00000000</POSITION>
		</SPAWN>

		<SPAWN item="hp03" timesec="45000">
			<POSITION>-4448.00000000 0.00000000 1152.00000000</POSITION>
		</SPAWN>
		<SPAWN item="hp03" timesec="45000">
			<POSITION>2688.00000000 2944.00000000 880.00000000</POSITION>
		</SPAWN>
		<SPAWN item="ap03" timesec="45000">
			<POSITION>-3616.00000000 0.00000000 1704.00000000</POSITION>
		</SPAWN>
		<SPAWN item="ap03" timesec="45000">
			<POSITION>1216.00000000 -6272.00000000 688.00000000</POSITION>
		</SPAWN>
	</GAMETYPE>

	<GAMETYPE id="team">
		<SPAWN item="bullet02" timesec="45000">
			<POSITION>576.00000000 -3008.00000000 320.00000000</POSITION>
		</SPAWN>
		<SPAWN item="bullet02" timesec="45000">
			<POSITION>4320.00000000 -1280.00000000 512.00000000</POSITION>
		</SPAWN>
		<SPAWN item="bullet02" timesec="45000">
			<POSITION>3424.00000000 2944.00000000 -64.00000000</POSITION>
		</SPAWN>
		<SPAWN item="bullet02" timesec="45000">
			<POSITION>736.00000000 -5856.00000000 -192.00000000</POSITION>
		</SPAWN>
	</GAMETYPE>
</XML>
