<?xml version="1.0" encoding="UTF-8"?>
<XML>
	<MATERIALLIST>
		<MATERIAL name="mt_Moi_rock_rock09_1_mt_con">
			<DIFFUSE>1.00000000 1.00000000 1.00000000</DIFFUSE>
			<AMBIENT>1.00000000 1.00000000 1.00000000</AMBIENT>
			<SPECULAR>1.00000000 1.00000000 1.00000000</SPECULAR>
			<DIFFUSEMAP>mt_Moi_rock/rock09_1_mt_con.jpg</DIFFUSEMAP>
		</MATERIAL>
		<MATERIAL name="mt_gz_brick_BA_wall05_mt_con">
			<DIFFUSE>1.00000000 1.00000000 1.00000000</DIFFUSE>
			<AMBIENT>1.00000000 1.00000000 1.00000000</AMBIENT>
			<SPECULAR>1.00000000 1.00000000 1.00000000</SPECULAR>
			<DIFFUSEMAP>mt_gz_brick/BA_wall05_mt_con.jpg</DIFFUSEMAP>
		</MATERIAL>
		<MATERIAL name="mt_Moi_brick_SeamlessBrick01_mt_con">
			<DIFFUSE>1.00000000 1.00000000 1.00000000</DIFFUSE>
			<AMBIENT>1.00000000 1.00000000 1.00000000</AMBIENT>
			<SPECULAR>1.00000000 1.00000000 1.00000000</SPECULAR>
			<DIFFUSEMAP>mt_Moi_brick/SeamlessBrick01_mt_con.jpg</DIFFUSEMAP>
		</MATERIAL>
		<MATERIAL name="mt_Moi_rock_rock10_1_mt_con">
			<DIFFUSE>1.00000000 1.00000000 1.00000000</DIFFUSE>
			<AMBIENT>1.00000000 1.00000000 1.00000000</AMBIENT>
			<SPECULAR>1.00000000 1.00000000 1.00000000</SPECULAR>
			<DIFFUSEMAP>mt_Moi_rock/rock10_1_mt_con.jpg</DIFFUSEMAP>
		</MATERIAL>
		<MATERIAL name="mt_Moi_stone_stone08_mt_con">
			<DIFFUSE>1.00000000 1.00000000 1.00000000</DIFFUSE>
			<AMBIENT>1.00000000 1.00000000 1.00000000</AMBIENT>
			<SPECULAR>1.00000000 1.00000000 1.00000000</SPECULAR>
			<DIFFUSEMAP>mt_Moi_stone/stone08_mt_con.jpg</DIFFUSEMAP>
		</MATERIAL>
		<MATERIAL name="mt_gz_metall_Blitzkrieg_Building_01_D01_mt_met">
			<DIFFUSE>1.00000000 1.00000000 1.00000000</DIFFUSE>
			<AMBIENT>1.00000000 1.00000000 1.00000000</AMBIENT>
			<SPECULAR>1.00000000 1.00000000 1.00000000</SPECULAR>
			<DIFFUSEMAP>mt_gz_metall/Blitzkrieg_Building_01_D01_mt_met.jpg</DIFFUSEMAP>
		</MATERIAL>
		<MATERIAL name="mt_gz_wood_island_boat02_mt_wod">
			<DIFFUSE>1.00000000 1.00000000 1.00000000</DIFFUSE>
			<AMBIENT>1.00000000 1.00000000 1.00000000</AMBIENT>
			<SPECULAR>1.00000000 1.00000000 1.00000000</SPECULAR>
			<DIFFUSEMAP>mt_gz_wood/island_boat02_mt_wod.jpg</DIFFUSEMAP>
		</MATERIAL>
		<MATERIAL name="mt_gz_wood_island_boat01_mt_wod">
			<DIFFUSE>1.00000000 1.00000000 1.00000000</DIFFUSE>
			<AMBIENT>1.00000000 1.00000000 1.00000000</AMBIENT>
			<SPECULAR>1.00000000 1.00000000 1.00000000</SPECULAR>
			<DIFFUSEMAP>mt_gz_wood/island_boat01_mt_wod.jpg</DIFFUSEMAP>
		</MATERIAL>
		<MATERIAL name="mt_Moi_stone_stone04_mt_con">
			<DIFFUSE>1.00000000 1.00000000 1.00000000</DIFFUSE>
			<AMBIENT>1.00000000 1.00000000 1.00000000</AMBIENT>
			<SPECULAR>1.00000000 1.00000000 1.00000000</SPECULAR>
			<DIFFUSEMAP>mt_Moi_stone/stone04_mt_con.jpg</DIFFUSEMAP>
		</MATERIAL>
		<MATERIAL name="mt_Moi_stone_stone06_mt_con">
			<DIFFUSE>1.00000000 1.00000000 1.00000000</DIFFUSE>
			<AMBIENT>1.00000000 1.00000000 1.00000000</AMBIENT>
			<SPECULAR>1.00000000 1.00000000 1.00000000</SPECULAR>
			<DIFFUSEMAP>mt_Moi_stone/stone06_mt_con.jpg</DIFFUSEMAP>
		</MATERIAL>
		<MATERIAL name="common_swamp_NC_mt_wat">
			<DIFFUSE>1.00000000 1.00000000 1.00000000</DIFFUSE>
			<AMBIENT>1.00000000 1.00000000 1.00000000</AMBIENT>
			<SPECULAR>1.00000000 1.00000000 1.00000000</SPECULAR>
			<DIFFUSEMAP>common/swamp_NC_mt_wat.bmp</DIFFUSEMAP>
			<ADDITIVE/>
		</MATERIAL>
		<MATERIAL name="mt_gz_rock_Haven_rock03_mt_con">
			<DIFFUSE>1.00000000 1.00000000 1.00000000</DIFFUSE>
			<AMBIENT>1.00000000 1.00000000 1.00000000</AMBIENT>
			<SPECULAR>1.00000000 1.00000000 1.00000000</SPECULAR>
			<DIFFUSEMAP>mt_gz_rock/Haven_rock03_mt_con.jpg</DIFFUSEMAP>
		</MATERIAL>
		<MATERIAL name="common_NeverWasHere">
			<DIFFUSE>1.00000000 1.00000000 1.00000000</DIFFUSE>
			<AMBIENT>1.00000000 1.00000000 1.00000000</AMBIENT>
			<SPECULAR>1.00000000 1.00000000 1.00000000</SPECULAR>
			<DIFFUSEMAP>common/NeverWasHere.jpg</DIFFUSEMAP>
		</MATERIAL>
		<MATERIAL name="mt_gz_dirt_DG_floor01_mt_drt">
			<DIFFUSE>1.00000000 1.00000000 1.00000000</DIFFUSE>
			<AMBIENT>1.00000000 1.00000000 1.00000000</AMBIENT>
			<SPECULAR>1.00000000 1.00000000 1.00000000</SPECULAR>
			<DIFFUSEMAP>mt_gz_dirt/DG_floor01_mt_drt.jpg</DIFFUSEMAP>
		</MATERIAL>
	</MATERIALLIST>

	<DUMMYLIST>

		<DUMMY name="spawn_solo_101">
			<POSITION>4512.00000000 32.00000000 64.00000000</POSITION>
			<DIRECTION>-1.00000000 0.00000000 0.00000000</DIRECTION>
		</DUMMY>
		<DUMMY name="spawn_solo_102">
			<POSITION>-4512.00000000 -32.00000000 64.00000000</POSITION>
			<DIRECTION>1.00000000 -0.00000000 0.00000000</DIRECTION>
		</DUMMY>
		<DUMMY name="spawn_solo_103">
			<POSITION>1616.00000000 -40.00000000 64.00000000</POSITION>
			<DIRECTION>-1.00000000 0.00000000 0.00000000</DIRECTION>
		</DUMMY>
		<DUMMY name="spawn_solo_104">
			<POSITION>1536.00000000 528.00000000 1152.00000000</POSITION>
			<DIRECTION>-1.00000000 0.00000000 0.00000000</DIRECTION>
		</DUMMY>
		<DUMMY name="spawn_solo_105">
			<POSITION>-1568.00000000 64.00000000 64.00000000</POSITION>
			<DIRECTION>-1.00000000 0.00000000 0.00000000</DIRECTION>
		</DUMMY>
		<DUMMY name="spawn_solo_106">
			<POSITION>1568.00000000 224.00000000 64.00000000</POSITION>
			<DIRECTION>1.00000000 -0.00000000 0.00000000</DIRECTION>
		</DUMMY>
		<DUMMY name="spawn_solo_107">
			<POSITION>-704.00000000 -1504.00000000 64.00000000</POSITION>
			<DIRECTION>0.00000000 1.00000000 0.00000000</DIRECTION>
		</DUMMY>
		<DUMMY name="spawn_solo_108">
			<POSITION>704.00000000 -1504.00000000 64.00000000</POSITION>
			<DIRECTION>0.00000000 1.00000000 0.00000000</DIRECTION>
		</DUMMY>
		<DUMMY name="spawn_solo_109">
			<POSITION>704.00000000 1504.00000000 64.00000000</POSITION>
			<DIRECTION>-0.00000000 -1.00000000 0.00000000</DIRECTION>
		</DUMMY>
		<DUMMY name="spawn_solo_110">
			<POSITION>-704.00000000 1504.00000000 64.00000000</POSITION>
			<DIRECTION>-0.00000000 -1.00000000 0.00000000</DIRECTION>
		</DUMMY>
		<DUMMY name="spawn_solo_111">
			<POSITION>1728.00000000 -1728.00000000 64.00000000</POSITION>
			<DIRECTION>1.00000000 -0.00000000 0.00000000</DIRECTION>
		</DUMMY>
		<DUMMY name="spawn_solo_112">
			<POSITION>1728.00000000 1728.00000000 64.00000000</POSITION>
			<DIRECTION>1.00000000 -0.00000000 0.00000000</DIRECTION>
		</DUMMY>
		<DUMMY name="spawn_solo_113">
			<POSITION>-1728.00000000 1728.00000000 64.00000000</POSITION>
			<DIRECTION>-1.00000000 0.00000000 0.00000000</DIRECTION>
		</DUMMY>
		<DUMMY name="spawn_solo_114">
			<POSITION>-1728.00000000 -1728.00000000 64.00000000</POSITION>
			<DIRECTION>-1.00000000 0.00000000 0.00000000</DIRECTION>
		</DUMMY>
		<DUMMY name="spawn_solo_115">
			<POSITION>-1632.00000000 -224.00000000 64.00000000</POSITION>
			<DIRECTION>1.00000000 -0.00000000 0.00000000</DIRECTION>
		</DUMMY>
		<DUMMY name="spawn_solo_116">
			<POSITION>-1536.00000000 -528.00000000 1152.00000000</POSITION>
			<DIRECTION>1.00000000 -0.00000000 0.00000000</DIRECTION>
		</DUMMY>

		<DUMMY name="spawn_team1_101">
			<POSITION>4672.00000000 256.00000000 64.00000000</POSITION>
			<DIRECTION>-1.00000000 0.00000000 0.00000000</DIRECTION>
		</DUMMY>
		<DUMMY name="spawn_team1_102">
			<POSITION>4672.00000000 128.00000000 64.00000000</POSITION>
			<DIRECTION>-1.00000000 0.00000000 0.00000000</DIRECTION>
		</DUMMY>
		<DUMMY name="spawn_team1_103">
			<POSITION>4672.00000000 0.00000000 64.00000000</POSITION>
			<DIRECTION>-1.00000000 0.00000000 0.00000000</DIRECTION>
		</DUMMY>
		<DUMMY name="spawn_team1_104">
			<POSITION>4672.00000000 -128.00000000 64.00000000</POSITION>
			<DIRECTION>-1.00000000 0.00000000 0.00000000</DIRECTION>
		</DUMMY>
		<DUMMY name="spawn_team1_105">
			<POSITION>4608.00000000 192.00000000 64.00000000</POSITION>
			<DIRECTION>-1.00000000 0.00000000 0.00000000</DIRECTION>
		</DUMMY>
		<DUMMY name="spawn_team1_106">
			<POSITION>4608.00000000 64.00000000 64.00000000</POSITION>
			<DIRECTION>-1.00000000 0.00000000 0.00000000</DIRECTION>
		</DUMMY>
		<DUMMY name="spawn_team1_107">
			<POSITION>4608.00000000 -64.00000000 64.00000000</POSITION>
			<DIRECTION>-1.00000000 0.00000000 0.00000000</DIRECTION>
		</DUMMY>
		<DUMMY name="spawn_team1_108">
			<POSITION>4608.00000000 -192.00000000 64.00000000</POSITION>
			<DIRECTION>-1.00000000 0.00000000 0.00000000</DIRECTION>
		</DUMMY>

		<DUMMY name="spawn_team2_101">
			<POSITION>-4672.00000000 192.00000000 64.00000000</POSITION>
			<DIRECTION>1.00000000 -0.00000000 0.00000000</DIRECTION>
		</DUMMY>
		<DUMMY name="spawn_team2_102">
			<POSITION>-4672.00000000 64.00000000 64.00000000</POSITION>
			<DIRECTION>1.00000000 -0.00000000 0.00000000</DIRECTION>
		</DUMMY>
		<DUMMY name="spawn_team2_103">
			<POSITION>-4672.00000000 -64.00000000 64.00000000</POSITION>
			<DIRECTION>1.00000000 -0.00000000 0.00000000</DIRECTION>
		</DUMMY>
		<DUMMY name="spawn_team2_104">
			<POSITION>-4672.00000000 -192.00000000 64.00000000</POSITION>
			<DIRECTION>1.00000000 -0.00000000 0.00000000</DIRECTION>
		</DUMMY>
		<DUMMY name="spawn_team2_105">
			<POSITION>-4608.00000000 128.00000000 64.00000000</POSITION>
			<DIRECTION>1.00000000 -0.00000000 0.00000000</DIRECTION>
		</DUMMY>
		<DUMMY name="spawn_team2_106">
			<POSITION>-4608.00000000 0.00000000 64.00000000</POSITION>
			<DIRECTION>1.00000000 -0.00000000 0.00000000</DIRECTION>
		</DUMMY>
		<DUMMY name="spawn_team2_107">
			<POSITION>-4608.00000000 -128.00000000 64.00000000</POSITION>
			<DIRECTION>1.00000000 -0.00000000 0.00000000</DIRECTION>
		</DUMMY>
		<DUMMY name="spawn_team2_108">
			<POSITION>-4608.00000000 -256.00000000 64.00000000</POSITION>
			<DIRECTION>1.00000000 -0.00000000 0.00000000</DIRECTION>
		</DUMMY>





		<DUMMY name="obj_sky_daylight">
			<POSITION>55267160891140097000000000000000.0000000 0.0000000 0.0000000</POSITION>
			<DIRECTION>0.0000000 0.0000000 0.0000000</DIRECTION>
		</DUMMY>
		<DUMMY name="sun_Dummy">
			<POSITION>-7424.0000000 4992.0000000 24576.0000000</POSITION>
			<DIRECTION>0.0000000 0.9999999 0.0000000</DIRECTION>
		</DUMMY>



		<DUMMY name="spawn_item_solo_bullet02_01">
			<POSITION>-3512.00000000 -3512.00000000 0.00000000</POSITION>
			<DIRECTION>0.0000000 0.0000000 0.0000000</DIRECTION>
		</DUMMY>
		<DUMMY name="spawn_item_solo_bullet02_02">
			<POSITION>-3512.00000000 3512.00000000 0.00000000</POSITION>
			<DIRECTION>0.0000000 0.0000000 0.0000000</DIRECTION>
		</DUMMY>
		<DUMMY name="spawn_item_solo_bullet02_03">
			<POSITION>3512.00000000 -3512.00000000 0.00000000</POSITION>
			<DIRECTION>0.0000000 0.0000000 0.0000000</DIRECTION>
		</DUMMY>
		<DUMMY name="spawn_item_solo_bullet02_04">
			<POSITION>3512.00000000 3512.00000000 0.00000000</POSITION>
			<DIRECTION>0.0000000 0.0000000 0.0000000</DIRECTION>
		</DUMMY>

		<DUMMY name="spawn_item_solo_hp03_01">
			<POSITION>-1768.00000000 -1768.00000000 1840.00000000</POSITION>
			<DIRECTION>0.0000000 0.0000000 0.0000000</DIRECTION>
		</DUMMY>
		<DUMMY name="spawn_item_solo_hp03_02">
			<POSITION>-1768.00000000 1768.00000000 1840.00000000</POSITION>
			<DIRECTION>0.0000000 0.0000000 0.0000000</DIRECTION>
		</DUMMY>

		<DUMMY name="spawn_item_solo_ap03_01">
			<POSITION>1768.00000000 -1768.00000000 1840.00000000</POSITION>
			<DIRECTION>0.0000000 0.9999999 0.0000000</DIRECTION>
		</DUMMY>
		<DUMMY name="spawn_item_solo_ap03_02">
			<POSITION>1768.00000000 1768.00000000 1840.00000000</POSITION>
			<DIRECTION>0.0000000 0.9999999 0.0000000</DIRECTION>
		</DUMMY>


		<DUMMY name="spawn_item_team_bullet02_01">
			<POSITION>-1768.00000000 -1768.00000000 1840.00000000</POSITION>
			<DIRECTION>0.0000000 0.9999999 0.0000000</DIRECTION>
		</DUMMY>
		<DUMMY name="spawn_item_team_bullet02_02">
			<POSITION>-1768.00000000 1768.00000000 1840.00000000</POSITION>
			<DIRECTION>0.0000000 0.9999999 0.0000000</DIRECTION>
		</DUMMY>

		<DUMMY name="spawn_item_team_bullet02_03">
			<POSITION>1768.00000000 -1768.00000000 1840.00000000</POSITION>
			<DIRECTION>0.0000000 0.9999999 0.0000000</DIRECTION>
		</DUMMY>
		<DUMMY name="spawn_item_team_bullet02_04">
			<POSITION>1768.00000000 1768.00000000 1840.00000000</POSITION>
			<DIRECTION>0.0000000 0.9999999 0.0000000</DIRECTION>
		</DUMMY>

	</DUMMYLIST>

	<OBJECTLIST>
		<OBJECT name="Town_obj_sky_daylight.elu">
		</OBJECT>
	</OBJECTLIST>

	<FOG min="0" max="40000">
		<R>131</R><G>170</G><B>229</B>
	</FOG>

	<AMBIENTSOUNDLIST>


		<AMBIENTSOUND ObjName="snd_amb_a1_wind 01" type="a1" filename="amb_wind_hole_2d">
			<CENTER>-1768.00000000 -1768.00000000 1840.00000000</CENTER>
			<RADIUS>1000</RADIUS>
		</AMBIENTSOUND>
		<AMBIENTSOUND ObjName="snd_amb_a1_wind 02" type="a1" filename="amb_wind_hole_2d">
			<CENTER>1768.00000000 -1768.00000000 1840.00000000</CENTER>
			<RADIUS>1000</RADIUS>
		</AMBIENTSOUND>
		<AMBIENTSOUND ObjName="snd_amb_a1_wind 03" type="a1" filename="amb_wind_hole_2d">
			<CENTER>-1768.00000000 1768.00000000 1840.00000000</CENTER>
			<RADIUS>1000</RADIUS>
		</AMBIENTSOUND>
		<AMBIENTSOUND ObjName="snd_amb_a1_wind 04" type="a1" filename="amb_wind_hole_2d">
			<CENTER>1768.00000000 1768.00000000 1840.00000000</CENTER>
			<RADIUS>1000</RADIUS>
		</AMBIENTSOUND>

		<AMBIENTSOUND ObjName="snd_amb_a1_wind 05" type="a1" filename="amb_wind_hole_2d">
			<CENTER>0.00000000 -1768.00000000 1840.00000000</CENTER>
			<RADIUS>1000</RADIUS>
		</AMBIENTSOUND>
		<AMBIENTSOUND ObjName="snd_amb_a1_wind 06" type="a1" filename="amb_wind_hole_2d">
			<CENTER>1768.00000000 0.00000000 1840.00000000</CENTER>
			<RADIUS>1000</RADIUS>
		</AMBIENTSOUND>
		<AMBIENTSOUND ObjName="snd_amb_a1_wind 07" type="a1" filename="amb_wind_hole_2d">
			<CENTER>-1768.00000000 0.00000000 1840.00000000</CENTER>
			<RADIUS>1000</RADIUS>
		</AMBIENTSOUND>
		<AMBIENTSOUND ObjName="snd_amb_a1_wind 08" type="a1" filename="amb_wind_hole_2d">
			<CENTER>0.00000000 1768.00000000 1840.00000000</CENTER>
			<RADIUS>1000</RADIUS>
		</AMBIENTSOUND>

		<AMBIENTSOUND ObjName="snd_amb_a1_wind 09" type="a1" filename="amb_wind_hole_2d">
			<CENTER>-884.00000000 -1768.00000000 1840.00000000</CENTER>
			<RADIUS>1000</RADIUS>
		</AMBIENTSOUND>
		<AMBIENTSOUND ObjName="snd_amb_a1_wind 10" type="a1" filename="amb_wind_hole_2d">
			<CENTER>1768.00000000 -884.00000000 1840.00000000</CENTER>
			<RADIUS>1000</RADIUS>
		</AMBIENTSOUND>
		<AMBIENTSOUND ObjName="snd_amb_a1_wind 11" type="a1" filename="amb_wind_hole_2d">
			<CENTER>-1768.00000000 -884.00000000 1840.00000000</CENTER>
			<RADIUS>1000</RADIUS>
		</AMBIENTSOUND>
		<AMBIENTSOUND ObjName="snd_amb_a1_wind 12" type="a1" filename="amb_wind_hole_2d">
			<CENTER>-884.00000000 1768.00000000 1840.00000000</CENTER>
			<RADIUS>1000</RADIUS>
		</AMBIENTSOUND>

		<AMBIENTSOUND ObjName="snd_amb_a1_wind 13" type="a1" filename="amb_wind_hole_2d">
			<CENTER>884.00000000 -1768.00000000 1840.00000000</CENTER>
			<RADIUS>1000</RADIUS>
		</AMBIENTSOUND>
		<AMBIENTSOUND ObjName="snd_amb_a1_wind 14" type="a1" filename="amb_wind_hole_2d">
			<CENTER>1768.00000000 884.00000000 1840.00000000</CENTER>
			<RADIUS>1000</RADIUS>
		</AMBIENTSOUND>
		<AMBIENTSOUND ObjName="snd_amb_a1_wind 15" type="a1" filename="amb_wind_hole_2d">
			<CENTER>-1768.00000000 884.00000000 1840.00000000</CENTER>
			<RADIUS>1000</RADIUS>
		</AMBIENTSOUND>
		<AMBIENTSOUND ObjName="snd_amb_a1_wind 16" type="a1" filename="amb_wind_hole_2d">
			<CENTER>884.00000000 1768.00000000 1840.00000000</CENTER>
			<RADIUS>1000</RADIUS>
		</AMBIENTSOUND>



		<AMBIENTSOUND ObjName="snd_amb_a1_wind 17" type="a1" filename="amb_wind_hole_2d">
			<CENTER>-4736.00000000 -2288.00000000 0.00000000</CENTER>
			<RADIUS>1000</RADIUS>
		</AMBIENTSOUND>
		<AMBIENTSOUND ObjName="snd_amb_a1_wind 18" type="a1" filename="amb_wind_hole_2d">
			<CENTER>-4736.00000000 2288.00000000 0.00000000</CENTER>
			<RADIUS>1000</RADIUS>
		</AMBIENTSOUND>
		<AMBIENTSOUND ObjName="snd_amb_a1_wind 19" type="a1" filename="amb_wind_hole_2d">
			<CENTER>4736.00000000 -2288.00000000 0.00000000</CENTER>
			<RADIUS>1000</RADIUS>
		</AMBIENTSOUND>
		<AMBIENTSOUND ObjName="snd_amb_a1_wind 20" type="a1" filename="amb_wind_hole_2d">
			<CENTER>4736.00000000 2288.00000000 0.00000000</CENTER>
			<RADIUS>1000</RADIUS>
		</AMBIENTSOUND>

		<AMBIENTSOUND ObjName="snd_amb_a1_wind 21" type="a1" filename="amb_wind_hole_2d">
			<CENTER>-2288.00000000 -4736.00000000 0.00000000</CENTER>
			<RADIUS>1000</RADIUS>
		</AMBIENTSOUND>
		<AMBIENTSOUND ObjName="snd_amb_a1_wind 22" type="a1" filename="amb_wind_hole_2d">
			<CENTER>-2288.00000000 4736.00000000 0.00000000</CENTER>
			<RADIUS>1000</RADIUS>
		</AMBIENTSOUND>
		<AMBIENTSOUND ObjName="snd_amb_a1_wind 23" type="a1" filename="amb_wind_hole_2d">
			<CENTER>2288.00000000 -4736.00000000 0.00000000</CENTER>
			<RADIUS>1000</RADIUS>
		</AMBIENTSOUND>
		<AMBIENTSOUND ObjName="snd_amb_a1_wind 24" type="a1" filename="amb_wind_hole_2d">
			<CENTER>2288.00000000 4736.00000000 0.00000000</CENTER>
			<RADIUS>1000</RADIUS>
		</AMBIENTSOUND>

		<AMBIENTSOUND ObjName="snd_amb_a1_wind 25" type="a1" filename="amb_wind_hole_2d">
			<CENTER>-4736.00000000 0.00000000 0.00000000</CENTER>
			<RADIUS>1000</RADIUS>
		</AMBIENTSOUND>
		<AMBIENTSOUND ObjName="snd_amb_a1_wind 26" type="a1" filename="amb_wind_hole_2d">
			<CENTER>4736.00000000 0.00000000 0.00000000</CENTER>
			<RADIUS>1000</RADIUS>
		</AMBIENTSOUND>
		<AMBIENTSOUND ObjName="snd_amb_a1_wind 27" type="a1" filename="amb_wind_hole_2d">
			<CENTER>0.00000000 -4736.00000000 0.00000000</CENTER>
			<RADIUS>1000</RADIUS>
		</AMBIENTSOUND>
		<AMBIENTSOUND ObjName="snd_amb_a1_wind 28" type="a1" filename="amb_wind_hole_2d">
			<CENTER>0.00000000 4736.00000000 0.00000000</CENTER>
			<RADIUS>1000</RADIUS>
		</AMBIENTSOUND>

		<AMBIENTSOUND ObjName="snd_amb_a1_wind 29" type="a1" filename="amb_wind_hole_2d">
			<CENTER>-3512.00000000 -3512.00000000 0.00000000</CENTER>
			<RADIUS>1000</RADIUS>
		</AMBIENTSOUND>
		<AMBIENTSOUND ObjName="snd_amb_a1_wind 30" type="a1" filename="amb_wind_hole_2d">
			<CENTER>-3512.00000000 3512.00000000 0.00000000</CENTER>
			<RADIUS>1000</RADIUS>
		</AMBIENTSOUND>
		<AMBIENTSOUND ObjName="snd_amb_a1_wind 31" type="a1" filename="amb_wind_hole_2d">
			<CENTER>3512.00000000 -3512.00000000 0.00000000</CENTER>
			<RADIUS>1000</RADIUS>
		</AMBIENTSOUND>
		<AMBIENTSOUND ObjName="snd_amb_a1_wind 32" type="a1" filename="amb_wind_hole_2d">
			<CENTER>3512.00000000 3512.00000000 0.00000000</CENTER>
			<RADIUS>1000</RADIUS>
		</AMBIENTSOUND>

		<AMBIENTSOUND ObjName="snd_amb_a1_wind 33" type="a1" filename="amb_wind_hole_2d">
			<CENTER>-4736.00000000 -1144.00000000 0.00000000</CENTER>
			<RADIUS>1000</RADIUS>
		</AMBIENTSOUND>
		<AMBIENTSOUND ObjName="snd_amb_a1_wind 34" type="a1" filename="amb_wind_hole_2d">
			<CENTER>4736.00000000 -1144.00000000 0.00000000</CENTER>
			<RADIUS>1000</RADIUS>
		</AMBIENTSOUND>
		<AMBIENTSOUND ObjName="snd_amb_a1_wind 35" type="a1" filename="amb_wind_hole_2d">
			<CENTER>-1144.00000000 -4736.00000000 0.00000000</CENTER>
			<RADIUS>1000</RADIUS>
		</AMBIENTSOUND>
		<AMBIENTSOUND ObjName="snd_amb_a1_wind 36" type="a1" filename="amb_wind_hole_2d">
			<CENTER>-1144.00000000 4736.00000000 0.00000000</CENTER>
			<RADIUS>1000</RADIUS>
		</AMBIENTSOUND>

		<AMBIENTSOUND ObjName="snd_amb_a1_wind 37" type="a1" filename="amb_wind_hole_2d">
			<CENTER>-4736.00000000 1144.00000000 0.00000000</CENTER>
			<RADIUS>1000</RADIUS>
		</AMBIENTSOUND>
		<AMBIENTSOUND ObjName="snd_amb_a1_wind 38" type="a1" filename="amb_wind_hole_2d">
			<CENTER>4736.00000000 1144.00000000 0.00000000</CENTER>
			<RADIUS>1000</RADIUS>
		</AMBIENTSOUND>
		<AMBIENTSOUND ObjName="snd_amb_a1_wind 39" type="a1" filename="amb_wind_hole_2d">
			<CENTER>1144.00000000 -4736.00000000 0.00000000</CENTER>
			<RADIUS>1000</RADIUS>
		</AMBIENTSOUND>
		<AMBIENTSOUND ObjName="snd_amb_a1_wind 40" type="a1" filename="amb_wind_hole_2d">
			<CENTER>1144.00000000 4736.00000000 0.00000000</CENTER>
			<RADIUS>1000</RADIUS>
		</AMBIENTSOUND>



		<AMBIENTSOUND ObjName="snd_amb_b1_dropwater 01" type="b1" filename="amb_dropwater">
			<CENTER>-2048.00000000 -2048.00000000 -64.00000000</CENTER>
			<RADIUS>1000</RADIUS>
		</AMBIENTSOUND>
		<AMBIENTSOUND ObjName="snd_amb_b1_dropwater 02" type="b1" filename="amb_dropwater">
			<CENTER>-2048.00000000 2048.00000000 -64.00000000</CENTER>
			<RADIUS>1000</RADIUS>
		</AMBIENTSOUND>
		<AMBIENTSOUND ObjName="snd_amb_b1_dropwater 03" type="b1" filename="amb_dropwater">
			<CENTER>2048.00000000 -2048.00000000 -64.00000000</CENTER>
			<RADIUS>1000</RADIUS>
		</AMBIENTSOUND>
		<AMBIENTSOUND ObjName="snd_amb_b1_dropwater 04" type="b1" filename="amb_dropwater">
			<CENTER>2048.00000000 2048.00000000 -64.00000000</CENTER>
			<RADIUS>1000</RADIUS>
		</AMBIENTSOUND>

		<AMBIENTSOUND ObjName="snd_amb_b1_dropwater 05" type="b1" filename="amb_dropwater">
			<CENTER>0.00000000 -2048.00000000 -64.00000000</CENTER>
			<RADIUS>1000</RADIUS>
		</AMBIENTSOUND>
		<AMBIENTSOUND ObjName="snd_amb_b1_dropwater 06" type="b1" filename="amb_dropwater">
			<CENTER>0.00000000 2048.00000000 -64.00000000</CENTER>
			<RADIUS>1000</RADIUS>
		</AMBIENTSOUND>
		<AMBIENTSOUND ObjName="snd_amb_b1_dropwater 07" type="b1" filename="amb_dropwater">
			<CENTER>2048.00000000 0.00000000 -64.00000000</CENTER>
			<RADIUS>1000</RADIUS>
		</AMBIENTSOUND>
		<AMBIENTSOUND ObjName="snd_amb_b1_dropwater 08" type="b1" filename="amb_dropwater">
			<CENTER>-2048.00000000 0.00000000 -64.00000000</CENTER>
			<RADIUS>1000</RADIUS>
		</AMBIENTSOUND>

		<AMBIENTSOUND ObjName="snd_amb_b1_dropwater 09" type="b1" filename="amb_dropwater">
			<CENTER>-2048.00000000 1024.00000000 -64.00000000</CENTER>
			<RADIUS>1000</RADIUS>
		</AMBIENTSOUND>
		<AMBIENTSOUND ObjName="snd_amb_b1_dropwater 10" type="b1" filename="amb_dropwater">
			<CENTER>2048.00000000 1024.00000000 -64.00000000</CENTER>
			<RADIUS>1000</RADIUS>
		</AMBIENTSOUND>
		<AMBIENTSOUND ObjName="snd_amb_b1_dropwater 11" type="b1" filename="amb_dropwater">
			<CENTER>1024.00000000 -2048.00000000 -64.00000000</CENTER>
			<RADIUS>1000</RADIUS>
		</AMBIENTSOUND>
		<AMBIENTSOUND ObjName="snd_amb_b1_dropwater 12" type="b1" filename="amb_dropwater">
			<CENTER>1024.00000000 2048.00000000 -64.00000000</CENTER>
			<RADIUS>1000</RADIUS>
		</AMBIENTSOUND>

		<AMBIENTSOUND ObjName="snd_amb_b1_dropwater 13" type="b1" filename="amb_dropwater">
			<CENTER>-2048.00000000 -1024.00000000 -64.00000000</CENTER>
			<RADIUS>1000</RADIUS>
		</AMBIENTSOUND>
		<AMBIENTSOUND ObjName="snd_amb_b1_dropwater 14" type="b1" filename="amb_dropwater">
			<CENTER>2048.00000000 -1024.00000000 -64.00000000</CENTER>
			<RADIUS>1000</RADIUS>
		</AMBIENTSOUND>
		<AMBIENTSOUND ObjName="snd_amb_b1_dropwater 15" type="b1" filename="amb_dropwater">
			<CENTER>-1024.00000000 -2048.00000000 -64.00000000</CENTER>
			<RADIUS>1000</RADIUS>
		</AMBIENTSOUND>
		<AMBIENTSOUND ObjName="snd_amb_b1_dropwater 16" type="b1" filename="amb_dropwater">
			<CENTER>-1024.00000000 2048.00000000 -64.00000000</CENTER>
			<RADIUS>1000</RADIUS>
		</AMBIENTSOUND>

	</AMBIENTSOUNDLIST>

</XML>




