<?xml version="1.0" encoding="UTF-8"?>
<XML>
	<GAMETYPE id="solo">
		<SPAWN item="bullet02" timesec="45000">
			<POSITION>-3512.00000000 -3512.00000000 0.00000000</POSITION>
		</SPAWN>
		<SPAWN item="bullet02" timesec="45000">
			<POSITION>-3512.00000000 3512.00000000 0.00000000</POSITION>
		</SPAWN>
		<SPAWN item="bullet02" timesec="45000">
			<POSITION>3512.00000000 -3512.00000000 0.00000000</POSITION>
		</SPAWN>
		<SPAWN item="bullet02" timesec="45000">
			<POSITION>3512.00000000 3512.00000000 0.00000000</POSITION>
		</SPAWN>

		<SPAWN item="hp03" timesec="45000">
			<POSITION>-1768.00000000 -1768.00000000 1840.00000000</POSITION>
		</SPAWN>
		<SPAWN item="hp03" timesec="45000">
			<POSITION>1768.00000000 1768.00000000 1840.00000000</POSITION>
		</SPAWN>
		<SPAWN item="ap03" timesec="45000">
			<POSITION>-1768.00000000 1768.00000000 1840.00000000</POSITION>
		</SPAWN>
		<SPAWN item="ap03" timesec="45000">
			<POSITION>1768.00000000 -1768.00000000 1840.00000000</POSITION>
		</SPAWN>
	</GAMETYPE>

	<GAMETYPE id="team">
		<SPAWN item="bullet02" timesec="45000">
			<POSITION>-1768.00000000 -1768.00000000 1840.00000000</POSITION>
		</SPAWN>
		<SPAWN item="bullet02" timesec="45000">
			<POSITION>1768.00000000 1768.00000000 1840.00000000</POSITION>
		</SPAWN>
		<SPAWN item="bullet02" timesec="45000">
			<POSITION>-1768.00000000 1768.00000000 1840.00000000</POSITION>
		</SPAWN>
		<SPAWN item="bullet02" timesec="45000">
			<POSITION>1768.00000000 -1768.00000000 1840.00000000</POSITION>
		</SPAWN>
	</GAMETYPE>
</XML>
