<?xml version="1.0" encoding="UTF-8"?>
<XML>
	<MATERIALLIST>
		<MATERIAL name="mt_Moi_Dwarf_rock13_1_mt_con">
			<DIFFUSE>1.00000000 1.00000000 1.00000000</DIFFUSE>
			<AMBIENT>1.00000000 1.00000000 1.00000000</AMBIENT>
			<SPECULAR>1.00000000 1.00000000 1.00000000</SPECULAR>
			<DIFFUSEMAP>mt_Moi_Dwarf/rock13_1_mt_con.jpg</DIFFUSEMAP>
		</MATERIAL>
		<MATERIAL name="mt_Moi_Dwarf_Nak_dwaef04_mt_met">
			<DIFFUSE>1.00000000 1.00000000 1.00000000</DIFFUSE>
			<AMBIENT>1.00000000 1.00000000 1.00000000</AMBIENT>
			<SPECULAR>1.00000000 1.00000000 1.00000000</SPECULAR>
			<DIFFUSEMAP>mt_Moi_Dwarf/Nak_dwaef04_mt_met.jpg</DIFFUSEMAP>
		</MATERIAL>
		<MATERIAL name="mt_Moi_Dwarf_back1">
			<DIFFUSE>1.00000000 1.00000000 1.00000000</DIFFUSE>
			<AMBIENT>1.00000000 1.00000000 1.00000000</AMBIENT>
			<SPECULAR>1.00000000 1.00000000 1.00000000</SPECULAR>
			<DIFFUSEMAP>mt_Moi_Dwarf/back1.jpg</DIFFUSEMAP>
		</MATERIAL>
		<MATERIAL name="mt_Moi_Dwarf_Nak_dwaef03_mt_con">
			<DIFFUSE>1.00000000 1.00000000 1.00000000</DIFFUSE>
			<AMBIENT>1.00000000 1.00000000 1.00000000</AMBIENT>
			<SPECULAR>1.00000000 1.00000000 1.00000000</SPECULAR>
			<DIFFUSEMAP>mt_Moi_Dwarf/Nak_dwaef03_mt_con.jpg</DIFFUSEMAP>
		</MATERIAL>
		<MATERIAL name="mt_Moi_Dwarf_dwarf_wood_01_mt_drt">
			<DIFFUSE>1.00000000 1.00000000 1.00000000</DIFFUSE>
			<AMBIENT>1.00000000 1.00000000 1.00000000</AMBIENT>
			<SPECULAR>1.00000000 1.00000000 1.00000000</SPECULAR>
			<DIFFUSEMAP>mt_Moi_Dwarf/dwarf_wood_01_mt_drt.jpg</DIFFUSEMAP>
		</MATERIAL>
		<MATERIAL name="mt_Moi_Dwarf_dwarf_wood_02_wod">
			<DIFFUSE>1.00000000 1.00000000 1.00000000</DIFFUSE>
			<AMBIENT>1.00000000 1.00000000 1.00000000</AMBIENT>
			<SPECULAR>1.00000000 1.00000000 1.00000000</SPECULAR>
			<DIFFUSEMAP>mt_Moi_Dwarf/dwarf_wood_02_wod.jpg</DIFFUSEMAP>
		</MATERIAL>
		<MATERIAL name="mt_Moi_Dwarf_Factory_floor01_1_mt_drt">
			<DIFFUSE>1.00000000 1.00000000 1.00000000</DIFFUSE>
			<AMBIENT>1.00000000 1.00000000 1.00000000</AMBIENT>
			<SPECULAR>1.00000000 1.00000000 1.00000000</SPECULAR>
			<DIFFUSEMAP>mt_Moi_Dwarf/Factory_floor01_1_mt_drt.jpg</DIFFUSEMAP>
		</MATERIAL>
		<MATERIAL name="mt_Moi_Dwarf_back2">
			<DIFFUSE>1.00000000 1.00000000 1.00000000</DIFFUSE>
			<AMBIENT>1.00000000 1.00000000 1.00000000</AMBIENT>
			<SPECULAR>1.00000000 1.00000000 1.00000000</SPECULAR>
			<DIFFUSEMAP>mt_Moi_Dwarf/back2.jpg</DIFFUSEMAP>
		</MATERIAL>
		<MATERIAL name="mt_Moi_Dwarf_dwarf_door_02_mt_wod">
			<DIFFUSE>1.00000000 1.00000000 1.00000000</DIFFUSE>
			<AMBIENT>1.00000000 1.00000000 1.00000000</AMBIENT>
			<SPECULAR>1.00000000 1.00000000 1.00000000</SPECULAR>
			<DIFFUSEMAP>mt_Moi_Dwarf/dwarf_door_02_mt_wod.jpg</DIFFUSEMAP>
		</MATERIAL>
		<MATERIAL name="mt_Moi_Dwarf_rock13_1_weap01_mt_con">
			<DIFFUSE>1.00000000 1.00000000 1.00000000</DIFFUSE>
			<AMBIENT>1.00000000 1.00000000 1.00000000</AMBIENT>
			<SPECULAR>1.00000000 1.00000000 1.00000000</SPECULAR>
			<DIFFUSEMAP>mt_Moi_Dwarf/rock13_1_weap01_mt_con.jpg</DIFFUSEMAP>
		</MATERIAL>
		<MATERIAL name="mt_Moi_Dwarf_rock13_1_weap04_mt_con">
			<DIFFUSE>1.00000000 1.00000000 1.00000000</DIFFUSE>
			<AMBIENT>1.00000000 1.00000000 1.00000000</AMBIENT>
			<SPECULAR>1.00000000 1.00000000 1.00000000</SPECULAR>
			<DIFFUSEMAP>mt_Moi_Dwarf/rock13_1_weap04_mt_con.jpg</DIFFUSEMAP>
		</MATERIAL>
		<MATERIAL name="mt_Moi_Dwarf_rock13_1_weap05_mt_con">
			<DIFFUSE>1.00000000 1.00000000 1.00000000</DIFFUSE>
			<AMBIENT>1.00000000 1.00000000 1.00000000</AMBIENT>
			<SPECULAR>1.00000000 1.00000000 1.00000000</SPECULAR>
			<DIFFUSEMAP>mt_Moi_Dwarf/rock13_1_weap05_mt_con.jpg</DIFFUSEMAP>
		</MATERIAL>
		<MATERIAL name="mt_Moi_Dwarf_rock13_1_weap03_mt_con">
			<DIFFUSE>1.00000000 1.00000000 1.00000000</DIFFUSE>
			<AMBIENT>1.00000000 1.00000000 1.00000000</AMBIENT>
			<SPECULAR>1.00000000 1.00000000 1.00000000</SPECULAR>
			<DIFFUSEMAP>mt_Moi_Dwarf/rock13_1_weap03_mt_con.jpg</DIFFUSEMAP>
		</MATERIAL>
		<MATERIAL name="mt_Moi_Dwarf_rock13_1_weap02_mt_con">
			<DIFFUSE>1.00000000 1.00000000 1.00000000</DIFFUSE>
			<AMBIENT>1.00000000 1.00000000 1.00000000</AMBIENT>
			<SPECULAR>1.00000000 1.00000000 1.00000000</SPECULAR>
			<DIFFUSEMAP>mt_Moi_Dwarf/rock13_1_weap02_mt_con.jpg</DIFFUSEMAP>
		</MATERIAL>
		<MATERIAL name="mt_gz_wood_Castle_door01_mt_wod">
			<DIFFUSE>1.00000000 1.00000000 1.00000000</DIFFUSE>
			<AMBIENT>1.00000000 1.00000000 1.00000000</AMBIENT>
			<SPECULAR>1.00000000 1.00000000 1.00000000</SPECULAR>
			<DIFFUSEMAP>mt_gz_wood/Castle_door01_mt_wod.jpg</DIFFUSEMAP>
		</MATERIAL>
		<MATERIAL name="mt_Moi_Dwarf_barhat035">
			<DIFFUSE>1.00000000 1.00000000 1.00000000</DIFFUSE>
			<AMBIENT>1.00000000 1.00000000 1.00000000</AMBIENT>
			<SPECULAR>1.00000000 1.00000000 1.00000000</SPECULAR>
			<DIFFUSEMAP>mt_Moi_Dwarf/barhat035.jpg</DIFFUSEMAP>
		</MATERIAL>
		<MATERIAL name="mt_Moi_Dwarf_dwarf_gold_01_mt_pnt">
			<DIFFUSE>1.00000000 1.00000000 1.00000000</DIFFUSE>
			<AMBIENT>1.00000000 1.00000000 1.00000000</AMBIENT>
			<SPECULAR>1.00000000 1.00000000 1.00000000</SPECULAR>
			<DIFFUSEMAP>mt_Moi_Dwarf/dwarf_gold_01_mt_pnt.jpg</DIFFUSEMAP>
		</MATERIAL>
		<MATERIAL name="mt_Moi_Dwarf_barhat035_B">
			<DIFFUSE>1.00000000 1.00000000 1.00000000</DIFFUSE>
			<AMBIENT>1.00000000 1.00000000 1.00000000</AMBIENT>
			<SPECULAR>1.00000000 1.00000000 1.00000000</SPECULAR>
			<DIFFUSEMAP>mt_Moi_Dwarf/barhat035_B.jpg</DIFFUSEMAP>
		</MATERIAL>
		<MATERIAL name="mt_Moi_Dwarf_dwarf_box_04_mt_wod">
			<DIFFUSE>1.00000000 1.00000000 1.00000000</DIFFUSE>
			<AMBIENT>1.00000000 1.00000000 1.00000000</AMBIENT>
			<SPECULAR>1.00000000 1.00000000 1.00000000</SPECULAR>
			<DIFFUSEMAP>mt_Moi_Dwarf/dwarf_box_04_mt_wod.jpg</DIFFUSEMAP>
		</MATERIAL>
		<MATERIAL name="mt_Moi_Dwarf_dwarf_box_01_mt_wod">
			<DIFFUSE>1.00000000 1.00000000 1.00000000</DIFFUSE>
			<AMBIENT>1.00000000 1.00000000 1.00000000</AMBIENT>
			<SPECULAR>1.00000000 1.00000000 1.00000000</SPECULAR>
			<DIFFUSEMAP>mt_Moi_Dwarf/dwarf_box_01_mt_wod.jpg</DIFFUSEMAP>
		</MATERIAL>
		<MATERIAL name="mt_Moi_Dwarf_dwarf_box_02_mt_wod">
			<DIFFUSE>1.00000000 1.00000000 1.00000000</DIFFUSE>
			<AMBIENT>1.00000000 1.00000000 1.00000000</AMBIENT>
			<SPECULAR>1.00000000 1.00000000 1.00000000</SPECULAR>
			<DIFFUSEMAP>mt_Moi_Dwarf/dwarf_box_02_mt_wod.jpg</DIFFUSEMAP>
		</MATERIAL>
		<MATERIAL name="mt_Moi_Dwarf_dwarf_box_03_mt_wod">
			<DIFFUSE>1.00000000 1.00000000 1.00000000</DIFFUSE>
			<AMBIENT>1.00000000 1.00000000 1.00000000</AMBIENT>
			<SPECULAR>1.00000000 1.00000000 1.00000000</SPECULAR>
			<DIFFUSEMAP>mt_Moi_Dwarf/dwarf_box_03_mt_wod.jpg</DIFFUSEMAP>
		</MATERIAL>
		<MATERIAL name="mt_Moi_Dwarf_Castle_door01_mt_wod">
			<DIFFUSE>1.00000000 1.00000000 1.00000000</DIFFUSE>
			<AMBIENT>1.00000000 1.00000000 1.00000000</AMBIENT>
			<SPECULAR>1.00000000 1.00000000 1.00000000</SPECULAR>
			<DIFFUSEMAP>mt_Moi_Dwarf/Castle_door01_mt_wod.jpg</DIFFUSEMAP>
		</MATERIAL>
		<MATERIAL name="mt_Moi_Dwarf_tabl1_mt_met">
			<DIFFUSE>1.00000000 1.00000000 1.00000000</DIFFUSE>
			<AMBIENT>1.00000000 1.00000000 1.00000000</AMBIENT>
			<SPECULAR>1.00000000 1.00000000 1.00000000</SPECULAR>
			<DIFFUSEMAP>mt_Moi_Dwarf/tabl1_mt_met.jpg</DIFFUSEMAP>
		</MATERIAL>
	</MATERIALLIST>
	<DUMMYLIST>
		<DUMMY name="wait_pos_01">
			<POSITION>0.0000000 -2048.00000000 200.00000000</POSITION>
			<DIRECTION>0.0000000 1.00000000 0.0000000</DIRECTION>
		</DUMMY>
		
		<!--Boss-->
		<DUMMY name="spawn_npc_boss_01">
			<POSITION>0.00000000 1536.00000000 0.00000000</POSITION>
			<DIRECTION>-0.00000000 -1.00000000 0.00000000</DIRECTION>
		</DUMMY>
		<!--
		<DUMMY name="spawn_npc_boss_02">
			<POSITION>0.00000000 1152.00000000 0.00000000</POSITION>
			<DIRECTION>-0.00000000 -1.00000000 0.00000000</DIRECTION>
		</DUMMY>
		-->
		<!--Players-->
		<DUMMY name="spawn_solo_101">
			<POSITION>192.00000000 -2048.00000000 0.00000000</POSITION>
			<DIRECTION>0.00000000 1.00000000 0.00000000</DIRECTION>
		</DUMMY>
		<DUMMY name="spawn_solo_102">
			<POSITION>64.00000000 -2048.00000000 0.00000000</POSITION>
			<DIRECTION>0.00000000 1.00000000 0.00000000</DIRECTION>
		</DUMMY>
		<DUMMY name="spawn_solo_103">
			<POSITION>-64.00000000 -2048.00000000 0.00000000</POSITION>
			<DIRECTION>0.00000000 1.00000000 0.00000000</DIRECTION>
		</DUMMY>
		<DUMMY name="spawn_solo_104">
			<POSITION>-192.00000000 -2048.00000000 0.00000000</POSITION>
			<DIRECTION>0.00000000 1.00000000 0.00000000</DIRECTION>
		</DUMMY>
		
		<!--NPC-->
		<DUMMY name="spawn_npc_range_01">
			<POSITION>-1280.00000000 -768.00000000 0.00000000</POSITION>
			<DIRECTION>1.00000000 -0.00000000 0.00000000</DIRECTION>
		</DUMMY>
		<DUMMY name="spawn_npc_range_02">
			<POSITION>-1280.00000000 768.00000000 0.00000000</POSITION>
			<DIRECTION>1.00000000 -0.00000000 0.00000000</DIRECTION>
		</DUMMY>
		<DUMMY name="spawn_npc_range_03">
			<POSITION>1280.00000000 768.00000000 0.00000000</POSITION>
			<DIRECTION>-1.00000000 0.00000000 0.00000000</DIRECTION>
		</DUMMY>
		<DUMMY name="spawn_npc_range_04">
			<POSITION>1280.00000000 -768.00000000 0.00000000</POSITION>
			<DIRECTION>-1.00000000 0.00000000 0.00000000</DIRECTION>
		</DUMMY>
		<DUMMY name="spawn_npc_range_05">
			<POSITION>-512.00000000 0.00000000 0.00000000</POSITION>
			<DIRECTION>1.00000000 -0.00000000 0.00000000</DIRECTION>
		</DUMMY>
		<DUMMY name="spawn_npc_range_06">
			<POSITION>512.00000000 0.00000000 0.00000000</POSITION>
			<DIRECTION>-1.00000000 0.00000000 0.00000000</DIRECTION>
		</DUMMY>
		<DUMMY name="spawn_npc_range_07">
			<POSITION>-480.00000000 2048.00000000 0.00000000</POSITION>
			<DIRECTION>-0.00000000 -1.00000000 0.00000000</DIRECTION>
		</DUMMY>
		<DUMMY name="spawn_npc_range_08">
			<POSITION>480.00000000 2048.00000000 0.00000000</POSITION>
			<DIRECTION>-0.00000000 -1.00000000 0.00000000</DIRECTION>
		</DUMMY>
		<DUMMY name="spawn_npc_range_09">
			<POSITION>480.00000000 -2048.00000000 0.00000000</POSITION>
			<DIRECTION>0.00000000 1.00000000 0.00000000</DIRECTION>
		</DUMMY>
		<DUMMY name="spawn_npc_range_10">
			<POSITION>-480.00000000 -2048.00000000 0.00000000</POSITION>
			<DIRECTION>0.00000000 1.00000000 0.00000000</DIRECTION>
		</DUMMY>
		
		<DUMMY name="spawn_npc_melee_01">
			<POSITION>-1280.00000000 -768.00000000 0.00000000</POSITION>
			<DIRECTION>1.00000000 -0.00000000 0.00000000</DIRECTION>
		</DUMMY>
		<DUMMY name="spawn_npc_melee_02">
			<POSITION>-1280.00000000 768.00000000 0.00000000</POSITION>
			<DIRECTION>1.00000000 -0.00000000 0.00000000</DIRECTION>
		</DUMMY>
		<DUMMY name="spawn_npc_melee_03">
			<POSITION>1280.00000000 768.00000000 0.00000000</POSITION>
			<DIRECTION>-1.00000000 0.00000000 0.00000000</DIRECTION>
		</DUMMY>
		<DUMMY name="spawn_npc_melee_04">
			<POSITION>1280.00000000 -768.00000000 0.00000000</POSITION>
			<DIRECTION>-1.00000000 0.00000000 0.00000000</DIRECTION>
		</DUMMY>
		<DUMMY name="spawn_npc_melee_05">
			<POSITION>-512.00000000 0.00000000 0.00000000</POSITION>
			<DIRECTION>1.00000000 -0.00000000 0.00000000</DIRECTION>
		</DUMMY>
		<DUMMY name="spawn_npc_melee_06">
			<POSITION>512.00000000 0.00000000 0.00000000</POSITION>
			<DIRECTION>-1.00000000 0.00000000 0.00000000</DIRECTION>
		</DUMMY>
		<DUMMY name="spawn_npc_melee_07">
			<POSITION>-480.00000000 2048.00000000 0.00000000</POSITION>
			<DIRECTION>-0.00000000 -1.00000000 0.00000000</DIRECTION>
		</DUMMY>
		<DUMMY name="spawn_npc_melee_08">
			<POSITION>480.00000000 2048.00000000 0.00000000</POSITION>
			<DIRECTION>-0.00000000 -1.00000000 0.00000000</DIRECTION>
		</DUMMY>
		<DUMMY name="spawn_npc_melee_09">
			<POSITION>480.00000000 -2048.00000000 0.00000000</POSITION>
			<DIRECTION>0.00000000 1.00000000 0.00000000</DIRECTION>
		</DUMMY>
		<DUMMY name="spawn_npc_melee_10">
			<POSITION>-480.00000000 -2048.00000000 0.00000000</POSITION>
			<DIRECTION>0.00000000 1.00000000 0.00000000</DIRECTION>
		</DUMMY>
	</DUMMYLIST>
	<AMBIENTSOUNDLIST>
		<!--FIRE-->
		<AMBIENTSOUND ObjName="snd_amb_fireplace 01" type="a1" filename="amb_fireplace">
			<CENTER>0.00000000 2128.00000000 384.00000000</CENTER>
			<RADIUS>1000</RADIUS>
		</AMBIENTSOUND>
		<!--WIND-->
		<AMBIENTSOUND ObjName="snd_amb_a1_wind 01" type="a1" filename="amb_wind_hole_2d">
			<CENTER>0.00000000 -2192.00000000 384.00000000</CENTER>
			<RADIUS>1000</RADIUS>
		</AMBIENTSOUND>		
		<!--ENGINE-->
		<AMBIENTSOUND ObjName="snd_amb_factory2 01" type="a1" filename="amb_factory2">
			<CENTER>1344.00000000 768.00000000 192.00000000</CENTER>
			<RADIUS>1000</RADIUS>
		</AMBIENTSOUND>
		<AMBIENTSOUND ObjName="snd_amb_factory2 02" type="a1" filename="amb_factory2">
			<CENTER>1344.00000000 -768.00000000 192.00000000</CENTER>
			<RADIUS>1000</RADIUS>
		</AMBIENTSOUND>	
	</AMBIENTSOUNDLIST>
</XML>
