<?xml version="1.0" encoding="UTF-8"?>
<XML>
	<MATERIALLIST>
		<MATERIAL name="Quake3_Textures_wall_olive066_mt_con">
			<DIFFUSE>1.00000000 1.00000000 1.00000000</DIFFUSE>
			<AMBIENT>1.00000000 1.00000000 1.00000000</AMBIENT>
			<SPECULAR>1.00000000 1.00000000 1.00000000</SPECULAR>
			<DIFFUSEMAP>Quake3_Textures/wall_olive066.tga</DIFFUSEMAP>
		</MATERIAL>
		<MATERIAL name="pCenter_Chair712_mt_con">
			<DIFFUSE>1.00000000 1.00000000 1.00000000</DIFFUSE>
			<AMBIENT>1.00000000 1.00000000 1.00000000</AMBIENT>
			<SPECULAR>1.00000000 1.00000000 1.00000000</SPECULAR>
			<DIFFUSEMAP>pCenter/Chair712.tga</DIFFUSEMAP>
		</MATERIAL>
		<MATERIAL name="Quake3_Textures_wall_cyan066_mt_con">
			<DIFFUSE>1.00000000 1.00000000 1.00000000</DIFFUSE>
			<AMBIENT>1.00000000 1.00000000 1.00000000</AMBIENT>
			<SPECULAR>1.00000000 1.00000000 1.00000000</SPECULAR>
			<DIFFUSEMAP>Quake3_Textures/wall_cyan066.tga</DIFFUSEMAP>
		</MATERIAL>
		<MATERIAL name="pCenter_pc_mt_con">
			<DIFFUSE>1.00000000 1.00000000 1.00000000</DIFFUSE>
			<AMBIENT>1.00000000 1.00000000 1.00000000</AMBIENT>
			<SPECULAR>1.00000000 1.00000000 1.00000000</SPECULAR>
			<DIFFUSEMAP>pCenter/pc.tga</DIFFUSEMAP>
		</MATERIAL>
		<MATERIAL name="pCenter_mapbaynick_mt_con">
			<DIFFUSE>1.00000000 1.00000000 1.00000000</DIFFUSE>
			<AMBIENT>1.00000000 1.00000000 1.00000000</AMBIENT>
			<SPECULAR>1.00000000 1.00000000 1.00000000</SPECULAR>
			<DIFFUSEMAP>pCenter/mapbaynick.tga</DIFFUSEMAP>
		</MATERIAL>
	</MATERIALLIST>
	<DUMMYLIST>
		<DUMMY name="spawn_team1_101">
			<POSITION>32.00000000 -32.00000000 -48.00000000</POSITION>
			<DIRECTION>0.04436915 0.99901520 0.00000000</DIRECTION>
		</DUMMY>
		<DUMMY name="spawn_solo_101">
			<POSITION>-56.00000000 -32.00000000 -48.00000000</POSITION>
			<DIRECTION>-1.00000000 0.00000000 0.00000000</DIRECTION>
		</DUMMY>
		<DUMMY name="spawn_team1_102">
			<POSITION>-616.00000000 -32.00000000 -48.00000000</POSITION>
			<DIRECTION>0.04436915 0.99901520 0.00000000</DIRECTION>
		</DUMMY>
		<DUMMY name="spawn_solo_102">
			<POSITION>-704.00000000 -32.00000000 -48.00000000</POSITION>
			<DIRECTION>-1.00000000 0.00000000 0.00000000</DIRECTION>
		</DUMMY>
		<DUMMY name="spawn_team1_103">
			<POSITION>-1272.00000000 -32.00000000 -48.00000000</POSITION>
			<DIRECTION>0.04436915 0.99901520 0.00000000</DIRECTION>
		</DUMMY>
		<DUMMY name="spawn_solo_103">
			<POSITION>-1360.00000000 -32.00000000 -48.00000000</POSITION>
			<DIRECTION>-1.00000000 0.00000000 0.00000000</DIRECTION>
		</DUMMY>
		<DUMMY name="spawn_team1_104">
			<POSITION>-1936.00000000 -32.00000000 -48.00000000</POSITION>
			<DIRECTION>0.04436915 0.99901520 0.00000000</DIRECTION>
		</DUMMY>
		<DUMMY name="spawn_solo_104">
			<POSITION>-2024.00000000 -32.00000000 -48.00000000</POSITION>
			<DIRECTION>-1.00000000 0.00000000 0.00000000</DIRECTION>
		</DUMMY>
		<DUMMY name="spawn_team2_101">
			<POSITION>-2088.00000000 3416.00000000 -48.00000000</POSITION>
			<DIRECTION>-0.01683291 -0.99985832 0.00000000</DIRECTION>
		</DUMMY>
		<DUMMY name="spawn_solo_105">
			<POSITION>-1976.00000000 3416.00000000 -48.00000000</POSITION>
			<DIRECTION>0.03253941 -0.99947045 0.00000000</DIRECTION>
		</DUMMY>
		<DUMMY name="spawn_team2_102">
			<POSITION>-1392.00000000 3408.00000000 -48.00000000</POSITION>
			<DIRECTION>-0.01683291 -0.99985832 0.00000000</DIRECTION>
		</DUMMY>
		<DUMMY name="spawn_solo_106">
			<POSITION>-1280.00000000 3408.00000000 -48.00000000</POSITION>
			<DIRECTION>0.03253941 -0.99947045 0.00000000</DIRECTION>
		</DUMMY>
		<DUMMY name="spawn_team2_103">
			<POSITION>-720.00000000 3408.00000000 -48.00000000</POSITION>
			<DIRECTION>-0.01683291 -0.99985832 0.00000000</DIRECTION>
		</DUMMY>
		<DUMMY name="spawn_solo_107">
			<POSITION>-608.00000000 3408.00000000 -48.00000000</POSITION>
			<DIRECTION>0.03253941 -0.99947045 0.00000000</DIRECTION>
		</DUMMY>
		<DUMMY name="spawn_team2_104">
			<POSITION>-64.00000000 3408.00000000 -48.00000000</POSITION>
			<DIRECTION>-0.01683291 -0.99985832 0.00000000</DIRECTION>
		</DUMMY>
		<DUMMY name="spawn_solo_108">
			<POSITION>48.00000000 3408.00000000 -48.00000000</POSITION>
			<DIRECTION>0.03253941 -0.99947045 0.00000000</DIRECTION>
		</DUMMY>
		<DUMMY name="spawn_solo_109">
			<POSITION>-1072.00000000 1704.00000000 1056.00000000</POSITION>
			<DIRECTION>-1.00000000 0.00000000 0.00000000</DIRECTION>
		</DUMMY>
	</DUMMYLIST>

</XML>
