<?xml version="1.0" encoding="UTF-8"?>
<XML>
	<GAMETYPE id="solo">
</GAMETYPE><GAMETYPE id="team">
		<SPAWN item="bullet02" timesec="45000">
			<POSITION>152.00000000 -1344.00000000 64.00000000</POSITION>
		</SPAWN>
		<SPAWN item="hp02" timesec="30000">
			<POSITION>3416.00000000 -1104.00000000 -800.00000000</POSITION>
		</SPAWN>
		<SPAWN item="hp03" timesec="45000">
			<POSITION>1432.00000000 344.00000000 0.00000000</POSITION>
		</SPAWN>
		<SPAWN item="ap02" timesec="30000">
			<POSITION>2304.00000000 904.00000000 -528.00000000</POSITION>
		</SPAWN>
</GAMETYPE>
</XML>