<?xml version="1.0" encoding="UTF-8"?>
<XML>
	<MATERIALLIST>
		<MATERIAL name="VTHGRN_Momar_pi_inwall1b_www.playgunz.com">
			<DIFFUSE>1.00000000 1.00000000 1.00000000</DIFFUSE>
			<AMBIENT>1.00000000 1.00000000 1.00000000</AMBIENT>
			<SPECULAR>1.00000000 1.00000000 1.00000000</SPECULAR>
			<DIFFUSEMAP>VTHGRN_Momar/pi_inwall1b_www.playgunz.com.bmp</DIFFUSEMAP>
		</MATERIAL>
		<MATERIAL name="VTHGRN_Momar_-1CastWllFung_www.playgunz.com">
			<DIFFUSE>1.00000000 1.00000000 1.00000000</DIFFUSE>
			<AMBIENT>1.00000000 1.00000000 1.00000000</AMBIENT>
			<SPECULAR>1.00000000 1.00000000 1.00000000</SPECULAR>
			<DIFFUSEMAP>VTHGRN_Momar/-1CastWllFung_www.playgunz.com.bmp</DIFFUSEMAP>
		</MATERIAL>
		<MATERIAL name="photorealistic_terra_terra1_2">
			<DIFFUSE>1.00000000 1.00000000 1.00000000</DIFFUSE>
			<AMBIENT>1.00000000 1.00000000 1.00000000</AMBIENT>
			<SPECULAR>1.00000000 1.00000000 1.00000000</SPECULAR>
			<DIFFUSEMAP>photorealistic_terra/terra1_2.jpg</DIFFUSEMAP>
		</MATERIAL>
		<MATERIAL name="photorealistic_terra_terra1_3">
			<DIFFUSE>1.00000000 1.00000000 1.00000000</DIFFUSE>
			<AMBIENT>1.00000000 1.00000000 1.00000000</AMBIENT>
			<SPECULAR>1.00000000 1.00000000 1.00000000</SPECULAR>
			<DIFFUSEMAP>photorealistic_terra/terra1_3.jpg</DIFFUSEMAP>
		</MATERIAL>
		<MATERIAL name="photorealistic_terra_terra1_1">
			<DIFFUSE>1.00000000 1.00000000 1.00000000</DIFFUSE>
			<AMBIENT>1.00000000 1.00000000 1.00000000</AMBIENT>
			<SPECULAR>1.00000000 1.00000000 1.00000000</SPECULAR>
			<DIFFUSEMAP>photorealistic_terra/terra1_1.jpg</DIFFUSEMAP>
		</MATERIAL>
		<MATERIAL name="photorealistic_terra_terra2_06">
			<DIFFUSE>1.00000000 1.00000000 1.00000000</DIFFUSE>
			<AMBIENT>1.00000000 1.00000000 1.00000000</AMBIENT>
			<SPECULAR>1.00000000 1.00000000 1.00000000</SPECULAR>
			<DIFFUSEMAP>photorealistic_terra/terra2_06.jpg</DIFFUSEMAP>
		</MATERIAL>
		<MATERIAL name="VTHGRN_Momar_CstlDr2Big_www.playgunz.com">
			<DIFFUSE>1.00000000 1.00000000 1.00000000</DIFFUSE>
			<AMBIENT>1.00000000 1.00000000 1.00000000</AMBIENT>
			<SPECULAR>1.00000000 1.00000000 1.00000000</SPECULAR>
			<DIFFUSEMAP>VTHGRN_Momar/CstlDr2Big_www.playgunz.com.bmp</DIFFUSEMAP>
		</MATERIAL>
		<MATERIAL name="Boxes_Box001">
			<DIFFUSE>1.00000000 1.00000000 1.00000000</DIFFUSE>
			<AMBIENT>1.00000000 1.00000000 1.00000000</AMBIENT>
			<SPECULAR>1.00000000 1.00000000 1.00000000</SPECULAR>
			<DIFFUSEMAP>Boxes/Box001.tga</DIFFUSEMAP>
		</MATERIAL>
		<MATERIAL name="island_gzd_map_island_bluff01">
			<DIFFUSE>1.00000000 1.00000000 1.00000000</DIFFUSE>
			<AMBIENT>1.00000000 1.00000000 1.00000000</AMBIENT>
			<SPECULAR>1.00000000 1.00000000 1.00000000</SPECULAR>
			<DIFFUSEMAP>island/gzd_map_island_bluff01.bmp</DIFFUSEMAP>
		</MATERIAL>
		<MATERIAL name="island_gzd_map_island_bluff03">
			<DIFFUSE>1.00000000 1.00000000 1.00000000</DIFFUSE>
			<AMBIENT>1.00000000 1.00000000 1.00000000</AMBIENT>
			<SPECULAR>1.00000000 1.00000000 1.00000000</SPECULAR>
			<DIFFUSEMAP>island/gzd_map_island_bluff03.bmp</DIFFUSEMAP>
		</MATERIAL>
		<MATERIAL name="photorealistic_parquet_Ladder07">
			<DIFFUSE>1.00000000 1.00000000 1.00000000</DIFFUSE>
			<AMBIENT>1.00000000 1.00000000 1.00000000</AMBIENT>
			<SPECULAR>1.00000000 1.00000000 1.00000000</SPECULAR>
			<DIFFUSEMAP>photorealistic_parquet/Ladder07.jpg</DIFFUSEMAP>
		</MATERIAL>
		<MATERIAL name="photorealistic_concrete_concrete037">
			<DIFFUSE>1.00000000 1.00000000 1.00000000</DIFFUSE>
			<AMBIENT>1.00000000 1.00000000 1.00000000</AMBIENT>
			<SPECULAR>1.00000000 1.00000000 1.00000000</SPECULAR>
			<DIFFUSEMAP>photorealistic_concrete/concrete037.jpg</DIFFUSEMAP>
		</MATERIAL>
		<MATERIAL name="VTHGRN_Momar_cxbrickfwdwc_www.playgunz.com">
			<DIFFUSE>1.00000000 1.00000000 1.00000000</DIFFUSE>
			<AMBIENT>1.00000000 1.00000000 1.00000000</AMBIENT>
			<SPECULAR>1.00000000 1.00000000 1.00000000</SPECULAR>
			<DIFFUSEMAP>VTHGRN_Momar/cxbrickfwdwc_www.playgunz.com.bmp</DIFFUSEMAP>
		</MATERIAL>
		<MATERIAL name="VTHGRN_Momar_cxbrickfwdwf_www.playgunz.com">
			<DIFFUSE>1.00000000 1.00000000 1.00000000</DIFFUSE>
			<AMBIENT>1.00000000 1.00000000 1.00000000</AMBIENT>
			<SPECULAR>1.00000000 1.00000000 1.00000000</SPECULAR>
			<DIFFUSEMAP>VTHGRN_Momar/cxbrickfwdwf_www.playgunz.com.bmp</DIFFUSEMAP>
		</MATERIAL>
		<MATERIAL name="VTHGRN_Momar_cxbrickfwdwa_www.playgunz.com">
			<DIFFUSE>1.00000000 1.00000000 1.00000000</DIFFUSE>
			<AMBIENT>1.00000000 1.00000000 1.00000000</AMBIENT>
			<SPECULAR>1.00000000 1.00000000 1.00000000</SPECULAR>
			<DIFFUSEMAP>VTHGRN_Momar/cxbrickfwdwa_www.playgunz.com.bmp</DIFFUSEMAP>
		</MATERIAL>
		<MATERIAL name="VTHGRN_Momar_cxbrickftrimiv_www.playgunz.com">
			<DIFFUSE>1.00000000 1.00000000 1.00000000</DIFFUSE>
			<AMBIENT>1.00000000 1.00000000 1.00000000</AMBIENT>
			<SPECULAR>1.00000000 1.00000000 1.00000000</SPECULAR>
			<DIFFUSEMAP>VTHGRN_Momar/cxbrickftrimiv_www.playgunz.com.bmp</DIFFUSEMAP>
		</MATERIAL>
		<MATERIAL name="VTHGRN_Momar_cxrockfbase_www.playgunz.com">
			<DIFFUSE>1.00000000 1.00000000 1.00000000</DIFFUSE>
			<AMBIENT>1.00000000 1.00000000 1.00000000</AMBIENT>
			<SPECULAR>1.00000000 1.00000000 1.00000000</SPECULAR>
			<DIFFUSEMAP>VTHGRN_Momar/cxrockfbase_www.playgunz.com.bmp</DIFFUSEMAP>
		</MATERIAL>
		<MATERIAL name="island_gzd_map_island_boat01">
			<DIFFUSE>1.00000000 1.00000000 1.00000000</DIFFUSE>
			<AMBIENT>1.00000000 1.00000000 1.00000000</AMBIENT>
			<SPECULAR>1.00000000 1.00000000 1.00000000</SPECULAR>
			<DIFFUSEMAP>island/gzd_map_island_boat01.bmp</DIFFUSEMAP>
		</MATERIAL>
		<MATERIAL name="VTHGRN_Momar_cxbrickftrim_www.playgunz.com">
			<DIFFUSE>1.00000000 1.00000000 1.00000000</DIFFUSE>
			<AMBIENT>1.00000000 1.00000000 1.00000000</AMBIENT>
			<SPECULAR>1.00000000 1.00000000 1.00000000</SPECULAR>
			<DIFFUSEMAP>VTHGRN_Momar/cxbrickftrim_www.playgunz.com.bmp</DIFFUSEMAP>
		</MATERIAL>
		<MATERIAL name="VTHGRN_Momar_cxwllepnlend_www.playgunz.com">
			<DIFFUSE>1.00000000 1.00000000 1.00000000</DIFFUSE>
			<AMBIENT>1.00000000 1.00000000 1.00000000</AMBIENT>
			<SPECULAR>1.00000000 1.00000000 1.00000000</SPECULAR>
			<DIFFUSEMAP>VTHGRN_Momar/cxwllepnlend_www.playgunz.com.bmp</DIFFUSEMAP>
		</MATERIAL>
		<MATERIAL name="VTHGRN_Momar_cxmoata_www.playgunz.com">
			<DIFFUSE>1.00000000 1.00000000 1.00000000</DIFFUSE>
			<AMBIENT>1.00000000 1.00000000 1.00000000</AMBIENT>
			<SPECULAR>1.00000000 1.00000000 1.00000000</SPECULAR>
			<DIFFUSEMAP>VTHGRN_Momar/cxmoata_www.playgunz.com.bmp</DIFFUSEMAP>
		</MATERIAL>
		<MATERIAL name="photorealistic_rock-stone_rock031">
			<DIFFUSE>1.00000000 1.00000000 1.00000000</DIFFUSE>
			<AMBIENT>1.00000000 1.00000000 1.00000000</AMBIENT>
			<SPECULAR>1.00000000 1.00000000 1.00000000</SPECULAR>
			<DIFFUSEMAP>photorealistic_rock-stone/rock031.jpg</DIFFUSEMAP>
		</MATERIAL>
		<MATERIAL name="photorealistic_rock-stone_rock057">
			<DIFFUSE>1.00000000 1.00000000 1.00000000</DIFFUSE>
			<AMBIENT>1.00000000 1.00000000 1.00000000</AMBIENT>
			<SPECULAR>1.00000000 1.00000000 1.00000000</SPECULAR>
			<DIFFUSEMAP>photorealistic_rock-stone/rock057.jpg</DIFFUSEMAP>
		</MATERIAL>
		<MATERIAL name="photorealistic_rock-stone_rock037">
			<DIFFUSE>1.00000000 1.00000000 1.00000000</DIFFUSE>
			<AMBIENT>1.00000000 1.00000000 1.00000000</AMBIENT>
			<SPECULAR>1.00000000 1.00000000 1.00000000</SPECULAR>
			<DIFFUSEMAP>photorealistic_rock-stone/rock037.jpg</DIFFUSEMAP>
		</MATERIAL>
		<MATERIAL name="photorealistic_wood_wood052">
			<DIFFUSE>1.00000000 1.00000000 1.00000000</DIFFUSE>
			<AMBIENT>1.00000000 1.00000000 1.00000000</AMBIENT>
			<SPECULAR>1.00000000 1.00000000 1.00000000</SPECULAR>
			<DIFFUSEMAP>photorealistic_wood/wood052.jpg</DIFFUSEMAP>
		</MATERIAL>
		<MATERIAL name="photorealistic_window_stainedglass05">
			<DIFFUSE>1.00000000 1.00000000 1.00000000</DIFFUSE>
			<AMBIENT>1.00000000 1.00000000 1.00000000</AMBIENT>
			<SPECULAR>1.00000000 1.00000000 1.00000000</SPECULAR>
			<DIFFUSEMAP>photorealistic_window/stainedglass05.jpg</DIFFUSEMAP>
		</MATERIAL>
		<MATERIAL name="VTHGRN_Momar_cxwllepnl_www.playgunz.com">
			<DIFFUSE>1.00000000 1.00000000 1.00000000</DIFFUSE>
			<AMBIENT>1.00000000 1.00000000 1.00000000</AMBIENT>
			<SPECULAR>1.00000000 1.00000000 1.00000000</SPECULAR>
			<DIFFUSEMAP>VTHGRN_Momar/cxwllepnl_www.playgunz.com.bmp</DIFFUSEMAP>
		</MATERIAL>
		<MATERIAL name="VTHGRN_Momar_cxwlle_www.playgunz.com">
			<DIFFUSE>1.00000000 1.00000000 1.00000000</DIFFUSE>
			<AMBIENT>1.00000000 1.00000000 1.00000000</AMBIENT>
			<SPECULAR>1.00000000 1.00000000 1.00000000</SPECULAR>
			<DIFFUSEMAP>VTHGRN_Momar/cxwlle_www.playgunz.com.bmp</DIFFUSEMAP>
		</MATERIAL>
		<MATERIAL name="VTHGRN_Momar_cxwllg_www.playgunz.com">
			<DIFFUSE>1.00000000 1.00000000 1.00000000</DIFFUSE>
			<AMBIENT>1.00000000 1.00000000 1.00000000</AMBIENT>
			<SPECULAR>1.00000000 1.00000000 1.00000000</SPECULAR>
			<DIFFUSEMAP>VTHGRN_Momar/cxwllg_www.playgunz.com.bmp</DIFFUSEMAP>
		</MATERIAL>
		<MATERIAL name="VTHGRN_Momar_cxwllgend_www.playgunz.com">
			<DIFFUSE>1.00000000 1.00000000 1.00000000</DIFFUSE>
			<AMBIENT>1.00000000 1.00000000 1.00000000</AMBIENT>
			<SPECULAR>1.00000000 1.00000000 1.00000000</SPECULAR>
			<DIFFUSEMAP>VTHGRN_Momar/cxwllgend_www.playgunz.com.bmp</DIFFUSEMAP>
		</MATERIAL>
		<MATERIAL name="photorealistic_rock-stone_rock040">
			<DIFFUSE>1.00000000 1.00000000 1.00000000</DIFFUSE>
			<AMBIENT>1.00000000 1.00000000 1.00000000</AMBIENT>
			<SPECULAR>1.00000000 1.00000000 1.00000000</SPECULAR>
			<DIFFUSEMAP>photorealistic_rock-stone/rock040.jpg</DIFFUSEMAP>
		</MATERIAL>
		<MATERIAL name="photorealistic_wood_wood051">
			<DIFFUSE>1.00000000 1.00000000 1.00000000</DIFFUSE>
			<AMBIENT>1.00000000 1.00000000 1.00000000</AMBIENT>
			<SPECULAR>1.00000000 1.00000000 1.00000000</SPECULAR>
			<DIFFUSEMAP>photorealistic_wood/wood051.jpg</DIFFUSEMAP>
		</MATERIAL>
		<MATERIAL name="VTHGRN_Momar_tnnl_lgtbrd2_www.playgunz.com">
			<DIFFUSE>1.00000000 1.00000000 1.00000000</DIFFUSE>
			<AMBIENT>1.00000000 1.00000000 1.00000000</AMBIENT>
			<SPECULAR>1.00000000 1.00000000 1.00000000</SPECULAR>
			<DIFFUSEMAP>VTHGRN_Momar/tnnl_lgtbrd2_www.playgunz.com.bmp</DIFFUSEMAP>
		</MATERIAL>
		<MATERIAL name="VTHGRN_Momar_pi_boatsidein_www.playgunz.com">
			<DIFFUSE>1.00000000 1.00000000 1.00000000</DIFFUSE>
			<AMBIENT>1.00000000 1.00000000 1.00000000</AMBIENT>
			<SPECULAR>1.00000000 1.00000000 1.00000000</SPECULAR>
			<DIFFUSEMAP>VTHGRN_Momar/pi_boatsidein_www.playgunz.com.bmp</DIFFUSEMAP>
		</MATERIAL>
		<MATERIAL name="VTHGRN_Momar_pi_boatsideout_www.playgunz.com">
			<DIFFUSE>1.00000000 1.00000000 1.00000000</DIFFUSE>
			<AMBIENT>1.00000000 1.00000000 1.00000000</AMBIENT>
			<SPECULAR>1.00000000 1.00000000 1.00000000</SPECULAR>
			<DIFFUSEMAP>VTHGRN_Momar/pi_boatsideout_www.playgunz.com.bmp</DIFFUSEMAP>
		</MATERIAL>
		<MATERIAL name="VTHGRN_Momar_pi_boatrearcap_www.playgunz.com">
			<DIFFUSE>1.00000000 1.00000000 1.00000000</DIFFUSE>
			<AMBIENT>1.00000000 1.00000000 1.00000000</AMBIENT>
			<SPECULAR>1.00000000 1.00000000 1.00000000</SPECULAR>
			<DIFFUSEMAP>VTHGRN_Momar/pi_boatrearcap_www.playgunz.com.bmp</DIFFUSEMAP>
		</MATERIAL>
		<MATERIAL name="VTHGRN_Momar_pi_boatsiderear_www.playgunz.com">
			<DIFFUSE>1.00000000 1.00000000 1.00000000</DIFFUSE>
			<AMBIENT>1.00000000 1.00000000 1.00000000</AMBIENT>
			<SPECULAR>1.00000000 1.00000000 1.00000000</SPECULAR>
			<DIFFUSEMAP>VTHGRN_Momar/pi_boatsiderear_www.playgunz.com.bmp</DIFFUSEMAP>
		</MATERIAL>
		<MATERIAL name="VTHGRN_Momar_pi_motor_www.playgunz.com">
			<DIFFUSE>1.00000000 1.00000000 1.00000000</DIFFUSE>
			<AMBIENT>1.00000000 1.00000000 1.00000000</AMBIENT>
			<SPECULAR>1.00000000 1.00000000 1.00000000</SPECULAR>
			<DIFFUSEMAP>VTHGRN_Momar/pi_motor_www.playgunz.com.bmp</DIFFUSEMAP>
		</MATERIAL>
		<MATERIAL name="VTHGRN_Momar_pi_rust_www.playgunz.com">
			<DIFFUSE>1.00000000 1.00000000 1.00000000</DIFFUSE>
			<AMBIENT>1.00000000 1.00000000 1.00000000</AMBIENT>
			<SPECULAR>1.00000000 1.00000000 1.00000000</SPECULAR>
			<DIFFUSEMAP>VTHGRN_Momar/pi_rust_www.playgunz.com.bmp</DIFFUSEMAP>
		</MATERIAL>
		<MATERIAL name="VTHGRN_Momar_pi_grnmetalt_www.playgunz.com">
			<DIFFUSE>1.00000000 1.00000000 1.00000000</DIFFUSE>
			<AMBIENT>1.00000000 1.00000000 1.00000000</AMBIENT>
			<SPECULAR>1.00000000 1.00000000 1.00000000</SPECULAR>
			<DIFFUSEMAP>VTHGRN_Momar/pi_grnmetalt_www.playgunz.com.bmp</DIFFUSEMAP>
		</MATERIAL>
		<MATERIAL name="VTHGRN_Momar_pi_boatfloor_www.playgunz.com">
			<DIFFUSE>1.00000000 1.00000000 1.00000000</DIFFUSE>
			<AMBIENT>1.00000000 1.00000000 1.00000000</AMBIENT>
			<SPECULAR>1.00000000 1.00000000 1.00000000</SPECULAR>
			<DIFFUSEMAP>VTHGRN_Momar/pi_boatfloor_www.playgunz.com.bmp</DIFFUSEMAP>
		</MATERIAL>
		<MATERIAL name="VTHGRN_Momar_pi_wood1_www.playgunz.com">
			<DIFFUSE>1.00000000 1.00000000 1.00000000</DIFFUSE>
			<AMBIENT>1.00000000 1.00000000 1.00000000</AMBIENT>
			<SPECULAR>1.00000000 1.00000000 1.00000000</SPECULAR>
			<DIFFUSEMAP>VTHGRN_Momar/pi_wood1_www.playgunz.com.bmp</DIFFUSEMAP>
		</MATERIAL>
		<MATERIAL name="VTHGRN_Momar_pi_grnmetal_www.playgunz.com">
			<DIFFUSE>1.00000000 1.00000000 1.00000000</DIFFUSE>
			<AMBIENT>1.00000000 1.00000000 1.00000000</AMBIENT>
			<SPECULAR>1.00000000 1.00000000 1.00000000</SPECULAR>
			<DIFFUSEMAP>VTHGRN_Momar/pi_grnmetal_www.playgunz.com.bmp</DIFFUSEMAP>
		</MATERIAL>
		<MATERIAL name="VTHGRN_Momar_!waterblue_www.playgunz.com">
			<DIFFUSE>1.00000000 1.00000000 1.00000000</DIFFUSE>
			<AMBIENT>1.00000000 1.00000000 1.00000000</AMBIENT>
			<SPECULAR>1.00000000 1.00000000 1.00000000</SPECULAR>
			<DIFFUSEMAP>VTHGRN_Momar/!waterblue_www.playgunz.com.bmp</DIFFUSEMAP>
		</MATERIAL>
		<MATERIAL name="photorealistic_concrete_concrete024_2">
			<DIFFUSE>1.00000000 1.00000000 1.00000000</DIFFUSE>
			<AMBIENT>1.00000000 1.00000000 1.00000000</AMBIENT>
			<SPECULAR>1.00000000 1.00000000 1.00000000</SPECULAR>
			<DIFFUSEMAP>photorealistic_concrete/concrete024_2.jpg</DIFFUSEMAP>
		</MATERIAL>
		<MATERIAL name="photorealistic_window_stainedglass04">
			<DIFFUSE>1.00000000 1.00000000 1.00000000</DIFFUSE>
			<AMBIENT>1.00000000 1.00000000 1.00000000</AMBIENT>
			<SPECULAR>1.00000000 1.00000000 1.00000000</SPECULAR>
			<DIFFUSEMAP>photorealistic_window/stainedglass04.jpg</DIFFUSEMAP>
		</MATERIAL>
		<MATERIAL name="photorealistic_wall_wall009">
			<DIFFUSE>1.00000000 1.00000000 1.00000000</DIFFUSE>
			<AMBIENT>1.00000000 1.00000000 1.00000000</AMBIENT>
			<SPECULAR>1.00000000 1.00000000 1.00000000</SPECULAR>
			<DIFFUSEMAP>photorealistic_wall/wall009.jpg</DIFFUSEMAP>
		</MATERIAL>
		<MATERIAL name="photorealistic_rock-stone_rock055">
			<DIFFUSE>1.00000000 1.00000000 1.00000000</DIFFUSE>
			<AMBIENT>1.00000000 1.00000000 1.00000000</AMBIENT>
			<SPECULAR>1.00000000 1.00000000 1.00000000</SPECULAR>
			<DIFFUSEMAP>photorealistic_rock-stone/rock055.jpg</DIFFUSEMAP>
		</MATERIAL>
		<MATERIAL name="VTHGRN_Momar_cxwllh_www.playgunz.com">
			<DIFFUSE>1.00000000 1.00000000 1.00000000</DIFFUSE>
			<AMBIENT>1.00000000 1.00000000 1.00000000</AMBIENT>
			<SPECULAR>1.00000000 1.00000000 1.00000000</SPECULAR>
			<DIFFUSEMAP>VTHGRN_Momar/cxwllh_www.playgunz.com.bmp</DIFFUSEMAP>
		</MATERIAL>
		<MATERIAL name="VTHGRN_Momar_cxwllbooksa_www.playgunz.com">
			<DIFFUSE>1.00000000 1.00000000 1.00000000</DIFFUSE>
			<AMBIENT>1.00000000 1.00000000 1.00000000</AMBIENT>
			<SPECULAR>1.00000000 1.00000000 1.00000000</SPECULAR>
			<DIFFUSEMAP>VTHGRN_Momar/cxwllbooksa_www.playgunz.com.bmp</DIFFUSEMAP>
		</MATERIAL>
		<MATERIAL name="VTHGRN_Momar_pi_chairleg_www.playgunz.com">
			<DIFFUSE>1.00000000 1.00000000 1.00000000</DIFFUSE>
			<AMBIENT>1.00000000 1.00000000 1.00000000</AMBIENT>
			<SPECULAR>1.00000000 1.00000000 1.00000000</SPECULAR>
			<DIFFUSEMAP>VTHGRN_Momar/pi_chairleg_www.playgunz.com.bmp</DIFFUSEMAP>
		</MATERIAL>
		<MATERIAL name="VTHGRN_Momar_pi_floorst4g_www.playgunz.com">
			<DIFFUSE>1.00000000 1.00000000 1.00000000</DIFFUSE>
			<AMBIENT>1.00000000 1.00000000 1.00000000</AMBIENT>
			<SPECULAR>1.00000000 1.00000000 1.00000000</SPECULAR>
			<DIFFUSEMAP>VTHGRN_Momar/pi_floorst4g_www.playgunz.com.bmp</DIFFUSEMAP>
		</MATERIAL>
		<MATERIAL name="VTHGRN_Momar_pi_secrets_www.playgunz.com">
			<DIFFUSE>1.00000000 1.00000000 1.00000000</DIFFUSE>
			<AMBIENT>1.00000000 1.00000000 1.00000000</AMBIENT>
			<SPECULAR>1.00000000 1.00000000 1.00000000</SPECULAR>
			<DIFFUSEMAP>VTHGRN_Momar/pi_secrets_www.playgunz.com.bmp</DIFFUSEMAP>
		</MATERIAL>
		<MATERIAL name="VTHGRN_Momar_pi_secretf_www.playgunz.com">
			<DIFFUSE>1.00000000 1.00000000 1.00000000</DIFFUSE>
			<AMBIENT>1.00000000 1.00000000 1.00000000</AMBIENT>
			<SPECULAR>1.00000000 1.00000000 1.00000000</SPECULAR>
			<DIFFUSEMAP>VTHGRN_Momar/pi_secretf_www.playgunz.com.bmp</DIFFUSEMAP>
		</MATERIAL>
		<MATERIAL name="VTHGRN_Momar_pi_archt128b_www.playgunz.com">
			<DIFFUSE>1.00000000 1.00000000 1.00000000</DIFFUSE>
			<AMBIENT>1.00000000 1.00000000 1.00000000</AMBIENT>
			<SPECULAR>1.00000000 1.00000000 1.00000000</SPECULAR>
			<DIFFUSEMAP>VTHGRN_Momar/pi_archt128b_www.playgunz.com.bmp</DIFFUSEMAP>
		</MATERIAL>
		<MATERIAL name="VTHGRN_Momar_drkbx_www.playgunz.com">
			<DIFFUSE>1.00000000 1.00000000 1.00000000</DIFFUSE>
			<AMBIENT>1.00000000 1.00000000 1.00000000</AMBIENT>
			<SPECULAR>1.00000000 1.00000000 1.00000000</SPECULAR>
			<DIFFUSEMAP>VTHGRN_Momar/drkbx_www.playgunz.com.bmp</DIFFUSEMAP>
		</MATERIAL>
		<MATERIAL name="VTHGRN_Momar_drkbox_www.playgunz.com">
			<DIFFUSE>1.00000000 1.00000000 1.00000000</DIFFUSE>
			<AMBIENT>1.00000000 1.00000000 1.00000000</AMBIENT>
			<SPECULAR>1.00000000 1.00000000 1.00000000</SPECULAR>
			<DIFFUSEMAP>VTHGRN_Momar/drkbox_www.playgunz.com.bmp</DIFFUSEMAP>
		</MATERIAL>
		<MATERIAL name="VTHGRN_Momar_cxwllf_www.playgunz.com">
			<DIFFUSE>1.00000000 1.00000000 1.00000000</DIFFUSE>
			<AMBIENT>1.00000000 1.00000000 1.00000000</AMBIENT>
			<SPECULAR>1.00000000 1.00000000 1.00000000</SPECULAR>
			<DIFFUSEMAP>VTHGRN_Momar/cxwllf_www.playgunz.com.bmp</DIFFUSEMAP>
		</MATERIAL>
		<MATERIAL name="photorealistic_trim_trim25">
			<DIFFUSE>1.00000000 1.00000000 1.00000000</DIFFUSE>
			<AMBIENT>1.00000000 1.00000000 1.00000000</AMBIENT>
			<SPECULAR>1.00000000 1.00000000 1.00000000</SPECULAR>
			<DIFFUSEMAP>photorealistic_trim/trim25.jpg</DIFFUSEMAP>
		</MATERIAL>
		<MATERIAL name="VTHGRN_Momar_cxwllfend_www.playgunz.com">
			<DIFFUSE>1.00000000 1.00000000 1.00000000</DIFFUSE>
			<AMBIENT>1.00000000 1.00000000 1.00000000</AMBIENT>
			<SPECULAR>1.00000000 1.00000000 1.00000000</SPECULAR>
			<DIFFUSEMAP>VTHGRN_Momar/cxwllfend_www.playgunz.com.bmp</DIFFUSEMAP>
		</MATERIAL>
		<MATERIAL name="photorealistic_terra_terra1_6">
			<DIFFUSE>1.00000000 1.00000000 1.00000000</DIFFUSE>
			<AMBIENT>1.00000000 1.00000000 1.00000000</AMBIENT>
			<SPECULAR>1.00000000 1.00000000 1.00000000</SPECULAR>
			<DIFFUSEMAP>photorealistic_terra/terra1_6.jpg</DIFFUSEMAP>
		</MATERIAL>
		<MATERIAL name="VTHGRN_Momar_TrainEnd02_www.playgunz.com">
			<DIFFUSE>1.00000000 1.00000000 1.00000000</DIFFUSE>
			<AMBIENT>1.00000000 1.00000000 1.00000000</AMBIENT>
			<SPECULAR>1.00000000 1.00000000 1.00000000</SPECULAR>
			<DIFFUSEMAP>VTHGRN_Momar/TrainEnd02_www.playgunz.com.bmp</DIFFUSEMAP>
		</MATERIAL>
		<MATERIAL name="VTHGRN_Momar_TrainSide02-2_www.playgunz.com">
			<DIFFUSE>1.00000000 1.00000000 1.00000000</DIFFUSE>
			<AMBIENT>1.00000000 1.00000000 1.00000000</AMBIENT>
			<SPECULAR>1.00000000 1.00000000 1.00000000</SPECULAR>
			<DIFFUSEMAP>VTHGRN_Momar/TrainSide02-2_www.playgunz.com.bmp</DIFFUSEMAP>
		</MATERIAL>
		<MATERIAL name="VTHGRN_Momar_TrainSide02-1_www.playgunz.com">
			<DIFFUSE>1.00000000 1.00000000 1.00000000</DIFFUSE>
			<AMBIENT>1.00000000 1.00000000 1.00000000</AMBIENT>
			<SPECULAR>1.00000000 1.00000000 1.00000000</SPECULAR>
			<DIFFUSEMAP>VTHGRN_Momar/TrainSide02-1_www.playgunz.com.bmp</DIFFUSEMAP>
		</MATERIAL>
		<MATERIAL name="VTHGRN_Momar_black_www.playgunz.com">
			<DIFFUSE>1.00000000 1.00000000 1.00000000</DIFFUSE>
			<AMBIENT>1.00000000 1.00000000 1.00000000</AMBIENT>
			<SPECULAR>1.00000000 1.00000000 1.00000000</SPECULAR>
			<DIFFUSEMAP>VTHGRN_Momar/black_www.playgunz.com.bmp</DIFFUSEMAP>
		</MATERIAL>
		<MATERIAL name="VTHGRN_Momar_TrainTop02_www.playgunz.com">
			<DIFFUSE>1.00000000 1.00000000 1.00000000</DIFFUSE>
			<AMBIENT>1.00000000 1.00000000 1.00000000</AMBIENT>
			<SPECULAR>1.00000000 1.00000000 1.00000000</SPECULAR>
			<DIFFUSEMAP>VTHGRN_Momar/TrainTop02_www.playgunz.com.bmp</DIFFUSEMAP>
		</MATERIAL>
		<MATERIAL name="VTHGRN_Momar_Connector_www.playgunz.com">
			<DIFFUSE>1.00000000 1.00000000 1.00000000</DIFFUSE>
			<AMBIENT>1.00000000 1.00000000 1.00000000</AMBIENT>
			<SPECULAR>1.00000000 1.00000000 1.00000000</SPECULAR>
			<DIFFUSEMAP>VTHGRN_Momar/Connector_www.playgunz.com.bmp</DIFFUSEMAP>
		</MATERIAL>
		<MATERIAL name="VTHGRN_Momar_train_und2_www.playgunz.com">
			<DIFFUSE>1.00000000 1.00000000 1.00000000</DIFFUSE>
			<AMBIENT>1.00000000 1.00000000 1.00000000</AMBIENT>
			<SPECULAR>1.00000000 1.00000000 1.00000000</SPECULAR>
			<DIFFUSEMAP>VTHGRN_Momar/train_und2_www.playgunz.com.bmp</DIFFUSEMAP>
		</MATERIAL>
		<MATERIAL name="VTHGRN_Momar_WheelEnd02_www.playgunz.com">
			<DIFFUSE>1.00000000 1.00000000 1.00000000</DIFFUSE>
			<AMBIENT>1.00000000 1.00000000 1.00000000</AMBIENT>
			<SPECULAR>1.00000000 1.00000000 1.00000000</SPECULAR>
			<DIFFUSEMAP>VTHGRN_Momar/WheelEnd02_www.playgunz.com.bmp</DIFFUSEMAP>
		</MATERIAL>
		<MATERIAL name="VTHGRN_Momar_WheelSide02_www.playgunz.com">
			<DIFFUSE>1.00000000 1.00000000 1.00000000</DIFFUSE>
			<AMBIENT>1.00000000 1.00000000 1.00000000</AMBIENT>
			<SPECULAR>1.00000000 1.00000000 1.00000000</SPECULAR>
			<DIFFUSEMAP>VTHGRN_Momar/WheelSide02_www.playgunz.com.bmp</DIFFUSEMAP>
		</MATERIAL>
		<MATERIAL name="VTHGRN_Momar_lab1_stair1b_www.playgunz.com">
			<DIFFUSE>1.00000000 1.00000000 1.00000000</DIFFUSE>
			<AMBIENT>1.00000000 1.00000000 1.00000000</AMBIENT>
			<SPECULAR>1.00000000 1.00000000 1.00000000</SPECULAR>
			<DIFFUSEMAP>VTHGRN_Momar/lab1_stair1b_www.playgunz.com.bmp</DIFFUSEMAP>
		</MATERIAL>
		<MATERIAL name="VTHGRN_Momar_TrainSide01-1_www.playgunz.com">
			<DIFFUSE>1.00000000 1.00000000 1.00000000</DIFFUSE>
			<AMBIENT>1.00000000 1.00000000 1.00000000</AMBIENT>
			<SPECULAR>1.00000000 1.00000000 1.00000000</SPECULAR>
			<DIFFUSEMAP>VTHGRN_Momar/TrainSide01-1_www.playgunz.com.bmp</DIFFUSEMAP>
		</MATERIAL>
		<MATERIAL name="VTHGRN_Momar_Wood01_www.playgunz.com">
			<DIFFUSE>1.00000000 1.00000000 1.00000000</DIFFUSE>
			<AMBIENT>1.00000000 1.00000000 1.00000000</AMBIENT>
			<SPECULAR>1.00000000 1.00000000 1.00000000</SPECULAR>
			<DIFFUSEMAP>VTHGRN_Momar/Wood01_www.playgunz.com.bmp</DIFFUSEMAP>
		</MATERIAL>
		<MATERIAL name="VTHGRN_Momar_zladder2_www.playgunz.com">
			<DIFFUSE>1.00000000 1.00000000 1.00000000</DIFFUSE>
			<AMBIENT>1.00000000 1.00000000 1.00000000</AMBIENT>
			<SPECULAR>1.00000000 1.00000000 1.00000000</SPECULAR>
			<DIFFUSEMAP>VTHGRN_Momar/zladder2_www.playgunz.com.bmp</DIFFUSEMAP>
		</MATERIAL>
		<MATERIAL name="VTHGRN_Momar_zinvisible_www.playgunz.com">
			<DIFFUSE>1.00000000 1.00000000 1.00000000</DIFFUSE>
			<AMBIENT>1.00000000 1.00000000 1.00000000</AMBIENT>
			<SPECULAR>1.00000000 1.00000000 1.00000000</SPECULAR>
			<DIFFUSEMAP>VTHGRN_Momar/zinvisible_www.playgunz.com.bmp</DIFFUSEMAP>
		</MATERIAL>
		<MATERIAL name="VTHGRN_Momar_CaseEnd_www.playgunz.com">
			<DIFFUSE>1.00000000 1.00000000 1.00000000</DIFFUSE>
			<AMBIENT>1.00000000 1.00000000 1.00000000</AMBIENT>
			<SPECULAR>1.00000000 1.00000000 1.00000000</SPECULAR>
			<DIFFUSEMAP>VTHGRN_Momar/CaseEnd_www.playgunz.com.bmp</DIFFUSEMAP>
		</MATERIAL>
		<MATERIAL name="VTHGRN_Momar_CaseSide_www.playgunz.com">
			<DIFFUSE>1.00000000 1.00000000 1.00000000</DIFFUSE>
			<AMBIENT>1.00000000 1.00000000 1.00000000</AMBIENT>
			<SPECULAR>1.00000000 1.00000000 1.00000000</SPECULAR>
			<DIFFUSEMAP>VTHGRN_Momar/CaseSide_www.playgunz.com.bmp</DIFFUSEMAP>
		</MATERIAL>
		<MATERIAL name="VTHGRN_Momar_CaseTop_www.playgunz.com">
			<DIFFUSE>1.00000000 1.00000000 1.00000000</DIFFUSE>
			<AMBIENT>1.00000000 1.00000000 1.00000000</AMBIENT>
			<SPECULAR>1.00000000 1.00000000 1.00000000</SPECULAR>
			<DIFFUSEMAP>VTHGRN_Momar/CaseTop_www.playgunz.com.bmp</DIFFUSEMAP>
		</MATERIAL>
		<MATERIAL name="photorealistic_wood_wood091">
			<DIFFUSE>1.00000000 1.00000000 1.00000000</DIFFUSE>
			<AMBIENT>1.00000000 1.00000000 1.00000000</AMBIENT>
			<SPECULAR>1.00000000 1.00000000 1.00000000</SPECULAR>
			<DIFFUSEMAP>photorealistic_wood/wood091.jpg</DIFFUSEMAP>
		</MATERIAL>
		<MATERIAL name="VTHGRN_Momar_pi_outwall2_www.playgunz.com">
			<DIFFUSE>1.00000000 1.00000000 1.00000000</DIFFUSE>
			<AMBIENT>1.00000000 1.00000000 1.00000000</AMBIENT>
			<SPECULAR>1.00000000 1.00000000 1.00000000</SPECULAR>
			<DIFFUSEMAP>VTHGRN_Momar/pi_outwall2_www.playgunz.com.bmp</DIFFUSEMAP>
		</MATERIAL>
		<MATERIAL name="VTHGRN_Momar_pi_lantern_www.playgunz.com">
			<DIFFUSE>1.00000000 1.00000000 1.00000000</DIFFUSE>
			<AMBIENT>1.00000000 1.00000000 1.00000000</AMBIENT>
			<SPECULAR>1.00000000 1.00000000 1.00000000</SPECULAR>
			<DIFFUSEMAP>VTHGRN_Momar/pi_lantern_www.playgunz.com.bmp</DIFFUSEMAP>
		</MATERIAL>
		<MATERIAL name="VTHGRN_Momar_crate10_www.playgunz.com">
			<DIFFUSE>1.00000000 1.00000000 1.00000000</DIFFUSE>
			<AMBIENT>1.00000000 1.00000000 1.00000000</AMBIENT>
			<SPECULAR>1.00000000 1.00000000 1.00000000</SPECULAR>
			<DIFFUSEMAP>VTHGRN_Momar/crate10_www.playgunz.com.bmp</DIFFUSEMAP>
		</MATERIAL>
		<MATERIAL name="VTHGRN_Momar_out_pave1_www.playgunz.com">
			<DIFFUSE>1.00000000 1.00000000 1.00000000</DIFFUSE>
			<AMBIENT>1.00000000 1.00000000 1.00000000</AMBIENT>
			<SPECULAR>1.00000000 1.00000000 1.00000000</SPECULAR>
			<DIFFUSEMAP>VTHGRN_Momar/out_pave1_www.playgunz.com.bmp</DIFFUSEMAP>
		</MATERIAL>
		<MATERIAL name="VTHGRN_Momar_crate13_www.playgunz.com">
			<DIFFUSE>1.00000000 1.00000000 1.00000000</DIFFUSE>
			<AMBIENT>1.00000000 1.00000000 1.00000000</AMBIENT>
			<SPECULAR>1.00000000 1.00000000 1.00000000</SPECULAR>
			<DIFFUSEMAP>VTHGRN_Momar/crate13_www.playgunz.com.bmp</DIFFUSEMAP>
		</MATERIAL>
		<MATERIAL name="photorealistic_wall_wall074">
			<DIFFUSE>1.00000000 1.00000000 1.00000000</DIFFUSE>
			<AMBIENT>1.00000000 1.00000000 1.00000000</AMBIENT>
			<SPECULAR>1.00000000 1.00000000 1.00000000</SPECULAR>
			<DIFFUSEMAP>photorealistic_wall/wall074.jpg</DIFFUSEMAP>
		</MATERIAL>
		<MATERIAL name="VTHGRN_Momar_TrainEnd01_www.playgunz.com">
			<DIFFUSE>1.00000000 1.00000000 1.00000000</DIFFUSE>
			<AMBIENT>1.00000000 1.00000000 1.00000000</AMBIENT>
			<SPECULAR>1.00000000 1.00000000 1.00000000</SPECULAR>
			<DIFFUSEMAP>VTHGRN_Momar/TrainEnd01_www.playgunz.com.bmp</DIFFUSEMAP>
		</MATERIAL>
		<MATERIAL name="VTHGRN_Momar_TrainSide01-2_www.playgunz.com">
			<DIFFUSE>1.00000000 1.00000000 1.00000000</DIFFUSE>
			<AMBIENT>1.00000000 1.00000000 1.00000000</AMBIENT>
			<SPECULAR>1.00000000 1.00000000 1.00000000</SPECULAR>
			<DIFFUSEMAP>VTHGRN_Momar/TrainSide01-2_www.playgunz.com.bmp</DIFFUSEMAP>
		</MATERIAL>
		<MATERIAL name="VTHGRN_Momar_TrainTop01_www.playgunz.com">
			<DIFFUSE>1.00000000 1.00000000 1.00000000</DIFFUSE>
			<AMBIENT>1.00000000 1.00000000 1.00000000</AMBIENT>
			<SPECULAR>1.00000000 1.00000000 1.00000000</SPECULAR>
			<DIFFUSEMAP>VTHGRN_Momar/TrainTop01_www.playgunz.com.bmp</DIFFUSEMAP>
		</MATERIAL>
		<MATERIAL name="VTHGRN_Momar_crate02_www.playgunz.com">
			<DIFFUSE>1.00000000 1.00000000 1.00000000</DIFFUSE>
			<AMBIENT>1.00000000 1.00000000 1.00000000</AMBIENT>
			<SPECULAR>1.00000000 1.00000000 1.00000000</SPECULAR>
			<DIFFUSEMAP>VTHGRN_Momar/crate02_www.playgunz.com.bmp</DIFFUSEMAP>
		</MATERIAL>
		<MATERIAL name="VTHGRN_Momar_crate02b_www.playgunz.com">
			<DIFFUSE>1.00000000 1.00000000 1.00000000</DIFFUSE>
			<AMBIENT>1.00000000 1.00000000 1.00000000</AMBIENT>
			<SPECULAR>1.00000000 1.00000000 1.00000000</SPECULAR>
			<DIFFUSEMAP>VTHGRN_Momar/crate02b_www.playgunz.com.bmp</DIFFUSEMAP>
		</MATERIAL>
	</MATERIALLIST>
	<DUMMYLIST>
		<DUMMY name="spawn_solo_101">
			<POSITION>1722.16000000 -729.97000000 17.14820000</POSITION>
			<DIRECTION>-0.01616105 0.99986940 0.00000000</DIRECTION>
		</DUMMY>
		<DUMMY name="spawn_solo_102">
			<POSITION>-2206.00000000 -544.00000000 896.00000000</POSITION>
			<DIRECTION>-1.00000000 0.00000000 0.00000000</DIRECTION>
		</DUMMY>
		<DUMMY name="spawn_team1_101">
			<POSITION>3093.00000000 4900.00000000 776.00000000</POSITION>
			<DIRECTION>-0.03234229 -0.99947685 0.00000000</DIRECTION>
		</DUMMY>
		<DUMMY name="spawn_team2_101">
			<POSITION>-2079.88000000 -5156.88000000 776.00000000</POSITION>
			<DIRECTION>-0.04099851 0.99915921 0.00000000</DIRECTION>
		</DUMMY>
		<DUMMY name="spawn_team2_102">
			<POSITION>-2463.88000000 -5156.88000000 776.00000000</POSITION>
			<DIRECTION>-0.04099851 0.99915921 0.00000000</DIRECTION>
		</DUMMY>
		<DUMMY name="spawn_team2_103">
			<POSITION>-2335.88000000 -5156.88000000 776.00000000</POSITION>
			<DIRECTION>-0.04099851 0.99915921 0.00000000</DIRECTION>
		</DUMMY>
		<DUMMY name="spawn_team2_104">
			<POSITION>-2207.88000000 -5156.88000000 776.00000000</POSITION>
			<DIRECTION>-0.04099851 0.99915921 0.00000000</DIRECTION>
		</DUMMY>
		<DUMMY name="spawn_team1_102">
			<POSITION>3477.00000000 4900.00000000 776.00000000</POSITION>
			<DIRECTION>-0.03234229 -0.99947685 0.00000000</DIRECTION>
		</DUMMY>
		<DUMMY name="spawn_team1_103">
			<POSITION>3349.00000000 4900.00000000 776.00000000</POSITION>
			<DIRECTION>-0.03234229 -0.99947685 0.00000000</DIRECTION>
		</DUMMY>
		<DUMMY name="spawn_team1_104">
			<POSITION>3221.00000000 4900.00000000 776.00000000</POSITION>
			<DIRECTION>-0.03234229 -0.99947685 0.00000000</DIRECTION>
		</DUMMY>
		<DUMMY name="spawn_solo_103">
			<POSITION>-74.25000000 3353.87000000 357.50000000</POSITION>
			<DIRECTION>-1.00000000 0.00000000 0.00000000</DIRECTION>
		</DUMMY>
		<DUMMY name="spawn_solo_104">
			<POSITION>1782.16000000 2874.03000000 17.14820000</POSITION>
			<DIRECTION>-0.01616105 0.99986940 0.00000000</DIRECTION>
		</DUMMY>
		<DUMMY name="spawn_solo_105">
			<POSITION>-721.84000000 458.03000000 17.14820000</POSITION>
			<DIRECTION>-0.01616105 0.99986940 0.00000000</DIRECTION>
		</DUMMY>
		<DUMMY name="spawn_solo_106">
			<POSITION>-838.25000000 -3894.13000000 901.50000000</POSITION>
			<DIRECTION>-1.00000000 0.00000000 0.00000000</DIRECTION>
		</DUMMY>
		<DUMMY name="spawn_solo_107">
			<POSITION>1097.75000000 -3646.13000000 357.50000000</POSITION>
			<DIRECTION>-1.00000000 0.00000000 0.00000000</DIRECTION>
		</DUMMY>
		<DUMMY name="spawn_solo_108">
			<POSITION>-2079.75000000 -6249.13000000 911.37500000</POSITION>
			<DIRECTION>-1.00000000 0.00000000 0.00000000</DIRECTION>
		</DUMMY>
		<DUMMY name="spawn_solo_109">
			<POSITION>-2079.75000000 -6249.13000000 911.37500000</POSITION>
			<DIRECTION>-1.00000000 0.00000000 0.00000000</DIRECTION>
		</DUMMY>
		<DUMMY name="spawn_solo_110">
			<POSITION>-2079.75000000 -6249.13000000 911.37500000</POSITION>
			<DIRECTION>-1.00000000 0.00000000 0.00000000</DIRECTION>
		</DUMMY>
		<DUMMY name="spawn_solo_111">
			<POSITION>-2079.75000000 -6249.13000000 911.37500000</POSITION>
			<DIRECTION>-1.00000000 0.00000000 0.00000000</DIRECTION>
		</DUMMY>
		<DUMMY name="spawn_solo_112">
			<POSITION>2832.25000000 3594.87000000 911.37500000</POSITION>
			<DIRECTION>-1.00000000 0.00000000 0.00000000</DIRECTION>
		</DUMMY>
		<DUMMY name="spawn_solo_113">
			<POSITION>-2079.75000000 -6249.13000000 911.37500000</POSITION>
			<DIRECTION>-1.00000000 0.00000000 0.00000000</DIRECTION>
		</DUMMY>
		<DUMMY name="spawn_solo_114">
			<POSITION>2984.25000000 6006.87000000 911.37500000</POSITION>
			<DIRECTION>-1.00000000 0.00000000 0.00000000</DIRECTION>
		</DUMMY>
	</DUMMYLIST>
	<FOG min="0" max="12000">
		<R>255</R>
		<G>250</G>
		<B>100</B>
	</FOG>
	<GLOBAL>
		<fog_enable>TRUE</fog_enable>
		<fog_min>0</fog_min>
		<fog_max>12000</fog_max>
		<fog_color>255,250,100</fog_color>
	</GLOBAL>
	<OBJECTLIST>
		<OBJECT name="Desertion_obj_sky_daylight.elu">
		</OBJECT>
	</OBJECTLIST>
</XML>
