<?xml version="1.0" encoding="UTF-8"?>
<XML>
	<GAMETYPE id="solo">
		<SPAWN item="bullet02" timesec="45000">
			<POSITION>491.4000000 -1833.3000000 8.5000000</POSITION>
		</SPAWN>
		<SPAWN item="bullet02" timesec="45000">
			<POSITION>491.4000000 1562.8000000 8.2000000</POSITION>
		</SPAWN>
		<SPAWN item="ap02" timesec="45000">
			<POSITION>1337.1000000 2999.8000000 896.1000000</POSITION>
		</SPAWN>
		<SPAWN item="ap02" timesec="45000">
			<POSITION>-311.2000000 -3200.6000000 896.1000000</POSITION>
		</SPAWN>
		<SPAWN item="hp02" timesec="45000">
			<POSITION>516.2000000 -128.3000000 1280.6000000</POSITION>
		</SPAWN>
		<SPAWN item="hp02" timesec="45000">
			<POSITION>-2266.5000000 -7469.2000000 680.7000000</POSITION>
		</SPAWN>
		<SPAWN item="hp02" timesec="45000">
			<POSITION>3267.0000000 7207.2000000 680.7000000</POSITION>
		</SPAWN>
	</GAMETYPE>

	<GAMETYPE id="team">
		<SPAWN item="bullet02" timesec="45000">
			<POSITION>491.4000000 -1833.3000000 8.5000000</POSITION>
		</SPAWN>
		<SPAWN item="bullet02" timesec="45000">
			<POSITION>491.4000000 1562.8000000 8.2000000</POSITION>
		</SPAWN>
		<SPAWN item="ap02" timesec="45000">
			<POSITION>1337.1000000 2999.8000000 896.1000000</POSITION>
		</SPAWN>
		<SPAWN item="ap02" timesec="45000">
			<POSITION>-311.2000000 -3200.6000000 896.1000000</POSITION>
		</SPAWN>
		<SPAWN item="hp02" timesec="45000">
			<POSITION>516.2000000 -128.3000000 1280.6000000</POSITION>
		</SPAWN>
		<SPAWN item="hp02" timesec="45000">
			<POSITION>-2266.5000000 -7469.2000000 680.7000000</POSITION>
		</SPAWN>
		<SPAWN item="hp02" timesec="45000">
			<POSITION>3267.0000000 7207.2000000 680.7000000</POSITION>
		</SPAWN>
	</GAMETYPE>
</XML>
