<?xml version="1.0" encoding="UTF-8"?>
<XML>
	<GAMETYPE id="solo">
		<SPAWN item="bullet02" timesec="35000">
			<POSITION>2195.0000000 -18.0000000 0.0000000</POSITION>
		</SPAWN>
		<SPAWN item="bullet02" timesec="35000">
			<POSITION>-290.0000000 14.0000000 0.0000000</POSITION>
		</SPAWN>
		<SPAWN item="ap02" timesec="35000">
			<POSITION>-1354.0000000 -2784.0000000 384.0000000</POSITION>
		</SPAWN>
		<SPAWN item="ap02" timesec="35000">
			<POSITION>2831.0000000 2787.0000000 384.0000000</POSITION>
		</SPAWN>
		<SPAWN item="hp02" timesec="35000">
			<POSITION>-285.0000000 20.0000000 384.0000000</POSITION>
		</SPAWN>
		<SPAWN item="hp02" timesec="35000">
			<POSITION>1037.0000000 -4585.0000000 0.0000000</POSITION>
		</SPAWN>
		<SPAWN item="hp02" timesec="35000">
			<POSITION>1037.0000000 4585.0000000 0.0000000</POSITION>
		</SPAWN>
	</GAMETYPE>

	<GAMETYPE id="team">
		<SPAWN item="bullet02" timesec="35000">
			<POSITION>2195.0000000 -18.0000000 0.0000000</POSITION>
		</SPAWN>
		<SPAWN item="bullet02" timesec="35000">
			<POSITION>-290.0000000 14.0000000 0.0000000</POSITION>
		</SPAWN>
		<SPAWN item="ap02" timesec="35000">
			<POSITION>-1354.0000000 -2784.0000000 384.0000000</POSITION>
		</SPAWN>
		<SPAWN item="ap02" timesec="35000">
			<POSITION>2831.0000000 2787.0000000 384.0000000</POSITION>
		</SPAWN>
		<SPAWN item="hp02" timesec="35000">
			<POSITION>-285.0000000 20.0000000 384.0000000</POSITION>
		</SPAWN>
		<SPAWN item="hp02" timesec="35000">
			<POSITION>1037.0000000 -4585.0000000 0.0000000</POSITION>
		</SPAWN>
		<SPAWN item="hp02" timesec="35000">
			<POSITION>1037.0000000 4585.0000000 0.0000000</POSITION>
		</SPAWN>
	</GAMETYPE>
</XML>
