<?xml version="1.0" encoding="UTF-8"?>
<XML>
	<MATERIALLIST>
		<MATERIAL name="template_temp_floor_02">
			<DIFFUSE>1.00000000 1.00000000 1.00000000</DIFFUSE>
			<AMBIENT>1.00000000 1.00000000 1.00000000</AMBIENT>
			<SPECULAR>1.00000000 1.00000000 1.00000000</SPECULAR>
			<DIFFUSEMAP>template/temp_floor_02.jpg</DIFFUSEMAP>
		</MATERIAL>
		<MATERIAL name="template_temp_wall_02">
			<DIFFUSE>1.00000000 1.00000000 1.00000000</DIFFUSE>
			<AMBIENT>1.00000000 1.00000000 1.00000000</AMBIENT>
			<SPECULAR>1.00000000 1.00000000 1.00000000</SPECULAR>
			<DIFFUSEMAP>template/temp_wall_02.jpg</DIFFUSEMAP>
		</MATERIAL>
		<MATERIAL name="template_temp_light64">
			<DIFFUSE>1.00000000 1.00000000 1.00000000</DIFFUSE>
			<AMBIENT>1.00000000 1.00000000 1.00000000</AMBIENT>
			<SPECULAR>1.00000000 1.00000000 1.00000000</SPECULAR>
			<DIFFUSEMAP>template/temp_light64.jpg</DIFFUSEMAP>
		</MATERIAL>
		<MATERIAL name="template_temp_wall_04">
			<DIFFUSE>1.00000000 1.00000000 1.00000000</DIFFUSE>
			<AMBIENT>1.00000000 1.00000000 1.00000000</AMBIENT>
			<SPECULAR>1.00000000 1.00000000 1.00000000</SPECULAR>
			<DIFFUSEMAP>template/temp_wall_04.jpg</DIFFUSEMAP>
		</MATERIAL>
		<MATERIAL name="template_temp_grid_256">
			<DIFFUSE>1.00000000 1.00000000 1.00000000</DIFFUSE>
			<AMBIENT>1.00000000 1.00000000 1.00000000</AMBIENT>
			<SPECULAR>1.00000000 1.00000000 1.00000000</SPECULAR>
			<DIFFUSEMAP>template/temp_grid_256.jpg</DIFFUSEMAP>
		</MATERIAL>
		<MATERIAL name="dsi_textures_cretewall01">
			<DIFFUSE>1.00000000 1.00000000 1.00000000</DIFFUSE>
			<AMBIENT>1.00000000 1.00000000 1.00000000</AMBIENT>
			<SPECULAR>1.00000000 1.00000000 1.00000000</SPECULAR>
			<DIFFUSEMAP>dsi_textures/cretewall01.tga</DIFFUSEMAP>
		</MATERIAL>
		<MATERIAL name="dsi_textures_cretebase3">
			<DIFFUSE>1.00000000 1.00000000 1.00000000</DIFFUSE>
			<AMBIENT>1.00000000 1.00000000 1.00000000</AMBIENT>
			<SPECULAR>1.00000000 1.00000000 1.00000000</SPECULAR>
			<DIFFUSEMAP>dsi_textures/cretebase3.tga</DIFFUSEMAP>
		</MATERIAL>
		<MATERIAL name="dsi_textures_cretebase4">
			<DIFFUSE>1.00000000 1.00000000 1.00000000</DIFFUSE>
			<AMBIENT>1.00000000 1.00000000 1.00000000</AMBIENT>
			<SPECULAR>1.00000000 1.00000000 1.00000000</SPECULAR>
			<DIFFUSEMAP>dsi_textures/cretebase4.tga</DIFFUSEMAP>
		</MATERIAL>
		<MATERIAL name="gothic_wall_streetbricks11">
			<DIFFUSE>1.00000000 1.00000000 1.00000000</DIFFUSE>
			<AMBIENT>1.00000000 1.00000000 1.00000000</AMBIENT>
			<SPECULAR>1.00000000 1.00000000 1.00000000</SPECULAR>
			<DIFFUSEMAP>gothic_wall/streetbricks11.jpg</DIFFUSEMAP>
		</MATERIAL>
		<MATERIAL name="evil6_support_e6panelsym">
			<DIFFUSE>1.00000000 1.00000000 1.00000000</DIFFUSE>
			<AMBIENT>1.00000000 1.00000000 1.00000000</AMBIENT>
			<SPECULAR>1.00000000 1.00000000 1.00000000</SPECULAR>
			<DIFFUSEMAP>evil6_support/e6panelsym.jpg</DIFFUSEMAP>
		</MATERIAL>
		<MATERIAL name="gothic_floor_largeblockfloor4">
			<DIFFUSE>1.00000000 1.00000000 1.00000000</DIFFUSE>
			<AMBIENT>1.00000000 1.00000000 1.00000000</AMBIENT>
			<SPECULAR>1.00000000 1.00000000 1.00000000</SPECULAR>
			<DIFFUSEMAP>gothic_floor/largeblockfloor4.jpg</DIFFUSEMAP>
		</MATERIAL>
		<MATERIAL name="base_wall_shiny3">
			<DIFFUSE>1.00000000 1.00000000 1.00000000</DIFFUSE>
			<AMBIENT>1.00000000 1.00000000 1.00000000</AMBIENT>
			<SPECULAR>1.00000000 1.00000000 1.00000000</SPECULAR>
			<DIFFUSEMAP>base_wall/shiny3.jpg</DIFFUSEMAP>
		</MATERIAL>
		<MATERIAL name="erazordm1_portal">
			<DIFFUSE>1.00000000 1.00000000 1.00000000</DIFFUSE>
			<AMBIENT>1.00000000 1.00000000 1.00000000</AMBIENT>
			<SPECULAR>1.00000000 1.00000000 1.00000000</SPECULAR>
			<DIFFUSEMAP>erazordm1/portal.tga</DIFFUSEMAP>
		</MATERIAL>
		<MATERIAL name="ecel_ecel_bouncesmall">
			<DIFFUSE>1.00000000 1.00000000 1.00000000</DIFFUSE>
			<AMBIENT>1.00000000 1.00000000 1.00000000</AMBIENT>
			<SPECULAR>1.00000000 1.00000000 1.00000000</SPECULAR>
			<DIFFUSEMAP>ecel/ecel_bouncesmall.jpg</DIFFUSEMAP>
		</MATERIAL>
		<MATERIAL name="erazordm1_floor_017">
			<DIFFUSE>1.00000000 1.00000000 1.00000000</DIFFUSE>
			<AMBIENT>1.00000000 1.00000000 1.00000000</AMBIENT>
			<SPECULAR>1.00000000 1.00000000 1.00000000</SPECULAR>
			<DIFFUSEMAP>erazordm1/floor_017.jpg</DIFFUSEMAP>
		</MATERIAL>
		<MATERIAL name="base_wall_dooreyelight">
			<DIFFUSE>1.00000000 1.00000000 1.00000000</DIFFUSE>
			<AMBIENT>1.00000000 1.00000000 1.00000000</AMBIENT>
			<SPECULAR>1.00000000 1.00000000 1.00000000</SPECULAR>
			<DIFFUSEMAP>base_wall/dooreyelight.jpg</DIFFUSEMAP>
		</MATERIAL>
		<MATERIAL name="evil6_bmtls_e6tileceiling">
			<DIFFUSE>1.00000000 1.00000000 1.00000000</DIFFUSE>
			<AMBIENT>1.00000000 1.00000000 1.00000000</AMBIENT>
			<SPECULAR>1.00000000 1.00000000 1.00000000</SPECULAR>
			<DIFFUSEMAP>evil6_bmtls/e6tileceiling.jpg</DIFFUSEMAP>
		</MATERIAL>
		<MATERIAL name="ecel_ecel_cretefloor03bMTL">
			<DIFFUSE>1.00000000 1.00000000 1.00000000</DIFFUSE>
			<AMBIENT>1.00000000 1.00000000 1.00000000</AMBIENT>
			<SPECULAR>1.00000000 1.00000000 1.00000000</SPECULAR>
			<DIFFUSEMAP>ecel/ecel_cretefloor03bMTL.tga</DIFFUSEMAP>
		</MATERIAL>
		<MATERIAL name="ecel_ecel_cretefloor02MTL">
			<DIFFUSE>1.00000000 1.00000000 1.00000000</DIFFUSE>
			<AMBIENT>1.00000000 1.00000000 1.00000000</AMBIENT>
			<SPECULAR>1.00000000 1.00000000 1.00000000</SPECULAR>
			<DIFFUSEMAP>ecel/ecel_cretefloor02MTL.tga</DIFFUSEMAP>
		</MATERIAL>
		<MATERIAL name="ecel_ecel_cretefloor02_spwnMTL">
			<DIFFUSE>1.00000000 1.00000000 1.00000000</DIFFUSE>
			<AMBIENT>1.00000000 1.00000000 1.00000000</AMBIENT>
			<SPECULAR>1.00000000 1.00000000 1.00000000</SPECULAR>
			<DIFFUSEMAP>ecel/ecel_cretefloor02_spwnMTL.tga</DIFFUSEMAP>
		</MATERIAL>
		<MATERIAL name="ecel_ecel_edges_05">
			<DIFFUSE>1.00000000 1.00000000 1.00000000</DIFFUSE>
			<AMBIENT>1.00000000 1.00000000 1.00000000</AMBIENT>
			<SPECULAR>1.00000000 1.00000000 1.00000000</SPECULAR>
			<DIFFUSEMAP>ecel/ecel_edges_05.tga</DIFFUSEMAP>
		</MATERIAL>
		<MATERIAL name="ecel_ecel_mplate01bMTL">
			<DIFFUSE>1.00000000 1.00000000 1.00000000</DIFFUSE>
			<AMBIENT>1.00000000 1.00000000 1.00000000</AMBIENT>
			<SPECULAR>1.00000000 1.00000000 1.00000000</SPECULAR>
			<DIFFUSEMAP>ecel/ecel_mplate01bMTL.tga</DIFFUSEMAP>
		</MATERIAL>
		<MATERIAL name="ecel_ecel_metwall04">
			<DIFFUSE>1.00000000 1.00000000 1.00000000</DIFFUSE>
			<AMBIENT>1.00000000 1.00000000 1.00000000</AMBIENT>
			<SPECULAR>1.00000000 1.00000000 1.00000000</SPECULAR>
			<DIFFUSEMAP>ecel/ecel_metwall04.tga</DIFFUSEMAP>
		</MATERIAL>
		<MATERIAL name="ecel_ecel_met03">
			<DIFFUSE>1.00000000 1.00000000 1.00000000</DIFFUSE>
			<AMBIENT>1.00000000 1.00000000 1.00000000</AMBIENT>
			<SPECULAR>1.00000000 1.00000000 1.00000000</SPECULAR>
			<DIFFUSEMAP>ecel/ecel_met03.tga</DIFFUSEMAP>
		</MATERIAL>
		<MATERIAL name="ecel_ecel_des02MTL">
			<DIFFUSE>1.00000000 1.00000000 1.00000000</DIFFUSE>
			<AMBIENT>1.00000000 1.00000000 1.00000000</AMBIENT>
			<SPECULAR>1.00000000 1.00000000 1.00000000</SPECULAR>
			<DIFFUSEMAP>ecel/ecel_des02MTL.tga</DIFFUSEMAP>
		</MATERIAL>
		<MATERIAL name="ecel_ecel_metwall02">
			<DIFFUSE>1.00000000 1.00000000 1.00000000</DIFFUSE>
			<AMBIENT>1.00000000 1.00000000 1.00000000</AMBIENT>
			<SPECULAR>1.00000000 1.00000000 1.00000000</SPECULAR>
			<DIFFUSEMAP>ecel/ecel_metwall02.tga</DIFFUSEMAP>
		</MATERIAL>
		<MATERIAL name="ecel_ecel_metflr_ceil">
			<DIFFUSE>1.00000000 1.00000000 1.00000000</DIFFUSE>
			<AMBIENT>1.00000000 1.00000000 1.00000000</AMBIENT>
			<SPECULAR>1.00000000 1.00000000 1.00000000</SPECULAR>
			<DIFFUSEMAP>ecel/ecel_metflr_ceil.tga</DIFFUSEMAP>
		</MATERIAL>
		<MATERIAL name="ecel_ecel_metwall01">
			<DIFFUSE>1.00000000 1.00000000 1.00000000</DIFFUSE>
			<AMBIENT>1.00000000 1.00000000 1.00000000</AMBIENT>
			<SPECULAR>1.00000000 1.00000000 1.00000000</SPECULAR>
			<DIFFUSEMAP>ecel/ecel_metwall01.tga</DIFFUSEMAP>
		</MATERIAL>
		<MATERIAL name="dsi_textures_cretebase">
			<DIFFUSE>1.00000000 1.00000000 1.00000000</DIFFUSE>
			<AMBIENT>1.00000000 1.00000000 1.00000000</AMBIENT>
			<SPECULAR>1.00000000 1.00000000 1.00000000</SPECULAR>
			<DIFFUSEMAP>dsi_textures/cretebase.tga</DIFFUSEMAP>
		</MATERIAL>
		<MATERIAL name="dsi_textures_dsiglass">
			<DIFFUSE>1.00000000 1.00000000 1.00000000</DIFFUSE>
			<AMBIENT>1.00000000 1.00000000 1.00000000</AMBIENT>
			<SPECULAR>1.00000000 1.00000000 1.00000000</SPECULAR>
			<DIFFUSEMAP>dsi_textures/dsiglass.tga</DIFFUSEMAP>
		</MATERIAL>
		<MATERIAL name="dsi_textures_cretebase2">
			<DIFFUSE>1.00000000 1.00000000 1.00000000</DIFFUSE>
			<AMBIENT>1.00000000 1.00000000 1.00000000</AMBIENT>
			<SPECULAR>1.00000000 1.00000000 1.00000000</SPECULAR>
			<DIFFUSEMAP>dsi_textures/cretebase2.tga</DIFFUSEMAP>
		</MATERIAL>
		<MATERIAL name="Simple_brush_eX_floor_mtl_wrn_01_s">
			<DIFFUSE>1.00000000 1.00000000 1.00000000</DIFFUSE>
			<AMBIENT>1.00000000 1.00000000 1.00000000</AMBIENT>
			<SPECULAR>1.00000000 1.00000000 1.00000000</SPECULAR>
			<DIFFUSEMAP>Simple_brush/eX_floor_mtl_wrn_01_s.tga</DIFFUSEMAP>
		</MATERIAL>
		<MATERIAL name="Simple_brush_eX_q2_01e_s">
			<DIFFUSE>1.00000000 1.00000000 1.00000000</DIFFUSE>
			<AMBIENT>1.00000000 1.00000000 1.00000000</AMBIENT>
			<SPECULAR>1.00000000 1.00000000 1.00000000</SPECULAR>
			<DIFFUSEMAP>Simple_brush/eX_q2_01e_s.tga</DIFFUSEMAP>
		</MATERIAL>
		<MATERIAL name="e1u1_wndow1_2">
			<DIFFUSE>1.00000000 1.00000000 1.00000000</DIFFUSE>
			<AMBIENT>1.00000000 1.00000000 1.00000000</AMBIENT>
			<SPECULAR>1.00000000 1.00000000 1.00000000</SPECULAR>
			<DIFFUSEMAP>e1u1/wndow1_2.tga</DIFFUSEMAP>
		</MATERIAL>
		<MATERIAL name="Simple_brush_eX_floor_simple_05_h">
			<DIFFUSE>1.00000000 1.00000000 1.00000000</DIFFUSE>
			<AMBIENT>1.00000000 1.00000000 1.00000000</AMBIENT>
			<SPECULAR>1.00000000 1.00000000 1.00000000</SPECULAR>
			<DIFFUSEMAP>Simple_brush/eX_floor_simple_05_h.tga</DIFFUSEMAP>
		</MATERIAL>
		<MATERIAL name="Simple_brush_eX_floor_mtl_wrn_01_d">
			<DIFFUSE>1.00000000 1.00000000 1.00000000</DIFFUSE>
			<AMBIENT>1.00000000 1.00000000 1.00000000</AMBIENT>
			<SPECULAR>1.00000000 1.00000000 1.00000000</SPECULAR>
			<DIFFUSEMAP>Simple_brush/eX_floor_mtl_wrn_01_d.tga</DIFFUSEMAP>
		</MATERIAL>
		<MATERIAL name="Simple_brush_eX_floor_simple_05_d">
			<DIFFUSE>1.00000000 1.00000000 1.00000000</DIFFUSE>
			<AMBIENT>1.00000000 1.00000000 1.00000000</AMBIENT>
			<SPECULAR>1.00000000 1.00000000 1.00000000</SPECULAR>
			<DIFFUSEMAP>Simple_brush/eX_floor_simple_05_d.tga</DIFFUSEMAP>
		</MATERIAL>
		<MATERIAL name="e7_e7dimfloor_ow">
			<DIFFUSE>1.00000000 1.00000000 1.00000000</DIFFUSE>
			<AMBIENT>1.00000000 1.00000000 1.00000000</AMBIENT>
			<SPECULAR>1.00000000 1.00000000 1.00000000</SPECULAR>
			<DIFFUSEMAP>e7/e7dimfloor_ow.tga</DIFFUSEMAP>
		</MATERIAL>
		<MATERIAL name="base_trim_yellow_rustbx128">
			<DIFFUSE>1.00000000 1.00000000 1.00000000</DIFFUSE>
			<AMBIENT>1.00000000 1.00000000 1.00000000</AMBIENT>
			<SPECULAR>1.00000000 1.00000000 1.00000000</SPECULAR>
			<DIFFUSEMAP>base_trim/yellow_rustbx128.jpg</DIFFUSEMAP>
		</MATERIAL>
		<MATERIAL name="evil8_trim_e8beam02">
			<DIFFUSE>1.00000000 1.00000000 1.00000000</DIFFUSE>
			<AMBIENT>1.00000000 1.00000000 1.00000000</AMBIENT>
			<SPECULAR>1.00000000 1.00000000 1.00000000</SPECULAR>
			<DIFFUSEMAP>evil8_trim/e8beam02.jpg</DIFFUSEMAP>
		</MATERIAL>
		<MATERIAL name="evil8_trim_e8_btrim03b">
			<DIFFUSE>1.00000000 1.00000000 1.00000000</DIFFUSE>
			<AMBIENT>1.00000000 1.00000000 1.00000000</AMBIENT>
			<SPECULAR>1.00000000 1.00000000 1.00000000</SPECULAR>
			<DIFFUSEMAP>evil8_trim/e8_btrim03b.jpg</DIFFUSEMAP>
		</MATERIAL>
		<MATERIAL name="gothic_block_killblock">
			<DIFFUSE>1.00000000 1.00000000 1.00000000</DIFFUSE>
			<AMBIENT>1.00000000 1.00000000 1.00000000</AMBIENT>
			<SPECULAR>1.00000000 1.00000000 1.00000000</SPECULAR>
			<DIFFUSEMAP>gothic_block/killblock.jpg</DIFFUSEMAP>
		</MATERIAL>
		<MATERIAL name="gothic_floor_largeblockfloor4broke">
			<DIFFUSE>1.00000000 1.00000000 1.00000000</DIFFUSE>
			<AMBIENT>1.00000000 1.00000000 1.00000000</AMBIENT>
			<SPECULAR>1.00000000 1.00000000 1.00000000</SPECULAR>
			<DIFFUSEMAP>gothic_floor/largeblockfloor4broke.jpg</DIFFUSEMAP>
		</MATERIAL>
		<MATERIAL name="ikbase_wall_ik_cplate_256256b">
			<DIFFUSE>1.00000000 1.00000000 1.00000000</DIFFUSE>
			<AMBIENT>1.00000000 1.00000000 1.00000000</AMBIENT>
			<SPECULAR>1.00000000 1.00000000 1.00000000</SPECULAR>
			<DIFFUSEMAP>ikbase_wall/ik_cplate_256256b.tga</DIFFUSEMAP>
		</MATERIAL>
		<MATERIAL name="ikbase_floor_ik_floor_met1e">
			<DIFFUSE>1.00000000 1.00000000 1.00000000</DIFFUSE>
			<AMBIENT>1.00000000 1.00000000 1.00000000</AMBIENT>
			<SPECULAR>1.00000000 1.00000000 1.00000000</SPECULAR>
			<DIFFUSEMAP>ikbase_floor/ik_floor_met1e.tga</DIFFUSEMAP>
		</MATERIAL>
		<MATERIAL name="template_temp_floor_03">
			<DIFFUSE>1.00000000 1.00000000 1.00000000</DIFFUSE>
			<AMBIENT>1.00000000 1.00000000 1.00000000</AMBIENT>
			<SPECULAR>1.00000000 1.00000000 1.00000000</SPECULAR>
			<DIFFUSEMAP>template/temp_floor_03.jpg</DIFFUSEMAP>
		</MATERIAL>
		<MATERIAL name="dsi_textures_stepside3">
			<DIFFUSE>1.00000000 1.00000000 1.00000000</DIFFUSE>
			<AMBIENT>1.00000000 1.00000000 1.00000000</AMBIENT>
			<SPECULAR>1.00000000 1.00000000 1.00000000</SPECULAR>
			<DIFFUSEMAP>dsi_textures/stepside3.tga</DIFFUSEMAP>
		</MATERIAL>
		<MATERIAL name="ecel_ecel_met02">
			<DIFFUSE>1.00000000 1.00000000 1.00000000</DIFFUSE>
			<AMBIENT>1.00000000 1.00000000 1.00000000</AMBIENT>
			<SPECULAR>1.00000000 1.00000000 1.00000000</SPECULAR>
			<DIFFUSEMAP>ecel/ecel_met02.tga</DIFFUSEMAP>
		</MATERIAL>
		<MATERIAL name="ecel_ecel_met_noclue">
			<DIFFUSE>1.00000000 1.00000000 1.00000000</DIFFUSE>
			<AMBIENT>1.00000000 1.00000000 1.00000000</AMBIENT>
			<SPECULAR>1.00000000 1.00000000 1.00000000</SPECULAR>
			<DIFFUSEMAP>ecel/ecel_met_noclue.tga</DIFFUSEMAP>
		</MATERIAL>
		<MATERIAL name="ecel_ecel_metgrate">
			<DIFFUSE>1.00000000 1.00000000 1.00000000</DIFFUSE>
			<AMBIENT>1.00000000 1.00000000 1.00000000</AMBIENT>
			<SPECULAR>1.00000000 1.00000000 1.00000000</SPECULAR>
			<DIFFUSEMAP>ecel/ecel_metgrate.tga</DIFFUSEMAP>
		</MATERIAL>
		<MATERIAL name="ecel_ecel_mplate01cMTL">
			<DIFFUSE>1.00000000 1.00000000 1.00000000</DIFFUSE>
			<AMBIENT>1.00000000 1.00000000 1.00000000</AMBIENT>
			<SPECULAR>1.00000000 1.00000000 1.00000000</SPECULAR>
			<DIFFUSEMAP>ecel/ecel_mplate01cMTL.tga</DIFFUSEMAP>
		</MATERIAL>
		<MATERIAL name="ecel_ecel_mplate01MTL">
			<DIFFUSE>1.00000000 1.00000000 1.00000000</DIFFUSE>
			<AMBIENT>1.00000000 1.00000000 1.00000000</AMBIENT>
			<SPECULAR>1.00000000 1.00000000 1.00000000</SPECULAR>
			<DIFFUSEMAP>ecel/ecel_mplate01MTL.tga</DIFFUSEMAP>
		</MATERIAL>
		<MATERIAL name="ecel_ecel_mfloorMTL">
			<DIFFUSE>1.00000000 1.00000000 1.00000000</DIFFUSE>
			<AMBIENT>1.00000000 1.00000000 1.00000000</AMBIENT>
			<SPECULAR>1.00000000 1.00000000 1.00000000</SPECULAR>
			<DIFFUSEMAP>ecel/ecel_mfloorMTL.tga</DIFFUSEMAP>
		</MATERIAL>
		<MATERIAL name="ecel_ecel_des03bMTL">
			<DIFFUSE>1.00000000 1.00000000 1.00000000</DIFFUSE>
			<AMBIENT>1.00000000 1.00000000 1.00000000</AMBIENT>
			<SPECULAR>1.00000000 1.00000000 1.00000000</SPECULAR>
			<DIFFUSEMAP>ecel/ecel_des03bMTL.tga</DIFFUSEMAP>
		</MATERIAL>
		<MATERIAL name="ecel_ecel_des04MTL">
			<DIFFUSE>1.00000000 1.00000000 1.00000000</DIFFUSE>
			<AMBIENT>1.00000000 1.00000000 1.00000000</AMBIENT>
			<SPECULAR>1.00000000 1.00000000 1.00000000</SPECULAR>
			<DIFFUSEMAP>ecel/ecel_des04MTL.tga</DIFFUSEMAP>
		</MATERIAL>
		<MATERIAL name="Simple_brush_Aaaaaaa">
			<DIFFUSE>1.00000000 1.00000000 1.00000000</DIFFUSE>
			<AMBIENT>1.00000000 1.00000000 1.00000000</AMBIENT>
			<SPECULAR>1.00000000 1.00000000 1.00000000</SPECULAR>
			<DIFFUSEMAP>Simple_brush/Aaaaaaa.tga</DIFFUSEMAP>
		</MATERIAL>
		<MATERIAL name="Simple_brush_aaaaaaaaaa">
			<DIFFUSE>1.00000000 1.00000000 1.00000000</DIFFUSE>
			<AMBIENT>1.00000000 1.00000000 1.00000000</AMBIENT>
			<SPECULAR>1.00000000 1.00000000 1.00000000</SPECULAR>
			<DIFFUSEMAP>Simple_brush/aaaaaaaaaa.tga</DIFFUSEMAP>
		</MATERIAL>
		<MATERIAL name="template_temp_grate">
			<DIFFUSE>1.00000000 1.00000000 1.00000000</DIFFUSE>
			<AMBIENT>1.00000000 1.00000000 1.00000000</AMBIENT>
			<SPECULAR>1.00000000 1.00000000 1.00000000</SPECULAR>
			<DIFFUSEMAP>template/temp_grate.jpg</DIFFUSEMAP>
		</MATERIAL>
		<MATERIAL name="template_temp_bounce">
			<DIFFUSE>1.00000000 1.00000000 1.00000000</DIFFUSE>
			<AMBIENT>1.00000000 1.00000000 1.00000000</AMBIENT>
			<SPECULAR>1.00000000 1.00000000 1.00000000</SPECULAR>
			<DIFFUSEMAP>template/temp_bounce.jpg</DIFFUSEMAP>
		</MATERIAL>
	</MATERIALLIST>
	<DUMMYLIST>
		<DUMMY name="spawn_solo_101">
			<POSITION>-2368.96000000 -8584.72000000 -342.32000000</POSITION>
			<DIRECTION>1.00000000 -0.00000000 0.00000000</DIRECTION>
		</DUMMY>
		<DUMMY name="spawn_solo_102">
			<POSITION>-4303.12000000 -2830.40000000 -570.32000000</POSITION>
			<DIRECTION>-1.00000000 0.00000000 0.00000000</DIRECTION>
		</DUMMY>
		<DUMMY name="spawn_solo_103">
			<POSITION>-605.76000000 -34.72020000 48.32000000</POSITION>
			<DIRECTION>-1.00000000 0.00000000 0.00000000</DIRECTION>
		</DUMMY>
		<DUMMY name="spawn_solo_104">
			<POSITION>-4652.00000000 -6131.44000000 -1144.88000000</POSITION>
			<DIRECTION>-1.00000000 0.00000000 0.00000000</DIRECTION>
		</DUMMY>
		<DUMMY name="spawn_solo_105">
			<POSITION>1690.00000000 1136.96000000 -370.88000000</POSITION>
			<DIRECTION>1.00000000 -0.00000000 0.00000000</DIRECTION>
		</DUMMY>
		<DUMMY name="spawn_solo_106">
			<POSITION>-1375.28000000 -4710.80000000 -1275.60000000</POSITION>
			<DIRECTION>-1.00000000 0.00000000 0.00000000</DIRECTION>
		</DUMMY>
		<DUMMY name="spawn_solo_107">
			<POSITION>-677.68000000 -1534.80000000 -1278.00000000</POSITION>
			<DIRECTION>-1.00000000 0.00000000 0.00000000</DIRECTION>
		</DUMMY>
		<DUMMY name="spawn_solo_108">
			<POSITION>352.00000000 3256.00000000 -336.00000000</POSITION>
			<DIRECTION>-1.00000000 0.00000000 0.00000000</DIRECTION>
		</DUMMY>
		<DUMMY name="spawn_team1_101">
			<POSITION>-1488.00000000 3264.00000000 -336.00000000</POSITION>
			<DIRECTION>1.00000000 -0.00000000 0.00000000</DIRECTION>
		</DUMMY>
		<DUMMY name="spawn_team2_101">
			<POSITION>-1736.00000000 -8424.00000000 -336.00000000</POSITION>
			<DIRECTION>-1.00000000 0.00000000 0.00000000</DIRECTION>
		</DUMMY>
		<DUMMY name="spawn_team2_102">
			<POSITION>-2640.00000000 -8424.00000000 -336.00000000</POSITION>
			<DIRECTION>-0.00000000 -1.00000000 0.00000000</DIRECTION>
		</DUMMY>
		<DUMMY name="spawn_team2_103">
			<POSITION>-2320.00000000 -8704.00000000 -336.00000000</POSITION>
			<DIRECTION>-0.00000000 -1.00000000 0.00000000</DIRECTION>
		</DUMMY>
		<DUMMY name="spawn_team1_102">
			<POSITION>-1200.00000000 3616.00000000 -336.00000000</POSITION>
			<DIRECTION>1.00000000 -0.00000000 0.00000000</DIRECTION>
		</DUMMY>
		<DUMMY name="spawn_team1_103">
			<POSITION>-1176.00000000 2840.00000000 -336.00000000</POSITION>
			<DIRECTION>1.00000000 -0.00000000 0.00000000</DIRECTION>
		</DUMMY>
	</DUMMYLIST>
</XML>
