<?xml version="1.0" encoding="UTF-8"?>
<XML>
	<MATERIALLIST>
		<MATERIAL name="gzd_map_Castle_door01_mt_wod">
			<DIFFUSE>0.5882353 0.5882353 0.5882353</DIFFUSE>
			<AMBIENT>0.5882353 0.5882353 0.5882353</AMBIENT>
			<SPECULAR>0.9000000 0.9000000 0.9000000</SPECULAR>
			<DIFFUSEMAP>../castle/gzd_map_Castle_door01.bmp</DIFFUSEMAP>
		</MATERIAL>
		<MATERIAL name="gzd_map_town_floor13_1_mt_con">
			<DIFFUSE>0.5882353 0.5882353 0.5882353</DIFFUSE>
			<AMBIENT>0.5882353 0.5882353 0.5882353</AMBIENT>
			<SPECULAR>0.9000000 0.9000000 0.9000000</SPECULAR>
			<DIFFUSEMAP>../town/gzd_map_town_floor13_1.bmp</DIFFUSEMAP>
		</MATERIAL>
		<MATERIAL name="gzd_map_Factory_wall01_mt_con">
			<DIFFUSE>0.5882353 0.5882353 0.5882353</DIFFUSE>
			<AMBIENT>0.5882353 0.5882353 0.5882353</AMBIENT>
			<SPECULAR>0.9000000 0.9000000 0.9000000</SPECULAR>
			<DIFFUSEMAP>gzd_map_Factory_wall01.bmp</DIFFUSEMAP>
		</MATERIAL>
		<MATERIAL name="gzd_map_Sta_shutter001_mt_met">
			<DIFFUSE>0.5882353 0.5882353 0.5882353</DIFFUSE>
			<AMBIENT>0.5882353 0.5882353 0.5882353</AMBIENT>
			<SPECULAR>0.9000000 0.9000000 0.9000000</SPECULAR>
			<DIFFUSEMAP>../station/gzd_map_Sta_shutter001.bmp</DIFFUSEMAP>
		</MATERIAL>
		<MATERIAL name="gzd_map_Factory_wall03_mt_gls">
			<DIFFUSE>0.5882353 0.5882353 0.5882353</DIFFUSE>
			<AMBIENT>0.5882353 0.5882353 0.5882353</AMBIENT>
			<SPECULAR>0.9000000 0.9000000 0.9000000</SPECULAR>
			<DIFFUSEMAP>gzd_map_Factory_wall03.bmp</DIFFUSEMAP>
		</MATERIAL>
		<MATERIAL name="gzd_map_town_chimney02_mt_con">
			<DIFFUSE>0.5882353 0.5882353 0.5882353</DIFFUSE>
			<AMBIENT>0.5882353 0.5882353 0.5882353</AMBIENT>
			<SPECULAR>0.9000000 0.9000000 0.9000000</SPECULAR>
			<DIFFUSEMAP>../town/gzd_map_town_chimney02.bmp</DIFFUSEMAP>
		</MATERIAL>
		<MATERIAL name="gzd_map_town_build18_1_mt_con">
			<DIFFUSE>0.5882353 0.5882353 0.5882353</DIFFUSE>
			<AMBIENT>0.5882353 0.5882353 0.5882353</AMBIENT>
			<SPECULAR>0.9000000 0.9000000 0.9000000</SPECULAR>
			<DIFFUSEMAP>../town/gzd_map_town_build18_1.bmp</DIFFUSEMAP>
		</MATERIAL>
		<MATERIAL name="gzd_map_Sta_H-gang001_mt_met">
			<DIFFUSE>0.5882353 0.5882353 0.5882353</DIFFUSE>
			<AMBIENT>0.5882353 0.5882353 0.5882353</AMBIENT>
			<SPECULAR>0.9000000 0.9000000 0.9000000</SPECULAR>
			<DIFFUSEMAP>../station/gzd_map_Sta_H-gang001.bmp</DIFFUSEMAP>
		</MATERIAL>
		<MATERIAL name="gzd_map_sta_lift_mt_met">
			<DIFFUSE>0.5880000 0.5880000 0.5880000</DIFFUSE>
			<AMBIENT>0.5880000 0.5880000 0.5880000</AMBIENT>
			<SPECULAR>0.9000000 0.9000000 0.9000000</SPECULAR>
			<DIFFUSEMAP>../station/gzd_map_lift.bmp</DIFFUSEMAP>
		</MATERIAL>
		<MATERIAL name="at_gzd_map_sta_lift_2s_mt_met">
			<DIFFUSE>0.5880000 0.5880000 0.5880000</DIFFUSE>
			<AMBIENT>0.5880000 0.5880000 0.5880000</AMBIENT>
			<SPECULAR>0.9000000 0.9000000 0.9000000</SPECULAR>
			<DIFFUSEMAP>../station/gzd_map_lift.tga</DIFFUSEMAP>
			<TWOSIDED/>
			<USEOPACITY/>
			<USEALPHATEST/>
		</MATERIAL>
		<MATERIAL name="gzd_map_Sta_train001_mt_met">
			<DIFFUSE>0.5882353 0.5882353 0.5882353</DIFFUSE>
			<AMBIENT>0.5882353 0.5882353 0.5882353</AMBIENT>
			<SPECULAR>0.9000000 0.9000000 0.9000000</SPECULAR>
			<DIFFUSEMAP>../station/gzd_map_Sta_train001.bmp</DIFFUSEMAP>
		</MATERIAL>
		<MATERIAL name="gzd_map_Factory_duct01_mt_met">
			<DIFFUSE>0.5882353 0.5882353 0.5882353</DIFFUSE>
			<AMBIENT>0.5882353 0.5882353 0.5882353</AMBIENT>
			<SPECULAR>0.9000000 0.9000000 0.9000000</SPECULAR>
			<DIFFUSEMAP>gzd_map_Factory_duct01.bmp</DIFFUSEMAP>
		</MATERIAL>
		<MATERIAL name="gzd_map_Factory_duct02_mt_met">
			<DIFFUSE>0.5882353 0.5882353 0.5882353</DIFFUSE>
			<AMBIENT>0.5882353 0.5882353 0.5882353</AMBIENT>
			<SPECULAR>0.9000000 0.9000000 0.9000000</SPECULAR>
			<DIFFUSEMAP>gzd_map_Factory_duct02.bmp</DIFFUSEMAP>
		</MATERIAL>
		<MATERIAL name="gzd_map_Prison_box01_mt_met">
			<DIFFUSE>0.5880000 0.5880000 0.5880000</DIFFUSE>
			<AMBIENT>0.5880000 0.5880000 0.5880000</AMBIENT>
			<SPECULAR>0.9000000 0.9000000 0.9000000</SPECULAR>
			<DIFFUSEMAP>../prison/gzd_map_Prison_box01.bmp</DIFFUSEMAP>
		</MATERIAL>
		<MATERIAL name="gzd_map_Sta_box006_mt_met">
			<DIFFUSE>0.5882353 0.5882353 0.5882353</DIFFUSE>
			<AMBIENT>0.5882353 0.5882353 0.5882353</AMBIENT>
			<SPECULAR>0.9000000 0.9000000 0.9000000</SPECULAR>
			<DIFFUSEMAP>../station/gzd_map_Sta_box006.bmp</DIFFUSEMAP>
		</MATERIAL>
		<MATERIAL name="gzd_map_Sta_box006_1_mt_met">
			<DIFFUSE>0.5882353 0.5882353 0.5882353</DIFFUSE>
			<AMBIENT>0.5882353 0.5882353 0.5882353</AMBIENT>
			<SPECULAR>0.9000000 0.9000000 0.9000000</SPECULAR>
			<DIFFUSEMAP>../station/gzd_map_Sta_box006_1.bmp</DIFFUSEMAP>
		</MATERIAL>
		<MATERIAL name="gzd_map_Sta_box001_mt_wod">
			<DIFFUSE>0.5882353 0.5882353 0.5882353</DIFFUSE>
			<AMBIENT>0.5882353 0.5882353 0.5882353</AMBIENT>
			<SPECULAR>0.9000000 0.9000000 0.9000000</SPECULAR>
			<DIFFUSEMAP>../station/gzd_map_Sta_box001.bmp</DIFFUSEMAP>
		</MATERIAL>
		<MATERIAL name="gzd_map_Sta_box001_1_mt_wod">
			<DIFFUSE>0.5882353 0.5882353 0.5882353</DIFFUSE>
			<AMBIENT>0.5882353 0.5882353 0.5882353</AMBIENT>
			<SPECULAR>0.9000000 0.9000000 0.9000000</SPECULAR>
			<DIFFUSEMAP>../station/gzd_map_Sta_box001_1.bmp</DIFFUSEMAP>
		</MATERIAL>
		<MATERIAL name="gzd_map_Sta_box003_mt_wod">
			<DIFFUSE>0.5882353 0.5882353 0.5882353</DIFFUSE>
			<AMBIENT>0.5882353 0.5882353 0.5882353</AMBIENT>
			<SPECULAR>0.9000000 0.9000000 0.9000000</SPECULAR>
			<DIFFUSEMAP>../station/gzd_map_Sta_box003.bmp</DIFFUSEMAP>
		</MATERIAL>
		<MATERIAL name="gzd_map_Sta_box003_1_mt_wod">
			<DIFFUSE>0.5882353 0.5882353 0.5882353</DIFFUSE>
			<AMBIENT>0.5882353 0.5882353 0.5882353</AMBIENT>
			<SPECULAR>0.9000000 0.9000000 0.9000000</SPECULAR>
			<DIFFUSEMAP>../station/gzd_map_Sta_box003_1.bmp</DIFFUSEMAP>
		</MATERIAL>
		<MATERIAL name="gzd_map_Sta_box002_mt_wod">
			<DIFFUSE>0.5882353 0.5882353 0.5882353</DIFFUSE>
			<AMBIENT>0.5882353 0.5882353 0.5882353</AMBIENT>
			<SPECULAR>0.9000000 0.9000000 0.9000000</SPECULAR>
			<DIFFUSEMAP>../station/gzd_map_Sta_box002.bmp</DIFFUSEMAP>
		</MATERIAL>
		<MATERIAL name="gzd_map_Sta_box002_1_mt_wod">
			<DIFFUSE>0.5882353 0.5882353 0.5882353</DIFFUSE>
			<AMBIENT>0.5882353 0.5882353 0.5882353</AMBIENT>
			<SPECULAR>0.9000000 0.9000000 0.9000000</SPECULAR>
			<DIFFUSEMAP>../station/gzd_map_Sta_box002_1.bmp</DIFFUSEMAP>
		</MATERIAL>
		<MATERIAL name="gzd_map_Sta_box005_mt_met">
			<DIFFUSE>0.5882353 0.5882353 0.5882353</DIFFUSE>
			<AMBIENT>0.5882353 0.5882353 0.5882353</AMBIENT>
			<SPECULAR>0.9000000 0.9000000 0.9000000</SPECULAR>
			<DIFFUSEMAP>../station/gzd_map_Sta_box005.bmp</DIFFUSEMAP>
		</MATERIAL>
		<MATERIAL name="gzd_map_Sta_box005_1_mt_met">
			<DIFFUSE>0.5882353 0.5882353 0.5882353</DIFFUSE>
			<AMBIENT>0.5882353 0.5882353 0.5882353</AMBIENT>
			<SPECULAR>0.9000000 0.9000000 0.9000000</SPECULAR>
			<DIFFUSEMAP>../station/gzd_map_Sta_box005_1.bmp</DIFFUSEMAP>
		</MATERIAL>
		<MATERIAL name="gzd_map_Sta_box004_mt_met">
			<DIFFUSE>0.5882353 0.5882353 0.5882353</DIFFUSE>
			<AMBIENT>0.5882353 0.5882353 0.5882353</AMBIENT>
			<SPECULAR>0.9000000 0.9000000 0.9000000</SPECULAR>
			<DIFFUSEMAP>../station/gzd_map_Sta_box004.bmp</DIFFUSEMAP>
		</MATERIAL>
		<MATERIAL name="gzd_map_Sta_box004_1_mt_met">
			<DIFFUSE>0.5882353 0.5882353 0.5882353</DIFFUSE>
			<AMBIENT>0.5882353 0.5882353 0.5882353</AMBIENT>
			<SPECULAR>0.9000000 0.9000000 0.9000000</SPECULAR>
			<DIFFUSEMAP>../station/gzd_map_Sta_box004_1.bmp</DIFFUSEMAP>
		</MATERIAL>
		<MATERIAL name="gzd_map_Sta_train005_mt_met">
			<DIFFUSE>0.5882353 0.5882353 0.5882353</DIFFUSE>
			<AMBIENT>0.5882353 0.5882353 0.5882353</AMBIENT>
			<SPECULAR>0.9000000 0.9000000 0.9000000</SPECULAR>
			<DIFFUSEMAP>../station/gzd_map_Sta_train005.bmp</DIFFUSEMAP>
		</MATERIAL>
		<MATERIAL name="gzd_map_Sta_train006_mt_met">
			<DIFFUSE>0.5882353 0.5882353 0.5882353</DIFFUSE>
			<AMBIENT>0.5882353 0.5882353 0.5882353</AMBIENT>
			<SPECULAR>0.9000000 0.9000000 0.9000000</SPECULAR>
			<DIFFUSEMAP>../station/gzd_map_Sta_train006.bmp</DIFFUSEMAP>
		</MATERIAL>
		<MATERIAL name="gzd_map_Sta_train004_1_mt_met">
			<DIFFUSE>0.5880000 0.5880000 0.5880000</DIFFUSE>
			<AMBIENT>0.5880000 0.5880000 0.5880000</AMBIENT>
			<SPECULAR>0.9000000 0.9000000 0.9000000</SPECULAR>
			<DIFFUSEMAP>../station/gzd_map_Sta_train004_1.bmp</DIFFUSEMAP>
		</MATERIAL>
		<MATERIAL name="gzd_map_Sta_train004_mt_met">
			<DIFFUSE>0.5882353 0.5882353 0.5882353</DIFFUSE>
			<AMBIENT>0.5882353 0.5882353 0.5882353</AMBIENT>
			<SPECULAR>0.9000000 0.9000000 0.9000000</SPECULAR>
			<DIFFUSEMAP>../station/gzd_map_Sta_train004.bmp</DIFFUSEMAP>
		</MATERIAL>
		<MATERIAL name="gzd_map_Sta_train004_2_mt_met">
			<DIFFUSE>0.5882353 0.5882353 0.5882353</DIFFUSE>
			<AMBIENT>0.5882353 0.5882353 0.5882353</AMBIENT>
			<SPECULAR>0.9000000 0.9000000 0.9000000</SPECULAR>
			<DIFFUSEMAP>../station/gzd_map_Sta_train004_2.bmp</DIFFUSEMAP>
		</MATERIAL>
		<MATERIAL name="gzd_map_Sta_train-link_mt_met">
			<DIFFUSE>0.5880000 0.5880000 0.5880000</DIFFUSE>
			<AMBIENT>0.5880000 0.5880000 0.5880000</AMBIENT>
			<SPECULAR>0.9000000 0.9000000 0.9000000</SPECULAR>
			<DIFFUSEMAP>../station/gzd_map_Sta_train-link.bmp</DIFFUSEMAP>
		</MATERIAL>
		<MATERIAL name="gzd_map_Sta_rail001_mt_con">
			<DIFFUSE>0.5882353 0.5882353 0.5882353</DIFFUSE>
			<AMBIENT>0.5882353 0.5882353 0.5882353</AMBIENT>
			<SPECULAR>0.9000000 0.9000000 0.9000000</SPECULAR>
			<DIFFUSEMAP>../station/gzd_map_Sta_rail001.bmp</DIFFUSEMAP>
		</MATERIAL>
		<MATERIAL name="gzd_map_Sta_floor001_1_mt_con">
			<DIFFUSE>0.5880000 0.5880000 0.5880000</DIFFUSE>
			<AMBIENT>0.5880000 0.5880000 0.5880000</AMBIENT>
			<SPECULAR>0.9000000 0.9000000 0.9000000</SPECULAR>
			<DIFFUSEMAP>../station/gzd_map_Sta_floor001_1.bmp</DIFFUSEMAP>
		</MATERIAL>
		<MATERIAL name="gzd_map_Sta_plate001_mt_met">
			<DIFFUSE>0.5882353 0.5882353 0.5882353</DIFFUSE>
			<AMBIENT>0.5882353 0.5882353 0.5882353</AMBIENT>
			<SPECULAR>0.9000000 0.9000000 0.9000000</SPECULAR>
			<DIFFUSEMAP>../station/gzd_map_Sta_plate001.bmp</DIFFUSEMAP>
		</MATERIAL>
		<MATERIAL name="gzd_map_Factory_wall03_mt_met">
			<DIFFUSE>0.5882353 0.5882353 0.5882353</DIFFUSE>
			<AMBIENT>0.5882353 0.5882353 0.5882353</AMBIENT>
			<SPECULAR>0.9000000 0.9000000 0.9000000</SPECULAR>
			<DIFFUSEMAP>gzd_map_Factory_wall03.bmp</DIFFUSEMAP>
		</MATERIAL>
		<MATERIAL name="gzd_map_town_floor13_1_2s_mt_con">
			<DIFFUSE>0.5882353 0.5882353 0.5882353</DIFFUSE>
			<AMBIENT>0.5882353 0.5882353 0.5882353</AMBIENT>
			<SPECULAR>0.9000000 0.9000000 0.9000000</SPECULAR>
			<DIFFUSEMAP>../town/gzd_map_town_floor13_1.bmp</DIFFUSEMAP>
			<TWOSIDED/>
		</MATERIAL>
		<MATERIAL name="gzd_map_Sta_H-gang001_2s_mt_met">
			<DIFFUSE>0.5882353 0.5882353 0.5882353</DIFFUSE>
			<AMBIENT>0.5882353 0.5882353 0.5882353</AMBIENT>
			<SPECULAR>0.9000000 0.9000000 0.9000000</SPECULAR>
			<DIFFUSEMAP>../station/gzd_map_Sta_H-gang001.bmp</DIFFUSEMAP>
			<TWOSIDED/>
		</MATERIAL>
		<MATERIAL name="gzd_map_BA_black">
			<DIFFUSE>0.5882353 0.5882353 0.5882353</DIFFUSE>
			<AMBIENT>0.5882353 0.5882353 0.5882353</AMBIENT>
			<SPECULAR>0.9000000 0.9000000 0.9000000</SPECULAR>
			<DIFFUSEMAP>../battle arena/black.tga</DIFFUSEMAP>
			<USEOPACITY/>
		</MATERIAL>
		<MATERIAL name="gzd_map_Sta_shutter002_mt_met">
			<DIFFUSE>0.5882353 0.5882353 0.5882353</DIFFUSE>
			<AMBIENT>0.5882353 0.5882353 0.5882353</AMBIENT>
			<SPECULAR>0.9000000 0.9000000 0.9000000</SPECULAR>
			<DIFFUSEMAP>../station/gzd_map_Sta_shutter002.bmp</DIFFUSEMAP>
		</MATERIAL>
		<MATERIAL name="gzd_map_Factory_floor02_mt_drt">
			<DIFFUSE>0.5882353 0.5882353 0.5882353</DIFFUSE>
			<AMBIENT>0.5882353 0.5882353 0.5882353</AMBIENT>
			<SPECULAR>0.9000000 0.9000000 0.9000000</SPECULAR>
			<DIFFUSEMAP>gzd_map_Factory_floor02.bmp</DIFFUSEMAP>
		</MATERIAL>
		<MATERIAL name="gzd_map_Factory_floor01_mt_drt">
			<DIFFUSE>0.5882353 0.5882353 0.5882353</DIFFUSE>
			<AMBIENT>0.5882353 0.5882353 0.5882353</AMBIENT>
			<SPECULAR>0.9000000 0.9000000 0.9000000</SPECULAR>
			<DIFFUSEMAP>gzd_map_Factory_floor01.bmp</DIFFUSEMAP>
		</MATERIAL>
		<MATERIAL name="gzd_map_Factory_sky_sunset">
			<DIFFUSE>0.5882353 0.5882353 0.5882353</DIFFUSE>
			<AMBIENT>0.5882353 0.5882353 0.5882353</AMBIENT>
			<SPECULAR>0.9000000 0.9000000 0.9000000</SPECULAR>
			<DIFFUSEMAP>sky_sunset.bmp</DIFFUSEMAP>
		</MATERIAL>
		<MATERIAL name="gzd_map_Factory_door01_mt_met">
			<DIFFUSE>0.5882353 0.5882353 0.5882353</DIFFUSE>
			<AMBIENT>0.5882353 0.5882353 0.5882353</AMBIENT>
			<SPECULAR>0.9000000 0.9000000 0.9000000</SPECULAR>
			<DIFFUSEMAP>gzd_map_Factory_door01.bmp</DIFFUSEMAP>
		</MATERIAL>
		<MATERIAL name="gzd_map_Factory_wall02_mt_con">
			<DIFFUSE>0.5882353 0.5882353 0.5882353</DIFFUSE>
			<AMBIENT>0.5882353 0.5882353 0.5882353</AMBIENT>
			<SPECULAR>0.9000000 0.9000000 0.9000000</SPECULAR>
			<DIFFUSEMAP>gzd_map_Factory_wall02.bmp</DIFFUSEMAP>
		</MATERIAL>
		<MATERIAL name="gzd_map_Prison_deco002_mt_met">
			<DIFFUSE>0.5882353 0.5882353 0.5882353</DIFFUSE>
			<AMBIENT>0.5882353 0.5882353 0.5882353</AMBIENT>
			<SPECULAR>0.9000000 0.9000000 0.9000000</SPECULAR>
			<DIFFUSEMAP>../prison/gzd_map_Prison_deco002.bmp</DIFFUSEMAP>
		</MATERIAL>
		<MATERIAL name="gzd_map_Factory_fx01_add">
			<DIFFUSE>0.5882353 0.5882353 0.5882353</DIFFUSE>
			<AMBIENT>0.5882353 0.5882353 0.5882353</AMBIENT>
			<SPECULAR>0.9000000 0.9000000 0.9000000</SPECULAR>
			<DIFFUSEMAP>gzd_map_Factory_fx01.bmp</DIFFUSEMAP>
			<ADDITIVE/>
		</MATERIAL>
		<MATERIAL name="gzd_map_Factory_fx01_2s_add">
			<DIFFUSE>0.5882353 0.5882353 0.5882353</DIFFUSE>
			<AMBIENT>0.5882353 0.5882353 0.5882353</AMBIENT>
			<SPECULAR>0.9000000 0.9000000 0.9000000</SPECULAR>
			<DIFFUSEMAP>gzd_map_Factory_fx01.bmp</DIFFUSEMAP>
			<ADDITIVE/>
			<TWOSIDED/>
		</MATERIAL>
		<MATERIAL name="gzd_map_Prison_fx001_2s_add">
			<DIFFUSE>0.5880000 0.5880000 0.5880000</DIFFUSE>
			<AMBIENT>0.5880000 0.5880000 0.5880000</AMBIENT>
			<SPECULAR>0.9000000 0.9000000 0.9000000</SPECULAR>
			<DIFFUSEMAP>../prison/gzd_map_Prison_fx001.bmp</DIFFUSEMAP>
			<ADDITIVE/>
			<TWOSIDED/>
		</MATERIAL>
		<MATERIAL name="gzd_map_Factory_car01_mt_met">
			<DIFFUSE>0.5880000 0.5880000 0.5880000</DIFFUSE>
			<AMBIENT>0.5880000 0.5880000 0.5880000</AMBIENT>
			<SPECULAR>0.9000000 0.9000000 0.9000000</SPECULAR>
			<DIFFUSEMAP>gzd_map_Factory_car01.bmp</DIFFUSEMAP>
		</MATERIAL>
		<MATERIAL name="gzd_map_Factory_car_tire_mt_drt">
			<DIFFUSE>0.5880000 0.5880000 0.5880000</DIFFUSE>
			<AMBIENT>0.5880000 0.5880000 0.5880000</AMBIENT>
			<SPECULAR>0.9000000 0.9000000 0.9000000</SPECULAR>
			<DIFFUSEMAP>gzd_map_Factory_car_tire.bmp</DIFFUSEMAP>
		</MATERIAL>
		<MATERIAL name="gzd_map_Factory_car_tire_mt_met">
			<DIFFUSE>0.5880000 0.5880000 0.5880000</DIFFUSE>
			<AMBIENT>0.5880000 0.5880000 0.5880000</AMBIENT>
			<SPECULAR>0.9000000 0.9000000 0.9000000</SPECULAR>
			<DIFFUSEMAP>gzd_map_Factory_car_tire.bmp</DIFFUSEMAP>
		</MATERIAL>
		<MATERIAL name="gzd_map_Factory_car03_mt_met">
			<DIFFUSE>0.5880000 0.5880000 0.5880000</DIFFUSE>
			<AMBIENT>0.5880000 0.5880000 0.5880000</AMBIENT>
			<SPECULAR>0.9000000 0.9000000 0.9000000</SPECULAR>
			<DIFFUSEMAP>gzd_map_Factory_car03.bmp</DIFFUSEMAP>
		</MATERIAL>
		<MATERIAL name="gzd_map_Factory_car02_mt_met">
			<DIFFUSE>0.5880000 0.5880000 0.5880000</DIFFUSE>
			<AMBIENT>0.5880000 0.5880000 0.5880000</AMBIENT>
			<SPECULAR>0.9000000 0.9000000 0.9000000</SPECULAR>
			<DIFFUSEMAP>gzd_map_Factory_car02.bmp</DIFFUSEMAP>
		</MATERIAL>
	</MATERIALLIST>
	<LIGHTLIST>
		<LIGHT name="Omni_main_a 01">
			<POSITION>-5000.0000000 5000.0000000 7300.0000000</POSITION>
			<COLOR>1.0000000 1.0000000 1.0000000</COLOR>
			<INTENSITY>0.1800000</INTENSITY>
			<ATTENUATIONSTART>20000.0000000</ATTENUATIONSTART>
			<ATTENUATIONEND>20000.0000000</ATTENUATIONEND>
		</LIGHT>
		<LIGHT name="Omni_main_a 02">
			<POSITION>-5000.0000000 -5000.0000000 7300.0000000</POSITION>
			<COLOR>1.0000000 1.0000000 1.0000000</COLOR>
			<INTENSITY>0.1800000</INTENSITY>
			<ATTENUATIONSTART>20000.0000000</ATTENUATIONSTART>
			<ATTENUATIONEND>20000.0000000</ATTENUATIONEND>
		</LIGHT>
		<LIGHT name="Omni_main_a 03">
			<POSITION>5000.0000000 -5000.0000000 7300.0000000</POSITION>
			<COLOR>1.0000000 1.0000000 1.0000000</COLOR>
			<INTENSITY>0.1800000</INTENSITY>
			<ATTENUATIONSTART>20000.0000000</ATTENUATIONSTART>
			<ATTENUATIONEND>20000.0000000</ATTENUATIONEND>
		</LIGHT>
		<LIGHT name="Omni_main_a 04">
			<POSITION>5000.0000000 5000.0000000 7300.0000000</POSITION>
			<COLOR>1.0000000 1.0000000 1.0000000</COLOR>
			<INTENSITY>0.1800000</INTENSITY>
			<ATTENUATIONSTART>20000.0000000</ATTENUATIONSTART>
			<ATTENUATIONEND>20000.0000000</ATTENUATIONEND>
		</LIGHT>
		<LIGHT name="Omni_main_b 01">
			<POSITION>-5000.0000000 5000.0000000 -2700.0000000</POSITION>
			<COLOR>1.0000000 1.0000000 1.0000000</COLOR>
			<INTENSITY>0.1500000</INTENSITY>
			<ATTENUATIONSTART>20000.0000000</ATTENUATIONSTART>
			<ATTENUATIONEND>20000.0000000</ATTENUATIONEND>
		</LIGHT>
		<LIGHT name="Omni_main_b 02">
			<POSITION>-5000.0000000 -5000.0000000 -2700.0000000</POSITION>
			<COLOR>1.0000000 1.0000000 1.0000000</COLOR>
			<INTENSITY>0.1500000</INTENSITY>
			<ATTENUATIONSTART>20000.0000000</ATTENUATIONSTART>
			<ATTENUATIONEND>20000.0000000</ATTENUATIONEND>
		</LIGHT>
		<LIGHT name="Omni_main_b 03">
			<POSITION>5000.0000000 -5000.0000000 -2700.0000000</POSITION>
			<COLOR>1.0000000 1.0000000 1.0000000</COLOR>
			<INTENSITY>0.1500000</INTENSITY>
			<ATTENUATIONSTART>20000.0000000</ATTENUATIONSTART>
			<ATTENUATIONEND>20000.0000000</ATTENUATIONEND>
		</LIGHT>
		<LIGHT name="Omni_main_b 04">
			<POSITION>5000.0000000 5000.0000000 -2700.0000000</POSITION>
			<COLOR>1.0000000 1.0000000 1.0000000</COLOR>
			<INTENSITY>0.1500000</INTENSITY>
			<ATTENUATIONSTART>20000.0000000</ATTENUATIONSTART>
			<ATTENUATIONEND>20000.0000000</ATTENUATIONEND>
		</LIGHT>
		<LIGHT name="sun_Omni">
			<POSITION>-60165.7031250 50496.7773438 30300.0000000</POSITION>
			<COLOR>1.0000000 0.6549020 0.3490196</COLOR>
			<INTENSITY>0.8500000</INTENSITY>
			<ATTENUATIONSTART>150000.0000000</ATTENUATIONSTART>
			<ATTENUATIONEND>150000.0000000</ATTENUATIONEND>
			<CASTSHADOW/>
		</LIGHT>
		<LIGHT name="Omni_win 01">
			<POSITION>-1418.1079102 -2060.0004883 1168.6527100</POSITION>
			<COLOR>0.9960785 0.7686275 0.4784314</COLOR>
			<INTENSITY>0.5000000</INTENSITY>
			<ATTENUATIONSTART>188.0000000</ATTENUATIONSTART>
			<ATTENUATIONEND>336.4319763</ATTENUATIONEND>
		</LIGHT>
		<LIGHT name="Omni_win 02">
			<POSITION>-914.6857910 -2060.0004883 1168.6527100</POSITION>
			<COLOR>0.9960785 0.7686275 0.4784314</COLOR>
			<INTENSITY>0.5000000</INTENSITY>
			<ATTENUATIONSTART>188.0000000</ATTENUATIONSTART>
			<ATTENUATIONEND>336.4319763</ATTENUATIONEND>
		</LIGHT>
		<LIGHT name="Omni_win 03">
			<POSITION>718.4425659 -2060.0004883 1168.6527100</POSITION>
			<COLOR>0.9960785 0.7686275 0.4784314</COLOR>
			<INTENSITY>0.5000000</INTENSITY>
			<ATTENUATIONSTART>188.0000000</ATTENUATIONSTART>
			<ATTENUATIONEND>336.4319763</ATTENUATIONEND>
		</LIGHT>
		<LIGHT name="Omni_win 04">
			<POSITION>-2660.0000000 -1928.9658203 1668.6527100</POSITION>
			<COLOR>0.9960785 0.7686275 0.4784314</COLOR>
			<INTENSITY>0.5000000</INTENSITY>
			<ATTENUATIONSTART>188.0000000</ATTENUATIONSTART>
			<ATTENUATIONEND>336.4319763</ATTENUATIONEND>
		</LIGHT>
		<LIGHT name="Omni_win 05">
			<POSITION>-2660.0000000 -1457.0714111 1668.6527100</POSITION>
			<COLOR>0.9960785 0.7686275 0.4784314</COLOR>
			<INTENSITY>0.5000000</INTENSITY>
			<ATTENUATIONSTART>188.0000000</ATTENUATIONSTART>
			<ATTENUATIONEND>336.4319763</ATTENUATIONEND>
		</LIGHT>
		<LIGHT name="Omni_win 06">
			<POSITION>-612.4083252 -2060.0004883 1668.6527100</POSITION>
			<COLOR>0.9960785 0.7686275 0.4784314</COLOR>
			<INTENSITY>0.5000000</INTENSITY>
			<ATTENUATIONSTART>188.0000000</ATTENUATIONSTART>
			<ATTENUATIONEND>336.4319763</ATTENUATIONEND>
		</LIGHT>
		<LIGHT name="Omni_win 07">
			<POSITION>2204.2617188 -2060.0004883 1668.6527100</POSITION>
			<COLOR>0.9960785 0.7686275 0.4784314</COLOR>
			<INTENSITY>0.5000000</INTENSITY>
			<ATTENUATIONSTART>188.0000000</ATTENUATIONSTART>
			<ATTENUATIONEND>336.4319763</ATTENUATIONEND>
		</LIGHT>
		<LIGHT name="Omni_win 08">
			<POSITION>2540.7182617 -1340.0000000 1168.6527100</POSITION>
			<COLOR>0.9960785 0.7686275 0.4784314</COLOR>
			<INTENSITY>0.5000000</INTENSITY>
			<ATTENUATIONSTART>188.0000000</ATTENUATIONSTART>
			<ATTENUATIONEND>336.4319763</ATTENUATIONEND>
		</LIGHT>
		<LIGHT name="Omni_win 09">
			<POSITION>2059.7543945 -1340.0000000 1168.6527100</POSITION>
			<COLOR>0.9960785 0.7686275 0.4784314</COLOR>
			<INTENSITY>0.5000000</INTENSITY>
			<ATTENUATIONSTART>188.0000000</ATTENUATIONSTART>
			<ATTENUATIONEND>336.4319763</ATTENUATIONEND>
		</LIGHT>
		<LIGHT name="Omni_win 10">
			<POSITION>-2031.0373535 -1340.0000000 1168.6527100</POSITION>
			<COLOR>0.9960785 0.7686275 0.4784314</COLOR>
			<INTENSITY>0.5000000</INTENSITY>
			<ATTENUATIONSTART>188.0000000</ATTENUATIONSTART>
			<ATTENUATIONEND>336.4319763</ATTENUATIONEND>
		</LIGHT>
		<LIGHT name="Omni_win 11">
			<POSITION>1507.0080566 817.9902954 1768.6527100</POSITION>
			<COLOR>0.9960785 0.7686275 0.4784314</COLOR>
			<INTENSITY>0.5000000</INTENSITY>
			<ATTENUATIONSTART>188.0000000</ATTENUATIONSTART>
			<ATTENUATIONEND>336.4319763</ATTENUATIONEND>
		</LIGHT>
		<LIGHT name="Omni_win 12">
			<POSITION>1507.0080566 393.2077637 1768.6527100</POSITION>
			<COLOR>0.9960785 0.7686275 0.4784314</COLOR>
			<INTENSITY>0.5000000</INTENSITY>
			<ATTENUATIONSTART>188.0000000</ATTENUATIONSTART>
			<ATTENUATIONEND>336.4319763</ATTENUATIONEND>
		</LIGHT>
		<LIGHT name="Omni_win 13">
			<POSITION>1907.8289795 1340.0000000 1768.6527100</POSITION>
			<COLOR>0.9960785 0.7686275 0.4784314</COLOR>
			<INTENSITY>0.5000000</INTENSITY>
			<ATTENUATIONSTART>188.0000000</ATTENUATIONSTART>
			<ATTENUATIONEND>336.4319763</ATTENUATIONEND>
		</LIGHT>
		<LIGHT name="Omni_win 14">
			<POSITION>2320.4799805 1340.0000000 1768.6527100</POSITION>
			<COLOR>0.9960785 0.7686275 0.4784314</COLOR>
			<INTENSITY>0.5000000</INTENSITY>
			<ATTENUATIONSTART>188.0000000</ATTENUATIONSTART>
			<ATTENUATIONEND>336.4319763</ATTENUATIONEND>
		</LIGHT>
		<LIGHT name="Omni_win 15">
			<POSITION>2251.9118652 1340.0000000 568.6527100</POSITION>
			<COLOR>0.9960785 0.7686275 0.4784314</COLOR>
			<INTENSITY>0.5000000</INTENSITY>
			<ATTENUATIONSTART>188.0000000</ATTENUATIONSTART>
			<ATTENUATIONEND>336.4319763</ATTENUATIONEND>
		</LIGHT>
		<LIGHT name="Omni_win 16">
			<POSITION>-1510.0000000 230.1899567 1768.6527100</POSITION>
			<COLOR>0.9960785 0.7686275 0.4784314</COLOR>
			<INTENSITY>0.5000000</INTENSITY>
			<ATTENUATIONSTART>188.0000000</ATTENUATIONSTART>
			<ATTENUATIONEND>336.4319763</ATTENUATIONEND>
		</LIGHT>
		<LIGHT name="Omni_win 17">
			<POSITION>-1510.0000000 -352.3666382 1768.6527100</POSITION>
			<COLOR>0.9960785 0.7686275 0.4784314</COLOR>
			<INTENSITY>0.5000000</INTENSITY>
			<ATTENUATIONSTART>188.0000000</ATTENUATIONSTART>
			<ATTENUATIONEND>336.4319763</ATTENUATIONEND>
		</LIGHT>
		<LIGHT name="Omni_win 18">
			<POSITION>-1546.3131104 1340.0000000 568.6527100</POSITION>
			<COLOR>0.9960785 0.7686275 0.4784314</COLOR>
			<INTENSITY>0.5000000</INTENSITY>
			<ATTENUATIONSTART>188.0000000</ATTENUATIONSTART>
			<ATTENUATIONEND>336.4319763</ATTENUATIONEND>
		</LIGHT>
		<LIGHT name="Omni_win 19">
			<POSITION>-2019.1641846 1340.0000000 1168.6527100</POSITION>
			<COLOR>0.9960785 0.7686275 0.4784314</COLOR>
			<INTENSITY>0.5000000</INTENSITY>
			<ATTENUATIONSTART>188.0000000</ATTENUATIONSTART>
			<ATTENUATIONEND>336.4319763</ATTENUATIONEND>
		</LIGHT>
		<LIGHT name="Omni_win 20">
			<POSITION>-2492.5104980 1340.0000000 1168.6527100</POSITION>
			<COLOR>0.9960785 0.7686275 0.4784314</COLOR>
			<INTENSITY>0.5000000</INTENSITY>
			<ATTENUATIONSTART>188.0000000</ATTENUATIONSTART>
			<ATTENUATIONEND>336.4319763</ATTENUATIONEND>
		</LIGHT>
		<LIGHT name="Omni_win 21">
			<POSITION>2452.6274414 2842.0000000 1668.6527100</POSITION>
			<COLOR>0.9960785 0.7686275 0.4784314</COLOR>
			<INTENSITY>0.5000000</INTENSITY>
			<ATTENUATIONSTART>188.0000000</ATTENUATIONSTART>
			<ATTENUATIONEND>336.4319763</ATTENUATIONEND>
		</LIGHT>
		<LIGHT name="Omni_win 22">
			<POSITION>-746.0384521 2842.0000000 1668.6527100</POSITION>
			<COLOR>0.9960785 0.7686275 0.4784314</COLOR>
			<INTENSITY>0.5000000</INTENSITY>
			<ATTENUATIONSTART>188.0000000</ATTENUATIONSTART>
			<ATTENUATIONEND>336.4319763</ATTENUATIONEND>
		</LIGHT>
		<LIGHT name="Omni_win 23">
			<POSITION>-1173.1313477 2842.0000000 1668.6527100</POSITION>
			<COLOR>0.9960785 0.7686275 0.4784314</COLOR>
			<INTENSITY>0.5000000</INTENSITY>
			<ATTENUATIONSTART>188.0000000</ATTENUATIONSTART>
			<ATTENUATIONEND>336.4319763</ATTENUATIONEND>
		</LIGHT>
		<LIGHT name="Omni_win 24">
			<POSITION>-2310.6313477 2842.0000000 1168.6527100</POSITION>
			<COLOR>0.9960785 0.7686275 0.4784314</COLOR>
			<INTENSITY>0.5000000</INTENSITY>
			<ATTENUATIONSTART>188.0000000</ATTENUATIONSTART>
			<ATTENUATIONEND>336.4319763</ATTENUATIONEND>
		</LIGHT>
		<LIGHT name="Omni_win 25">
			<POSITION>805.2106323 2842.0000000 1168.6527100</POSITION>
			<COLOR>0.9960785 0.7686275 0.4784314</COLOR>
			<INTENSITY>0.5000000</INTENSITY>
			<ATTENUATIONSTART>188.0000000</ATTENUATIONSTART>
			<ATTENUATIONEND>336.4319763</ATTENUATIONEND>
		</LIGHT>
		<LIGHT name="Omni_win 26">
			<POSITION>1306.3359375 2842.0000000 1168.6527100</POSITION>
			<COLOR>0.9960785 0.7686275 0.4784314</COLOR>
			<INTENSITY>0.5000000</INTENSITY>
			<ATTENUATIONSTART>188.0000000</ATTENUATIONSTART>
			<ATTENUATIONEND>336.4319763</ATTENUATIONEND>
		</LIGHT>
		<LIGHT name="Omni_light 01">
			<POSITION>1843.5764160 -1265.7340088 781.7271118</POSITION>
			<COLOR>0.9960785 0.8313726 0.4823530</COLOR>
			<INTENSITY>1.5000000</INTENSITY>
			<ATTENUATIONSTART>452.8356018</ATTENUATIONSTART>
			<ATTENUATIONEND>824.0791626</ATTENUATIONEND>
			<CASTSHADOW/>
		</LIGHT>
		<LIGHT name="Omni_light 02">
			<POSITION>491.5664673 -1265.7340088 781.7271118</POSITION>
			<COLOR>0.9960785 0.8313726 0.4823530</COLOR>
			<INTENSITY>1.5000000</INTENSITY>
			<ATTENUATIONSTART>452.8356018</ATTENUATIONSTART>
			<ATTENUATIONEND>824.0791626</ATTENUATIONEND>
			<CASTSHADOW/>
		</LIGHT>
		<LIGHT name="Omni_light 03">
			<POSITION>-1009.7823486 -1265.7340088 781.7271118</POSITION>
			<COLOR>0.9960785 0.8313726 0.4823530</COLOR>
			<INTENSITY>1.5000000</INTENSITY>
			<ATTENUATIONSTART>452.8356018</ATTENUATIONSTART>
			<ATTENUATIONEND>824.0791626</ATTENUATIONEND>
			<CASTSHADOW/>
		</LIGHT>
		<LIGHT name="obj_Omni_light 01">
			<POSITION>1843.5764160 -1265.7340088 800.6688232</POSITION>
			<COLOR>0.9960785 0.8313726 0.4823530</COLOR>
			<INTENSITY>1.0000000</INTENSITY>
			<ATTENUATIONSTART>452.8356018</ATTENUATIONSTART>
			<ATTENUATIONEND>824.0791626</ATTENUATIONEND>
			<CASTSHADOW/>
		</LIGHT>
		<LIGHT name="obj_Omni_light 02">
			<POSITION>491.5664673 -1265.7340088 800.6688232</POSITION>
			<COLOR>0.9960785 0.8313726 0.4823530</COLOR>
			<INTENSITY>1.0000000</INTENSITY>
			<ATTENUATIONSTART>452.8356018</ATTENUATIONSTART>
			<ATTENUATIONEND>824.0791626</ATTENUATIONEND>
			<CASTSHADOW/>
		</LIGHT>
		<LIGHT name="obj_Omni_light 03">
			<POSITION>-1009.7823486 -1265.7340088 800.6688232</POSITION>
			<COLOR>0.9960785 0.8313726 0.4823530</COLOR>
			<INTENSITY>1.0000000</INTENSITY>
			<ATTENUATIONSTART>452.8356018</ATTENUATIONSTART>
			<ATTENUATIONEND>824.0791626</ATTENUATIONEND>
			<CASTSHADOW/>
		</LIGHT>
		<LIGHT name="obj_Omni_win 01">
			<POSITION>-1418.1079102 -2200.0004883 1168.6527100</POSITION>
			<COLOR>0.9960785 0.7686275 0.4784314</COLOR>
			<INTENSITY>0.5000000</INTENSITY>
			<ATTENUATIONSTART>188.0000000</ATTENUATIONSTART>
			<ATTENUATIONEND>336.4319763</ATTENUATIONEND>
		</LIGHT>
		<LIGHT name="obj_Omni_win 02">
			<POSITION>-914.6857910 -2200.0004883 1168.6527100</POSITION>
			<COLOR>0.9960785 0.7686275 0.4784314</COLOR>
			<INTENSITY>0.5000000</INTENSITY>
			<ATTENUATIONSTART>188.0000000</ATTENUATIONSTART>
			<ATTENUATIONEND>336.4319763</ATTENUATIONEND>
		</LIGHT>
		<LIGHT name="obj_Omni_win 03">
			<POSITION>718.4425049 -2200.0004883 1168.6527100</POSITION>
			<COLOR>0.9960785 0.7686275 0.4784314</COLOR>
			<INTENSITY>0.5000000</INTENSITY>
			<ATTENUATIONSTART>188.0000000</ATTENUATIONSTART>
			<ATTENUATIONEND>336.4319763</ATTENUATIONEND>
		</LIGHT>
		<LIGHT name="obj_Omni_win 04">
			<POSITION>-2800.0000000 -1928.9658203 1668.6527100</POSITION>
			<COLOR>0.9960785 0.7686275 0.4784314</COLOR>
			<INTENSITY>0.5000000</INTENSITY>
			<ATTENUATIONSTART>188.0000000</ATTENUATIONSTART>
			<ATTENUATIONEND>336.4319763</ATTENUATIONEND>
		</LIGHT>
		<LIGHT name="obj_Omni_win 05">
			<POSITION>-2800.0000000 -1457.0714111 1668.6527100</POSITION>
			<COLOR>0.9960785 0.7686275 0.4784314</COLOR>
			<INTENSITY>0.5000000</INTENSITY>
			<ATTENUATIONSTART>188.0000000</ATTENUATIONSTART>
			<ATTENUATIONEND>336.4319763</ATTENUATIONEND>
		</LIGHT>
		<LIGHT name="obj_Omni_win 06">
			<POSITION>-612.4083252 -2200.0004883 1668.6527100</POSITION>
			<COLOR>0.9960785 0.7686275 0.4784314</COLOR>
			<INTENSITY>0.5000000</INTENSITY>
			<ATTENUATIONSTART>188.0000000</ATTENUATIONSTART>
			<ATTENUATIONEND>336.4319763</ATTENUATIONEND>
		</LIGHT>
		<LIGHT name="obj_Omni_win 07">
			<POSITION>2204.2617188 -2200.0004883 1668.6527100</POSITION>
			<COLOR>0.9960785 0.7686275 0.4784314</COLOR>
			<INTENSITY>0.5000000</INTENSITY>
			<ATTENUATIONSTART>188.0000000</ATTENUATIONSTART>
			<ATTENUATIONEND>336.4319763</ATTENUATIONEND>
		</LIGHT>
		<LIGHT name="obj_Omni_win 08">
			<POSITION>2540.7182617 -1200.0000000 1168.6527100</POSITION>
			<COLOR>0.9960785 0.7686275 0.4784314</COLOR>
			<INTENSITY>0.5000000</INTENSITY>
			<ATTENUATIONSTART>188.0000000</ATTENUATIONSTART>
			<ATTENUATIONEND>336.4319763</ATTENUATIONEND>
		</LIGHT>
		<LIGHT name="obj_Omni_win 09">
			<POSITION>2059.7543945 -1200.0000000 1168.6527100</POSITION>
			<COLOR>0.9960785 0.7686275 0.4784314</COLOR>
			<INTENSITY>0.5000000</INTENSITY>
			<ATTENUATIONSTART>188.0000000</ATTENUATIONSTART>
			<ATTENUATIONEND>336.4319763</ATTENUATIONEND>
		</LIGHT>
		<LIGHT name="obj_Omni_win 10">
			<POSITION>-2031.0373535 -1200.0000000 1168.6527100</POSITION>
			<COLOR>0.9960785 0.7686275 0.4784314</COLOR>
			<INTENSITY>0.5000000</INTENSITY>
			<ATTENUATIONSTART>188.0000000</ATTENUATIONSTART>
			<ATTENUATIONEND>336.4319763</ATTENUATIONEND>
		</LIGHT>
		<LIGHT name="obj_Omni_win 11">
			<POSITION>1647.0080566 817.9902954 1768.6527100</POSITION>
			<COLOR>0.9960785 0.7686275 0.4784314</COLOR>
			<INTENSITY>0.5000000</INTENSITY>
			<ATTENUATIONSTART>188.0000000</ATTENUATIONSTART>
			<ATTENUATIONEND>336.4319763</ATTENUATIONEND>
		</LIGHT>
		<LIGHT name="obj_Omni_win 12">
			<POSITION>1647.0080566 393.2077637 1768.6527100</POSITION>
			<COLOR>0.9960785 0.7686275 0.4784314</COLOR>
			<INTENSITY>0.5000000</INTENSITY>
			<ATTENUATIONSTART>188.0000000</ATTENUATIONSTART>
			<ATTENUATIONEND>336.4319763</ATTENUATIONEND>
		</LIGHT>
		<LIGHT name="obj_Omni_win 13">
			<POSITION>1907.8289795 1200.0000000 1768.6527100</POSITION>
			<COLOR>0.9960785 0.7686275 0.4784314</COLOR>
			<INTENSITY>0.5000000</INTENSITY>
			<ATTENUATIONSTART>188.0000000</ATTENUATIONSTART>
			<ATTENUATIONEND>336.4319763</ATTENUATIONEND>
		</LIGHT>
		<LIGHT name="obj_Omni_win 14">
			<POSITION>2320.4799805 1200.0000000 1768.6527100</POSITION>
			<COLOR>0.9960785 0.7686275 0.4784314</COLOR>
			<INTENSITY>0.5000000</INTENSITY>
			<ATTENUATIONSTART>188.0000000</ATTENUATIONSTART>
			<ATTENUATIONEND>336.4319763</ATTENUATIONEND>
		</LIGHT>
		<LIGHT name="obj_Omni_win 15">
			<POSITION>2251.9118652 1200.0000000 568.6527100</POSITION>
			<COLOR>0.9960785 0.7686275 0.4784314</COLOR>
			<INTENSITY>0.5000000</INTENSITY>
			<ATTENUATIONSTART>188.0000000</ATTENUATIONSTART>
			<ATTENUATIONEND>336.4319763</ATTENUATIONEND>
		</LIGHT>
		<LIGHT name="obj_Omni_win 16">
			<POSITION>-1650.0000000 230.1899567 1768.6527100</POSITION>
			<COLOR>0.9960785 0.7686275 0.4784314</COLOR>
			<INTENSITY>0.5000000</INTENSITY>
			<ATTENUATIONSTART>188.0000000</ATTENUATIONSTART>
			<ATTENUATIONEND>336.4319763</ATTENUATIONEND>
		</LIGHT>
		<LIGHT name="obj_Omni_win 17">
			<POSITION>-1650.0000000 -352.3666382 1768.6527100</POSITION>
			<COLOR>0.9960785 0.7686275 0.4784314</COLOR>
			<INTENSITY>0.5000000</INTENSITY>
			<ATTENUATIONSTART>188.0000000</ATTENUATIONSTART>
			<ATTENUATIONEND>336.4319763</ATTENUATIONEND>
		</LIGHT>
		<LIGHT name="obj_Omni_win 18">
			<POSITION>-1546.3131104 1200.0000000 568.6527100</POSITION>
			<COLOR>0.9960785 0.7686275 0.4784314</COLOR>
			<INTENSITY>0.5000000</INTENSITY>
			<ATTENUATIONSTART>188.0000000</ATTENUATIONSTART>
			<ATTENUATIONEND>336.4319763</ATTENUATIONEND>
		</LIGHT>
		<LIGHT name="obj_Omni_win 19">
			<POSITION>-2019.1641846 1200.0000000 1168.6527100</POSITION>
			<COLOR>0.9960785 0.7686275 0.4784314</COLOR>
			<INTENSITY>0.5000000</INTENSITY>
			<ATTENUATIONSTART>188.0000000</ATTENUATIONSTART>
			<ATTENUATIONEND>336.4319763</ATTENUATIONEND>
		</LIGHT>
		<LIGHT name="obj_Omni_win 20">
			<POSITION>-2492.5104980 1200.0000000 1168.6527100</POSITION>
			<COLOR>0.9960785 0.7686275 0.4784314</COLOR>
			<INTENSITY>0.5000000</INTENSITY>
			<ATTENUATIONSTART>188.0000000</ATTENUATIONSTART>
			<ATTENUATIONEND>336.4319763</ATTENUATIONEND>
		</LIGHT>
		<LIGHT name="obj_Omni_win 21">
			<POSITION>2452.6274414 2982.0000000 1668.6527100</POSITION>
			<COLOR>0.9960785 0.7686275 0.4784314</COLOR>
			<INTENSITY>0.5000000</INTENSITY>
			<ATTENUATIONSTART>188.0000000</ATTENUATIONSTART>
			<ATTENUATIONEND>336.4319763</ATTENUATIONEND>
		</LIGHT>
		<LIGHT name="obj_Omni_win 22">
			<POSITION>-746.0384521 2982.0000000 1668.6527100</POSITION>
			<COLOR>0.9960785 0.7686275 0.4784314</COLOR>
			<INTENSITY>0.5000000</INTENSITY>
			<ATTENUATIONSTART>188.0000000</ATTENUATIONSTART>
			<ATTENUATIONEND>336.4319763</ATTENUATIONEND>
		</LIGHT>
		<LIGHT name="obj_Omni_win 23">
			<POSITION>-1173.1313477 2982.0000000 1668.6527100</POSITION>
			<COLOR>0.9960785 0.7686275 0.4784314</COLOR>
			<INTENSITY>0.5000000</INTENSITY>
			<ATTENUATIONSTART>188.0000000</ATTENUATIONSTART>
			<ATTENUATIONEND>336.4319763</ATTENUATIONEND>
		</LIGHT>
		<LIGHT name="obj_Omni_win 24">
			<POSITION>-2310.6313477 2982.0000000 1168.6527100</POSITION>
			<COLOR>0.9960785 0.7686275 0.4784314</COLOR>
			<INTENSITY>0.5000000</INTENSITY>
			<ATTENUATIONSTART>188.0000000</ATTENUATIONSTART>
			<ATTENUATIONEND>336.4319763</ATTENUATIONEND>
		</LIGHT>
		<LIGHT name="obj_Omni_win 25">
			<POSITION>805.2106323 2982.0000000 1168.6527100</POSITION>
			<COLOR>0.9960785 0.7686275 0.4784314</COLOR>
			<INTENSITY>0.5000000</INTENSITY>
			<ATTENUATIONSTART>188.0000000</ATTENUATIONSTART>
			<ATTENUATIONEND>336.4319763</ATTENUATIONEND>
		</LIGHT>
		<LIGHT name="obj_Omni_win 26">
			<POSITION>1306.3359375 2982.0000000 1168.6527100</POSITION>
			<COLOR>0.9960785 0.7686275 0.4784314</COLOR>
			<INTENSITY>0.5000000</INTENSITY>
			<ATTENUATIONSTART>188.0000000</ATTENUATIONSTART>
			<ATTENUATIONEND>336.4319763</ATTENUATIONEND>
		</LIGHT>
		<LIGHT name="obj_Omni_light 04">
			<POSITION>2934.7675781 -1635.8083496 800.6688232</POSITION>
			<COLOR>0.9960785 0.8313726 0.4823530</COLOR>
			<INTENSITY>1.0000000</INTENSITY>
			<ATTENUATIONSTART>452.8356018</ATTENUATIONSTART>
			<ATTENUATIONEND>824.0791626</ATTENUATIONEND>
			<CASTSHADOW/>
		</LIGHT>
		<LIGHT name="Omni_light 04">
			<POSITION>2934.7675781 -1635.8083496 781.7271118</POSITION>
			<COLOR>0.9960785 0.8313726 0.4823530</COLOR>
			<INTENSITY>1.5000000</INTENSITY>
			<ATTENUATIONSTART>452.8356018</ATTENUATIONSTART>
			<ATTENUATIONEND>824.0791626</ATTENUATIONEND>
			<CASTSHADOW/>
		</LIGHT>
		<LIGHT name="obj_Omni_light 05">
			<POSITION>-2734.6330566 -1635.8083496 800.6688232</POSITION>
			<COLOR>0.9960785 0.8313726 0.4823530</COLOR>
			<INTENSITY>1.0000000</INTENSITY>
			<ATTENUATIONSTART>452.8356018</ATTENUATIONSTART>
			<ATTENUATIONEND>824.0791626</ATTENUATIONEND>
			<CASTSHADOW/>
		</LIGHT>
		<LIGHT name="Omni_light 05">
			<POSITION>-2734.6330566 -1635.8083496 781.7271118</POSITION>
			<COLOR>0.9960785 0.8313726 0.4823530</COLOR>
			<INTENSITY>1.5000000</INTENSITY>
			<ATTENUATIONSTART>452.8356018</ATTENUATIONSTART>
			<ATTENUATIONEND>824.0791626</ATTENUATIONEND>
			<CASTSHADOW/>
		</LIGHT>
		<LIGHT name="obj_Omni_light 06">
			<POSITION>-2734.6330566 1618.7917480 800.6688232</POSITION>
			<COLOR>0.9960785 0.8313726 0.4823530</COLOR>
			<INTENSITY>1.0000000</INTENSITY>
			<ATTENUATIONSTART>452.8356018</ATTENUATIONSTART>
			<ATTENUATIONEND>824.0791626</ATTENUATIONEND>
			<CASTSHADOW/>
		</LIGHT>
		<LIGHT name="Omni_light 06">
			<POSITION>-2734.6330566 1618.7917480 781.7271118</POSITION>
			<COLOR>0.9960785 0.8313726 0.4823530</COLOR>
			<INTENSITY>1.5000000</INTENSITY>
			<ATTENUATIONSTART>452.8356018</ATTENUATIONSTART>
			<ATTENUATIONEND>824.0791626</ATTENUATIONEND>
			<CASTSHADOW/>
		</LIGHT>
		<LIGHT name="Omni_light 07">
			<POSITION>2934.7675781 1618.7917480 781.7271118</POSITION>
			<COLOR>0.9960785 0.8313726 0.4823530</COLOR>
			<INTENSITY>1.5000000</INTENSITY>
			<ATTENUATIONSTART>452.8356018</ATTENUATIONSTART>
			<ATTENUATIONEND>824.0791626</ATTENUATIONEND>
			<CASTSHADOW/>
		</LIGHT>
		<LIGHT name="obj_Omni_light 07">
			<POSITION>2934.7675781 1618.7917480 800.6688232</POSITION>
			<COLOR>0.9960785 0.8313726 0.4823530</COLOR>
			<INTENSITY>1.0000000</INTENSITY>
			<ATTENUATIONSTART>452.8356018</ATTENUATIONSTART>
			<ATTENUATIONEND>824.0791626</ATTENUATIONEND>
			<CASTSHADOW/>
		</LIGHT>
		<LIGHT name="obj_Omni_light 08">
			<POSITION>2122.6313477 1265.4071045 800.6688232</POSITION>
			<COLOR>0.9960785 0.8313726 0.4823530</COLOR>
			<INTENSITY>1.0000000</INTENSITY>
			<ATTENUATIONSTART>452.8356018</ATTENUATIONSTART>
			<ATTENUATIONEND>824.0791626</ATTENUATIONEND>
			<CASTSHADOW/>
		</LIGHT>
		<LIGHT name="Omni_light 08">
			<POSITION>2122.6313477 1265.4071045 781.7271118</POSITION>
			<COLOR>0.9960785 0.8313726 0.4823530</COLOR>
			<INTENSITY>1.5000000</INTENSITY>
			<ATTENUATIONSTART>452.8356018</ATTENUATIONSTART>
			<ATTENUATIONEND>824.0791626</ATTENUATIONEND>
			<CASTSHADOW/>
		</LIGHT>
		<LIGHT name="obj_Omni_light 09">
			<POSITION>718.8477783 1265.4071045 800.6688232</POSITION>
			<COLOR>0.9960785 0.8313726 0.4823530</COLOR>
			<INTENSITY>1.0000000</INTENSITY>
			<ATTENUATIONSTART>452.8356018</ATTENUATIONSTART>
			<ATTENUATIONEND>824.0791626</ATTENUATIONEND>
			<CASTSHADOW/>
		</LIGHT>
		<LIGHT name="Omni_light 09">
			<POSITION>718.8477783 1265.4071045 781.7271118</POSITION>
			<COLOR>0.9960785 0.8313726 0.4823530</COLOR>
			<INTENSITY>1.5000000</INTENSITY>
			<ATTENUATIONSTART>452.8356018</ATTENUATIONSTART>
			<ATTENUATIONEND>824.0791626</ATTENUATIONEND>
			<CASTSHADOW/>
		</LIGHT>
		<LIGHT name="obj_Omni_light 10">
			<POSITION>-1584.5299072 1265.4071045 800.6688232</POSITION>
			<COLOR>0.9960785 0.8313726 0.4823530</COLOR>
			<INTENSITY>1.0000000</INTENSITY>
			<ATTENUATIONSTART>452.8356018</ATTENUATIONSTART>
			<ATTENUATIONEND>824.0791626</ATTENUATIONEND>
			<CASTSHADOW/>
		</LIGHT>
		<LIGHT name="Omni_light 10">
			<POSITION>-1584.5299072 1265.4071045 781.7271118</POSITION>
			<COLOR>0.9960785 0.8313726 0.4823530</COLOR>
			<INTENSITY>1.5000000</INTENSITY>
			<ATTENUATIONSTART>452.8356018</ATTENUATIONSTART>
			<ATTENUATIONEND>824.0791626</ATTENUATIONEND>
			<CASTSHADOW/>
		</LIGHT>
		<LIGHT name="obj_Omni_light 11">
			<POSITION>-1434.2827148 2916.5583496 1302.5378418</POSITION>
			<COLOR>0.9960785 0.8313726 0.4823530</COLOR>
			<INTENSITY>1.0000000</INTENSITY>
			<ATTENUATIONSTART>452.8356018</ATTENUATIONSTART>
			<ATTENUATIONEND>824.0791626</ATTENUATIONEND>
			<CASTSHADOW/>
		</LIGHT>
		<LIGHT name="Omni_light 11">
			<POSITION>-1434.2827148 2916.5583496 1283.5961914</POSITION>
			<COLOR>0.9960785 0.8313726 0.4823530</COLOR>
			<INTENSITY>1.5000000</INTENSITY>
			<ATTENUATIONSTART>452.8356018</ATTENUATIONSTART>
			<ATTENUATIONEND>824.0791626</ATTENUATIONEND>
			<CASTSHADOW/>
		</LIGHT>
		<LIGHT name="obj_Omni_light 12">
			<POSITION>-56.4367905 2916.5583496 1302.5378418</POSITION>
			<COLOR>0.9960785 0.8313726 0.4823530</COLOR>
			<INTENSITY>1.0000000</INTENSITY>
			<ATTENUATIONSTART>452.8356018</ATTENUATIONSTART>
			<ATTENUATIONEND>824.0791626</ATTENUATIONEND>
			<CASTSHADOW/>
		</LIGHT>
		<LIGHT name="Omni_light 12">
			<POSITION>-56.4367905 2916.5583496 1283.5961914</POSITION>
			<COLOR>0.9960785 0.8313726 0.4823530</COLOR>
			<INTENSITY>1.5000000</INTENSITY>
			<ATTENUATIONSTART>452.8356018</ATTENUATIONSTART>
			<ATTENUATIONEND>824.0791626</ATTENUATIONEND>
			<CASTSHADOW/>
		</LIGHT>
		<LIGHT name="obj_Omni_light 13">
			<POSITION>1843.6044922 2916.5583496 1302.5378418</POSITION>
			<COLOR>0.9960785 0.8313726 0.4823530</COLOR>
			<INTENSITY>1.0000000</INTENSITY>
			<ATTENUATIONSTART>452.8356018</ATTENUATIONSTART>
			<ATTENUATIONEND>824.0791626</ATTENUATIONEND>
			<CASTSHADOW/>
		</LIGHT>
		<LIGHT name="Omni_light 13">
			<POSITION>1843.6044922 2916.5583496 1283.5961914</POSITION>
			<COLOR>0.9960785 0.8313726 0.4823530</COLOR>
			<INTENSITY>1.5000000</INTENSITY>
			<ATTENUATIONSTART>452.8356018</ATTENUATIONSTART>
			<ATTENUATIONEND>824.0791626</ATTENUATIONEND>
			<CASTSHADOW/>
		</LIGHT>
		<LIGHT name="obj_Omni_light 14">
			<POSITION>-0.0004520 -650.0101318 677.3176270</POSITION>
			<COLOR>0.9960785 0.8313726 0.4823530</COLOR>
			<INTENSITY>1.0000000</INTENSITY>
			<ATTENUATIONSTART>452.8356018</ATTENUATIONSTART>
			<ATTENUATIONEND>824.0791626</ATTENUATIONEND>
			<CASTSHADOW/>
		</LIGHT>
		<LIGHT name="obj_Omni_light 15">
			<POSITION>-0.0004520 650.0186157 677.3176270</POSITION>
			<COLOR>0.9960785 0.8313726 0.4823530</COLOR>
			<INTENSITY>1.0000000</INTENSITY>
			<ATTENUATIONSTART>452.8356018</ATTENUATIONSTART>
			<ATTENUATIONEND>824.0791626</ATTENUATIONEND>
			<CASTSHADOW/>
		</LIGHT>
		<LIGHT name="Omni_light_b 01">
			<POSITION>-0.0004520 650.0186157 658.3759766</POSITION>
			<COLOR>0.9960785 0.8313726 0.4823530</COLOR>
			<INTENSITY>1.0000000</INTENSITY>
			<ATTENUATIONSTART>326.0416260</ATTENUATIONSTART>
			<ATTENUATIONEND>725.1896362</ATTENUATIONEND>
			<CASTSHADOW/>
		</LIGHT>
		<LIGHT name="Omni_light_b 02">
			<POSITION>-0.0004520 -650.0101318 658.3759766</POSITION>
			<COLOR>0.9960785 0.8313726 0.4823530</COLOR>
			<INTENSITY>1.0000000</INTENSITY>
			<ATTENUATIONSTART>326.0416260</ATTENUATIONSTART>
			<ATTENUATIONEND>725.1896362</ATTENUATIONEND>
			<CASTSHADOW/>
		</LIGHT>
		<LIGHT name="obj_Omni_win 27">
			<POSITION>215.2395935 -2200.0004883 568.6527100</POSITION>
			<COLOR>0.9960785 0.7686275 0.4784314</COLOR>
			<INTENSITY>0.5000000</INTENSITY>
			<ATTENUATIONSTART>188.0000000</ATTENUATIONSTART>
			<ATTENUATIONEND>336.4319763</ATTENUATIONEND>
		</LIGHT>
		<LIGHT name="Omni_win 27">
			<POSITION>215.2396545 -2060.0004883 568.6527100</POSITION>
			<COLOR>0.9960785 0.7686275 0.4784314</COLOR>
			<INTENSITY>0.5000000</INTENSITY>
			<ATTENUATIONSTART>188.0000000</ATTENUATIONSTART>
			<ATTENUATIONEND>336.4319763</ATTENUATIONEND>
		</LIGHT>
		<LIGHT name="Omni_truck_add">
			<POSITION>-917.6976318 -1686.4555664 447.7578125</POSITION>
			<COLOR>0.8470589 1.0000000 0.9960785</COLOR>
			<INTENSITY>0.9000000</INTENSITY>
			<ATTENUATIONSTART>288.0881958</ATTENUATIONSTART>
			<ATTENUATIONEND>575.0000000</ATTENUATIONEND>
			<CASTSHADOW/>
		</LIGHT>
	</LIGHTLIST>
	<OBJECTLIST>
		<OBJECT name="Factory_obj_sky_sunset.elu">
		</OBJECT>
		<OBJECT name="Factory_obj_ef_win_add.elu">
		</OBJECT>
		<OBJECT name="Factory_obj_ef_light_a 01.elu">
		</OBJECT>
		<OBJECT name="Factory_obj_ef_truck_add.elu">
		</OBJECT>
		<OBJECT name="Factory_obj_ani_Plane.elu">
		</OBJECT>
		<OBJECT name="Factory_ef_ani_light_add.elu">
		</OBJECT>
	</OBJECTLIST>
	<DUMMYLIST>
		<DUMMY name="spawn_team1_101">
			<POSITION>-2524.0371094 1495.5126953 305.0000000</POSITION>
			<DIRECTION>0.9999999 0.0000000 0.0000000</DIRECTION>
		</DUMMY>
		<DUMMY name="spawn_solo_101">
			<POSITION>2833.6853027 -2098.3642578 305.0000000</POSITION>
			<DIRECTION>-0.9999999 0.0000000 0.0000000</DIRECTION>
		</DUMMY>
		<DUMMY name="spawn_team2_101">
			<POSITION>2730.4924316 -1484.4322510 305.0000000</POSITION>
			<DIRECTION>-0.9999999 0.0000000 0.0000000</DIRECTION>
		</DUMMY>
		<DUMMY name="spawn_solo_102">
			<POSITION>2884.1604004 2744.4279785 773.0000000</POSITION>
			<DIRECTION>-0.9999999 0.0000000 0.0000000</DIRECTION>
		</DUMMY>
		<DUMMY name="spawn_solo_103">
			<POSITION>761.8194580 -1987.6534424 305.0000000</POSITION>
			<DIRECTION>-0.9999999 0.0000000 0.0000000</DIRECTION>
		</DUMMY>
		<DUMMY name="spawn_solo_104">
			<POSITION>-2696.4880371 -2148.5842285 892.0000000</POSITION>
			<DIRECTION>0.9999999 0.0000000 0.0000000</DIRECTION>
		</DUMMY>
		<DUMMY name="spawn_solo_105">
			<POSITION>2884.1604004 2299.3481445 205.0000000</POSITION>
			<DIRECTION>-0.9999999 0.0000000 0.0000000</DIRECTION>
		</DUMMY>
		<DUMMY name="spawn_solo_106">
			<POSITION>876.2203369 1041.6401367 905.0000000</POSITION>
			<DIRECTION>-0.9999999 0.0000000 0.0000000</DIRECTION>
		</DUMMY>
		<DUMMY name="spawn_solo_107">
			<POSITION>-876.8890381 -1046.2451172 905.0000000</POSITION>
			<DIRECTION>0.9999999 0.0000000 0.0000000</DIRECTION>
		</DUMMY>
		<DUMMY name="spawn_solo_108">
			<POSITION>-1070.0582275 1340.2031250 305.0000000</POSITION>
			<DIRECTION>0.9999999 0.0000000 0.0000000</DIRECTION>
		</DUMMY>
		<DUMMY name="spawn_solo_109">
			<POSITION>-2663.2978516 2744.4279785 773.0000000</POSITION>
			<DIRECTION>0.9999999 0.0000000 0.0000000</DIRECTION>
		</DUMMY>
		<DUMMY name="spawn_solo_110">
			<POSITION>2732.9592285 -2098.3642578 892.0000000</POSITION>
			<DIRECTION>-0.9999999 0.0000000 0.0000000</DIRECTION>
		</DUMMY>
		<DUMMY name="spawn_solo_111">
			<POSITION>482.3308716 -2098.3642578 892.0000000</POSITION>
			<DIRECTION>-0.0000002 0.9999999 0.0000000</DIRECTION>
		</DUMMY>
		<DUMMY name="spawn_solo_112">
			<POSITION>1568.5244141 -16.4946270 1285.0000000</POSITION>
			<DIRECTION>-0.9999999 0.0000001 0.0000000</DIRECTION>
		</DUMMY>
		<DUMMY name="spawn_solo_113">
			<POSITION>-1556.0262451 324.5601196 1285.0000000</POSITION>
			<DIRECTION>0.9999999 0.0000000 0.0000000</DIRECTION>
		</DUMMY>
		<DUMMY name="spawn_solo_114">
			<POSITION>-2663.2978516 2299.3481445 205.0000000</POSITION>
			<DIRECTION>0.9999999 0.0000000 0.0000000</DIRECTION>
		</DUMMY>
		<DUMMY name="spawn_solo_115">
			<POSITION>-1752.1555176 -1300.4757080 305.0000000</POSITION>
			<DIRECTION>0.8660253 -0.5000001 0.0000000</DIRECTION>
		</DUMMY>
		<DUMMY name="spawn_solo_116">
			<POSITION>1752.2812500 1297.3314209 305.0000000</POSITION>
			<DIRECTION>-0.7071068 0.7071068 0.0000000</DIRECTION>
		</DUMMY>
		<DUMMY name="spawn_team2_102">
			<POSITION>2730.4924316 -1615.7364502 305.0000000</POSITION>
			<DIRECTION>-0.9999999 0.0000000 0.0000000</DIRECTION>
		</DUMMY>
		<DUMMY name="spawn_team1_102">
			<POSITION>-2524.0371094 1626.8168945 305.0000000</POSITION>
			<DIRECTION>0.9999999 0.0000000 0.0000000</DIRECTION>
		</DUMMY>
		<DUMMY name="spawn_team2_103">
			<POSITION>2730.4924316 -1747.0406494 305.0000000</POSITION>
			<DIRECTION>-0.9999999 0.0000000 0.0000000</DIRECTION>
		</DUMMY>
		<DUMMY name="spawn_team1_103">
			<POSITION>-2524.0371094 1758.1210938 305.0000000</POSITION>
			<DIRECTION>0.9999999 0.0000000 0.0000000</DIRECTION>
		</DUMMY>
		<DUMMY name="spawn_team2_104">
			<POSITION>2730.4924316 -1878.3453369 305.0000000</POSITION>
			<DIRECTION>-0.9999999 0.0000000 0.0000000</DIRECTION>
		</DUMMY>
		<DUMMY name="spawn_team1_104">
			<POSITION>-2524.0371094 1889.4257813 305.0000000</POSITION>
			<DIRECTION>0.9999999 0.0000000 0.0000000</DIRECTION>
		</DUMMY>
		<DUMMY name="spawn_team2_105">
			<POSITION>2859.2561035 -1484.4322510 305.0000000</POSITION>
			<DIRECTION>-0.9999999 0.0000000 0.0000000</DIRECTION>
		</DUMMY>
		<DUMMY name="spawn_team1_105">
			<POSITION>-2656.7695313 1495.5126953 305.0000000</POSITION>
			<DIRECTION>0.9999999 0.0000000 0.0000000</DIRECTION>
		</DUMMY>
		<DUMMY name="spawn_team2_106">
			<POSITION>2859.2561035 -1615.7364502 305.0000000</POSITION>
			<DIRECTION>-0.9999999 0.0000000 0.0000000</DIRECTION>
		</DUMMY>
		<DUMMY name="spawn_team1_106">
			<POSITION>-2656.7695313 1626.8168945 305.0000000</POSITION>
			<DIRECTION>0.9999999 0.0000000 0.0000000</DIRECTION>
		</DUMMY>
		<DUMMY name="spawn_team2_107">
			<POSITION>2859.2561035 -1747.0406494 305.0000000</POSITION>
			<DIRECTION>-0.9999999 0.0000000 0.0000000</DIRECTION>
		</DUMMY>
		<DUMMY name="spawn_team1_107">
			<POSITION>-2656.7695313 1758.1210938 305.0000000</POSITION>
			<DIRECTION>0.9999999 0.0000000 0.0000000</DIRECTION>
		</DUMMY>
		<DUMMY name="spawn_team2_108">
			<POSITION>2859.2561035 -1878.3453369 305.0000000</POSITION>
			<DIRECTION>-0.9999999 0.0000000 0.0000000</DIRECTION>
		</DUMMY>
		<DUMMY name="spawn_team1_108">
			<POSITION>-2656.7695313 1889.4257813 305.0000000</POSITION>
			<DIRECTION>0.9999999 0.0000000 0.0000000</DIRECTION>
		</DUMMY>
		<DUMMY name="snd_amb_b1_factory2 01">
			<POSITION>3315.6704102 -2351.0644531 532.6690674</POSITION>
			<DIRECTION>0.0000000 0.9999999 0.0000000</DIRECTION>
		</DUMMY>
		<DUMMY name="smk_ss_01">
			<POSITION>-788.7942505 179.9999847 3908.0104980</POSITION>
			<DIRECTION>0.0000000 0.9999999 0.0000000</DIRECTION>
		</DUMMY>
		<DUMMY name="smk_ss_03">
			<POSITION>658.2224121 3996.4382324 4134.0722656</POSITION>
			<DIRECTION>0.0000000 0.9999999 0.0000000</DIRECTION>
		</DUMMY>
		<DUMMY name="smk_ss_04">
			<POSITION>3977.3203125 1387.8413086 4433.8115234</POSITION>
			<DIRECTION>0.0000000 0.9999999 0.0000000</DIRECTION>
		</DUMMY>
		<DUMMY name="spawn_item_team_hp03_01">
			<POSITION>0.0000000 -0.0000131 305.0000000</POSITION>
			<DIRECTION>0.0000000 0.9999999 0.0000000</DIRECTION>
		</DUMMY>
		<DUMMY name="spawn_item_team_bullet02_01">
			<POSITION>2192.2102051 -1672.6177979 305.0000000</POSITION>
			<DIRECTION>0.0000000 0.9999999 0.0000000</DIRECTION>
		</DUMMY>
		<DUMMY name="spawn_item_solo_bullet02_01">
			<POSITION>-2504.0312500 -1697.8614502 285.0000000</POSITION>
			<DIRECTION>0.0000000 0.9999999 0.0000000</DIRECTION>
		</DUMMY>
		<DUMMY name="spawn_item_solo_ap03_01">
			<POSITION>-2488.0837402 1657.7590332 305.0000000</POSITION>
			<DIRECTION>0.0000000 0.9999999 0.0000000</DIRECTION>
		</DUMMY>
		<DUMMY name="spawn_item_solo_hp03_01">
			<POSITION>1211.5681152 2840.9711914 360.0000000</POSITION>
			<DIRECTION>0.0000000 0.9999999 0.0000000</DIRECTION>
		</DUMMY>
		<DUMMY name="spawn_item_solo_hp03_02">
			<POSITION>-73.1597900 -1686.1795654 285.0000000</POSITION>
			<DIRECTION>0.0000000 0.9999999 0.0000000</DIRECTION>
		</DUMMY>
		<DUMMY name="spawn_item_solo_ap03_02">
			<POSITION>1184.4531250 -616.0078735 905.0000000</POSITION>
			<DIRECTION>0.0000000 0.9999999 0.0000000</DIRECTION>
		</DUMMY>
		<DUMMY name="spawn_item_solo_bullet02_02">
			<POSITION>2678.5119629 1633.3972168 305.0000000</POSITION>
			<DIRECTION>0.0000000 0.9999999 0.0000000</DIRECTION>
		</DUMMY>
		<DUMMY name="spawn_item_team_ap03_01">
			<POSITION>2678.5119629 1633.3972168 305.0000000</POSITION>
			<DIRECTION>0.0000000 0.9999999 0.0000000</DIRECTION>
		</DUMMY>
		<DUMMY name="spawn_item_team_ap03_02">
			<POSITION>-2504.0312500 -1697.8614502 285.0000000</POSITION>
			<DIRECTION>0.0000000 0.9999999 0.0000000</DIRECTION>
		</DUMMY>
		<DUMMY name="spawn_item_team_hp03_02">
			<POSITION>416.7194519 -297.8787842 1205.0000000</POSITION>
			<DIRECTION>0.0000000 0.9999999 0.0000000</DIRECTION>
		</DUMMY>
		<DUMMY name="spawn_item_team_bullet02_02">
			<POSITION>-2072.6379395 1654.4375000 305.0000000</POSITION>
			<DIRECTION>0.0000000 0.9999999 0.0000000</DIRECTION>
		</DUMMY>
		<DUMMY name="wait_pos_01">
			<POSITION>-2241.9289551 2696.6791992 1213.0332031</POSITION>
			<DIRECTION>0.8657590 -0.4998462 0.0247992</DIRECTION>
		</DUMMY>
		<DUMMY name="snd_amb_b1_wind 01">
			<POSITION>420.9750977 -277.5752258 1050.0000000</POSITION>
			<DIRECTION>0.0000000 0.9999999 0.0000000</DIRECTION>
		</DUMMY>
		<DUMMY name="snd_amb_b1_wind 02">
			<POSITION>871.8959961 776.5984497 1050.0000000</POSITION>
			<DIRECTION>0.0000000 0.9999999 0.0000000</DIRECTION>
		</DUMMY>
		<DUMMY name="snd_amb_b1_wind 03">
			<POSITION>-1050.3262939 776.5984497 1050.0000000</POSITION>
			<DIRECTION>0.0000000 0.9999999 0.0000000</DIRECTION>
		</DUMMY>
		<DUMMY name="snd_amb_b1_generator 01">
			<POSITION>215.8923187 -1686.6217041 429.1425476</POSITION>
			<DIRECTION>0.0000000 0.9999999 0.0000000</DIRECTION>
		</DUMMY>
		<DUMMY name="snd_amb_b1_generator 02">
			<POSITION>-808.1391602 1801.8375244 412.2921143</POSITION>
			<DIRECTION>0.0000000 0.9999999 0.0000000</DIRECTION>
		</DUMMY>
		<DUMMY name="snd_amb_b1_factory2 02">
			<POSITION>-2134.9340820 36.4755630 1032.6690674</POSITION>
			<DIRECTION>0.0000000 0.9999999 0.0000000</DIRECTION>
		</DUMMY>
		<DUMMY name="obj_sky_sunset">
			<POSITION>76408110345971456000000000000000000.0000000 18990825625075274000000000000.0000000 0.0000000</POSITION>
			<DIRECTION>0.0000000 0.0000000 0.0000000</DIRECTION>
		</DUMMY>
		<DUMMY name="obj_ef_win_add">
			<POSITION>16601780054975840000.0000000 17179393095465173000.0000000 0.0000000</POSITION>
			<DIRECTION>0.0000000 0.0000000 0.0000000</DIRECTION>
		</DUMMY>
		<DUMMY name="obj_ef_light_a 01">
			<POSITION>16601780054975840000.0000000 4371245391563134600000000.0000000 0.0000000</POSITION>
			<DIRECTION>51412444827715241000000.0000000 0.0000000 0.0000000</DIRECTION>
		</DUMMY>
		<DUMMY name="obj_ef_truck_add">
			<POSITION>16601780054975840000.0000000 4527699514876462400000.0000000 16629572023363041000000.0000000</POSITION>
			<DIRECTION>1108252344897477800000000000.0000000 0.0000000 0.0000000</DIRECTION>
		</DUMMY>
		<DUMMY name="obj_ani_Plane">
			<POSITION>18011510441112944000000000.0000000 272451434315079750000.0000000 51472675969131694000000.0000000</POSITION>
			<DIRECTION>0.0000000 0.0000000 0.0000000</DIRECTION>
		</DUMMY>
		<DUMMY name="ef_ani_light_add">
			<POSITION>16820488310903276000.0000000 4371245391563134600000000.0000000 16629582156462203000000.0000000</POSITION>
			<DIRECTION>1108252344897477800000000000.0000000 0.0000000 0.0000000</DIRECTION>
		</DUMMY>
	</DUMMYLIST>
	<OCCLUSIONLIST>
		<OCCLUSION name="wall_partition_00">
			<POSITION>365.0003357 1140.0000000 -2319.4106445</POSITION>
			<POSITION>364.9996643 1140.0002441 840.0000000</POSITION>
			<POSITION>364.9996643 -1140.0000000 840.0000000</POSITION>
			<POSITION>365.0003357 -1140.0004883 -2319.4106445</POSITION>
		</OCCLUSION>
		<OCCLUSION name="wall_partition_01">
			<POSITION>-364.9996643 1140.0000000 -2319.4106445</POSITION>
			<POSITION>-365.0003357 1140.0000000 840.0000000</POSITION>
			<POSITION>-365.0003357 -1140.0003662 840.0000000</POSITION>
			<POSITION>-364.9996643 -1140.0006104 -2319.4106445</POSITION>
		</OCCLUSION>
		<OCCLUSION name="wall_partition_02">
			<POSITION>6000.0000000 -1135.0002441 -2319.4106445</POSITION>
			<POSITION>5999.9995117 -1135.0000000 840.0001221</POSITION>
			<POSITION>359.9994812 -1134.9998779 839.9998779</POSITION>
			<POSITION>359.9996338 -1135.0002441 -2319.4108887</POSITION>
		</OCCLUSION>
		<OCCLUSION name="wall_partition_03">
			<POSITION>6000.0000000 1134.9997559 -2319.4106445</POSITION>
			<POSITION>5999.9995117 1135.0000000 840.0001221</POSITION>
			<POSITION>359.9994812 1135.0001221 839.9998779</POSITION>
			<POSITION>359.9996338 1134.9997559 -2319.4108887</POSITION>
		</OCCLUSION>
		<OCCLUSION name="wall_partition_04">
			<POSITION>-359.9993896 -1135.0002441 -2319.4104004</POSITION>
			<POSITION>-359.9997864 -1135.0000000 840.0001221</POSITION>
			<POSITION>-6000.0000000 -1134.9998779 839.9998779</POSITION>
			<POSITION>-6000.0000000 -1135.0002441 -2319.4106445</POSITION>
		</OCCLUSION>
		<OCCLUSION name="wall_partition_05">
			<POSITION>-359.9993896 1134.9997559 -2319.4104004</POSITION>
			<POSITION>-359.9997864 1135.0000000 840.0001221</POSITION>
			<POSITION>-6000.0000000 1135.0001221 839.9998779</POSITION>
			<POSITION>-6000.0000000 1134.9997559 -2319.4106445</POSITION>
		</OCCLUSION>
	</OCCLUSIONLIST>
	<AMBIENTSOUNDLIST>
		<AMBIENTSOUND ObjName="snd_amb_b1_factory2 01" type="b1" filename="amb_factory2">
			<CENTER>3315.6704102 -2351.0644531 532.6690674</CENTER>
			<RADIUS>2000</RADIUS>
		</AMBIENTSOUND>
		<AMBIENTSOUND ObjName="snd_amb_b1_wind 01" type="b1" filename="amb_wind_hole_2d">
			<CENTER>420.9750977 -277.5752258 1050.0000000</CENTER>
			<RADIUS>700</RADIUS>
		</AMBIENTSOUND>
		<AMBIENTSOUND ObjName="snd_amb_b1_wind 02" type="b1" filename="amb_wind_hole_2d">
			<CENTER>871.8959961 776.5984497 1050.0000000</CENTER>
			<RADIUS>500</RADIUS>
		</AMBIENTSOUND>
		<AMBIENTSOUND ObjName="snd_amb_b1_wind 03" type="b1" filename="amb_wind_hole_2d">
			<CENTER>-1050.3262939 776.5984497 1050.0000000</CENTER>
			<RADIUS>500</RADIUS>
		</AMBIENTSOUND>
		<AMBIENTSOUND ObjName="snd_amb_b1_generator 01" type="b1" filename="amb_generator">
			<CENTER>215.8923187 -1686.6217041 429.1425476</CENTER>
			<RADIUS>1000</RADIUS>
		</AMBIENTSOUND>
		<AMBIENTSOUND ObjName="snd_amb_b1_generator 02" type="b1" filename="amb_generator">
			<CENTER>-808.1391602 1801.8375244 412.2921143</CENTER>
			<RADIUS>1000</RADIUS>
		</AMBIENTSOUND>
		<AMBIENTSOUND ObjName="snd_amb_b1_factory2 02" type="b1" filename="amb_factory2">
			<CENTER>-2134.9340820 36.4755630 1032.6690674</CENTER>
			<RADIUS>2000</RADIUS>
		</AMBIENTSOUND>
	</AMBIENTSOUNDLIST>




</XML>
