<?xml version="1.0" encoding="UTF-8"?>
<XML>
	<GAMETYPE id="solo">
		<SPAWN item="bullet02" timesec="45000">
			<POSITION>-2504.0312500 -1697.8614502 285.0000000</POSITION>
		</SPAWN>
		<SPAWN item="ap03" timesec="45000">
			<POSITION>-2488.0837402 1657.7590332 305.0000000</POSITION>
		</SPAWN>
		<SPAWN item="hp03" timesec="45000">
			<POSITION>1211.5681152 2840.9711914 360.0000000</POSITION>
		</SPAWN>
		<SPAWN item="hp03" timesec="45000">
			<POSITION>-73.1597900 -1686.1795654 285.0000000</POSITION>
		</SPAWN>
		<SPAWN item="ap03" timesec="45000">
			<POSITION>1184.4531250 -616.0078735 905.0000000</POSITION>
		</SPAWN>
		<SPAWN item="bullet02" timesec="45000">
			<POSITION>2678.5119629 1633.3972168 305.0000000</POSITION>
		</SPAWN>
</GAMETYPE><GAMETYPE id="team">
		<SPAWN item="hp03" timesec="45000">
			<POSITION>0.0000000 -0.0000131 305.0000000</POSITION>
		</SPAWN>
		<SPAWN item="bullet02" timesec="45000">
			<POSITION>2192.2102051 -1672.6177979 305.0000000</POSITION>
		</SPAWN>
		<SPAWN item="ap03" timesec="45000">
			<POSITION>2678.5119629 1633.3972168 305.0000000</POSITION>
		</SPAWN>
		<SPAWN item="ap03" timesec="45000">
			<POSITION>-2504.0312500 -1697.8614502 285.0000000</POSITION>
		</SPAWN>
		<SPAWN item="hp03" timesec="45000">
			<POSITION>416.7194519 -297.8787842 1205.0000000</POSITION>
		</SPAWN>
		<SPAWN item="bullet02" timesec="45000">
			<POSITION>-2072.6379395 1654.4375000 305.0000000</POSITION>
		</SPAWN>
</GAMETYPE>
</XML>
