<?xml version="1.0" encoding="UTF-8"?>
<XML>
	<MATERIALLIST>
		<MATERIAL name="Sasukeporno_OI">
			<DIFFUSE>1.00000000 1.00000000 1.00000000</DIFFUSE>
			<AMBIENT>1.00000000 1.00000000 1.00000000</AMBIENT>
			<SPECULAR>1.00000000 1.00000000 1.00000000</SPECULAR>
			<DIFFUSEMAP>Sasukeporno/OI.jpg</DIFFUSEMAP>
                         <USEOPACITY/>
		</MATERIAL>
		<MATERIAL name="Sasukeporno_images">
			<DIFFUSE>1.00000000 1.00000000 1.00000000</DIFFUSE>
			<AMBIENT>1.00000000 1.00000000 1.00000000</AMBIENT>
			<SPECULAR>1.00000000 1.00000000 1.00000000</SPECULAR>
			<DIFFUSEMAP>Sasukeporno/images.jpg</DIFFUSEMAP>
		</MATERIAL>
		<MATERIAL name="Sasukeporno_Floor035">
			<DIFFUSE>1.00000000 1.00000000 1.00000000</DIFFUSE>
			<AMBIENT>1.00000000 1.00000000 1.00000000</AMBIENT>
			<SPECULAR>1.00000000 1.00000000 1.00000000</SPECULAR>
			<DIFFUSEMAP>Sasukeporno/Floor035.tga</DIFFUSEMAP>
		</MATERIAL>
		<MATERIAL name="Sasukeporno_vetro_corrugato">
			<DIFFUSE>1.00000000 1.00000000 1.00000000</DIFFUSE>
			<AMBIENT>1.00000000 1.00000000 1.00000000</AMBIENT>
			<SPECULAR>1.00000000 1.00000000 1.00000000</SPECULAR>
			<DIFFUSEMAP>Sasukeporno/vetro_corrugato.jpg</DIFFUSEMAP>
		</MATERIAL>
		<MATERIAL name="Sasukeporno_533-3rr_b">
			<DIFFUSE>1.00000000 1.00000000 1.00000000</DIFFUSE>
			<AMBIENT>1.00000000 1.00000000 1.00000000</AMBIENT>
			<SPECULAR>1.00000000 1.00000000 1.00000000</SPECULAR>
			<DIFFUSEMAP>Sasukeporno/533-3rr_b.jpg</DIFFUSEMAP>
		</MATERIAL>
		<MATERIAL name="Sasukeporno_9ae2ef0dd5d9610ec7017a1da7deaf56">
			<DIFFUSE>1.00000000 1.00000000 1.00000000</DIFFUSE>
			<AMBIENT>1.00000000 1.00000000 1.00000000</AMBIENT>
			<SPECULAR>1.00000000 1.00000000 1.00000000</SPECULAR>
			<DIFFUSEMAP>Sasukeporno/9ae2ef0dd5d9610ec7017a1da7deaf56.jpg</DIFFUSEMAP>
		</MATERIAL>
		<MATERIAL name="NULL">
			<DIFFUSE>1.00000000 1.00000000 1.00000000</DIFFUSE>
			<AMBIENT>1.00000000 1.00000000 1.00000000</AMBIENT>
			<SPECULAR>1.00000000 1.00000000 1.00000000</SPECULAR>
			<DIFFUSEMAP>null</DIFFUSEMAP>
		</MATERIAL>
		<MATERIAL name="Sasukeporno_Floor045">
			<DIFFUSE>1.00000000 1.00000000 1.00000000</DIFFUSE>
			<AMBIENT>1.00000000 1.00000000 1.00000000</AMBIENT>
			<SPECULAR>1.00000000 1.00000000 1.00000000</SPECULAR>
			<DIFFUSEMAP>Sasukeporno/Floor045.tga</DIFFUSEMAP>
		</MATERIAL>
		<MATERIAL name="Texturas1_depositphotos_14182390-Swimming-pool-water.-Aqua-texture">
			<DIFFUSE>1.00000000 1.00000000 1.00000000</DIFFUSE>
			<AMBIENT>1.00000000 1.00000000 1.00000000</AMBIENT>
			<SPECULAR>1.00000000 1.00000000 1.00000000</SPECULAR>
			<DIFFUSEMAP>Texturas1/depositphotos_14182390-Swimming-pool-water.-Aqua-texture.jpg</DIFFUSEMAP>
		</MATERIAL>
		<MATERIAL name="Sasukeporno_Floor046">
			<DIFFUSE>1.00000000 1.00000000 1.00000000</DIFFUSE>
			<AMBIENT>1.00000000 1.00000000 1.00000000</AMBIENT>
			<SPECULAR>1.00000000 1.00000000 1.00000000</SPECULAR>
			<DIFFUSEMAP>Sasukeporno/Floor046.tga</DIFFUSEMAP>
		</MATERIAL>
		<MATERIAL name="Sasukeporno_zfinishline">
			<DIFFUSE>1.00000000 1.00000000 1.00000000</DIFFUSE>
			<AMBIENT>1.00000000 1.00000000 1.00000000</AMBIENT>
			<SPECULAR>1.00000000 1.00000000 1.00000000</SPECULAR>
			<DIFFUSEMAP>Sasukeporno/zfinishline.jpg</DIFFUSEMAP>
		</MATERIAL>
		<MATERIAL name="Sasukeporno_i_finish_the_game_pokepark_2____by_lucechan_dragonangel-d5bf40z">
			<DIFFUSE>1.00000000 1.00000000 1.00000000</DIFFUSE>
			<AMBIENT>1.00000000 1.00000000 1.00000000</AMBIENT>
			<SPECULAR>1.00000000 1.00000000 1.00000000</SPECULAR>
			<DIFFUSEMAP>Sasukeporno/i_finish_the_game_pokepark_2____by_lucechan_dragonangel-d5bf40z.png</DIFFUSEMAP>
		</MATERIAL>
	</MATERIALLIST>
	<DUMMYLIST>
		<DUMMY name="spawn_solo_101">
			<POSITION>8.00000000 528.00000000 8.00000000</POSITION>
			<DIRECTION>-1.00000000 0.00000000 0.00000000</DIRECTION>
		</DUMMY>
	</DUMMYLIST>
       <FOG min="0" max="4000"> 
      	<R>233</R> 
      	<G>246</G> 
      	<B>255</B> 
   	</FOG>
</XML>

