<?xml version="1.0"?>
<XML>
	<MATERIALLIST>
		<MATERIAL name="txa_dg_dung01_wall">
			<DIFFUSE>0.5880000 0.5880000 0.5880000</DIFFUSE>
			<AMBIENT>0.5880000 0.5880000 0.5880000</AMBIENT>
			<SPECULAR>0.9000000 0.9000000 0.9000000</SPECULAR>
			<DIFFUSEMAP>txa_dg_dung01_wall.dds</DIFFUSEMAP>
		</MATERIAL>
		<MATERIAL name="txa_dg_dung01_water">
			<DIFFUSE>0.5880000 0.5880000 0.5880000</DIFFUSE>
			<AMBIENT>0.5880000 0.5880000 0.5880000</AMBIENT>
			<SPECULAR>0.9000000 0.9000000 0.9000000</SPECULAR>
			<DIFFUSEMAP>water_00.dds</DIFFUSEMAP>
			<ADDITIVE/>
			<TWOSIDED/>
		</MATERIAL>
		<MATERIAL name="txa_dg_dung01_wall01">
			<DIFFUSE>0.5880000 0.5880000 0.5880000</DIFFUSE>
			<AMBIENT>0.5880000 0.5880000 0.5880000</AMBIENT>
			<SPECULAR>0.9000000 0.9000000 0.9000000</SPECULAR>
			<DIFFUSEMAP>txa_dg_dung01_wall01.dds</DIFFUSEMAP>
		</MATERIAL>
		<MATERIAL name="txa_dg_dung01_light">
			<DIFFUSE>0.5880000 0.5880000 0.5880000</DIFFUSE>
			<AMBIENT>0.5880000 0.5880000 0.5880000</AMBIENT>
			<SPECULAR>0.9000000 0.9000000 0.9000000</SPECULAR>
			<DIFFUSEMAP>txa_dg_dung01_fx.dds</DIFFUSEMAP>
			<ADDITIVE/>
			<TWOSIDED/>
		</MATERIAL>
		<MATERIAL name="txa_dg_dung01_grate">
			<DIFFUSE>0.5880000 0.5880000 0.5880000</DIFFUSE>
			<AMBIENT>0.5880000 0.5880000 0.5880000</AMBIENT>
			<SPECULAR>0.9000000 0.9000000 0.9000000</SPECULAR>
			<DIFFUSEMAP>txa_dg_dung01_grate.dds</DIFFUSEMAP>
		</MATERIAL>
		<MATERIAL name="txa_dg_dung01_brick">
			<DIFFUSE>0.5880000 0.5880000 0.5880000</DIFFUSE>
			<AMBIENT>0.5880000 0.5880000 0.5880000</AMBIENT>
			<SPECULAR>0.9000000 0.9000000 0.9000000</SPECULAR>
			<DIFFUSEMAP>txa_dg_dung01_brick.dds</DIFFUSEMAP>
			<TWOSIDED/>
		</MATERIAL>
		<MATERIAL name="txa_dg_dung01_tile">
			<DIFFUSE>0.5880000 0.5880000 0.5880000</DIFFUSE>
			<AMBIENT>0.5880000 0.5880000 0.5880000</AMBIENT>
			<SPECULAR>0.9000000 0.9000000 0.9000000</SPECULAR>
			<DIFFUSEMAP>txa_dg_dung01_tile.dds</DIFFUSEMAP>
		</MATERIAL>
		<MATERIAL name="txa_dg_dung01_gate">
			<DIFFUSE>0.5880000 0.5880000 0.5880000</DIFFUSE>
			<AMBIENT>0.5880000 0.5880000 0.5880000</AMBIENT>
			<SPECULAR>0.9000000 0.9000000 0.9000000</SPECULAR>
			<DIFFUSEMAP>txa_dg_dung01_gate.dds</DIFFUSEMAP>
			<TWOSIDED/>
			<USEOPACITY/>
			<USEALPHATEST/>
		</MATERIAL>
		<MATERIAL name="txa_dg_dung01_metal">
			<DIFFUSE>0.5880000 0.5880000 0.5880000</DIFFUSE>
			<AMBIENT>0.5880000 0.5880000 0.5880000</AMBIENT>
			<SPECULAR>0.9000000 0.9000000 0.9000000</SPECULAR>
			<DIFFUSEMAP>txa_dg_dung01_metal01.dds</DIFFUSEMAP>
		</MATERIAL>
		<MATERIAL name="txa_dg_dung01_web">
			<DIFFUSE>0.5880000 0.5880000 0.5880000</DIFFUSE>
			<AMBIENT>0.5880000 0.5880000 0.5880000</AMBIENT>
			<SPECULAR>0.9000000 0.9000000 0.9000000</SPECULAR>
			<DIFFUSEMAP>txa_dg_dung01_web.dds</DIFFUSEMAP>
			<TWOSIDED/>
			<USEOPACITY/>
		</MATERIAL>
		<MATERIAL name="txa_dg_dung01_chain">
			<DIFFUSE>0.5880000 0.5880000 0.5880000</DIFFUSE>
			<AMBIENT>0.5880000 0.5880000 0.5880000</AMBIENT>
			<SPECULAR>0.9000000 0.9000000 0.9000000</SPECULAR>
			<DIFFUSEMAP>txa_dg_dung01_chain.dds</DIFFUSEMAP>
			<TWOSIDED/>
			<USEOPACITY/>
			<USEALPHATEST/>
		</MATERIAL>
		<MATERIAL name="txa_dg_dung01_sky">
			<DIFFUSE>0.5880000 0.5880000 0.5880000</DIFFUSE>
			<AMBIENT>0.5880000 0.5880000 0.5880000</AMBIENT>
			<SPECULAR>0.9000000 0.9000000 0.9000000</SPECULAR>
			<DIFFUSEMAP>txa_dg_dung01_sky.dds</DIFFUSEMAP>
			<TWOSIDED/>
		</MATERIAL>
		<MATERIAL name="txa_dg_dung01_black">
			<DIFFUSE>0.5880000 0.5880000 0.5880000</DIFFUSE>
			<AMBIENT>0.5880000 0.5880000 0.5880000</AMBIENT>
			<SPECULAR>0.9000000 0.9000000 0.9000000</SPECULAR>
			<DIFFUSEMAP>txa_dg_dung01_black.dds</DIFFUSEMAP>
			<USEOPACITY/>
		</MATERIAL>
	</MATERIALLIST>
	<LIGHTLIST>
		<LIGHT name="Omni01">
			<POSITION>2649.0029297 3036.5476074 31.7223816</POSITION>
			<COLOR>1.0000000 1.0000000 1.0000000</COLOR>
			<INTENSITY>0.0200000</INTENSITY>
			<ATTENUATIONSTART>300.0000000</ATTENUATIONSTART>
			<ATTENUATIONEND>600.0000000</ATTENUATIONEND>
		</LIGHT>
		<LIGHT name="Omni02">
			<POSITION>2642.4677734 3712.1643066 31.7223816</POSITION>
			<COLOR>1.0000000 1.0000000 1.0000000</COLOR>
			<INTENSITY>0.0200000</INTENSITY>
			<ATTENUATIONSTART>300.0000000</ATTENUATIONSTART>
			<ATTENUATIONEND>600.0000000</ATTENUATIONEND>
		</LIGHT>
		<LIGHT name="Omni03">
			<POSITION>2646.7475586 4449.0507813 149.9930420</POSITION>
			<COLOR>1.0000000 1.0000000 1.0000000</COLOR>
			<INTENSITY>0.0200000</INTENSITY>
			<ATTENUATIONSTART>300.0000000</ATTENUATIONSTART>
			<ATTENUATIONEND>600.0000000</ATTENUATIONEND>
		</LIGHT>
		<LIGHT name="Omni04">
			<POSITION>2000.9780273 3031.9104004 110.7792969</POSITION>
			<COLOR>1.0000000 1.0000000 1.0000000</COLOR>
			<INTENSITY>0.0200000</INTENSITY>
			<ATTENUATIONSTART>300.0000000</ATTENUATIONSTART>
			<ATTENUATIONEND>600.0000000</ATTENUATIONEND>
		</LIGHT>
		<LIGHT name="Omni05">
			<POSITION>1351.1065674 3034.3054199 191.1149597</POSITION>
			<COLOR>1.0000000 1.0000000 1.0000000</COLOR>
			<INTENSITY>0.0200000</INTENSITY>
			<ATTENUATIONSTART>300.0000000</ATTENUATIONSTART>
			<ATTENUATIONEND>600.0000000</ATTENUATIONEND>
		</LIGHT>
		<LIGHT name="Omni06">
			<POSITION>-0.5390320 3033.9606934 31.7223816</POSITION>
			<COLOR>1.0000000 1.0000000 1.0000000</COLOR>
			<INTENSITY>0.0200000</INTENSITY>
			<ATTENUATIONSTART>300.0000000</ATTENUATIONSTART>
			<ATTENUATIONEND>600.0000000</ATTENUATIONEND>
		</LIGHT>
		<LIGHT name="Omni07">
			<POSITION>613.6977539 3030.4265137 110.7792969</POSITION>
			<COLOR>1.0000000 1.0000000 1.0000000</COLOR>
			<INTENSITY>0.0200000</INTENSITY>
			<ATTENUATIONSTART>300.0000000</ATTENUATIONSTART>
			<ATTENUATIONEND>600.0000000</ATTENUATIONEND>
		</LIGHT>
		<LIGHT name="Omni08">
			<POSITION>-7.8270264 2327.9526367 31.7223816</POSITION>
			<COLOR>1.0000000 1.0000000 1.0000000</COLOR>
			<INTENSITY>0.0200000</INTENSITY>
			<ATTENUATIONSTART>300.0000000</ATTENUATIONSTART>
			<ATTENUATIONEND>600.0000000</ATTENUATIONEND>
		</LIGHT>
		<LIGHT name="Omni09">
			<POSITION>-14.5722046 1650.1794434 110.7792969</POSITION>
			<COLOR>1.0000000 1.0000000 1.0000000</COLOR>
			<INTENSITY>0.0200000</INTENSITY>
			<ATTENUATIONSTART>300.0000000</ATTENUATIONSTART>
			<ATTENUATIONEND>600.0000000</ATTENUATIONEND>
		</LIGHT>
		<LIGHT name="Omni10">
			<POSITION>-7.8270264 964.3583374 191.1149597</POSITION>
			<COLOR>1.0000000 1.0000000 1.0000000</COLOR>
			<INTENSITY>0.0200000</INTENSITY>
			<ATTENUATIONSTART>300.0000000</ATTENUATIONSTART>
			<ATTENUATIONEND>600.0000000</ATTENUATIONEND>
		</LIGHT>
		<LIGHT name="Omni11">
			<POSITION>-258.3349609 323.9832458 191.1149597</POSITION>
			<COLOR>1.0000000 1.0000000 1.0000000</COLOR>
			<INTENSITY>0.0200000</INTENSITY>
			<ATTENUATIONSTART>300.0000000</ATTENUATIONSTART>
			<ATTENUATIONEND>600.0000000</ATTENUATIONEND>
		</LIGHT>
		<LIGHT name="Omni12">
			<POSITION>-258.3349609 -322.3067627 191.1149597</POSITION>
			<COLOR>1.0000000 1.0000000 1.0000000</COLOR>
			<INTENSITY>0.0200000</INTENSITY>
			<ATTENUATIONSTART>300.0000000</ATTENUATIONSTART>
			<ATTENUATIONEND>600.0000000</ATTENUATIONEND>
		</LIGHT>
		<LIGHT name="Omni13">
			<POSITION>256.1130371 323.9832458 191.1149597</POSITION>
			<COLOR>1.0000000 1.0000000 1.0000000</COLOR>
			<INTENSITY>0.0200000</INTENSITY>
			<ATTENUATIONSTART>300.0000000</ATTENUATIONSTART>
			<ATTENUATIONEND>600.0000000</ATTENUATIONEND>
		</LIGHT>
		<LIGHT name="Omni14">
			<POSITION>256.1130371 -322.3067627 191.1149597</POSITION>
			<COLOR>1.0000000 1.0000000 1.0000000</COLOR>
			<INTENSITY>0.0200000</INTENSITY>
			<ATTENUATIONSTART>300.0000000</ATTENUATIONSTART>
			<ATTENUATIONEND>600.0000000</ATTENUATIONEND>
		</LIGHT>
		<LIGHT name="Omni15">
			<POSITION>-130.8929443 956.5517578 302.5369873</POSITION>
			<COLOR>1.0000000 0.8745099 0.7098039</COLOR>
			<INTENSITY>0.2000000</INTENSITY>
			<ATTENUATIONSTART>100.0000000</ATTENUATIONSTART>
			<ATTENUATIONEND>300.0000000</ATTENUATIONEND>
		</LIGHT>
		<LIGHT name="Omni16">
			<POSITION>138.6922760 1645.2252197 216.2465973</POSITION>
			<COLOR>1.0000000 0.8745099 0.7098039</COLOR>
			<INTENSITY>0.2000000</INTENSITY>
			<ATTENUATIONSTART>100.0000000</ATTENUATIONSTART>
			<ATTENUATIONEND>300.0000000</ATTENUATIONEND>
		</LIGHT>
		<LIGHT name="Omni17">
			<POSITION>-133.1602173 2339.8266602 213.4198456</POSITION>
			<COLOR>1.0000000 0.8745099 0.7098039</COLOR>
			<INTENSITY>0.2000000</INTENSITY>
			<ATTENUATIONSTART>100.0000000</ATTENUATIONSTART>
			<ATTENUATIONEND>300.0000000</ATTENUATIONEND>
		</LIGHT>
		<LIGHT name="Omni18">
			<POSITION>-163.6458282 3171.7487793 222.4964752</POSITION>
			<COLOR>1.0000000 0.8745099 0.7098039</COLOR>
			<INTENSITY>0.2000000</INTENSITY>
			<ATTENUATIONSTART>100.0000000</ATTENUATIONSTART>
			<ATTENUATIONEND>300.0000000</ATTENUATIONEND>
		</LIGHT>
		<LIGHT name="Omni22">
			<POSITION>2531.9265137 3143.9714355 205.4786530</POSITION>
			<COLOR>1.0000000 0.8745099 0.7098039</COLOR>
			<INTENSITY>0.2000000</INTENSITY>
			<ATTENUATIONSTART>100.0000000</ATTENUATIONSTART>
			<ATTENUATIONEND>300.0000000</ATTENUATIONEND>
		</LIGHT>
		<LIGHT name="Omni29">
			<POSITION>614.6602173 2882.1215820 283.5520630</POSITION>
			<COLOR>1.0000000 0.8745099 0.7098039</COLOR>
			<INTENSITY>0.2000000</INTENSITY>
			<ATTENUATIONSTART>100.0000000</ATTENUATIONSTART>
			<ATTENUATIONEND>300.0000000</ATTENUATIONEND>
		</LIGHT>
		<LIGHT name="Omni30">
			<POSITION>1344.1597900 3180.7048340 281.3807373</POSITION>
			<COLOR>1.0000000 0.8745099 0.7098039</COLOR>
			<INTENSITY>0.2000000</INTENSITY>
			<ATTENUATIONSTART>100.0000000</ATTENUATIONSTART>
			<ATTENUATIONEND>300.0000000</ATTENUATIONEND>
		</LIGHT>
		<LIGHT name="Omni31">
			<POSITION>1998.6644287 2883.9548340 179.3453674</POSITION>
			<COLOR>1.0000000 0.8745099 0.7098039</COLOR>
			<INTENSITY>0.2000000</INTENSITY>
			<ATTENUATIONSTART>100.0000000</ATTENUATIONSTART>
			<ATTENUATIONEND>300.0000000</ATTENUATIONEND>
		</LIGHT>
		<LIGHT name="Omni33">
			<POSITION>2785.1188965 3706.0256348 205.4786530</POSITION>
			<COLOR>1.0000000 0.8745099 0.7098039</COLOR>
			<INTENSITY>0.2000000</INTENSITY>
			<ATTENUATIONSTART>100.0000000</ATTENUATIONSTART>
			<ATTENUATIONEND>300.0000000</ATTENUATIONEND>
		</LIGHT>
		<LIGHT name="Omni34">
			<POSITION>2528.7668457 4448.4653320 271.2642822</POSITION>
			<COLOR>1.0000000 0.8745099 0.7098039</COLOR>
			<INTENSITY>0.2000000</INTENSITY>
			<ATTENUATIONSTART>100.0000000</ATTENUATIONSTART>
			<ATTENUATIONEND>300.0000000</ATTENUATIONEND>
		</LIGHT>
		<LIGHT name="Omni35">
			<POSITION>0.0000000 0.0000000 887.3527832</POSITION>
			<COLOR>1.0000000 1.0000000 1.0000000</COLOR>
			<INTENSITY>0.0200000</INTENSITY>
			<ATTENUATIONSTART>300.0000000</ATTENUATIONSTART>
			<ATTENUATIONEND>600.0000000</ATTENUATIONEND>
		</LIGHT>
	</LIGHTLIST>
	<OBJECTLIST>
		<OBJECT name="lantern.elu">
		</OBJECT>
		<OBJECT name="dung_room1_obj_water_00.elu">
		</OBJECT>
		<OBJECT name="dung_room1_obj_water_01.elu">
		</OBJECT>
		<OBJECT name="dung_room1_obj_water_02.elu">
		</OBJECT>
		<OBJECT name="dung_room1_obj_water_03.elu">
		</OBJECT>
	</OBJECTLIST>
	<DUMMYLIST>
		<DUMMY name="snd_amb_a1_wind 01">
			<POSITION>0.0000000 0.0000000 0.0000000</POSITION>
			<DIRECTION>0.0000000 1.0000000 0.0000000</DIRECTION>
		</DUMMY>
		<DUMMY name="spawn_solo_101">
			<POSITION>2503.2082520 4648.8461914 160.2607880</POSITION>
			<DIRECTION>0.0000000 1.0000000 0.0000000</DIRECTION>
		</DUMMY>
		<DUMMY name="spawn_solo_102">
			<POSITION>2503.2082520 4332.2871094 160.2607880</POSITION>
			<DIRECTION>0.0000000 -1.0000000 0.0000000</DIRECTION>
		</DUMMY>
		<DUMMY name="spawn_solo_103">
			<POSITION>2812.6110840 4360.2636719 160.2607880</POSITION>
			<DIRECTION>0.0000000 -1.0000000 0.0000000</DIRECTION>
		</DUMMY>
		<DUMMY name="spawn_solo_104">
			<POSITION>2812.6110840 4634.7207031 160.2607880</POSITION>
			<DIRECTION>0.0000000 -1.0000000 0.0000000</DIRECTION>
		</DUMMY>
		<DUMMY name="spawn_solo_105">
			<POSITION>2514.7307129 4455.7153320 160.2607880</POSITION>
			<DIRECTION>0.0000000 -1.0000000 0.0000000</DIRECTION>
		</DUMMY>
		<DUMMY name="spawn_solo_106">
			<POSITION>2798.7028809 4198.4394531 160.2607880</POSITION>
			<DIRECTION>0.0000000 -1.0000000 0.0000000</DIRECTION>
		</DUMMY>
		<DUMMY name="spawn_solo_107">
			<POSITION>2798.7028809 4467.3916016 160.2607880</POSITION>
			<DIRECTION>0.0000000 -1.0000000 0.0000000</DIRECTION>
		</DUMMY>
		<DUMMY name="spawn_solo_108">
			<POSITION>2503.2082520 4170.2172852 160.2607880</POSITION>
			<DIRECTION>0.0000000 -1.0000000 0.0000000</DIRECTION>
		</DUMMY>
		<DUMMY name="spawn_npc_melee_01">
			<POSITION>2448.9614258 3216.1162109 118.8313904</POSITION>
			<DIRECTION>0.0000000 1.0000000 0.0000000</DIRECTION>
		</DUMMY>
		<DUMMY name="spawn_npc_melee_02">
			<POSITION>2802.7553711 2858.4519043 106.8331909</POSITION>
			<DIRECTION>0.0000000 1.0000000 0.0000000</DIRECTION>
		</DUMMY>
		<DUMMY name="spawn_npc_melee_03">
			<POSITION>2038.8658447 2881.2832031 152.4734192</POSITION>
			<DIRECTION>0.0000000 1.0000000 0.0000000</DIRECTION>
		</DUMMY>
		<DUMMY name="spawn_npc_melee_04">
			<POSITION>1259.4560547 3201.2192383 234.4362488</POSITION>
			<DIRECTION>0.0000000 1.0000000 0.0000000</DIRECTION>
		</DUMMY>
		<DUMMY name="spawn_npc_melee_05">
			<POSITION>1436.8867188 2879.4802246 234.4362488</POSITION>
			<DIRECTION>0.0000000 1.0000000 0.0000000</DIRECTION>
		</DUMMY>
		<DUMMY name="spawn_npc_melee_06">
			<POSITION>592.8424072 3207.9145508 152.4734192</POSITION>
			<DIRECTION>0.0000000 1.0000000 0.0000000</DIRECTION>
		</DUMMY>
		<DUMMY name="spawn_npc_melee_07">
			<POSITION>198.5534363 2858.4519043 106.8331909</POSITION>
			<DIRECTION>0.0000000 1.0000000 0.0000000</DIRECTION>
		</DUMMY>
		<DUMMY name="spawn_npc_melee_08">
			<POSITION>-155.2405090 3216.1162109 118.8313904</POSITION>
			<DIRECTION>0.0000000 1.0000000 0.0000000</DIRECTION>
		</DUMMY>
		<DUMMY name="spawn_npc_melee_09">
			<POSITION>198.5534363 2330.1936035 106.8331909</POSITION>
			<DIRECTION>0.0000000 1.0000000 0.0000000</DIRECTION>
		</DUMMY>
		<DUMMY name="spawn_npc_melee_10">
			<POSITION>-154.8589478 1646.6931152 152.4734192</POSITION>
			<DIRECTION>0.0000000 1.0000000 0.0000000</DIRECTION>
		</DUMMY>
		<DUMMY name="spawn_npc_melee_11">
			<POSITION>166.6017456 813.7081299 234.4362488</POSITION>
			<DIRECTION>0.0000000 1.0000000 0.0000000</DIRECTION>
		</DUMMY>
		<DUMMY name="spawn_npc_melee_12">
			<POSITION>-175.5660400 1135.4471436 234.4362488</POSITION>
			<DIRECTION>0.0000000 1.0000000 0.0000000</DIRECTION>
		</DUMMY>
		<DUMMY name="spawn_npc_melee_13">
			<POSITION>359.1492310 439.5315552 234.4362488</POSITION>
			<DIRECTION>0.0000000 1.0000000 0.0000000</DIRECTION>
		</DUMMY>
		<DUMMY name="spawn_npc_melee_14">
			<POSITION>359.1492310 268.4514771 234.4362488</POSITION>
			<DIRECTION>0.0000000 1.0000000 0.0000000</DIRECTION>
		</DUMMY>
		<DUMMY name="spawn_npc_melee_15">
			<POSITION>177.7058411 268.4514771 234.4362488</POSITION>
			<DIRECTION>0.0000000 1.0000000 0.0000000</DIRECTION>
		</DUMMY>
		<DUMMY name="spawn_npc_melee_16">
			<POSITION>177.7058411 433.0408936 234.4362488</POSITION>
			<DIRECTION>0.0000000 1.0000000 0.0000000</DIRECTION>
		</DUMMY>
		<DUMMY name="spawn_npc_melee_17">
			<POSITION>177.7058411 80.9048462 234.4362488</POSITION>
			<DIRECTION>0.0000000 1.0000000 0.0000000</DIRECTION>
		</DUMMY>
		<DUMMY name="spawn_npc_melee_18">
			<POSITION>177.7058411 -83.6845703 234.4362488</POSITION>
			<DIRECTION>0.0000000 1.0000000 0.0000000</DIRECTION>
		</DUMMY>
		<DUMMY name="spawn_npc_melee_19">
			<POSITION>359.1492310 -83.6845703 234.4362488</POSITION>
			<DIRECTION>0.0000000 1.0000000 0.0000000</DIRECTION>
		</DUMMY>
		<DUMMY name="spawn_npc_melee_20">
			<POSITION>359.1492310 87.3955078 234.4362488</POSITION>
			<DIRECTION>0.0000000 1.0000000 0.0000000</DIRECTION>
		</DUMMY>
		<DUMMY name="spawn_npc_melee_21">
			<POSITION>177.7058411 -243.3460083 234.4362488</POSITION>
			<DIRECTION>0.0000000 1.0000000 0.0000000</DIRECTION>
		</DUMMY>
		<DUMMY name="spawn_npc_melee_22">
			<POSITION>177.7058411 -407.9354248 234.4362488</POSITION>
			<DIRECTION>0.0000000 1.0000000 0.0000000</DIRECTION>
		</DUMMY>
		<DUMMY name="spawn_npc_melee_23">
			<POSITION>359.1492310 -407.9354248 234.4362488</POSITION>
			<DIRECTION>0.0000000 1.0000000 0.0000000</DIRECTION>
		</DUMMY>
		<DUMMY name="spawn_npc_melee_24">
			<POSITION>359.1492310 -236.8553467 234.4362488</POSITION>
			<DIRECTION>0.0000000 1.0000000 0.0000000</DIRECTION>
		</DUMMY>
		<DUMMY name="spawn_npc_melee_25">
			<POSITION>-355.2305298 -243.3460083 234.4362488</POSITION>
			<DIRECTION>0.0000000 1.0000000 0.0000000</DIRECTION>
		</DUMMY>
		<DUMMY name="spawn_npc_melee_26">
			<POSITION>-355.2305298 -407.9354248 234.4362488</POSITION>
			<DIRECTION>0.0000000 1.0000000 0.0000000</DIRECTION>
		</DUMMY>
		<DUMMY name="spawn_npc_melee_27">
			<POSITION>-173.7871399 -407.9354248 234.4362488</POSITION>
			<DIRECTION>0.0000000 1.0000000 0.0000000</DIRECTION>
		</DUMMY>
		<DUMMY name="spawn_npc_melee_28">
			<POSITION>-173.7871399 -236.8553467 234.4362488</POSITION>
			<DIRECTION>0.0000000 1.0000000 0.0000000</DIRECTION>
		</DUMMY>
		<DUMMY name="spawn_npc_melee_29">
			<POSITION>-355.2305298 86.6460876 234.4362488</POSITION>
			<DIRECTION>0.0000000 1.0000000 0.0000000</DIRECTION>
		</DUMMY>
		<DUMMY name="spawn_npc_melee_30">
			<POSITION>-355.2305298 -77.9433289 234.4362488</POSITION>
			<DIRECTION>0.0000000 1.0000000 0.0000000</DIRECTION>
		</DUMMY>
		<DUMMY name="spawn_npc_melee_31">
			<POSITION>-173.7871399 -77.9433289 234.4362488</POSITION>
			<DIRECTION>0.0000000 1.0000000 0.0000000</DIRECTION>
		</DUMMY>
		<DUMMY name="spawn_npc_melee_32">
			<POSITION>-173.7871399 93.1367493 234.4362488</POSITION>
			<DIRECTION>0.0000000 1.0000000 0.0000000</DIRECTION>
		</DUMMY>
		<DUMMY name="spawn_npc_melee_33">
			<POSITION>-355.2305298 432.7361755 234.4362488</POSITION>
			<DIRECTION>0.0000000 1.0000000 0.0000000</DIRECTION>
		</DUMMY>
		<DUMMY name="spawn_npc_melee_34">
			<POSITION>-355.2305298 268.1467590 234.4362488</POSITION>
			<DIRECTION>0.0000000 1.0000000 0.0000000</DIRECTION>
		</DUMMY>
		<DUMMY name="spawn_npc_melee_35">
			<POSITION>-173.7871399 268.1467590 234.4362488</POSITION>
			<DIRECTION>0.0000000 1.0000000 0.0000000</DIRECTION>
		</DUMMY>
		<DUMMY name="spawn_npc_melee_36">
			<POSITION>-173.7871399 439.2268372 234.4362488</POSITION>
			<DIRECTION>0.0000000 1.0000000 0.0000000</DIRECTION>
		</DUMMY>
		<DUMMY name="snd_amb_a1_dwater 02">
			<POSITION>0.0000000 0.0000000 0.0000000</POSITION>
			<DIRECTION>0.0000000 1.0000000 0.0000000</DIRECTION>
		</DUMMY>
		<DUMMY name="spawn_npc_range_01">
			<POSITION>-261.9922485 477.8474121 234.4362488</POSITION>
			<DIRECTION>-0.7071067 0.7071068 0.0000000</DIRECTION>
		</DUMMY>
		<DUMMY name="spawn_npc_range_02">
			<POSITION>-141.0203552 356.8755188 234.4362488</POSITION>
			<DIRECTION>-0.7071067 0.7071068 0.0000000</DIRECTION>
		</DUMMY>
		<DUMMY name="spawn_npc_range_03">
			<POSITION>-269.3202209 228.5756836 234.4362488</POSITION>
			<DIRECTION>-0.7071067 0.7071068 0.0000000</DIRECTION>
		</DUMMY>
		<DUMMY name="spawn_npc_range_04">
			<POSITION>-385.7025146 344.9579773 234.4362488</POSITION>
			<DIRECTION>-0.7071067 0.7071068 0.0000000</DIRECTION>
		</DUMMY>
		<DUMMY name="spawn_npc_range_05">
			<POSITION>-261.9922485 131.7573242 234.4362488</POSITION>
			<DIRECTION>-0.7071067 0.7071068 0.0000000</DIRECTION>
		</DUMMY>
		<DUMMY name="spawn_npc_range_06">
			<POSITION>-141.0203705 10.7854309 234.4362488</POSITION>
			<DIRECTION>-0.7071067 0.7071068 0.0000000</DIRECTION>
		</DUMMY>
		<DUMMY name="spawn_npc_range_07">
			<POSITION>-269.3202209 -117.5144119 234.4362488</POSITION>
			<DIRECTION>-0.7071067 0.7071068 0.0000000</DIRECTION>
		</DUMMY>
		<DUMMY name="spawn_npc_range_08">
			<POSITION>-385.7025146 -1.1321106 234.4362488</POSITION>
			<DIRECTION>-0.7071067 0.7071068 0.0000000</DIRECTION>
		</DUMMY>
		<DUMMY name="spawn_npc_range_09">
			<POSITION>-385.7024841 -331.1242065 234.4362488</POSITION>
			<DIRECTION>-0.7071067 0.7071068 0.0000000</DIRECTION>
		</DUMMY>
		<DUMMY name="spawn_npc_range_10">
			<POSITION>-269.3201904 -447.5065308 234.4362488</POSITION>
			<DIRECTION>-0.7071067 0.7071068 0.0000000</DIRECTION>
		</DUMMY>
		<DUMMY name="spawn_npc_range_11">
			<POSITION>-141.0203552 -319.2066650 234.4362488</POSITION>
			<DIRECTION>-0.7071067 0.7071068 0.0000000</DIRECTION>
		</DUMMY>
		<DUMMY name="spawn_npc_range_12">
			<POSITION>-261.9922180 -198.2348022 234.4362488</POSITION>
			<DIRECTION>-0.7071067 0.7071068 0.0000000</DIRECTION>
		</DUMMY>
		<DUMMY name="spawn_npc_range_13">
			<POSITION>266.4755249 477.8474121 234.4362488</POSITION>
			<DIRECTION>-0.7071067 0.7071068 0.0000000</DIRECTION>
		</DUMMY>
		<DUMMY name="spawn_npc_range_14">
			<POSITION>387.4474182 356.8755188 234.4362488</POSITION>
			<DIRECTION>-0.7071067 0.7071068 0.0000000</DIRECTION>
		</DUMMY>
		<DUMMY name="spawn_npc_range_15">
			<POSITION>259.1475525 228.5756836 234.4362488</POSITION>
			<DIRECTION>-0.7071067 0.7071068 0.0000000</DIRECTION>
		</DUMMY>
		<DUMMY name="spawn_npc_range_16">
			<POSITION>142.7652588 344.9579773 234.4362488</POSITION>
			<DIRECTION>-0.7071067 0.7071068 0.0000000</DIRECTION>
		</DUMMY>
		<DUMMY name="spawn_npc_range_17">
			<POSITION>266.4755249 131.7573242 234.4362488</POSITION>
			<DIRECTION>-0.7071067 0.7071068 0.0000000</DIRECTION>
		</DUMMY>
		<DUMMY name="spawn_npc_range_18">
			<POSITION>387.4473877 10.7854309 234.4362488</POSITION>
			<DIRECTION>-0.7071067 0.7071068 0.0000000</DIRECTION>
		</DUMMY>
		<DUMMY name="spawn_npc_range_19">
			<POSITION>259.1475525 -117.5144119 234.4362488</POSITION>
			<DIRECTION>-0.7071067 0.7071068 0.0000000</DIRECTION>
		</DUMMY>
		<DUMMY name="spawn_npc_range_20">
			<POSITION>142.7652588 -1.1321106 234.4362488</POSITION>
			<DIRECTION>-0.7071067 0.7071068 0.0000000</DIRECTION>
		</DUMMY>
		<DUMMY name="spawn_npc_range_21">
			<POSITION>142.7652893 -331.1242065 234.4362488</POSITION>
			<DIRECTION>-0.7071067 0.7071068 0.0000000</DIRECTION>
		</DUMMY>
		<DUMMY name="spawn_npc_range_22">
			<POSITION>259.1475830 -447.5065308 234.4362488</POSITION>
			<DIRECTION>-0.7071067 0.7071068 0.0000000</DIRECTION>
		</DUMMY>
		<DUMMY name="spawn_npc_range_23">
			<POSITION>387.4474182 -319.2066650 234.4362488</POSITION>
			<DIRECTION>-0.7071067 0.7071068 0.0000000</DIRECTION>
		</DUMMY>
		<DUMMY name="spawn_npc_range_24">
			<POSITION>266.4755554 -198.2348022 234.4362488</POSITION>
			<DIRECTION>-0.7071067 0.7071068 0.0000000</DIRECTION>
		</DUMMY>
		<DUMMY name="link01">
			<POSITION>0.0000000 989.0390625 225.0037842</POSITION>
			<DIRECTION>0.0000000 1.0000000 0.0000000</DIRECTION>
		</DUMMY>
		<DUMMY name="link02">
			<POSITION>2792.1762695 3725.8496094 85.1328125</POSITION>
			<DIRECTION>0.0000000 1.0000000 0.0000000</DIRECTION>
		</DUMMY>
		<DUMMY name="wait_pos_01">
			<POSITION>0.0000000 -411.3803711 225.0037842</POSITION>
			<DIRECTION>0.0000000 1.0000000 0.0000000</DIRECTION>
		</DUMMY>
		<DUMMY name="snd_amb_a1_dwater 02">
			<POSITION>0.0000000 3031.8947754 -131.9818420</POSITION>
			<DIRECTION>0.0000000 1.0000000 0.0000000</DIRECTION>
		</DUMMY>
		<DUMMY name="snd_amb_a1_dwater 03">
			<POSITION>2632.8808594 3031.8947754 -131.9818420</POSITION>
			<DIRECTION>0.0000000 1.0000000 0.0000000</DIRECTION>
		</DUMMY>
	</DUMMYLIST>
	<OCCLUSIONLIST>
	</OCCLUSIONLIST>
	<FOG min="600" max="2000">
		<R>45</R>
		<G>55</G>
		<B>45</B>
	</FOG>
	<AMBIENTSOUNDLIST>
		<AMBIENTSOUND ObjName="snd_amb_a1_wind 01" type="a1" filename="amb_wind_hole_2d">
		<CENTER>0.0000000 0.0000000 0.0000000</CENTER>
		<RADIUS>1000</RADIUS>
		</AMBIENTSOUND>
		<AMBIENTSOUND ObjName="snd_amb_a1_dwater 02" type="b1" filename="amb_dwater">
		<CENTER>0.0000000 0.0000000 0.0000000</CENTER>
		<RADIUS>5000</RADIUS>
		</AMBIENTSOUND>
	</AMBIENTSOUNDLIST>
	<GLOBAL>
		<fog_enable>TRUE</fog_enable>
		<fog_min>2500</fog_min>
		<fog_max>6000</fog_max>
		<fog_color>178,204,197</fog_color>
		<far_z>9000</far_z>
	</GLOBAL>
</XML>
