<?xml version="1.0" encoding="UTF-8"?>
<XML>
	<MATERIALLIST>
		<MATERIAL name="Gunz2_gzd_map_Mansion_floor04.bmp">
			<DIFFUSE>1.00000000 1.00000000 1.00000000</DIFFUSE>
			<AMBIENT>1.00000000 1.00000000 1.00000000</AMBIENT>
			<SPECULAR>1.00000000 1.00000000 1.00000000</SPECULAR>
			<DIFFUSEMAP>Gunz2/gzd_map_Mansion_floor04.bmp</DIFFUSEMAP>
		</MATERIAL>
		<MATERIAL name="Gunz2_gzd_map_Mansion_wall01.bmp">
			<DIFFUSE>1.00000000 1.00000000 1.00000000</DIFFUSE>
			<AMBIENT>1.00000000 1.00000000 1.00000000</AMBIENT>
			<SPECULAR>1.00000000 1.00000000 1.00000000</SPECULAR>
			<DIFFUSEMAP>Gunz2/gzd_map_Mansion_wall01.bmp</DIFFUSEMAP>
		</MATERIAL>
		<MATERIAL name="Gunz2_gzd_map_Mansion_floor01.bmp">
			<DIFFUSE>1.00000000 1.00000000 1.00000000</DIFFUSE>
			<AMBIENT>1.00000000 1.00000000 1.00000000</AMBIENT>
			<SPECULAR>1.00000000 1.00000000 1.00000000</SPECULAR>
			<DIFFUSEMAP>Gunz2/gzd_map_Mansion_floor01.bmp</DIFFUSEMAP>
		</MATERIAL>
		<MATERIAL name="gunz_Box002">
			<DIFFUSE>1.00000000 1.00000000 1.00000000</DIFFUSE>
			<AMBIENT>1.00000000 1.00000000 1.00000000</AMBIENT>
			<SPECULAR>1.00000000 1.00000000 1.00000000</SPECULAR>
			<DIFFUSEMAP>gunz/Box002.tga</DIFFUSEMAP>
		</MATERIAL>
		<MATERIAL name="pLuKe_Floor_red032">
			<DIFFUSE>1.00000000 1.00000000 1.00000000</DIFFUSE>
			<AMBIENT>1.00000000 1.00000000 1.00000000</AMBIENT>
			<SPECULAR>1.00000000 1.00000000 1.00000000</SPECULAR>
			<DIFFUSEMAP>pLuKe/Floor_red032.tga</DIFFUSEMAP>
		</MATERIAL>
		<MATERIAL name="gunz_Floor032">
			<DIFFUSE>1.00000000 1.00000000 1.00000000</DIFFUSE>
			<AMBIENT>1.00000000 1.00000000 1.00000000</AMBIENT>
			<SPECULAR>1.00000000 1.00000000 1.00000000</SPECULAR>
			<DIFFUSEMAP>gunz/Floor032.tga</DIFFUSEMAP>
		</MATERIAL>
		<MATERIAL name="shader2_shad_glass03">
			<DIFFUSE>1.00000000 1.00000000 1.00000000</DIFFUSE>
			<AMBIENT>1.00000000 1.00000000 1.00000000</AMBIENT>
			<SPECULAR>1.00000000 1.00000000 1.00000000</SPECULAR>
			<DIFFUSEMAP>shader2/glass03.tga</DIFFUSEMAP>
			<ADDITIVE/>
		</MATERIAL>
		<MATERIAL name="Gunz2_gzd_map_Castle_wall04.bmp">
			<DIFFUSE>1.00000000 1.00000000 1.00000000</DIFFUSE>
			<AMBIENT>1.00000000 1.00000000 1.00000000</AMBIENT>
			<SPECULAR>1.00000000 1.00000000 1.00000000</SPECULAR>
			<DIFFUSEMAP>Gunz2/gzd_map_Castle_wall04.bmp</DIFFUSEMAP>
		</MATERIAL>
		<MATERIAL name="Gunz2_gzd_map_Mansion_wall07.bmp">
			<DIFFUSE>1.00000000 1.00000000 1.00000000</DIFFUSE>
			<AMBIENT>1.00000000 1.00000000 1.00000000</AMBIENT>
			<SPECULAR>1.00000000 1.00000000 1.00000000</SPECULAR>
			<DIFFUSEMAP>Gunz2/gzd_map_Mansion_wall07.bmp</DIFFUSEMAP>
		</MATERIAL>
		<MATERIAL name="Gunz2_gzd_map_Mansion_wall01_1.bmp">
			<DIFFUSE>1.00000000 1.00000000 1.00000000</DIFFUSE>
			<AMBIENT>1.00000000 1.00000000 1.00000000</AMBIENT>
			<SPECULAR>1.00000000 1.00000000 1.00000000</SPECULAR>
			<DIFFUSEMAP>Gunz2/gzd_map_Mansion_wall01_1.bmp</DIFFUSEMAP>
		</MATERIAL>
		<MATERIAL name="Shader6_red_shader">
			<DIFFUSE>1.00000000 1.00000000 1.00000000</DIFFUSE>
			<AMBIENT>1.00000000 1.00000000 1.00000000</AMBIENT>
			<SPECULAR>1.00000000 1.00000000 1.00000000</SPECULAR>
			<DIFFUSEMAP>Shader6/red.tga</DIFFUSEMAP>
			<ADDITIVE/>
		</MATERIAL>
		<MATERIAL name="Shader5_blue_shader">
			<DIFFUSE>1.00000000 1.00000000 1.00000000</DIFFUSE>
			<AMBIENT>1.00000000 1.00000000 1.00000000</AMBIENT>
			<SPECULAR>1.00000000 1.00000000 1.00000000</SPECULAR>
			<DIFFUSEMAP>Shader5/blue.tga</DIFFUSEMAP>
			<ADDITIVE/>
		</MATERIAL>
		<MATERIAL name="Gunz2_gzd_map_Mansion_wall03.bmp">
			<DIFFUSE>1.00000000 1.00000000 1.00000000</DIFFUSE>
			<AMBIENT>1.00000000 1.00000000 1.00000000</AMBIENT>
			<SPECULAR>1.00000000 1.00000000 1.00000000</SPECULAR>
			<DIFFUSEMAP>Gunz2/gzd_map_Mansion_wall03.bmp</DIFFUSEMAP>
		</MATERIAL>
		<MATERIAL name="NULL">
			<DIFFUSE>1.00000000 1.00000000 1.00000000</DIFFUSE>
			<AMBIENT>1.00000000 1.00000000 1.00000000</AMBIENT>
			<SPECULAR>1.00000000 1.00000000 1.00000000</SPECULAR>
			<DIFFUSEMAP>null</DIFFUSEMAP>
		</MATERIAL>
	</MATERIALLIST>
	<DUMMYLIST>
		<DUMMY name="spawn_solo_101">
			<POSITION>1544.00000000 -1824.00000000 32.00000000</POSITION>
			<DIRECTION>-1.00000000 0.00000000 0.00000000</DIRECTION>
		</DUMMY>
		<DUMMY name="spawn_solo_102">
			<POSITION>3840.00000000 1024.00000000 640.00000000</POSITION>
			<DIRECTION>-1.00000000 0.00000000 0.00000000</DIRECTION>
		</DUMMY>
		<DUMMY name="spawn_solo_103">
			<POSITION>4168.00000000 1896.00000000 32.00000000</POSITION>
			<DIRECTION>-1.00000000 0.00000000 0.00000000</DIRECTION>
		</DUMMY>
		<DUMMY name="spawn_solo_104">
			<POSITION>2888.00000000 2192.00000000 32.00000000</POSITION>
			<DIRECTION>0.00000000 1.00000000 0.00000000</DIRECTION>
		</DUMMY>
		<DUMMY name="spawn_solo_105">
			<POSITION>2304.00000000 288.00000000 32.00000000</POSITION>
			<DIRECTION>0.00000000 1.00000000 0.00000000</DIRECTION>
		</DUMMY>
		<DUMMY name="spawn_solo_106">
			<POSITION>1544.00000000 -1824.00000000 -480.00000000</POSITION>
			<DIRECTION>-1.00000000 0.00000000 0.00000000</DIRECTION>
		</DUMMY>
		<DUMMY name="spawn_solo_107">
			<POSITION>1544.00000000 288.00000000 32.00000000</POSITION>
			<DIRECTION>0.00000000 1.00000000 0.00000000</DIRECTION>
		</DUMMY>
		<DUMMY name="spawn_solo_108">
			<POSITION>912.00000000 2192.00000000 32.00000000</POSITION>
			<DIRECTION>0.00000000 1.00000000 0.00000000</DIRECTION>
		</DUMMY>
		<DUMMY name="spawn_solo_109">
			<POSITION>0.00000000 1376.00000000 480.00000000</POSITION>
			<DIRECTION>-1.00000000 0.00000000 0.00000000</DIRECTION>
		</DUMMY>
		<DUMMY name="spawn_solo_110">
			<POSITION>-192.00000000 1024.00000000 32.00000000</POSITION>
			<DIRECTION>-0.00000000 -1.00000000 0.00000000</DIRECTION>
		</DUMMY>
		<DUMMY name="spawn_team1_101">
			<POSITION>-160.00000000 1568.00000000 480.00000000</POSITION>
			<DIRECTION>1.00000000 -0.00000000 0.00000000</DIRECTION>
		</DUMMY>
		<DUMMY name="spawn_team1_102">
			<POSITION>-160.00000000 1440.00000000 480.00000000</POSITION>
			<DIRECTION>1.00000000 -0.00000000 0.00000000</DIRECTION>
		</DUMMY>
		<DUMMY name="spawn_team1_103">
			<POSITION>-160.00000000 1312.00000000 480.00000000</POSITION>
			<DIRECTION>1.00000000 -0.00000000 0.00000000</DIRECTION>
		</DUMMY>
		<DUMMY name="spawn_team1_104">
			<POSITION>-160.00000000 1184.00000000 480.00000000</POSITION>
			<DIRECTION>1.00000000 -0.00000000 0.00000000</DIRECTION>
		</DUMMY>
		<DUMMY name="spawn_team1_105">
			<POSITION>160.00000000 1568.00000000 480.00000000</POSITION>
			<DIRECTION>1.00000000 -0.00000000 0.00000000</DIRECTION>
		</DUMMY>
		<DUMMY name="spawn_team1_106">
			<POSITION>160.00000000 1440.00000000 480.00000000</POSITION>
			<DIRECTION>1.00000000 -0.00000000 0.00000000</DIRECTION>
		</DUMMY>
		<DUMMY name="spawn_team1_107">
			<POSITION>160.00000000 1312.00000000 480.00000000</POSITION>
			<DIRECTION>1.00000000 -0.00000000 0.00000000</DIRECTION>
		</DUMMY>
		<DUMMY name="spawn_team1_108">
			<POSITION>160.00000000 1184.00000000 480.00000000</POSITION>
			<DIRECTION>1.00000000 -0.00000000 0.00000000</DIRECTION>
		</DUMMY>
		<DUMMY name="spawn_team2_101">
			<POSITION>4296.00000000 1824.00000000 640.00000000</POSITION>
			<DIRECTION>-1.00000000 0.00000000 0.00000000</DIRECTION>
		</DUMMY>
		<DUMMY name="spawn_team2_102">
			<POSITION>4296.00000000 1696.00000000 640.00000000</POSITION>
			<DIRECTION>-1.00000000 0.00000000 0.00000000</DIRECTION>
		</DUMMY>
		<DUMMY name="spawn_team2_103">
			<POSITION>4296.00000000 1568.00000000 640.00000000</POSITION>
			<DIRECTION>-1.00000000 0.00000000 0.00000000</DIRECTION>
		</DUMMY>
		<DUMMY name="spawn_team2_104">
			<POSITION>4296.00000000 1440.00000000 640.00000000</POSITION>
			<DIRECTION>-1.00000000 0.00000000 0.00000000</DIRECTION>
		</DUMMY>
		<DUMMY name="spawn_team2_105">
			<POSITION>4296.00000000 1312.00000000 640.00000000</POSITION>
			<DIRECTION>-1.00000000 0.00000000 0.00000000</DIRECTION>
		</DUMMY>
		<DUMMY name="spawn_team2_106">
			<POSITION>4296.00000000 1184.00000000 640.00000000</POSITION>
			<DIRECTION>-1.00000000 0.00000000 0.00000000</DIRECTION>
		</DUMMY>
		<DUMMY name="spawn_team2_107">
			<POSITION>4296.00000000 1056.00000000 640.00000000</POSITION>
			<DIRECTION>-1.00000000 0.00000000 0.00000000</DIRECTION>
		</DUMMY>
		<DUMMY name="spawn_team2_108">
			<POSITION>4296.00000000 928.00000000 640.00000000</POSITION>
			<DIRECTION>-1.00000000 0.00000000 0.00000000</DIRECTION>
		</DUMMY>
		<DUMMY name="spawn_solo_111">
			<POSITION>664.00000000 112.00000000 32.00000000</POSITION>
			<DIRECTION>-1.00000000 0.00000000 0.00000000</DIRECTION>
		</DUMMY>
		<DUMMY name="spawn_solo_112">
			<POSITION>2304.00000000 -1784.00000000 32.00000000</POSITION>
			<DIRECTION>-1.00000000 0.00000000 0.00000000</DIRECTION>
		</DUMMY>
		<DUMMY name="spawn_solo_113">
			<POSITION>3064.00000000 280.00000000 32.00000000</POSITION>
			<DIRECTION>-1.00000000 0.00000000 0.00000000</DIRECTION>
		</DUMMY>
		<DUMMY name="spawn_solo_114">
			<POSITION>2312.00000000 -1800.00000000 -480.00000000</POSITION>
			<DIRECTION>-1.00000000 0.00000000 0.00000000</DIRECTION>
		</DUMMY>
		<DUMMY name="spawn_solo_115">
			<POSITION>2456.00000000 -600.00000000 -480.00000000</POSITION>
			<DIRECTION>-1.00000000 0.00000000 0.00000000</DIRECTION>
		</DUMMY>
		<DUMMY name="spawn_solo_116">
			<POSITION>1416.00000000 -568.00000000 -480.00000000</POSITION>
			<DIRECTION>-1.00000000 0.00000000 0.00000000</DIRECTION>
		</DUMMY>
		<DUMMY name="spawn_solo_117">
			<POSITION>1928.00000000 -592.00000000 -480.00000000</POSITION>
			<DIRECTION>-1.00000000 0.00000000 0.00000000</DIRECTION>
		</DUMMY>
		<DUMMY name="spawn_solo_118">
			<POSITION>3400.00000000 2160.00000000 272.00000000</POSITION>
			<DIRECTION>-1.00000000 0.00000000 0.00000000</DIRECTION>
		</DUMMY>
		<DUMMY name="spawn_solo_119">
			<POSITION>456.00000000 2160.00000000 272.00000000</POSITION>
			<DIRECTION>-1.00000000 0.00000000 0.00000000</DIRECTION>
		</DUMMY>
	</DUMMYLIST>
</XML>
