<?xml version="1.0"?>
<XML>
	<MATERIALLIST>
		<MATERIAL name="Standard_2">
			<DIFFUSE>0.5880000 0.5880000 0.5880000</DIFFUSE>
			<AMBIENT>0.5880000 0.5880000 0.5880000</AMBIENT>
			<SPECULAR>0.9000000 0.9000000 0.9000000</SPECULAR>
			<DIFFUSEMAP>917d5761.dds</DIFFUSEMAP>
		</MATERIAL>
		<MATERIAL name="pasted__d5761_dds">
			<DIFFUSE>0.0000000 0.0000000 0.0000000</DIFFUSE>
			<AMBIENT>0.7000000 0.7000000 0.7000000</AMBIENT>
			<SPECULAR>0.1000000 0.1000000 0.1000000</SPECULAR>
			<DIFFUSEMAP>917d5761.dds</DIFFUSEMAP>
		</MATERIAL>
		<MATERIAL name="Standard_7">
			<DIFFUSE>0.5880000 0.5880000 0.5880000</DIFFUSE>
			<AMBIENT>0.5880000 0.5880000 0.5880000</AMBIENT>
			<SPECULAR>0.9000000 0.9000000 0.9000000</SPECULAR>
			<DIFFUSEMAP>917d5761c4.dds</DIFFUSEMAP>
		</MATERIAL>
		<MATERIAL name="Standard_8">
			<DIFFUSE>0.5880000 0.5880000 0.5880000</DIFFUSE>
			<AMBIENT>0.5880000 0.5880000 0.5880000</AMBIENT>
			<SPECULAR>0.9000000 0.9000000 0.9000000</SPECULAR>
			<DIFFUSEMAP>ddfac97e.dds</DIFFUSEMAP>
			<TWOSIDED/>
		</MATERIAL>
		<MATERIAL name="Standard_1">
			<DIFFUSE>0.5880000 0.5880000 0.5880000</DIFFUSE>
			<AMBIENT>0.5880000 0.5880000 0.5880000</AMBIENT>
			<SPECULAR>0.9000000 0.9000000 0.9000000</SPECULAR>
			<DIFFUSEMAP>text2.dds</DIFFUSEMAP>
		</MATERIAL>
		<MATERIAL name="Standard_3">
			<DIFFUSE>0.5880000 0.5880000 0.5880000</DIFFUSE>
			<AMBIENT>0.5880000 0.5880000 0.5880000</AMBIENT>
			<SPECULAR>0.9000000 0.9000000 0.9000000</SPECULAR>
			<DIFFUSEMAP>text2.dds</DIFFUSEMAP>
		</MATERIAL>
		<MATERIAL name="Material #158">
			<DIFFUSE>0.5880000 0.5880000 0.5880000</DIFFUSE>
			<AMBIENT>0.5880000 0.5880000 0.5880000</AMBIENT>
			<SPECULAR>0.9000000 0.9000000 0.9000000</SPECULAR>
			<DIFFUSEMAP></DIFFUSEMAP>
		</MATERIAL>
		<MATERIAL name="Material #159">
			<DIFFUSE>0.5880000 0.5880000 0.5880000</DIFFUSE>
			<AMBIENT>0.5880000 0.5880000 0.5880000</AMBIENT>
			<SPECULAR>0.9000000 0.9000000 0.9000000</SPECULAR>
			<DIFFUSEMAP></DIFFUSEMAP>
		</MATERIAL>
		<MATERIAL name="Material #160">
			<DIFFUSE>0.5880000 0.5880000 0.5880000</DIFFUSE>
			<AMBIENT>0.5880000 0.5880000 0.5880000</AMBIENT>
			<SPECULAR>0.9000000 0.9000000 0.9000000</SPECULAR>
			<DIFFUSEMAP></DIFFUSEMAP>
		</MATERIAL>
		<MATERIAL name="Material #161">
			<DIFFUSE>0.5880000 0.5880000 0.5880000</DIFFUSE>
			<AMBIENT>0.5880000 0.5880000 0.5880000</AMBIENT>
			<SPECULAR>0.9000000 0.9000000 0.9000000</SPECULAR>
			<DIFFUSEMAP></DIFFUSEMAP>
		</MATERIAL>
		<MATERIAL name="Material #162">
			<DIFFUSE>0.5880000 0.5880000 0.5880000</DIFFUSE>
			<AMBIENT>0.5880000 0.5880000 0.5880000</AMBIENT>
			<SPECULAR>0.9000000 0.9000000 0.9000000</SPECULAR>
			<DIFFUSEMAP></DIFFUSEMAP>
		</MATERIAL>
		<MATERIAL name="Material #163">
			<DIFFUSE>0.5880000 0.5880000 0.5880000</DIFFUSE>
			<AMBIENT>0.5880000 0.5880000 0.5880000</AMBIENT>
			<SPECULAR>0.9000000 0.9000000 0.9000000</SPECULAR>
			<DIFFUSEMAP></DIFFUSEMAP>
		</MATERIAL>
		<MATERIAL name="Material #164">
			<DIFFUSE>0.5880000 0.5880000 0.5880000</DIFFUSE>
			<AMBIENT>0.5880000 0.5880000 0.5880000</AMBIENT>
			<SPECULAR>0.9000000 0.9000000 0.9000000</SPECULAR>
			<DIFFUSEMAP></DIFFUSEMAP>
		</MATERIAL>
		<MATERIAL name="Material #165">
			<DIFFUSE>0.5880000 0.5880000 0.5880000</DIFFUSE>
			<AMBIENT>0.5880000 0.5880000 0.5880000</AMBIENT>
			<SPECULAR>0.9000000 0.9000000 0.9000000</SPECULAR>
			<DIFFUSEMAP></DIFFUSEMAP>
		</MATERIAL>
		<MATERIAL name="Material #166">
			<DIFFUSE>0.5880000 0.5880000 0.5880000</DIFFUSE>
			<AMBIENT>0.5880000 0.5880000 0.5880000</AMBIENT>
			<SPECULAR>0.9000000 0.9000000 0.9000000</SPECULAR>
			<DIFFUSEMAP></DIFFUSEMAP>
		</MATERIAL>
		<MATERIAL name="Material #167">
			<DIFFUSE>0.5880000 0.5880000 0.5880000</DIFFUSE>
			<AMBIENT>0.5880000 0.5880000 0.5880000</AMBIENT>
			<SPECULAR>0.9000000 0.9000000 0.9000000</SPECULAR>
			<DIFFUSEMAP></DIFFUSEMAP>
		</MATERIAL>
		<MATERIAL name="Standard_9">
			<DIFFUSE>0.5880000 0.5880000 0.5880000</DIFFUSE>
			<AMBIENT>0.5880000 0.5880000 0.5880000</AMBIENT>
			<SPECULAR>0.9000000 0.9000000 0.9000000</SPECULAR>
			<DIFFUSEMAP>t342bord3.dds</DIFFUSEMAP>
			<TWOSIDED/>
			<USEOPACITY/>
		</MATERIAL>
		<MATERIAL name="pasted__f2ca4338_dds">
			<DIFFUSE>0.0000000 0.0000000 0.0000000</DIFFUSE>
			<AMBIENT>0.7000000 0.7000000 0.7000000</AMBIENT>
			<SPECULAR>0.1000000 0.1000000 0.1000000</SPECULAR>
			<DIFFUSEMAP>f2ca4338.dds</DIFFUSEMAP>
		</MATERIAL>
		<MATERIAL name="pasted__b57e7a8_dds">
			<DIFFUSE>0.0000000 0.0000000 0.0000000</DIFFUSE>
			<AMBIENT>0.7000000 0.7000000 0.7000000</AMBIENT>
			<SPECULAR>0.1000000 0.1000000 0.1000000</SPECULAR>
			<DIFFUSEMAP>text2.dds</DIFFUSEMAP>
		</MATERIAL>
		<MATERIAL name="cb11096f_dds">
			<DIFFUSE>0.7000000 0.7000000 0.7000000</DIFFUSE>
			<AMBIENT>0.7000000 0.7000000 0.7000000</AMBIENT>
			<SPECULAR>0.1000000 0.1000000 0.1000000</SPECULAR>
			<DIFFUSEMAP>cb11096f.dds</DIFFUSEMAP>
		</MATERIAL>
		<MATERIAL name="pasted__e0fa4608_dds">
			<DIFFUSE>0.0000000 0.0000000 0.0000000</DIFFUSE>
			<AMBIENT>0.7000000 0.7000000 0.7000000</AMBIENT>
			<SPECULAR>0.1000000 0.1000000 0.1000000</SPECULAR>
			<DIFFUSEMAP>e0fa4608.dds</DIFFUSEMAP>
		</MATERIAL>
		<MATERIAL name="pasted__b6a4_dds">
			<DIFFUSE>0.0000000 0.0000000 0.0000000</DIFFUSE>
			<AMBIENT>0.7000000 0.7000000 0.7000000</AMBIENT>
			<SPECULAR>0.1000000 0.1000000 0.1000000</SPECULAR>
			<DIFFUSEMAP>6619b6a4.dds</DIFFUSEMAP>
		</MATERIAL>
		<MATERIAL name="Standard_19">
			<DIFFUSE>0.5880000 0.5880000 0.5880000</DIFFUSE>
			<AMBIENT>0.5880000 0.5880000 0.5880000</AMBIENT>
			<SPECULAR>0.9000000 0.9000000 0.9000000</SPECULAR>
			<DIFFUSEMAP>ZSVIP.png</DIFFUSEMAP>
		</MATERIAL>
		<MATERIAL name="aa0ce36d_dds">
			<DIFFUSE>0.7000000 0.7000000 0.7000000</DIFFUSE>
			<AMBIENT>0.7000000 0.7000000 0.7000000</AMBIENT>
			<SPECULAR>0.1000000 0.1000000 0.1000000</SPECULAR>
			<DIFFUSEMAP>aa0ce36d.dds</DIFFUSEMAP>
		</MATERIAL>
	</MATERIALLIST>
	<LIGHTLIST>
	</LIGHTLIST>
	<OBJECTLIST>
	</OBJECTLIST>
	<DUMMYLIST>
		<DUMMY name="spawn_team1_101">
			<POSITION>-647.5438843 5687.4555664 352.8007813</POSITION>
			<DIRECTION>-0.0000002 0.9999999 0.0000000</DIRECTION>
		</DUMMY>
		<DUMMY name="spawn_solo_101">
			<POSITION>-449.4746094 6713.5185547 494.3406677</POSITION>
			<DIRECTION>0.0000000 0.9999999 0.0000000</DIRECTION>
		</DUMMY>
		<DUMMY name="spawn_team2_101">
			<POSITION>360.6934204 19026.7363281 -300.1390381</POSITION>
			<DIRECTION>0.0000000 0.9999999 0.0000000</DIRECTION>
		</DUMMY>
		<DUMMY name="spawn_solo_102">
			<POSITION>-615.2767334 7018.3847656 494.3406982</POSITION>
			<DIRECTION>0.0000000 0.9999999 0.0000000</DIRECTION>
		</DUMMY>
		<DUMMY name="spawn_solo_103">
			<POSITION>330.5717773 7012.0488281 494.3406982</POSITION>
			<DIRECTION>-0.0000002 0.9999999 0.0000000</DIRECTION>
		</DUMMY>
		<DUMMY name="spawn_solo_104">
			<POSITION>-329.8101807 8789.8173828 494.3406982</POSITION>
			<DIRECTION>0.0000000 0.9999999 0.0000000</DIRECTION>
		</DUMMY>
		<DUMMY name="spawn_solo_105">
			<POSITION>137.4189453 6727.6982422 494.3406982</POSITION>
			<DIRECTION>-0.0000002 0.9999999 0.0000000</DIRECTION>
		</DUMMY>
		<DUMMY name="spawn_solo_106">
			<POSITION>-312.7027588 9364.2294922 494.3406677</POSITION>
			<DIRECTION>0.0000000 0.9999999 0.0000000</DIRECTION>
		</DUMMY>
		<DUMMY name="spawn_solo_107">
			<POSITION>3.1428223 6408.6523438 494.3406982</POSITION>
			<DIRECTION>0.0000000 0.9999999 0.0000000</DIRECTION>
		</DUMMY>
		<DUMMY name="spawn_solo_108">
			<POSITION>-263.1457520 7301.2548828 494.3406677</POSITION>
			<DIRECTION>0.0000000 0.9999999 0.0000000</DIRECTION>
		</DUMMY>
		<DUMMY name="spawn_solo_109">
			<POSITION>-333.6512451 8497.1796875 494.3406677</POSITION>
			<DIRECTION>0.0000000 0.9999999 0.0000000</DIRECTION>
		</DUMMY>
		<DUMMY name="spawn_solo_110">
			<POSITION>26.0053711 9364.2294922 494.3406677</POSITION>
			<DIRECTION>0.0000000 0.9999999 0.0000000</DIRECTION>
		</DUMMY>
		<DUMMY name="spawn_solo_111">
			<POSITION>24.7927246 9650.8916016 494.3406982</POSITION>
			<DIRECTION>0.0000000 0.9999999 0.0000000</DIRECTION>
		</DUMMY>
		<DUMMY name="spawn_solo_112">
			<POSITION>107.9129639 7880.3691406 494.3406982</POSITION>
			<DIRECTION>0.0000000 0.9999999 0.0000000</DIRECTION>
		</DUMMY>
		<DUMMY name="spawn_solo_113">
			<POSITION>321.5239258 7301.2548828 494.3406677</POSITION>
			<DIRECTION>0.0000000 0.9999999 0.0000000</DIRECTION>
		</DUMMY>
		<DUMMY name="spawn_solo_114">
			<POSITION>69.7288818 8789.8173828 494.3406982</POSITION>
			<DIRECTION>-0.0000002 0.9999999 0.0000000</DIRECTION>
		</DUMMY>
		<DUMMY name="spawn_solo_115">
			<POSITION>83.2827148 8497.1796875 494.3406677</POSITION>
			<DIRECTION>-0.0000002 0.9999999 0.0000000</DIRECTION>
		</DUMMY>
		<DUMMY name="spawn_solo_116">
			<POSITION>-330.8963623 8199.9375000 494.3406982</POSITION>
			<DIRECTION>-0.0000002 0.9999999 0.0000000</DIRECTION>
		</DUMMY>
		<DUMMY name="spawn_solo_117">
			<POSITION>55.3372803 9071.9462891 494.3406677</POSITION>
			<DIRECTION>-0.0000002 0.9999999 0.0000000</DIRECTION>
		</DUMMY>
		<DUMMY name="spawn_solo_118">
			<POSITION>-310.1918945 9971.7441406 494.3406982</POSITION>
			<DIRECTION>0.0000000 0.9999999 0.0000000</DIRECTION>
		</DUMMY>
		<DUMMY name="spawn_solo_119">
			<POSITION>-333.4792480 7880.3691406 494.3406982</POSITION>
			<DIRECTION>0.0000000 0.9999999 0.0000000</DIRECTION>
		</DUMMY>
		<DUMMY name="spawn_solo_120">
			<POSITION>659.0306396 7298.5810547 494.3406677</POSITION>
			<DIRECTION>0.0000000 0.9999999 0.0000000</DIRECTION>
		</DUMMY>
		<DUMMY name="spawn_solo_121">
			<POSITION>103.1085205 8199.9375000 494.3406677</POSITION>
			<DIRECTION>0.0000000 0.9999999 0.0000000</DIRECTION>
		</DUMMY>
		<DUMMY name="spawn_solo_122">
			<POSITION>-852.9050293 7301.2548828 494.3406982</POSITION>
			<DIRECTION>0.0000000 0.9999999 0.0000000</DIRECTION>
		</DUMMY>
		<DUMMY name="spawn_solo_123">
			<POSITION>-321.5118408 9081.9726563 494.3406677</POSITION>
			<DIRECTION>0.0000000 0.9999999 0.0000000</DIRECTION>
		</DUMMY>
		<DUMMY name="spawn_solo_124">
			<POSITION>-283.5913696 6093.8134766 494.3405762</POSITION>
			<DIRECTION>0.0000000 0.9999999 0.0000000</DIRECTION>
		</DUMMY>
		<DUMMY name="spawn_solo_125">
			<POSITION>-304.7607422 7025.7851563 494.3406677</POSITION>
			<DIRECTION>-0.0000002 0.9999999 0.0000000</DIRECTION>
		</DUMMY>
		<DUMMY name="spawn_solo_126">
			<POSITION>-152.6044922 6720.6083984 494.3406982</POSITION>
			<DIRECTION>-0.0000002 0.9999999 0.0000000</DIRECTION>
		</DUMMY>
		<DUMMY name="spawn_solo_127">
			<POSITION>-566.9102783 7301.2548828 494.3406982</POSITION>
			<DIRECTION>0.0000000 0.9999999 0.0000000</DIRECTION>
		</DUMMY>
		<DUMMY name="spawn_solo_128">
			<POSITION>-307.1914063 6403.0112305 494.3406982</POSITION>
			<DIRECTION>0.0000000 0.9999999 0.0000000</DIRECTION>
		</DUMMY>
		<DUMMY name="spawn_solo_129">
			<POSITION>35.7680664 7011.6049805 494.3406677</POSITION>
			<DIRECTION>0.0000000 0.9999999 0.0000000</DIRECTION>
		</DUMMY>
		<DUMMY name="spawn_solo_130">
			<POSITION>-313.8934326 9665.9316406 494.3406677</POSITION>
			<DIRECTION>0.0000000 0.9999999 0.0000000</DIRECTION>
		</DUMMY>
		<DUMMY name="spawn_solo_131">
			<POSITION>10.9774170 9948.7949219 494.3406677</POSITION>
			<DIRECTION>0.0000000 0.9999999 0.0000000</DIRECTION>
		</DUMMY>
		<DUMMY name="spawn_solo_132">
			<POSITION>31.5312500 7301.2548828 494.3406982</POSITION>
			<DIRECTION>0.0000000 0.9999999 0.0000000</DIRECTION>
		</DUMMY>
		<DUMMY name="spawn_team2_102">
			<POSITION>27.1807098 19026.7363281 -300.1390381</POSITION>
			<DIRECTION>0.0000000 0.9999999 0.0000000</DIRECTION>
		</DUMMY>
		<DUMMY name="spawn_team1_102">
			<POSITION>-314.0324097 5687.4555664 352.8007813</POSITION>
			<DIRECTION>-0.0000002 0.9999999 0.0000000</DIRECTION>
		</DUMMY>
		<DUMMY name="spawn_team2_103">
			<POSITION>-306.3329468 19026.7363281 -300.1390381</POSITION>
			<DIRECTION>0.0000000 0.9999999 0.0000000</DIRECTION>
		</DUMMY>
		<DUMMY name="spawn_team1_103">
			<POSITION>19.4793091 5687.4555664 352.8007813</POSITION>
			<DIRECTION>-0.0000002 0.9999999 0.0000000</DIRECTION>
		</DUMMY>
		<DUMMY name="spawn_team2_104">
			<POSITION>-639.8456421 19026.7363281 -300.1390381</POSITION>
			<DIRECTION>0.0000000 0.9999999 0.0000000</DIRECTION>
		</DUMMY>
		<DUMMY name="spawn_team1_104">
			<POSITION>352.9949341 5687.4555664 352.8007813</POSITION>
			<DIRECTION>-0.0000002 0.9999999 0.0000000</DIRECTION>
		</DUMMY>
		<DUMMY name="spawn_team2_105">
			<POSITION>374.9072876 18650.7753906 -300.1390381</POSITION>
			<DIRECTION>0.0000000 0.9999999 0.0000000</DIRECTION>
		</DUMMY>
		<DUMMY name="spawn_team1_105">
			<POSITION>-659.8485718 6088.3818359 352.8007813</POSITION>
			<DIRECTION>-0.0000002 0.9999999 0.0000000</DIRECTION>
		</DUMMY>
		<DUMMY name="spawn_team2_106">
			<POSITION>41.3936005 18650.7753906 -300.1390381</POSITION>
			<DIRECTION>0.0000000 0.9999999 0.0000000</DIRECTION>
		</DUMMY>
		<DUMMY name="spawn_team1_106">
			<POSITION>-326.3331909 6088.3818359 352.8007813</POSITION>
			<DIRECTION>-0.0000002 0.9999999 0.0000000</DIRECTION>
		</DUMMY>
		<DUMMY name="spawn_team2_107">
			<POSITION>-292.1190796 18650.7753906 -300.1390381</POSITION>
			<DIRECTION>0.0000000 0.9999999 0.0000000</DIRECTION>
		</DUMMY>
		<DUMMY name="spawn_team1_107">
			<POSITION>7.1824341 6088.3818359 352.8007813</POSITION>
			<DIRECTION>-0.0000002 0.9999999 0.0000000</DIRECTION>
		</DUMMY>
		<DUMMY name="spawn_team2_108">
			<POSITION>-625.6317749 18650.7753906 -300.1390381</POSITION>
			<DIRECTION>0.0000000 0.9999999 0.0000000</DIRECTION>
		</DUMMY>
		<DUMMY name="spawn_team1_108">
			<POSITION>340.6902466 6088.3818359 352.8007813</POSITION>
			<DIRECTION>-0.0000002 0.9999999 0.0000000</DIRECTION>
		</DUMMY>
		<DUMMY name="spawn_team2_109">
			<POSITION>361.0879517 18275.6210938 -300.1390381</POSITION>
			<DIRECTION>0.0000000 0.9999999 0.0000000</DIRECTION>
		</DUMMY>
		<DUMMY name="spawn_team1_109">
			<POSITION>-646.3016968 6463.1972656 352.8007813</POSITION>
			<DIRECTION>-0.0000002 0.9999999 0.0000000</DIRECTION>
		</DUMMY>
		<DUMMY name="spawn_team2_110">
			<POSITION>27.5752411 18275.6210938 -300.1390381</POSITION>
			<DIRECTION>0.0000000 0.9999999 0.0000000</DIRECTION>
		</DUMMY>
		<DUMMY name="spawn_team1_110">
			<POSITION>-312.7863159 6463.1972656 352.8007813</POSITION>
			<DIRECTION>-0.0000002 0.9999999 0.0000000</DIRECTION>
		</DUMMY>
		<DUMMY name="spawn_team2_111">
			<POSITION>-305.9384155 18275.6210938 -300.1390381</POSITION>
			<DIRECTION>0.0000000 0.9999999 0.0000000</DIRECTION>
		</DUMMY>
		<DUMMY name="spawn_team1_111">
			<POSITION>20.7254028 6463.1972656 352.8007813</POSITION>
			<DIRECTION>-0.0000002 0.9999999 0.0000000</DIRECTION>
		</DUMMY>
		<DUMMY name="spawn_team2_112">
			<POSITION>-639.4511108 18275.6210938 -300.1390381</POSITION>
			<DIRECTION>0.0000000 0.9999999 0.0000000</DIRECTION>
		</DUMMY>
		<DUMMY name="spawn_team1_112">
			<POSITION>354.2371216 6463.1972656 352.8007813</POSITION>
			<DIRECTION>-0.0000002 0.9999999 0.0000000</DIRECTION>
		</DUMMY>
		<DUMMY name="spawn_team2_113">
			<POSITION>346.1973267 17874.3574219 -300.1390381</POSITION>
			<DIRECTION>0.0000000 0.9999999 0.0000000</DIRECTION>
		</DUMMY>
		<DUMMY name="spawn_team1_113">
			<POSITION>-633.8290405 6865.7949219 352.8007813</POSITION>
			<DIRECTION>-0.0000002 0.9999999 0.0000000</DIRECTION>
		</DUMMY>
		<DUMMY name="spawn_team2_114">
			<POSITION>12.6846161 17874.3574219 -300.1390381</POSITION>
			<DIRECTION>0.0000000 0.9999999 0.0000000</DIRECTION>
		</DUMMY>
		<DUMMY name="spawn_team1_114">
			<POSITION>-300.3175659 6865.7949219 352.8007813</POSITION>
			<DIRECTION>-0.0000002 0.9999999 0.0000000</DIRECTION>
		</DUMMY>
		<DUMMY name="spawn_team2_115">
			<POSITION>-320.8300171 17874.3574219 -300.1390381</POSITION>
			<DIRECTION>0.0000000 0.9999999 0.0000000</DIRECTION>
		</DUMMY>
		<DUMMY name="spawn_team1_115">
			<POSITION>33.1980591 6865.7949219 352.8007813</POSITION>
			<DIRECTION>-0.0000002 0.9999999 0.0000000</DIRECTION>
		</DUMMY>
		<DUMMY name="spawn_team2_116">
			<POSITION>-654.3427124 17874.3574219 -300.1390381</POSITION>
			<DIRECTION>0.0000000 0.9999999 0.0000000</DIRECTION>
		</DUMMY>
		<DUMMY name="spawn_team1_116">
			<POSITION>366.7097778 6865.7949219 352.8007813</POSITION>
			<DIRECTION>-0.0000002 0.9999999 0.0000000</DIRECTION>
		</DUMMY>
	</DUMMYLIST>
	<OCCLUSIONLIST>
	</OCCLUSIONLIST>
	<AMBIENTSOUNDLIST>
	</AMBIENTSOUNDLIST>
	
	<FOG min="700" max="8500">
		<R>255 </R>
		<G>238 </G>
		<B>166</B>
	</FOG>
	
	<GLOBAL>
		<fog_enable>TRUE</fog_enable>
		<fog_min>700</fog_min>
		<fog_max>8500</fog_max>
		<fog_color>255,238,166</fog_color>
	</GLOBAL>
	
</XML>
