<?xml version="1.0" encoding="UTF-8"?>
<XML>
	<GAMETYPE id="solo">
		<SPAWN item="bullet02" timesec="45000">
			<POSITION>-544.00000000 288.00000000 1048.00000000</POSITION>
		</SPAWN>
		<SPAWN item="ap03" timesec="45000">
			<POSITION>720.00000000 -712.00000000 536.00000000</POSITION>
		</SPAWN>
		<SPAWN item="hp03" timesec="45000">
			<POSITION>208.00000000 768.00000000 496.00000000</POSITION>
		</SPAWN>
</GAMETYPE><GAMETYPE id="team">
		<SPAWN item="bullet02" timesec="45000">
			<POSITION>-544.00000000 288.00000000 1048.00000000</POSITION>
		</SPAWN>
		<SPAWN item="ap03" timesec="45000">
			<POSITION>720.00000000 -712.00000000 536.00000000</POSITION>
		</SPAWN>
		<SPAWN item="hp03" timesec="45000">
			<POSITION>208.00000000 768.00000000 496.00000000</POSITION>
		</SPAWN>
</GAMETYPE>
</XML>