<?xml version="1.0"?>
<XML>
	<GAMETYPE id="solo">
		<SPAWN item="blueflag" timesec="45000">
			<POSITION>547 -3446 -216</POSITION>
		</SPAWN>
		<SPAWN item="redflag" timesec="45000">
			<POSITION>429 6490 -96</POSITION>
		</SPAWN>
		<SPAWN item="hp03" timesec="45000">
			<POSITION>3488 3135 -935</POSITION>
		</SPAWN>
		<SPAWN item="ap02" timesec="30000">
			<POSITION>-508 1979 -216</POSITION>
		</SPAWN>
		<SPAWN item="bullet02" timesec="45000">
			<POSITION>-567 -365 -495</POSITION>
		</SPAWN>
		<SPAWN item="ap02" timesec="30000">
			<POSITION>904 4379 -615</POSITION>
		</SPAWN>
</GAMETYPE><GAMETYPE id="team">
		<SPAWN item="blueflag" timesec="45000">
			<POSITION>547 -3446 -216</POSITION>
		</SPAWN>
		<SPAWN item="redflag" timesec="45000">
			<POSITION>429 6490 -96</POSITION>
		</SPAWN>
		<SPAWN item="ap02" timesec="30000">
			<POSITION>2631 2824 -859</POSITION>
		</SPAWN>
		<SPAWN item="ap02" timesec="30000">
			<POSITION>1900 2824 -711</POSITION>
		</SPAWN>
		<SPAWN item="ap02" timesec="30000">
			<POSITION>2244 2824 -774</POSITION>
		</SPAWN>
		<SPAWN item="bullet02" timesec="45000">
			<POSITION>1728 3660 -214</POSITION>
		</SPAWN>
		<SPAWN item="hp03" timesec="45000">
			<POSITION>-1992 3756 304</POSITION>
		</SPAWN>
</GAMETYPE>
</XML>
