<?xml version="1.0" encoding="UTF-8"?>
<XML>
	<GAMETYPE id="solo">
		<SPAWN item="bullet02" timesec="45000">
			<POSITION>32.00000000 -3216.00000000 1392.00000000</POSITION>
		</SPAWN>
		<SPAWN item="bullet02" timesec="45000">
			<POSITION>32.00000000 3584.00000000 1392.00000000</POSITION>
		</SPAWN>
		<SPAWN item="ap03" timesec="45000">
			<POSITION>3928.00000000 64.00000000 1392.00000000</POSITION>
		</SPAWN>
		<SPAWN item="ap02" timesec="45000">
			<POSITION>-4560.00000000 64.00000000 1392.00000000</POSITION>
		</SPAWN>
		<SPAWN item="hp03" timesec="45000">
			<POSITION>96.00000000 -2184.00000000 1712.00000000</POSITION>
		</SPAWN>
		<SPAWN item="hp02" timesec="30000">
			<POSITION>104.00000000 2352.00000000 1712.00000000</POSITION>
		</SPAWN>
	</GAMETYPE>

	<GAMETYPE id="team">
		<SPAWN item="bullet02" timesec="45000">
			<POSITION>32.00000000 3584.00000000 1392.00000000</POSITION>
		</SPAWN>
		<SPAWN item="bullet02" timesec="45000">
			<POSITION>32.00000000 -3216.00000000 1392.00000000</POSITION>
		</SPAWN>
	</GAMETYPE>
</XML>
