<?xml version="1.0" encoding="euc-kr"?>
<XML>
	<MATERIALLIST>
		<MATERIAL name="gzd_in_ch_wall001_mt_con">
			<DIFFUSE>0.5882353 0.5882353 0.5882353</DIFFUSE>
			<AMBIENT>0.5882353 0.5882353 0.5882353</AMBIENT>
			<SPECULAR>0.9000000 0.9000000 0.9000000</SPECULAR>
			<DIFFUSEMAP>gzd_in_ch_wall001.bmp</DIFFUSEMAP>
		</MATERIAL>
		<MATERIAL name="gzd_in_ch_wall003_mt_con">
			<DIFFUSE>0.5882353 0.5882353 0.5882353</DIFFUSE>
			<AMBIENT>0.5882353 0.5882353 0.5882353</AMBIENT>
			<SPECULAR>0.9000000 0.9000000 0.9000000</SPECULAR>
			<DIFFUSEMAP>gzd_in_ch_wall003.bmp</DIFFUSEMAP>
		</MATERIAL>
		<MATERIAL name="gzd_in_ch_post001_mt_con">
			<DIFFUSE>0.5882353 0.5882353 0.5882353</DIFFUSE>
			<AMBIENT>0.5882353 0.5882353 0.5882353</AMBIENT>
			<SPECULAR>0.9000000 0.9000000 0.9000000</SPECULAR>
			<DIFFUSEMAP>gzd_in_ch_post001.bmp</DIFFUSEMAP>
		</MATERIAL>
		<MATERIAL name="gzd_in_ch_roof001_mt_con">
			<DIFFUSE>0.5882353 0.5882353 0.5882353</DIFFUSE>
			<AMBIENT>0.5882353 0.5882353 0.5882353</AMBIENT>
			<SPECULAR>0.9000000 0.9000000 0.9000000</SPECULAR>
			<DIFFUSEMAP>gzd_in_ch_roof001.bmp</DIFFUSEMAP>
		</MATERIAL>
		<MATERIAL name="gzd_in_ch_wall004_mt_con">
			<DIFFUSE>0.5882353 0.5882353 0.5882353</DIFFUSE>
			<AMBIENT>0.5882353 0.5882353 0.5882353</AMBIENT>
			<SPECULAR>0.9000000 0.9000000 0.9000000</SPECULAR>
			<DIFFUSEMAP>gzd_in_ch_wall004.bmp</DIFFUSEMAP>
		</MATERIAL>
		<MATERIAL name="gzd_in_ch_deco002_2s_mt_met">
			<DIFFUSE>0.5882353 0.5882353 0.5882353</DIFFUSE>
			<AMBIENT>0.5882353 0.5882353 0.5882353</AMBIENT>
			<SPECULAR>0.9000000 0.9000000 0.9000000</SPECULAR>
			<DIFFUSEMAP>gzd_in_ch_deco002.tga</DIFFUSEMAP>
			<TWOSIDED/>
			<USEOPACITY/>
		</MATERIAL>
		<MATERIAL name="gzd_in_ch_chain001mt_met">
			<DIFFUSE>0.5882353 0.5882353 0.5882353</DIFFUSE>
			<AMBIENT>0.5882353 0.5882353 0.5882353</AMBIENT>
			<SPECULAR>0.9000000 0.9000000 0.9000000</SPECULAR>
			<DIFFUSEMAP>gzd_in_ch_chain001.tga</DIFFUSEMAP>
			<USEOPACITY/>
		</MATERIAL>
		<MATERIAL name="gzd_in_ch_fx001_add">
			<DIFFUSE>0.5880000 0.5880000 0.5880000</DIFFUSE>
			<AMBIENT>0.5880000 0.5880000 0.5880000</AMBIENT>
			<SPECULAR>0.9000000 0.9000000 0.9000000</SPECULAR>
			<DIFFUSEMAP>gzd_in_ch_fx001.bmp</DIFFUSEMAP>
			<ADDITIVE/>
		</MATERIAL>
	</MATERIALLIST>
	<LIGHTLIST>
		<LIGHT name="Omni_main 01">
			<POSITION>-7000.0000000 7000.0000000 9000.0000000</POSITION>
			<COLOR>1.0000000 1.0000000 1.0000000</COLOR>
			<INTENSITY>0.4000000</INTENSITY>
			<ATTENUATIONSTART>20000.0000000</ATTENUATIONSTART>
			<ATTENUATIONEND>20000.0000000</ATTENUATIONEND>
		</LIGHT>
		<LIGHT name="Omni_main 02">
			<POSITION>7000.0000000 7000.0000000 9000.0000000</POSITION>
			<COLOR>1.0000000 1.0000000 1.0000000</COLOR>
			<INTENSITY>0.4000000</INTENSITY>
			<ATTENUATIONSTART>20000.0000000</ATTENUATIONSTART>
			<ATTENUATIONEND>20000.0000000</ATTENUATIONEND>
		</LIGHT>
		<LIGHT name="Omni_main 03">
			<POSITION>7000.0000000 -7000.0000000 9000.0000000</POSITION>
			<COLOR>1.0000000 1.0000000 1.0000000</COLOR>
			<INTENSITY>0.4000000</INTENSITY>
			<ATTENUATIONSTART>20000.0000000</ATTENUATIONSTART>
			<ATTENUATIONEND>20000.0000000</ATTENUATIONEND>
		</LIGHT>
		<LIGHT name="Omni_main 04">
			<POSITION>-7000.0000000 -7000.0000000 9000.0000000</POSITION>
			<COLOR>1.0000000 1.0000000 1.0000000</COLOR>
			<INTENSITY>0.4000000</INTENSITY>
			<ATTENUATIONSTART>20000.0000000</ATTENUATIONSTART>
			<ATTENUATIONEND>20000.0000000</ATTENUATIONEND>
		</LIGHT>
		<LIGHT name="Omni_main 05">
			<POSITION>0.0000000 0.0001748 -7177.8886719</POSITION>
			<COLOR>1.0000000 1.0000000 1.0000000</COLOR>
			<INTENSITY>0.3000000</INTENSITY>
			<ATTENUATIONSTART>20000.0000000</ATTENUATIONSTART>
			<ATTENUATIONEND>20000.0000000</ATTENUATIONEND>
		</LIGHT>
		<LIGHT name="Omni_a 02">
			<POSITION>1655.8781738 2500.0004883 2776.3918457</POSITION>
			<COLOR>1.0000000 0.9529412 0.7647060</COLOR>
			<INTENSITY>0.8000000</INTENSITY>
			<ATTENUATIONSTART>400.0000000</ATTENUATIONSTART>
			<ATTENUATIONEND>1200.0000000</ATTENUATIONEND>
			<CASTSHADOW/>
		</LIGHT>
		<LIGHT name="Omni_a 03">
			<POSITION>1655.8781738 1500.0004883 2776.3918457</POSITION>
			<COLOR>1.0000000 0.9529412 0.7647060</COLOR>
			<INTENSITY>0.8000000</INTENSITY>
			<ATTENUATIONSTART>400.0000000</ATTENUATIONSTART>
			<ATTENUATIONEND>1200.0000000</ATTENUATIONEND>
			<CASTSHADOW/>
		</LIGHT>
		<LIGHT name="Omni_a 04">
			<POSITION>1655.8781738 500.0004883 2776.3918457</POSITION>
			<COLOR>1.0000000 0.9529412 0.7647060</COLOR>
			<INTENSITY>0.8000000</INTENSITY>
			<ATTENUATIONSTART>400.0000000</ATTENUATIONSTART>
			<ATTENUATIONEND>1200.0000000</ATTENUATIONEND>
			<CASTSHADOW/>
		</LIGHT>
		<LIGHT name="Omni_a 05">
			<POSITION>1655.8781738 -499.9995117 2776.3918457</POSITION>
			<COLOR>1.0000000 0.9529412 0.7647060</COLOR>
			<INTENSITY>0.8000000</INTENSITY>
			<ATTENUATIONSTART>400.0000000</ATTENUATIONSTART>
			<ATTENUATIONEND>1200.0000000</ATTENUATIONEND>
			<CASTSHADOW/>
		</LIGHT>
		<LIGHT name="Omni_a 06">
			<POSITION>1655.8781738 -1499.9995117 2776.3918457</POSITION>
			<COLOR>1.0000000 0.9529412 0.7647060</COLOR>
			<INTENSITY>0.8000000</INTENSITY>
			<ATTENUATIONSTART>400.0000000</ATTENUATIONSTART>
			<ATTENUATIONEND>1200.0000000</ATTENUATIONEND>
			<CASTSHADOW/>
		</LIGHT>
		<LIGHT name="Omni_a 07">
			<POSITION>1655.8781738 -2499.9995117 2776.3918457</POSITION>
			<COLOR>1.0000000 0.9529412 0.7647060</COLOR>
			<INTENSITY>0.8000000</INTENSITY>
			<ATTENUATIONSTART>400.0000000</ATTENUATIONSTART>
			<ATTENUATIONEND>1200.0000000</ATTENUATIONEND>
			<CASTSHADOW/>
		</LIGHT>
		<LIGHT name="Omni_b 02">
			<POSITION>-1675.1510010 2500.0004883 2776.3918457</POSITION>
			<COLOR>1.0000000 1.0000000 1.0000000</COLOR>
			<INTENSITY>0.9000000</INTENSITY>
			<ATTENUATIONSTART>400.0000000</ATTENUATIONSTART>
			<ATTENUATIONEND>1000.0000000</ATTENUATIONEND>
			<CASTSHADOW/>
		</LIGHT>
		<LIGHT name="Omni_b 03">
			<POSITION>-1675.1510010 1500.0004883 2776.3918457</POSITION>
			<COLOR>1.0000000 1.0000000 1.0000000</COLOR>
			<INTENSITY>0.9000000</INTENSITY>
			<ATTENUATIONSTART>400.0000000</ATTENUATIONSTART>
			<ATTENUATIONEND>1000.0000000</ATTENUATIONEND>
			<CASTSHADOW/>
		</LIGHT>
		<LIGHT name="Omni_b 04">
			<POSITION>-1675.1510010 500.0004883 2776.3918457</POSITION>
			<COLOR>1.0000000 1.0000000 1.0000000</COLOR>
			<INTENSITY>0.9000000</INTENSITY>
			<ATTENUATIONSTART>400.0000000</ATTENUATIONSTART>
			<ATTENUATIONEND>1000.0000000</ATTENUATIONEND>
			<CASTSHADOW/>
		</LIGHT>
		<LIGHT name="Omni_b 05">
			<POSITION>-1675.1510010 -499.9995117 2776.3918457</POSITION>
			<COLOR>1.0000000 1.0000000 1.0000000</COLOR>
			<INTENSITY>0.9000000</INTENSITY>
			<ATTENUATIONSTART>400.0000000</ATTENUATIONSTART>
			<ATTENUATIONEND>1000.0000000</ATTENUATIONEND>
			<CASTSHADOW/>
		</LIGHT>
		<LIGHT name="Omni_b 06">
			<POSITION>-1675.1510010 -1499.9995117 2776.3918457</POSITION>
			<COLOR>1.0000000 1.0000000 1.0000000</COLOR>
			<INTENSITY>0.9000000</INTENSITY>
			<ATTENUATIONSTART>400.0000000</ATTENUATIONSTART>
			<ATTENUATIONEND>1000.0000000</ATTENUATIONEND>
			<CASTSHADOW/>
		</LIGHT>
		<LIGHT name="Omni_b 07">
			<POSITION>-1675.1510010 -2499.9995117 2776.3918457</POSITION>
			<COLOR>1.0000000 1.0000000 1.0000000</COLOR>
			<INTENSITY>0.9000000</INTENSITY>
			<ATTENUATIONSTART>400.0000000</ATTENUATIONSTART>
			<ATTENUATIONEND>1000.0000000</ATTENUATIONEND>
			<CASTSHADOW/>
		</LIGHT>
		<LIGHT name="Omni_c 04">
			<POSITION>2.7714844 -3000.0000000 1699.0295410</POSITION>
			<COLOR>1.0000000 1.0000000 1.0000000</COLOR>
			<INTENSITY>0.4000000</INTENSITY>
			<ATTENUATIONSTART>769.0000000</ATTENUATIONSTART>
			<ATTENUATIONEND>2146.0000000</ATTENUATIONEND>
		</LIGHT>
		<LIGHT name="Omni_c 05">
			<POSITION>2.7714844 -2000.0000000 1699.0295410</POSITION>
			<COLOR>1.0000000 1.0000000 1.0000000</COLOR>
			<INTENSITY>0.4000000</INTENSITY>
			<ATTENUATIONSTART>769.0000000</ATTENUATIONSTART>
			<ATTENUATIONEND>2146.0000000</ATTENUATIONEND>
		</LIGHT>
		<LIGHT name="Omni_c 06">
			<POSITION>2.7714844 -1000.0000000 1699.0295410</POSITION>
			<COLOR>1.0000000 1.0000000 1.0000000</COLOR>
			<INTENSITY>0.4000000</INTENSITY>
			<ATTENUATIONSTART>769.0000000</ATTENUATIONSTART>
			<ATTENUATIONEND>2146.0000000</ATTENUATIONEND>
		</LIGHT>
		<LIGHT name="Omni_c 07">
			<POSITION>2.7714844 0.0000156 1699.0295410</POSITION>
			<COLOR>1.0000000 1.0000000 1.0000000</COLOR>
			<INTENSITY>0.4000000</INTENSITY>
			<ATTENUATIONSTART>769.0000000</ATTENUATIONSTART>
			<ATTENUATIONEND>2146.0000000</ATTENUATIONEND>
		</LIGHT>
		<LIGHT name="Omni_c 08">
			<POSITION>2.7714844 1000.0000000 1699.0295410</POSITION>
			<COLOR>1.0000000 1.0000000 1.0000000</COLOR>
			<INTENSITY>0.4000000</INTENSITY>
			<ATTENUATIONSTART>769.0000000</ATTENUATIONSTART>
			<ATTENUATIONEND>2146.0000000</ATTENUATIONEND>
		</LIGHT>
		<LIGHT name="Omni_c 09">
			<POSITION>2.7714844 2000.0000000 1699.0295410</POSITION>
			<COLOR>1.0000000 1.0000000 1.0000000</COLOR>
			<INTENSITY>0.4000000</INTENSITY>
			<ATTENUATIONSTART>769.0000000</ATTENUATIONSTART>
			<ATTENUATIONEND>2146.0000000</ATTENUATIONEND>
		</LIGHT>
		<LIGHT name="Omni_c 10">
			<POSITION>2.7714844 3000.0000000 1699.0295410</POSITION>
			<COLOR>1.0000000 1.0000000 1.0000000</COLOR>
			<INTENSITY>0.4000000</INTENSITY>
			<ATTENUATIONSTART>769.0000000</ATTENUATIONSTART>
			<ATTENUATIONEND>2146.0000000</ATTENUATIONEND>
		</LIGHT>
		<LIGHT name="Omni_c 11">
			<POSITION>2.7714844 -1000.0001221 4935.7065430</POSITION>
			<COLOR>1.0000000 1.0000000 1.0000000</COLOR>
			<INTENSITY>0.4000000</INTENSITY>
			<ATTENUATIONSTART>769.0000000</ATTENUATIONSTART>
			<ATTENUATIONEND>2146.0000000</ATTENUATIONEND>
		</LIGHT>
		<LIGHT name="Omni_c 14">
			<POSITION>2.7714844 -3000.0002441 4935.7065430</POSITION>
			<COLOR>1.0000000 1.0000000 1.0000000</COLOR>
			<INTENSITY>0.4000000</INTENSITY>
			<ATTENUATIONSTART>769.0000000</ATTENUATIONSTART>
			<ATTENUATIONEND>2146.0000000</ATTENUATIONEND>
		</LIGHT>
		<LIGHT name="Omni_c 15">
			<POSITION>2.7714844 -2000.0001221 4935.7065430</POSITION>
			<COLOR>1.0000000 1.0000000 1.0000000</COLOR>
			<INTENSITY>0.4000000</INTENSITY>
			<ATTENUATIONSTART>769.0000000</ATTENUATIONSTART>
			<ATTENUATIONEND>2146.0000000</ATTENUATIONEND>
		</LIGHT>
		<LIGHT name="Omni_c 17">
			<POSITION>2.7714844 -0.0001259 4935.7065430</POSITION>
			<COLOR>1.0000000 1.0000000 1.0000000</COLOR>
			<INTENSITY>0.4000000</INTENSITY>
			<ATTENUATIONSTART>769.0000000</ATTENUATIONSTART>
			<ATTENUATIONEND>2146.0000000</ATTENUATIONEND>
		</LIGHT>
		<LIGHT name="Omni_c 18">
			<POSITION>2.7714844 999.9998779 4935.7065430</POSITION>
			<COLOR>1.0000000 1.0000000 1.0000000</COLOR>
			<INTENSITY>0.4000000</INTENSITY>
			<ATTENUATIONSTART>769.0000000</ATTENUATIONSTART>
			<ATTENUATIONEND>2146.0000000</ATTENUATIONEND>
		</LIGHT>
		<LIGHT name="Omni_c 19">
			<POSITION>2.7714844 1999.9998779 4935.7065430</POSITION>
			<COLOR>1.0000000 1.0000000 1.0000000</COLOR>
			<INTENSITY>0.4000000</INTENSITY>
			<ATTENUATIONSTART>769.0000000</ATTENUATIONSTART>
			<ATTENUATIONEND>2146.0000000</ATTENUATIONEND>
		</LIGHT>
		<LIGHT name="Omni_c 20">
			<POSITION>2.7714844 2999.9997559 4935.7065430</POSITION>
			<COLOR>1.0000000 1.0000000 1.0000000</COLOR>
			<INTENSITY>0.4000000</INTENSITY>
			<ATTENUATIONSTART>769.0000000</ATTENUATIONSTART>
			<ATTENUATIONEND>2146.0000000</ATTENUATIONEND>
		</LIGHT>
		<LIGHT name="Omni_a 17">
			<POSITION>674.0521240 -1499.9996338 6010.8759766</POSITION>
			<COLOR>1.0000000 0.9529412 0.7647060</COLOR>
			<INTENSITY>0.8000000</INTENSITY>
			<ATTENUATIONSTART>400.0000000</ATTENUATIONSTART>
			<ATTENUATIONEND>1200.0000000</ATTENUATIONEND>
			<CASTSHADOW/>
		</LIGHT>
		<LIGHT name="Omni_a 18">
			<POSITION>674.0521240 2500.0002441 6010.8759766</POSITION>
			<COLOR>1.0000000 0.9529412 0.7647060</COLOR>
			<INTENSITY>0.8000000</INTENSITY>
			<ATTENUATIONSTART>400.0000000</ATTENUATIONSTART>
			<ATTENUATIONEND>1200.0000000</ATTENUATIONEND>
			<CASTSHADOW/>
		</LIGHT>
		<LIGHT name="Omni_a 19">
			<POSITION>674.0521240 1500.0003662 6010.8759766</POSITION>
			<COLOR>1.0000000 0.9529412 0.7647060</COLOR>
			<INTENSITY>0.8000000</INTENSITY>
			<ATTENUATIONSTART>400.0000000</ATTENUATIONSTART>
			<ATTENUATIONEND>1200.0000000</ATTENUATIONEND>
			<CASTSHADOW/>
		</LIGHT>
		<LIGHT name="Omni_a 20">
			<POSITION>674.0521240 500.0003357 6010.8759766</POSITION>
			<COLOR>1.0000000 0.9529412 0.7647060</COLOR>
			<INTENSITY>0.8000000</INTENSITY>
			<ATTENUATIONSTART>400.0000000</ATTENUATIONSTART>
			<ATTENUATIONEND>1200.0000000</ATTENUATIONEND>
			<CASTSHADOW/>
		</LIGHT>
		<LIGHT name="Omni_a 21">
			<POSITION>674.0521240 -499.9996643 6010.8759766</POSITION>
			<COLOR>1.0000000 0.9529412 0.7647060</COLOR>
			<INTENSITY>0.8000000</INTENSITY>
			<ATTENUATIONSTART>400.0000000</ATTENUATIONSTART>
			<ATTENUATIONEND>1200.0000000</ATTENUATIONEND>
			<CASTSHADOW/>
		</LIGHT>
		<LIGHT name="Omni_a 23">
			<POSITION>674.0521240 -2499.9997559 6010.8759766</POSITION>
			<COLOR>1.0000000 0.9529412 0.7647060</COLOR>
			<INTENSITY>0.8000000</INTENSITY>
			<ATTENUATIONSTART>400.0000000</ATTENUATIONSTART>
			<ATTENUATIONEND>1200.0000000</ATTENUATIONEND>
			<CASTSHADOW/>
		</LIGHT>
		<LIGHT name="Omni_b 11">
			<POSITION>-688.0442505 -1499.9996338 6012.8427734</POSITION>
			<COLOR>1.0000000 1.0000000 1.0000000</COLOR>
			<INTENSITY>0.9000000</INTENSITY>
			<ATTENUATIONSTART>400.0000000</ATTENUATIONSTART>
			<ATTENUATIONEND>1000.0000000</ATTENUATIONEND>
			<CASTSHADOW/>
		</LIGHT>
		<LIGHT name="Omni_b 12">
			<POSITION>-688.0442505 2500.0002441 6012.8427734</POSITION>
			<COLOR>1.0000000 1.0000000 1.0000000</COLOR>
			<INTENSITY>0.9000000</INTENSITY>
			<ATTENUATIONSTART>400.0000000</ATTENUATIONSTART>
			<ATTENUATIONEND>1000.0000000</ATTENUATIONEND>
			<CASTSHADOW/>
		</LIGHT>
		<LIGHT name="Omni_b 13">
			<POSITION>-688.0442505 1500.0003662 6012.8427734</POSITION>
			<COLOR>1.0000000 1.0000000 1.0000000</COLOR>
			<INTENSITY>0.9000000</INTENSITY>
			<ATTENUATIONSTART>400.0000000</ATTENUATIONSTART>
			<ATTENUATIONEND>1000.0000000</ATTENUATIONEND>
			<CASTSHADOW/>
		</LIGHT>
		<LIGHT name="Omni_b 14">
			<POSITION>-688.0442505 500.0003357 6012.8427734</POSITION>
			<COLOR>1.0000000 1.0000000 1.0000000</COLOR>
			<INTENSITY>0.9000000</INTENSITY>
			<ATTENUATIONSTART>400.0000000</ATTENUATIONSTART>
			<ATTENUATIONEND>1000.0000000</ATTENUATIONEND>
			<CASTSHADOW/>
		</LIGHT>
		<LIGHT name="Omni_b 15">
			<POSITION>-688.0442505 -499.9996643 6012.8427734</POSITION>
			<COLOR>1.0000000 1.0000000 1.0000000</COLOR>
			<INTENSITY>0.9000000</INTENSITY>
			<ATTENUATIONSTART>400.0000000</ATTENUATIONSTART>
			<ATTENUATIONEND>1000.0000000</ATTENUATIONEND>
			<CASTSHADOW/>
		</LIGHT>
		<LIGHT name="Omni_b 17">
			<POSITION>-688.0442505 -2499.9997559 6012.8427734</POSITION>
			<COLOR>1.0000000 1.0000000 1.0000000</COLOR>
			<INTENSITY>0.9000000</INTENSITY>
			<ATTENUATIONSTART>400.0000000</ATTENUATIONSTART>
			<ATTENUATIONEND>1000.0000000</ATTENUATIONEND>
			<CASTSHADOW/>
		</LIGHT>
		<LIGHT name="Omni_deco 01">
			<POSITION>-10.3854980 -1555.3753662 1283.7602539</POSITION>
			<COLOR>0.6039216 1.0000000 0.6705883</COLOR>
			<INTENSITY>0.8000000</INTENSITY>
			<ATTENUATIONSTART>691.0000000</ATTENUATIONSTART>
			<ATTENUATIONEND>1706.0000000</ATTENUATIONEND>
		</LIGHT>
		<LIGHT name="Omni_deco 03">
			<POSITION>331.5874023 14.0451527 5634.4335938</POSITION>
			<COLOR>0.6039216 1.0000000 0.6705883</COLOR>
			<INTENSITY>0.8000000</INTENSITY>
			<ATTENUATIONSTART>691.0000000</ATTENUATIONSTART>
			<ATTENUATIONEND>1706.0000000</ATTENUATIONEND>
		</LIGHT>
		<LIGHT name="Omni_deco 04">
			<POSITION>-10.3854980 487.7629395 4500.3623047</POSITION>
			<COLOR>0.6039216 1.0000000 0.6705883</COLOR>
			<INTENSITY>0.8000000</INTENSITY>
			<ATTENUATIONSTART>691.0000000</ATTENUATIONSTART>
			<ATTENUATIONEND>1706.0000000</ATTENUATIONEND>
		</LIGHT>
		<LIGHT name="Omni_deco 05">
			<POSITION>1788.7020264 -602.4384766 1885.5988770</POSITION>
			<COLOR>0.7372549 0.7176471 1.0000000</COLOR>
			<INTENSITY>1.0000000</INTENSITY>
			<ATTENUATIONSTART>1598.0000000</ATTENUATIONSTART>
			<ATTENUATIONEND>2555.0000000</ATTENUATIONEND>
		</LIGHT>
		<LIGHT name="obj_Omni_a 01">
			<POSITION>2.7714844 -2000.0000000 6001.3505859</POSITION>
			<COLOR>1.0000000 1.0000000 1.0000000</COLOR>
			<INTENSITY>1.0000000</INTENSITY>
			<ATTENUATIONSTART>927.0000000</ATTENUATIONSTART>
			<ATTENUATIONEND>1159.0000000</ATTENUATIONEND>
		</LIGHT>
		<LIGHT name="obj_Omni_a 02">
			<POSITION>2.7714844 -500.0000000 6001.3505859</POSITION>
			<COLOR>1.0000000 1.0000000 1.0000000</COLOR>
			<INTENSITY>1.0000000</INTENSITY>
			<ATTENUATIONSTART>927.0000000</ATTENUATIONSTART>
			<ATTENUATIONEND>1159.0000000</ATTENUATIONEND>
		</LIGHT>
		<LIGHT name="obj_Omni_a 03">
			<POSITION>2.7714844 1000.0000000 6001.3505859</POSITION>
			<COLOR>1.0000000 1.0000000 1.0000000</COLOR>
			<INTENSITY>1.0000000</INTENSITY>
			<ATTENUATIONSTART>927.0000000</ATTENUATIONSTART>
			<ATTENUATIONEND>1159.0000000</ATTENUATIONEND>
		</LIGHT>
		<LIGHT name="obj_Omni_c 21">
			<POSITION>2.7714844 -3000.0002441 3566.7778320</POSITION>
			<COLOR>1.0000000 1.0000000 1.0000000</COLOR>
			<INTENSITY>1.0000000</INTENSITY>
			<ATTENUATIONSTART>769.0000000</ATTENUATIONSTART>
			<ATTENUATIONEND>2146.0000000</ATTENUATIONEND>
		</LIGHT>
		<LIGHT name="obj_Omni_c 22">
			<POSITION>2.7714844 -2000.0001221 3566.7778320</POSITION>
			<COLOR>1.0000000 1.0000000 1.0000000</COLOR>
			<INTENSITY>1.0000000</INTENSITY>
			<ATTENUATIONSTART>769.0000000</ATTENUATIONSTART>
			<ATTENUATIONEND>2146.0000000</ATTENUATIONEND>
		</LIGHT>
		<LIGHT name="obj_Omni_c 23">
			<POSITION>2.7714844 -0.0000661 3566.7778320</POSITION>
			<COLOR>1.0000000 1.0000000 1.0000000</COLOR>
			<INTENSITY>1.0000000</INTENSITY>
			<ATTENUATIONSTART>769.0000000</ATTENUATIONSTART>
			<ATTENUATIONEND>2146.0000000</ATTENUATIONEND>
		</LIGHT>
		<LIGHT name="obj_Omni_c 24">
			<POSITION>2.7714844 999.9999390 3566.7778320</POSITION>
			<COLOR>1.0000000 1.0000000 1.0000000</COLOR>
			<INTENSITY>1.0000000</INTENSITY>
			<ATTENUATIONSTART>769.0000000</ATTENUATIONSTART>
			<ATTENUATIONEND>2146.0000000</ATTENUATIONEND>
		</LIGHT>
		<LIGHT name="obj_Omni_c 25">
			<POSITION>2.7714844 1999.9998779 3566.7778320</POSITION>
			<COLOR>1.0000000 1.0000000 1.0000000</COLOR>
			<INTENSITY>1.0000000</INTENSITY>
			<ATTENUATIONSTART>769.0000000</ATTENUATIONSTART>
			<ATTENUATIONEND>2146.0000000</ATTENUATIONEND>
		</LIGHT>
		<LIGHT name="obj_Omni_c 26">
			<POSITION>2.7714844 2999.9997559 3566.7778320</POSITION>
			<COLOR>1.0000000 1.0000000 1.0000000</COLOR>
			<INTENSITY>1.0000000</INTENSITY>
			<ATTENUATIONSTART>769.0000000</ATTENUATIONSTART>
			<ATTENUATIONEND>2146.0000000</ATTENUATIONEND>
		</LIGHT>
		<LIGHT name="obj_Omni_c 27">
			<POSITION>2.7714844 -1000.0000610 3566.7778320</POSITION>
			<COLOR>1.0000000 1.0000000 1.0000000</COLOR>
			<INTENSITY>1.0000000</INTENSITY>
			<ATTENUATIONSTART>769.0000000</ATTENUATIONSTART>
			<ATTENUATIONEND>2146.0000000</ATTENUATIONEND>
		</LIGHT>
	</LIGHTLIST>
	<OBJECTLIST>
		<OBJECT name="Church_b_x_ani_light_add_a 07.elu">
		</OBJECT>
		<OBJECT name="Church_b_x_ani_light_add_d 07.elu">
		</OBJECT>
		<OBJECT name="Church_b_x_ani_light_add_a 06.elu">
		</OBJECT>
		<OBJECT name="Church_b_x_ani_light_add_d 06.elu">
		</OBJECT>
		<OBJECT name="Church_b_x_ani_light_add_a 05.elu">
		</OBJECT>
		<OBJECT name="Church_b_x_ani_light_add_d 05.elu">
		</OBJECT>
		<OBJECT name="Church_b_x_ani_light_add_a 04.elu">
		</OBJECT>
		<OBJECT name="Church_b_x_ani_light_add_d 04.elu">
		</OBJECT>
	</OBJECTLIST>
	<DUMMYLIST>
		<DUMMY name="spawn_solo_01">
			<POSITION>-411.1133118 -3618.0717773 1.0000037</POSITION>
			<DIRECTION>-0.3515498 -0.9361691 0.0000000</DIRECTION>
		</DUMMY>
		<DUMMY name="wait_pos_01">
			<POSITION>-927.5526733 -250.3647461 119.9586792</POSITION>
			<DIRECTION>0.2605562 0.3651278 0.0252724</DIRECTION>
		</DUMMY>
	</DUMMYLIST>
	<OCCLUSIONLIST>
	</OCCLUSIONLIST>
<FOG min="400" max="7000">
<R>248</R>
<G>248</G>
<B>255</B>
</FOG>
<GLOBAL>
<fog_enable>TRUE</fog_enable>
<fog_min>400</fog_min>
<fog_max>7000</fog_max>
<fog_color>0,0,0</fog_color>
</GLOBAL>
</XML>
