<?xml version="1.0" encoding="euc-kr"?>
<XML>
	<MATERIALLIST>
		<MATERIAL name="gz_map_test001_statue001_mt_con">
			<DIFFUSE>0.6156863 0.4274510 0.7607844</DIFFUSE>
			<AMBIENT>0.2052267 0.1424823 0.2535923</AMBIENT>
			<SPECULAR>0.9000000 0.9000000 0.9000000</SPECULAR>
			<DIFFUSEMAP>gzd_in_ch_statue001.bmp</DIFFUSEMAP>
		</MATERIAL>
		<MATERIAL name="gz_map_test001_statue002_mt_con">
			<DIFFUSE>0.8980393 0.8980393 0.8980393</DIFFUSE>
			<AMBIENT>0.0640517 0.1032669 0.1816975</AMBIENT>
			<SPECULAR>0.9000000 0.9000000 0.9000000</SPECULAR>
			<DIFFUSEMAP>gzd_in_ch_statue002.bmp</DIFFUSEMAP>
		</MATERIAL>
		<MATERIAL name="gz_map_test001_statue003_mt_con">
			<DIFFUSE>0.4862745 0.6117647 0.9803922</DIFFUSE>
			<AMBIENT>0.1620899 0.2039195 0.3267941</AMBIENT>
			<SPECULAR>0.9000000 0.9000000 0.9000000</SPECULAR>
			<DIFFUSEMAP>gzd_in_ch_statue003.bmp</DIFFUSEMAP>
		</MATERIAL>
		<MATERIAL name="gz_map_test001_statue007_mt_con">
			<DIFFUSE>0.5000000 0.5000000 0.5000000</DIFFUSE>
			<AMBIENT>0.1000000 0.1000000 0.1000000</AMBIENT>
			<SPECULAR>0.9000000 0.9000000 0.9000000</SPECULAR>
			<DIFFUSEMAP>gzd_in_ch_statue007.tga</DIFFUSEMAP>
			<USEOPACITY/>
		</MATERIAL>
		<MATERIAL name="gzd_in_ch_roof001_mt_con">
			<DIFFUSE>0.5882353 0.5882353 0.5882353</DIFFUSE>
			<AMBIENT>0.5882353 0.5882353 0.5882353</AMBIENT>
			<SPECULAR>0.9000000 0.9000000 0.9000000</SPECULAR>
			<DIFFUSEMAP>gzd_in_ch_roof001.bmp</DIFFUSEMAP>
		</MATERIAL>
		<MATERIAL name="gzd_in_ch_floor002_mt_con">
			<DIFFUSE>0.5882353 0.5882353 0.5882353</DIFFUSE>
			<AMBIENT>0.5882353 0.5882353 0.5882353</AMBIENT>
			<SPECULAR>0.9000000 0.9000000 0.9000000</SPECULAR>
			<DIFFUSEMAP>gzd_in_ch_floor002.bmp</DIFFUSEMAP>
		</MATERIAL>
		<MATERIAL name="gzd_in_ch_wall001_mt_con">
			<DIFFUSE>0.5882353 0.5882353 0.5882353</DIFFUSE>
			<AMBIENT>0.5882353 0.5882353 0.5882353</AMBIENT>
			<SPECULAR>0.9000000 0.9000000 0.9000000</SPECULAR>
			<DIFFUSEMAP>gzd_in_ch_wall001.bmp</DIFFUSEMAP>
		</MATERIAL>
		<MATERIAL name="gzd_in_ch_wall003_mt_con">
			<DIFFUSE>0.5882353 0.5882353 0.5882353</DIFFUSE>
			<AMBIENT>0.5882353 0.5882353 0.5882353</AMBIENT>
			<SPECULAR>0.9000000 0.9000000 0.9000000</SPECULAR>
			<DIFFUSEMAP>gzd_in_ch_wall003.bmp</DIFFUSEMAP>
		</MATERIAL>
		<MATERIAL name="gzd_in_ch_post001_mt_con">
			<DIFFUSE>0.5882353 0.5882353 0.5882353</DIFFUSE>
			<AMBIENT>0.5882353 0.5882353 0.5882353</AMBIENT>
			<SPECULAR>0.9000000 0.9000000 0.9000000</SPECULAR>
			<DIFFUSEMAP>gzd_in_ch_post001.bmp</DIFFUSEMAP>
		</MATERIAL>
		<MATERIAL name="gzd_in_ch_wall004_mt_con">
			<DIFFUSE>0.5882353 0.5882353 0.5882353</DIFFUSE>
			<AMBIENT>0.5882353 0.5882353 0.5882353</AMBIENT>
			<SPECULAR>0.9000000 0.9000000 0.9000000</SPECULAR>
			<DIFFUSEMAP>gzd_in_ch_wall004.bmp</DIFFUSEMAP>
		</MATERIAL>
		<MATERIAL name="gzd_in_ch_wall002_mt_con">
			<DIFFUSE>0.5882353 0.5882353 0.5882353</DIFFUSE>
			<AMBIENT>0.5882353 0.5882353 0.5882353</AMBIENT>
			<SPECULAR>0.9000000 0.9000000 0.9000000</SPECULAR>
			<DIFFUSEMAP>gzd_in_ch_wall002.bmp</DIFFUSEMAP>
		</MATERIAL>
		<MATERIAL name="gzd_in_ch_fx001_add">
			<DIFFUSE>0.5880000 0.5880000 0.5880000</DIFFUSE>
			<AMBIENT>0.5880000 0.5880000 0.5880000</AMBIENT>
			<SPECULAR>0.9000000 0.9000000 0.9000000</SPECULAR>
			<DIFFUSEMAP>gzd_in_ch_fx001.bmp</DIFFUSEMAP>
			<ADDITIVE/>
		</MATERIAL>
		<MATERIAL name="gzd_in_ch_deco002_2s_mt_met">
			<DIFFUSE>0.5882353 0.5882353 0.5882353</DIFFUSE>
			<AMBIENT>0.5882353 0.5882353 0.5882353</AMBIENT>
			<SPECULAR>0.9000000 0.9000000 0.9000000</SPECULAR>
			<DIFFUSEMAP>gzd_in_ch_deco002.tga</DIFFUSEMAP>
			<TWOSIDED/>
			<USEOPACITY/>
		</MATERIAL>
		<MATERIAL name="gzd_in_ch_chain001mt_met">
			<DIFFUSE>0.5882353 0.5882353 0.5882353</DIFFUSE>
			<AMBIENT>0.5882353 0.5882353 0.5882353</AMBIENT>
			<SPECULAR>0.9000000 0.9000000 0.9000000</SPECULAR>
			<DIFFUSEMAP>gzd_in_ch_chain001.tga</DIFFUSEMAP>
			<USEOPACITY/>
		</MATERIAL>
	</MATERIALLIST>
	<LIGHTLIST>
		<LIGHT name="Omni_a 01">
			<POSITION>1655.8781738 3500.0004883 2776.3918457</POSITION>
			<COLOR>1.0000000 0.9529412 0.7647060</COLOR>
			<INTENSITY>2.5000000</INTENSITY>
			<ATTENUATIONSTART>400.0000000</ATTENUATIONSTART>
			<ATTENUATIONEND>1200.0000000</ATTENUATIONEND>
			<CASTSHADOW/>
		</LIGHT>
		<LIGHT name="Omni_main 01">
			<POSITION>-7000.0000000 7000.0000000 9000.0000000</POSITION>
			<COLOR>1.0000000 1.0000000 1.0000000</COLOR>
			<INTENSITY>0.4000000</INTENSITY>
			<ATTENUATIONSTART>20000.0000000</ATTENUATIONSTART>
			<ATTENUATIONEND>20000.0000000</ATTENUATIONEND>
		</LIGHT>
		<LIGHT name="Omni_main 02">
			<POSITION>7000.0000000 7000.0000000 9000.0000000</POSITION>
			<COLOR>1.0000000 1.0000000 1.0000000</COLOR>
			<INTENSITY>0.4000000</INTENSITY>
			<ATTENUATIONSTART>20000.0000000</ATTENUATIONSTART>
			<ATTENUATIONEND>20000.0000000</ATTENUATIONEND>
		</LIGHT>
		<LIGHT name="Omni_main 03">
			<POSITION>7000.0000000 -7000.0000000 9000.0000000</POSITION>
			<COLOR>1.0000000 1.0000000 1.0000000</COLOR>
			<INTENSITY>0.4000000</INTENSITY>
			<ATTENUATIONSTART>20000.0000000</ATTENUATIONSTART>
			<ATTENUATIONEND>20000.0000000</ATTENUATIONEND>
		</LIGHT>
		<LIGHT name="Omni_main 04">
			<POSITION>-7000.0000000 -7000.0000000 9000.0000000</POSITION>
			<COLOR>1.0000000 1.0000000 1.0000000</COLOR>
			<INTENSITY>0.4000000</INTENSITY>
			<ATTENUATIONSTART>20000.0000000</ATTENUATIONSTART>
			<ATTENUATIONEND>20000.0000000</ATTENUATIONEND>
		</LIGHT>
		<LIGHT name="Omni_main 05">
			<POSITION>0.0000000 0.0001748 -7177.8886719</POSITION>
			<COLOR>1.0000000 1.0000000 1.0000000</COLOR>
			<INTENSITY>0.3000000</INTENSITY>
			<ATTENUATIONSTART>20000.0000000</ATTENUATIONSTART>
			<ATTENUATIONEND>20000.0000000</ATTENUATIONEND>
		</LIGHT>
		<LIGHT name="Omni_a 02">
			<POSITION>1655.8781738 2500.0004883 2776.3918457</POSITION>
			<COLOR>1.0000000 0.9529412 0.7647060</COLOR>
			<INTENSITY>2.5000000</INTENSITY>
			<ATTENUATIONSTART>400.0000000</ATTENUATIONSTART>
			<ATTENUATIONEND>1200.0000000</ATTENUATIONEND>
			<CASTSHADOW/>
		</LIGHT>
		<LIGHT name="Omni_a 03">
			<POSITION>1655.8781738 1500.0004883 2776.3918457</POSITION>
			<COLOR>1.0000000 0.9529412 0.7647060</COLOR>
			<INTENSITY>2.5000000</INTENSITY>
			<ATTENUATIONSTART>400.0000000</ATTENUATIONSTART>
			<ATTENUATIONEND>1200.0000000</ATTENUATIONEND>
			<CASTSHADOW/>
		</LIGHT>
		<LIGHT name="Omni_a 04">
			<POSITION>1655.8781738 500.0004883 2776.3918457</POSITION>
			<COLOR>1.0000000 0.9529412 0.7647060</COLOR>
			<INTENSITY>2.5000000</INTENSITY>
			<ATTENUATIONSTART>400.0000000</ATTENUATIONSTART>
			<ATTENUATIONEND>1200.0000000</ATTENUATIONEND>
			<CASTSHADOW/>
		</LIGHT>
		<LIGHT name="Omni_a 05">
			<POSITION>1655.8781738 -499.9995117 2776.3918457</POSITION>
			<COLOR>1.0000000 0.9529412 0.7647060</COLOR>
			<INTENSITY>2.5000000</INTENSITY>
			<ATTENUATIONSTART>400.0000000</ATTENUATIONSTART>
			<ATTENUATIONEND>1200.0000000</ATTENUATIONEND>
			<CASTSHADOW/>
		</LIGHT>
		<LIGHT name="Omni_a 06">
			<POSITION>1655.8781738 -1499.9995117 2776.3918457</POSITION>
			<COLOR>1.0000000 0.9529412 0.7647060</COLOR>
			<INTENSITY>2.5000000</INTENSITY>
			<ATTENUATIONSTART>400.0000000</ATTENUATIONSTART>
			<ATTENUATIONEND>1200.0000000</ATTENUATIONEND>
			<CASTSHADOW/>
		</LIGHT>
		<LIGHT name="Omni_a 07">
			<POSITION>1655.8781738 -2499.9995117 2776.3918457</POSITION>
			<COLOR>1.0000000 0.9529412 0.7647060</COLOR>
			<INTENSITY>2.5000000</INTENSITY>
			<ATTENUATIONSTART>400.0000000</ATTENUATIONSTART>
			<ATTENUATIONEND>1200.0000000</ATTENUATIONEND>
			<CASTSHADOW/>
		</LIGHT>
		<LIGHT name="Omni_a 08">
			<POSITION>1655.8781738 -3499.9995117 2776.3918457</POSITION>
			<COLOR>1.0000000 0.9529412 0.7647060</COLOR>
			<INTENSITY>2.5000000</INTENSITY>
			<ATTENUATIONSTART>400.0000000</ATTENUATIONSTART>
			<ATTENUATIONEND>1200.0000000</ATTENUATIONEND>
			<CASTSHADOW/>
		</LIGHT>
		<LIGHT name="Omni_a 09">
			<POSITION>1655.8781738 -4499.9995117 2776.3918457</POSITION>
			<COLOR>1.0000000 0.9529412 0.7647060</COLOR>
			<INTENSITY>2.5000000</INTENSITY>
			<ATTENUATIONSTART>400.0000000</ATTENUATIONSTART>
			<ATTENUATIONEND>1200.0000000</ATTENUATIONEND>
			<CASTSHADOW/>
		</LIGHT>
		<LIGHT name="Omni_a 10">
			<POSITION>1655.8781738 -5499.9995117 2776.3918457</POSITION>
			<COLOR>1.0000000 0.9529412 0.7647060</COLOR>
			<INTENSITY>2.5000000</INTENSITY>
			<ATTENUATIONSTART>400.0000000</ATTENUATIONSTART>
			<ATTENUATIONEND>1200.0000000</ATTENUATIONEND>
			<CASTSHADOW/>
		</LIGHT>
		<LIGHT name="Omni_b 01">
			<POSITION>-1675.1510010 3500.0004883 2776.3918457</POSITION>
			<COLOR>1.0000000 1.0000000 1.0000000</COLOR>
			<INTENSITY>1.0000000</INTENSITY>
			<ATTENUATIONSTART>400.0000000</ATTENUATIONSTART>
			<ATTENUATIONEND>1000.0000000</ATTENUATIONEND>
			<CASTSHADOW/>
		</LIGHT>
		<LIGHT name="Omni_b 02">
			<POSITION>-1675.1510010 2500.0004883 2776.3918457</POSITION>
			<COLOR>1.0000000 1.0000000 1.0000000</COLOR>
			<INTENSITY>1.0000000</INTENSITY>
			<ATTENUATIONSTART>400.0000000</ATTENUATIONSTART>
			<ATTENUATIONEND>1000.0000000</ATTENUATIONEND>
			<CASTSHADOW/>
		</LIGHT>
		<LIGHT name="Omni_b 03">
			<POSITION>-1675.1510010 1500.0004883 2776.3918457</POSITION>
			<COLOR>1.0000000 1.0000000 1.0000000</COLOR>
			<INTENSITY>1.0000000</INTENSITY>
			<ATTENUATIONSTART>400.0000000</ATTENUATIONSTART>
			<ATTENUATIONEND>1000.0000000</ATTENUATIONEND>
			<CASTSHADOW/>
		</LIGHT>
		<LIGHT name="Omni_b 04">
			<POSITION>-1675.1510010 500.0004883 2776.3918457</POSITION>
			<COLOR>1.0000000 1.0000000 1.0000000</COLOR>
			<INTENSITY>1.0000000</INTENSITY>
			<ATTENUATIONSTART>400.0000000</ATTENUATIONSTART>
			<ATTENUATIONEND>1000.0000000</ATTENUATIONEND>
			<CASTSHADOW/>
		</LIGHT>
		<LIGHT name="Omni_b 05">
			<POSITION>-1675.1510010 -499.9995117 2776.3918457</POSITION>
			<COLOR>1.0000000 1.0000000 1.0000000</COLOR>
			<INTENSITY>1.0000000</INTENSITY>
			<ATTENUATIONSTART>400.0000000</ATTENUATIONSTART>
			<ATTENUATIONEND>1000.0000000</ATTENUATIONEND>
			<CASTSHADOW/>
		</LIGHT>
		<LIGHT name="Omni_b 06">
			<POSITION>-1675.1510010 -1499.9995117 2776.3918457</POSITION>
			<COLOR>1.0000000 1.0000000 1.0000000</COLOR>
			<INTENSITY>1.0000000</INTENSITY>
			<ATTENUATIONSTART>400.0000000</ATTENUATIONSTART>
			<ATTENUATIONEND>1000.0000000</ATTENUATIONEND>
			<CASTSHADOW/>
		</LIGHT>
		<LIGHT name="Omni_b 07">
			<POSITION>-1675.1510010 -2499.9995117 2776.3918457</POSITION>
			<COLOR>1.0000000 1.0000000 1.0000000</COLOR>
			<INTENSITY>1.0000000</INTENSITY>
			<ATTENUATIONSTART>400.0000000</ATTENUATIONSTART>
			<ATTENUATIONEND>1000.0000000</ATTENUATIONEND>
			<CASTSHADOW/>
		</LIGHT>
		<LIGHT name="Omni_b 08">
			<POSITION>-1675.1510010 -3499.9995117 2776.3918457</POSITION>
			<COLOR>1.0000000 1.0000000 1.0000000</COLOR>
			<INTENSITY>1.0000000</INTENSITY>
			<ATTENUATIONSTART>400.0000000</ATTENUATIONSTART>
			<ATTENUATIONEND>1000.0000000</ATTENUATIONEND>
			<CASTSHADOW/>
		</LIGHT>
		<LIGHT name="Omni_b 09">
			<POSITION>-1675.1510010 -4499.9995117 2776.3918457</POSITION>
			<COLOR>1.0000000 1.0000000 1.0000000</COLOR>
			<INTENSITY>1.0000000</INTENSITY>
			<ATTENUATIONSTART>400.0000000</ATTENUATIONSTART>
			<ATTENUATIONEND>1000.0000000</ATTENUATIONEND>
			<CASTSHADOW/>
		</LIGHT>
		<LIGHT name="Omni_b 10">
			<POSITION>-1675.1510010 -5499.9995117 2776.3918457</POSITION>
			<COLOR>1.0000000 1.0000000 1.0000000</COLOR>
			<INTENSITY>1.0000000</INTENSITY>
			<ATTENUATIONSTART>400.0000000</ATTENUATIONSTART>
			<ATTENUATIONEND>1000.0000000</ATTENUATIONEND>
			<CASTSHADOW/>
		</LIGHT>
		<LIGHT name="Omni_c 01">
			<POSITION>2.7714844 -6000.0000000 1699.0295410</POSITION>
			<COLOR>1.0000000 1.0000000 1.0000000</COLOR>
			<INTENSITY>0.4000000</INTENSITY>
			<ATTENUATIONSTART>769.0000000</ATTENUATIONSTART>
			<ATTENUATIONEND>2146.0000000</ATTENUATIONEND>
		</LIGHT>
		<LIGHT name="Omni_c 02">
			<POSITION>2.7714844 -5000.0000000 1699.0295410</POSITION>
			<COLOR>1.0000000 1.0000000 1.0000000</COLOR>
			<INTENSITY>0.4000000</INTENSITY>
			<ATTENUATIONSTART>769.0000000</ATTENUATIONSTART>
			<ATTENUATIONEND>2146.0000000</ATTENUATIONEND>
		</LIGHT>
		<LIGHT name="Omni_c 03">
			<POSITION>2.7714844 -4000.0000000 1699.0295410</POSITION>
			<COLOR>1.0000000 1.0000000 1.0000000</COLOR>
			<INTENSITY>0.4000000</INTENSITY>
			<ATTENUATIONSTART>769.0000000</ATTENUATIONSTART>
			<ATTENUATIONEND>2146.0000000</ATTENUATIONEND>
		</LIGHT>
		<LIGHT name="Omni_c 04">
			<POSITION>2.7714844 -3000.0000000 1699.0295410</POSITION>
			<COLOR>1.0000000 1.0000000 1.0000000</COLOR>
			<INTENSITY>0.4000000</INTENSITY>
			<ATTENUATIONSTART>769.0000000</ATTENUATIONSTART>
			<ATTENUATIONEND>2146.0000000</ATTENUATIONEND>
		</LIGHT>
		<LIGHT name="Omni_c 05">
			<POSITION>2.7714844 -2000.0000000 1699.0295410</POSITION>
			<COLOR>1.0000000 1.0000000 1.0000000</COLOR>
			<INTENSITY>0.4000000</INTENSITY>
			<ATTENUATIONSTART>769.0000000</ATTENUATIONSTART>
			<ATTENUATIONEND>2146.0000000</ATTENUATIONEND>
		</LIGHT>
		<LIGHT name="Omni_c 06">
			<POSITION>2.7714844 -1000.0000000 1699.0295410</POSITION>
			<COLOR>1.0000000 1.0000000 1.0000000</COLOR>
			<INTENSITY>0.4000000</INTENSITY>
			<ATTENUATIONSTART>769.0000000</ATTENUATIONSTART>
			<ATTENUATIONEND>2146.0000000</ATTENUATIONEND>
		</LIGHT>
		<LIGHT name="Omni_c 07">
			<POSITION>2.7714844 0.0000156 1699.0295410</POSITION>
			<COLOR>1.0000000 1.0000000 1.0000000</COLOR>
			<INTENSITY>0.4000000</INTENSITY>
			<ATTENUATIONSTART>769.0000000</ATTENUATIONSTART>
			<ATTENUATIONEND>2146.0000000</ATTENUATIONEND>
		</LIGHT>
		<LIGHT name="Omni_c 08">
			<POSITION>2.7714844 1000.0000000 1699.0295410</POSITION>
			<COLOR>1.0000000 1.0000000 1.0000000</COLOR>
			<INTENSITY>0.4000000</INTENSITY>
			<ATTENUATIONSTART>769.0000000</ATTENUATIONSTART>
			<ATTENUATIONEND>2146.0000000</ATTENUATIONEND>
		</LIGHT>
		<LIGHT name="Omni_c 09">
			<POSITION>2.7714844 2000.0000000 1699.0295410</POSITION>
			<COLOR>1.0000000 1.0000000 1.0000000</COLOR>
			<INTENSITY>0.4000000</INTENSITY>
			<ATTENUATIONSTART>769.0000000</ATTENUATIONSTART>
			<ATTENUATIONEND>2146.0000000</ATTENUATIONEND>
		</LIGHT>
		<LIGHT name="Omni_c 10">
			<POSITION>2.7714844 3000.0000000 1699.0295410</POSITION>
			<COLOR>1.0000000 1.0000000 1.0000000</COLOR>
			<INTENSITY>0.4000000</INTENSITY>
			<ATTENUATIONSTART>769.0000000</ATTENUATIONSTART>
			<ATTENUATIONEND>2146.0000000</ATTENUATIONEND>
		</LIGHT>
		<LIGHT name="Omni_c 11">
			<POSITION>2.7714844 -1000.0001221 4935.7065430</POSITION>
			<COLOR>1.0000000 1.0000000 1.0000000</COLOR>
			<INTENSITY>0.4000000</INTENSITY>
			<ATTENUATIONSTART>769.0000000</ATTENUATIONSTART>
			<ATTENUATIONEND>2146.0000000</ATTENUATIONEND>
		</LIGHT>
		<LIGHT name="Omni_c 12">
			<POSITION>2.7714844 -5000.0000000 4935.7065430</POSITION>
			<COLOR>1.0000000 1.0000000 1.0000000</COLOR>
			<INTENSITY>0.4000000</INTENSITY>
			<ATTENUATIONSTART>769.0000000</ATTENUATIONSTART>
			<ATTENUATIONEND>2146.0000000</ATTENUATIONEND>
		</LIGHT>
		<LIGHT name="Omni_c 13">
			<POSITION>2.7714844 -4000.0002441 4935.7065430</POSITION>
			<COLOR>1.0000000 1.0000000 1.0000000</COLOR>
			<INTENSITY>0.4000000</INTENSITY>
			<ATTENUATIONSTART>769.0000000</ATTENUATIONSTART>
			<ATTENUATIONEND>2146.0000000</ATTENUATIONEND>
		</LIGHT>
		<LIGHT name="Omni_c 14">
			<POSITION>2.7714844 -3000.0002441 4935.7065430</POSITION>
			<COLOR>1.0000000 1.0000000 1.0000000</COLOR>
			<INTENSITY>0.4000000</INTENSITY>
			<ATTENUATIONSTART>769.0000000</ATTENUATIONSTART>
			<ATTENUATIONEND>2146.0000000</ATTENUATIONEND>
		</LIGHT>
		<LIGHT name="Omni_c 15">
			<POSITION>2.7714844 -2000.0001221 4935.7065430</POSITION>
			<COLOR>1.0000000 1.0000000 1.0000000</COLOR>
			<INTENSITY>0.4000000</INTENSITY>
			<ATTENUATIONSTART>769.0000000</ATTENUATIONSTART>
			<ATTENUATIONEND>2146.0000000</ATTENUATIONEND>
		</LIGHT>
		<LIGHT name="Omni_c 16">
			<POSITION>2.7714844 -6000.0000000 4935.7065430</POSITION>
			<COLOR>1.0000000 1.0000000 1.0000000</COLOR>
			<INTENSITY>0.4000000</INTENSITY>
			<ATTENUATIONSTART>769.0000000</ATTENUATIONSTART>
			<ATTENUATIONEND>2146.0000000</ATTENUATIONEND>
		</LIGHT>
		<LIGHT name="Omni_c 17">
			<POSITION>2.7714844 -0.0001259 4935.7065430</POSITION>
			<COLOR>1.0000000 1.0000000 1.0000000</COLOR>
			<INTENSITY>0.4000000</INTENSITY>
			<ATTENUATIONSTART>769.0000000</ATTENUATIONSTART>
			<ATTENUATIONEND>2146.0000000</ATTENUATIONEND>
		</LIGHT>
		<LIGHT name="Omni_c 18">
			<POSITION>2.7714844 999.9998779 4935.7065430</POSITION>
			<COLOR>1.0000000 1.0000000 1.0000000</COLOR>
			<INTENSITY>0.4000000</INTENSITY>
			<ATTENUATIONSTART>769.0000000</ATTENUATIONSTART>
			<ATTENUATIONEND>2146.0000000</ATTENUATIONEND>
		</LIGHT>
		<LIGHT name="Omni_c 19">
			<POSITION>2.7714844 1999.9998779 4935.7065430</POSITION>
			<COLOR>1.0000000 1.0000000 1.0000000</COLOR>
			<INTENSITY>0.4000000</INTENSITY>
			<ATTENUATIONSTART>769.0000000</ATTENUATIONSTART>
			<ATTENUATIONEND>2146.0000000</ATTENUATIONEND>
		</LIGHT>
		<LIGHT name="Omni_c 20">
			<POSITION>2.7714844 2999.9997559 4935.7065430</POSITION>
			<COLOR>1.0000000 1.0000000 1.0000000</COLOR>
			<INTENSITY>0.4000000</INTENSITY>
			<ATTENUATIONSTART>769.0000000</ATTENUATIONSTART>
			<ATTENUATIONEND>2146.0000000</ATTENUATIONEND>
		</LIGHT>
		<LIGHT name="Omni_a 17">
			<POSITION>674.0521240 -1499.9996338 6010.8759766</POSITION>
			<COLOR>1.0000000 0.9529412 0.7647060</COLOR>
			<INTENSITY>2.5000000</INTENSITY>
			<ATTENUATIONSTART>400.0000000</ATTENUATIONSTART>
			<ATTENUATIONEND>1200.0000000</ATTENUATIONEND>
			<CASTSHADOW/>
		</LIGHT>
		<LIGHT name="Omni_a 18">
			<POSITION>674.0521240 2500.0002441 6010.8759766</POSITION>
			<COLOR>1.0000000 0.9529412 0.7647060</COLOR>
			<INTENSITY>2.5000000</INTENSITY>
			<ATTENUATIONSTART>400.0000000</ATTENUATIONSTART>
			<ATTENUATIONEND>1200.0000000</ATTENUATIONEND>
			<CASTSHADOW/>
		</LIGHT>
		<LIGHT name="Omni_a 19">
			<POSITION>674.0521240 1500.0003662 6010.8759766</POSITION>
			<COLOR>1.0000000 0.9529412 0.7647060</COLOR>
			<INTENSITY>2.5000000</INTENSITY>
			<ATTENUATIONSTART>400.0000000</ATTENUATIONSTART>
			<ATTENUATIONEND>1200.0000000</ATTENUATIONEND>
			<CASTSHADOW/>
		</LIGHT>
		<LIGHT name="Omni_a 20">
			<POSITION>674.0521240 500.0003357 6010.8759766</POSITION>
			<COLOR>1.0000000 0.9529412 0.7647060</COLOR>
			<INTENSITY>2.5000000</INTENSITY>
			<ATTENUATIONSTART>400.0000000</ATTENUATIONSTART>
			<ATTENUATIONEND>1200.0000000</ATTENUATIONEND>
			<CASTSHADOW/>
		</LIGHT>
		<LIGHT name="Omni_a 21">
			<POSITION>674.0521240 -499.9996643 6010.8759766</POSITION>
			<COLOR>1.0000000 0.9529412 0.7647060</COLOR>
			<INTENSITY>2.5000000</INTENSITY>
			<ATTENUATIONSTART>400.0000000</ATTENUATIONSTART>
			<ATTENUATIONEND>1200.0000000</ATTENUATIONEND>
			<CASTSHADOW/>
		</LIGHT>
		<LIGHT name="Omni_a 22">
			<POSITION>674.0521240 3500.0002441 6010.8759766</POSITION>
			<COLOR>1.0000000 0.9529412 0.7647060</COLOR>
			<INTENSITY>2.5000000</INTENSITY>
			<ATTENUATIONSTART>400.0000000</ATTENUATIONSTART>
			<ATTENUATIONEND>1200.0000000</ATTENUATIONEND>
			<CASTSHADOW/>
		</LIGHT>
		<LIGHT name="Omni_a 23">
			<POSITION>674.0521240 -2499.9997559 6010.8759766</POSITION>
			<COLOR>1.0000000 0.9529412 0.7647060</COLOR>
			<INTENSITY>2.5000000</INTENSITY>
			<ATTENUATIONSTART>400.0000000</ATTENUATIONSTART>
			<ATTENUATIONEND>1200.0000000</ATTENUATIONEND>
			<CASTSHADOW/>
		</LIGHT>
		<LIGHT name="Omni_a 24">
			<POSITION>674.0521240 -3499.9997559 6010.8759766</POSITION>
			<COLOR>1.0000000 0.9529412 0.7647060</COLOR>
			<INTENSITY>2.5000000</INTENSITY>
			<ATTENUATIONSTART>400.0000000</ATTENUATIONSTART>
			<ATTENUATIONEND>1200.0000000</ATTENUATIONEND>
			<CASTSHADOW/>
		</LIGHT>
		<LIGHT name="Omni_a 25">
			<POSITION>674.0521240 -4499.9995117 6010.8759766</POSITION>
			<COLOR>1.0000000 0.9529412 0.7647060</COLOR>
			<INTENSITY>2.5000000</INTENSITY>
			<ATTENUATIONSTART>400.0000000</ATTENUATIONSTART>
			<ATTENUATIONEND>1200.0000000</ATTENUATIONEND>
			<CASTSHADOW/>
		</LIGHT>
		<LIGHT name="Omni_a 26">
			<POSITION>674.0521240 -5499.9995117 6010.8759766</POSITION>
			<COLOR>1.0000000 0.9529412 0.7647060</COLOR>
			<INTENSITY>2.5000000</INTENSITY>
			<ATTENUATIONSTART>400.0000000</ATTENUATIONSTART>
			<ATTENUATIONEND>1200.0000000</ATTENUATIONEND>
			<CASTSHADOW/>
		</LIGHT>
		<LIGHT name="Omni_b 11">
			<POSITION>-688.0442505 -1499.9996338 6012.8427734</POSITION>
			<COLOR>1.0000000 1.0000000 1.0000000</COLOR>
			<INTENSITY>1.0000000</INTENSITY>
			<ATTENUATIONSTART>400.0000000</ATTENUATIONSTART>
			<ATTENUATIONEND>1000.0000000</ATTENUATIONEND>
			<CASTSHADOW/>
		</LIGHT>
		<LIGHT name="Omni_b 12">
			<POSITION>-688.0442505 2500.0002441 6012.8427734</POSITION>
			<COLOR>1.0000000 1.0000000 1.0000000</COLOR>
			<INTENSITY>1.0000000</INTENSITY>
			<ATTENUATIONSTART>400.0000000</ATTENUATIONSTART>
			<ATTENUATIONEND>1000.0000000</ATTENUATIONEND>
			<CASTSHADOW/>
		</LIGHT>
		<LIGHT name="Omni_b 13">
			<POSITION>-688.0442505 1500.0003662 6012.8427734</POSITION>
			<COLOR>1.0000000 1.0000000 1.0000000</COLOR>
			<INTENSITY>1.0000000</INTENSITY>
			<ATTENUATIONSTART>400.0000000</ATTENUATIONSTART>
			<ATTENUATIONEND>1000.0000000</ATTENUATIONEND>
			<CASTSHADOW/>
		</LIGHT>
		<LIGHT name="Omni_b 14">
			<POSITION>-688.0442505 500.0003357 6012.8427734</POSITION>
			<COLOR>1.0000000 1.0000000 1.0000000</COLOR>
			<INTENSITY>1.0000000</INTENSITY>
			<ATTENUATIONSTART>400.0000000</ATTENUATIONSTART>
			<ATTENUATIONEND>1000.0000000</ATTENUATIONEND>
			<CASTSHADOW/>
		</LIGHT>
		<LIGHT name="Omni_b 15">
			<POSITION>-688.0442505 -499.9996643 6012.8427734</POSITION>
			<COLOR>1.0000000 1.0000000 1.0000000</COLOR>
			<INTENSITY>1.0000000</INTENSITY>
			<ATTENUATIONSTART>400.0000000</ATTENUATIONSTART>
			<ATTENUATIONEND>1000.0000000</ATTENUATIONEND>
			<CASTSHADOW/>
		</LIGHT>
		<LIGHT name="Omni_b 16">
			<POSITION>-688.0442505 3500.0002441 6012.8427734</POSITION>
			<COLOR>1.0000000 1.0000000 1.0000000</COLOR>
			<INTENSITY>1.0000000</INTENSITY>
			<ATTENUATIONSTART>400.0000000</ATTENUATIONSTART>
			<ATTENUATIONEND>1000.0000000</ATTENUATIONEND>
			<CASTSHADOW/>
		</LIGHT>
		<LIGHT name="Omni_b 17">
			<POSITION>-688.0442505 -2499.9997559 6012.8427734</POSITION>
			<COLOR>1.0000000 1.0000000 1.0000000</COLOR>
			<INTENSITY>1.0000000</INTENSITY>
			<ATTENUATIONSTART>400.0000000</ATTENUATIONSTART>
			<ATTENUATIONEND>1000.0000000</ATTENUATIONEND>
			<CASTSHADOW/>
		</LIGHT>
		<LIGHT name="Omni_b 18">
			<POSITION>-688.0442505 -3499.9997559 6012.8422852</POSITION>
			<COLOR>1.0000000 1.0000000 1.0000000</COLOR>
			<INTENSITY>1.0000000</INTENSITY>
			<ATTENUATIONSTART>400.0000000</ATTENUATIONSTART>
			<ATTENUATIONEND>1000.0000000</ATTENUATIONEND>
			<CASTSHADOW/>
		</LIGHT>
		<LIGHT name="Omni_b 19">
			<POSITION>-688.0442505 -4499.9995117 6012.8422852</POSITION>
			<COLOR>1.0000000 1.0000000 1.0000000</COLOR>
			<INTENSITY>1.0000000</INTENSITY>
			<ATTENUATIONSTART>400.0000000</ATTENUATIONSTART>
			<ATTENUATIONEND>1000.0000000</ATTENUATIONEND>
			<CASTSHADOW/>
		</LIGHT>
		<LIGHT name="Omni_b 20">
			<POSITION>-688.0442505 -5499.9995117 6012.8422852</POSITION>
			<COLOR>1.0000000 1.0000000 1.0000000</COLOR>
			<INTENSITY>1.0000000</INTENSITY>
			<ATTENUATIONSTART>400.0000000</ATTENUATIONSTART>
			<ATTENUATIONEND>1000.0000000</ATTENUATIONEND>
			<CASTSHADOW/>
		</LIGHT>
		<LIGHT name="Omni_d 05">
			<POSITION>0.0000000 4597.5405273 2776.3918457</POSITION>
			<COLOR>1.0000000 0.9529412 0.7647060</COLOR>
			<INTENSITY>1.5000000</INTENSITY>
			<ATTENUATIONSTART>400.0000000</ATTENUATIONSTART>
			<ATTENUATIONEND>1200.0000000</ATTENUATIONEND>
			<CASTSHADOW/>
		</LIGHT>
		<LIGHT name="Omni_d 02">
			<POSITION>0.0000000 4597.5405273 6010.8764648</POSITION>
			<COLOR>1.0000000 0.9529412 0.7647060</COLOR>
			<INTENSITY>1.5000000</INTENSITY>
			<ATTENUATIONSTART>400.0000000</ATTENUATIONSTART>
			<ATTENUATIONEND>1200.0000000</ATTENUATIONEND>
			<CASTSHADOW/>
		</LIGHT>
		<LIGHT name="Omni_d 06">
			<POSITION>-663.2781982 4369.9316406 2776.3918457</POSITION>
			<COLOR>1.0000000 0.9529412 0.7647060</COLOR>
			<INTENSITY>1.5000000</INTENSITY>
			<ATTENUATIONSTART>400.0000000</ATTENUATIONSTART>
			<ATTENUATIONEND>1200.0000000</ATTENUATIONEND>
			<CASTSHADOW/>
		</LIGHT>
		<LIGHT name="Omni_d 04">
			<POSITION>667.7844238 4370.1079102 2776.3918457</POSITION>
			<COLOR>1.0000000 0.9529412 0.7647060</COLOR>
			<INTENSITY>1.5000000</INTENSITY>
			<ATTENUATIONSTART>400.0000000</ATTENUATIONSTART>
			<ATTENUATIONEND>1200.0000000</ATTENUATIONEND>
			<CASTSHADOW/>
		</LIGHT>
		<LIGHT name="Omni_d 03">
			<POSITION>-663.2781982 4369.9316406 6010.8759766</POSITION>
			<COLOR>1.0000000 0.9529412 0.7647060</COLOR>
			<INTENSITY>1.5000000</INTENSITY>
			<ATTENUATIONSTART>400.0000000</ATTENUATIONSTART>
			<ATTENUATIONEND>1200.0000000</ATTENUATIONEND>
			<CASTSHADOW/>
		</LIGHT>
		<LIGHT name="Omni_d 01">
			<POSITION>667.7844238 4370.1079102 6010.8759766</POSITION>
			<COLOR>1.0000000 0.9529412 0.7647060</COLOR>
			<INTENSITY>1.5000000</INTENSITY>
			<ATTENUATIONSTART>400.0000000</ATTENUATIONSTART>
			<ATTENUATIONEND>1200.0000000</ATTENUATIONEND>
			<CASTSHADOW/>
		</LIGHT>
		<LIGHT name="Omni_deco 01">
			<POSITION>-10.3854980 -1555.3753662 1283.7602539</POSITION>
			<COLOR>0.6039216 1.0000000 0.6705883</COLOR>
			<INTENSITY>0.8000000</INTENSITY>
			<ATTENUATIONSTART>691.0000000</ATTENUATIONSTART>
			<ATTENUATIONEND>1706.0000000</ATTENUATIONEND>
		</LIGHT>
		<LIGHT name="Omni_deco 02">
			<POSITION>-327.1901855 3872.0402832 3872.4985352</POSITION>
			<COLOR>1.0000000 0.9215687 0.6039216</COLOR>
			<INTENSITY>1.5000000</INTENSITY>
			<ATTENUATIONSTART>707.0000000</ATTENUATIONSTART>
			<ATTENUATIONEND>1453.0000000</ATTENUATIONEND>
		</LIGHT>
		<LIGHT name="Omni_deco 03">
			<POSITION>-10.3854980 2135.8393555 1442.1947021</POSITION>
			<COLOR>0.6039216 1.0000000 0.6705883</COLOR>
			<INTENSITY>0.8000000</INTENSITY>
			<ATTENUATIONSTART>691.0000000</ATTENUATIONSTART>
			<ATTENUATIONEND>1706.0000000</ATTENUATIONEND>
		</LIGHT>
		<LIGHT name="Omni_deco 04">
			<POSITION>-10.3854980 487.7629395 4500.3623047</POSITION>
			<COLOR>0.6039216 1.0000000 0.6705883</COLOR>
			<INTENSITY>0.8000000</INTENSITY>
			<ATTENUATIONSTART>691.0000000</ATTENUATIONSTART>
			<ATTENUATIONEND>1706.0000000</ATTENUATIONEND>
		</LIGHT>
		<LIGHT name="Omni_deco 05">
			<POSITION>1788.7020264 -602.4384766 1885.5988770</POSITION>
			<COLOR>0.7372549 0.7176471 1.0000000</COLOR>
			<INTENSITY>1.0000000</INTENSITY>
			<ATTENUATIONSTART>1598.0000000</ATTENUATIONSTART>
			<ATTENUATIONEND>2555.0000000</ATTENUATIONEND>
		</LIGHT>
		<LIGHT name="obj_Omni 01">
			<POSITION>-152.9425964 -4991.7958984 382.1990662</POSITION>
			<COLOR>1.0000000 1.0000000 1.0000000</COLOR>
			<INTENSITY>1.5000000</INTENSITY>
			<ATTENUATIONSTART>4000.0000000</ATTENUATIONSTART>
			<ATTENUATIONEND>4000.0000000</ATTENUATIONEND>
			<CASTSHADOW/>
		</LIGHT>
	</LIGHTLIST>
	<OBJECTLIST>
		<OBJECT name="Church_a_ani_light_add_a 10.elu">
		</OBJECT>
		<OBJECT name="Church_a_ani_light_add_d 10.elu">
		</OBJECT>
		<OBJECT name="Church_a_ani_deco_b 18.elu">
		</OBJECT>
		<OBJECT name="Church_a_ani_deco_b 17.elu">
		</OBJECT>
		<OBJECT name="Church_a_ani_light_add_a 09.elu">
		</OBJECT>
		<OBJECT name="Church_a_ani_light_add_d 09.elu">
		</OBJECT>
		<OBJECT name="Church_a_ani_deco_b 16.elu">
		</OBJECT>
		<OBJECT name="Church_a_ani_deco_b 15.elu">
		</OBJECT>
		<OBJECT name="Church_a_ani_light_add_a 08.elu">
		</OBJECT>
		<OBJECT name="Church_a_ani_light_add_d 08.elu">
		</OBJECT>
		<OBJECT name="Church_a_ani_deco_b 14.elu">
		</OBJECT>
		<OBJECT name="Church_a_ani_deco_b 13.elu">
		</OBJECT>
		<OBJECT name="Church_a_ani_light_add_a 07.elu">
		</OBJECT>
		<OBJECT name="Church_a_ani_light_add_d 07.elu">
		</OBJECT>
		<OBJECT name="Church_a_ani_deco_b 12.elu">
		</OBJECT>
		<OBJECT name="Church_a_ani_deco_b 11.elu">
		</OBJECT>
		<OBJECT name="Church_a_ani_light_add_a 06.elu">
		</OBJECT>
		<OBJECT name="Church_a_ani_light_add_d 06.elu">
		</OBJECT>
		<OBJECT name="Church_a_ani_deco_b 10.elu">
		</OBJECT>
		<OBJECT name="Church_a_ani_deco_b 09.elu">
		</OBJECT>
		<OBJECT name="Church_a_ani_light_add_a 05.elu">
		</OBJECT>
		<OBJECT name="Church_a_ani_light_add_d 05.elu">
		</OBJECT>
		<OBJECT name="Church_a_ani_deco_b 08.elu">
		</OBJECT>
		<OBJECT name="Church_a_ani_deco_b 07.elu">
		</OBJECT>
		<OBJECT name="Church_a_ani_light_add_a 04.elu">
		</OBJECT>
		<OBJECT name="Church_a_ani_light_add_d 04.elu">
		</OBJECT>
		<OBJECT name="Church_a_ani_deco_b 06.elu">
		</OBJECT>
		<OBJECT name="Church_a_ani_deco_b 05.elu">
		</OBJECT>
		<OBJECT name="Church_a_ani_light_add_a 03.elu">
		</OBJECT>
		<OBJECT name="Church_a_ani_light_add_d 03.elu">
		</OBJECT>
		<OBJECT name="Church_a_ani_deco_b 04.elu">
		</OBJECT>
		<OBJECT name="Church_a_ani_deco_b 03.elu">
		</OBJECT>
		<OBJECT name="Church_a_ani_light_add_a 02.elu">
		</OBJECT>
		<OBJECT name="Church_a_ani_light_add_d 02.elu">
		</OBJECT>
		<OBJECT name="Church_a_ani_deco_b 02.elu">
		</OBJECT>
		<OBJECT name="Church_a_ani_deco_b 01.elu">
		</OBJECT>
		<OBJECT name="Church_a_ani_light_add_d 01.elu">
		</OBJECT>
		<OBJECT name="Church_a_ani_light_add_a 01.elu">
		</OBJECT>
		<OBJECT name="dove.elu">
		</OBJECT>
	</OBJECTLIST>
	<DUMMYLIST>
		<DUMMY name="spawn_solo_01">
			<POSITION>-411.1133118 -3200.0717773 320.0000037</POSITION>
			<DIRECTION>-0.3515498 -0.9361691 0.0000000</DIRECTION>
			<!--<POSITION>-411.1133118 -250.0717773 140.0000037</POSITION> -->
		</DUMMY>
		<DUMMY name="wait_pos_01">
			<POSITION>-527.5526733 -250.3647461 119.9586792</POSITION>
			<DIRECTION>0.2605562 0.3651278 0.0252724</DIRECTION>
		</DUMMY>
<!-- -3618.0717773-->
<!-- <DIRECTION>0.2605562 0.3651278 0.0252724</DIRECTION> -->
	</DUMMYLIST>
	<OCCLUSIONLIST>
	</OCCLUSIONLIST>
<FOG min="400" max="7000">
<R>248</R>
<G>248</G>
<B>255</B>
</FOG>
<GLOBAL>
<fog_enable>TRUE</fog_enable>
<fog_min>400</fog_min>
<fog_max>7000</fog_max>
<fog_color>0,0,0</fog_color>
</GLOBAL>
</XML>
