<?xml version="1.0" encoding="UTF-8"?>
<XML>
	<GAMETYPE id="solo">
		<SPAWN item="bullet02" timesec="45000">
			<POSITION>310.00000000 372.00000000 138.00000000</POSITION>
		</SPAWN>
		<SPAWN item="ap03" timesec="45000">
			<POSITION>-1227.00000000 4262.00000000 136.00000000</POSITION>
		</SPAWN>
		<SPAWN item="hp03" timesec="45000">
			<POSITION>-1592.00000000 2076.00000000 781.00000000</POSITION>
		</SPAWN>
</GAMETYPE><GAMETYPE id="team">
		<SPAWN item="hp03" timesec="45000">
			<POSITION>-1592.00000000 2076.00000000 781.00000000</POSITION>
		</SPAWN>
		<SPAWN item="bullet02" timesec="45000">
			<POSITION>-1232.00000000 4264.00000000 136.00000000</POSITION>
		</SPAWN>
		<SPAWN item="bullet02" timesec="45000">
			<POSITION>-2008.00000000 -1760.00000000 136.00000000</POSITION>
		</SPAWN>
</GAMETYPE>
</XML>
