<?xml version="1.0" encoding="UTF-8"?>
<XML>
	<MATERIALLIST>
		<MATERIAL name="texturesV3_brickold6">
			<DIFFUSE>1.00000000 1.00000000 1.00000000</DIFFUSE>
			<AMBIENT>1.00000000 1.00000000 1.00000000</AMBIENT>
			<SPECULAR>1.00000000 1.00000000 1.00000000</SPECULAR>
			<DIFFUSEMAP>texturesV3/brickold6.jpg</DIFFUSEMAP>
		</MATERIAL>
		<MATERIAL name="texturesV2_stone3">
			<DIFFUSE>1.00000000 1.00000000 1.00000000</DIFFUSE>
			<AMBIENT>1.00000000 1.00000000 1.00000000</AMBIENT>
			<SPECULAR>1.00000000 1.00000000 1.00000000</SPECULAR>
			<DIFFUSEMAP>texturesV2/stone3.jpg</DIFFUSEMAP>
		</MATERIAL>
		<MATERIAL name="texturesV2_GMBox2">
			<DIFFUSE>1.00000000 1.00000000 1.00000000</DIFFUSE>
			<AMBIENT>1.00000000 1.00000000 1.00000000</AMBIENT>
			<SPECULAR>1.00000000 1.00000000 1.00000000</SPECULAR>
			<DIFFUSEMAP>texturesV2/GMBox2.jpg</DIFFUSEMAP>
		</MATERIAL>
		<MATERIAL name="texturesV2_Floor012">
			<DIFFUSE>1.00000000 1.00000000 1.00000000</DIFFUSE>
			<AMBIENT>1.00000000 1.00000000 1.00000000</AMBIENT>
			<SPECULAR>1.00000000 1.00000000 1.00000000</SPECULAR>
			<DIFFUSEMAP>texturesV2/Floor012.jpg</DIFFUSEMAP>
		</MATERIAL>
		<MATERIAL name="texturesV2_1">
			<DIFFUSE>1.00000000 1.00000000 1.00000000</DIFFUSE>
			<AMBIENT>1.00000000 1.00000000 1.00000000</AMBIENT>
			<SPECULAR>1.00000000 1.00000000 1.00000000</SPECULAR>
			<DIFFUSEMAP>texturesV2/1.jpg</DIFFUSEMAP>
		</MATERIAL>
		<MATERIAL name="Colors_green">
			<DIFFUSE>1.00000000 1.00000000 1.00000000</DIFFUSE>
			<AMBIENT>1.00000000 1.00000000 1.00000000</AMBIENT>
			<SPECULAR>1.00000000 1.00000000 1.00000000</SPECULAR>
			<DIFFUSEMAP>Colors/green.tga</DIFFUSEMAP>
                                         <ADDITIVE/>
		</MATERIAL>
		<MATERIAL name="texturesV2_wire">
			<DIFFUSE>1.00000000 1.00000000 1.00000000</DIFFUSE>
			<AMBIENT>1.00000000 1.00000000 1.00000000</AMBIENT>
			<SPECULAR>1.00000000 1.00000000 1.00000000</SPECULAR>
			<DIFFUSEMAP>texturesV2/wire.jpg</DIFFUSEMAP>
		</MATERIAL>
		<MATERIAL name="texturesV2_block16">
			<DIFFUSE>1.00000000 1.00000000 1.00000000</DIFFUSE>
			<AMBIENT>1.00000000 1.00000000 1.00000000</AMBIENT>
			<SPECULAR>1.00000000 1.00000000 1.00000000</SPECULAR>
			<DIFFUSEMAP>texturesV2/block16.jpg</DIFFUSEMAP>
		</MATERIAL>
		<MATERIAL name="texturesV2_ScorchedEarth">
			<DIFFUSE>1.00000000 1.00000000 1.00000000</DIFFUSE>
			<AMBIENT>1.00000000 1.00000000 1.00000000</AMBIENT>
			<SPECULAR>1.00000000 1.00000000 1.00000000</SPECULAR>
			<DIFFUSEMAP>texturesV2/ScorchedEarth.jpg</DIFFUSEMAP>
		</MATERIAL>
		<MATERIAL name="texturesV2_electronic-seamless-texture-thumb7242621">
			<DIFFUSE>1.00000000 1.00000000 1.00000000</DIFFUSE>
			<AMBIENT>1.00000000 1.00000000 1.00000000</AMBIENT>
			<SPECULAR>1.00000000 1.00000000 1.00000000</SPECULAR>
			<DIFFUSEMAP>texturesV2/electronic-seamless-texture-thumb7242621.jpg</DIFFUSEMAP>
		</MATERIAL>
		<MATERIAL name="texturesV2_fire2">
			<DIFFUSE>1.00000000 1.00000000 1.00000000</DIFFUSE>
			<AMBIENT>1.00000000 1.00000000 1.00000000</AMBIENT>
			<SPECULAR>1.00000000 1.00000000 1.00000000</SPECULAR>
			<DIFFUSEMAP>texturesV2/fire2.jpg</DIFFUSEMAP>
		</MATERIAL>
		<MATERIAL name="texturesV2_Onyx_Colored">
			<DIFFUSE>1.00000000 1.00000000 1.00000000</DIFFUSE>
			<AMBIENT>1.00000000 1.00000000 1.00000000</AMBIENT>
			<SPECULAR>1.00000000 1.00000000 1.00000000</SPECULAR>
			<DIFFUSEMAP>texturesV2/Onyx_Colored.jpg</DIFFUSEMAP>
		</MATERIAL>
		<MATERIAL name="texturesV2_wood011">
			<DIFFUSE>1.00000000 1.00000000 1.00000000</DIFFUSE>
			<AMBIENT>1.00000000 1.00000000 1.00000000</AMBIENT>
			<SPECULAR>1.00000000 1.00000000 1.00000000</SPECULAR>
			<DIFFUSEMAP>texturesV2/wood011.jpg</DIFFUSEMAP>
		</MATERIAL>
		<MATERIAL name="texturesV2_stone7">
			<DIFFUSE>1.00000000 1.00000000 1.00000000</DIFFUSE>
			<AMBIENT>1.00000000 1.00000000 1.00000000</AMBIENT>
			<SPECULAR>1.00000000 1.00000000 1.00000000</SPECULAR>
			<DIFFUSEMAP>texturesV2/stone7.jpg</DIFFUSEMAP>
		</MATERIAL>
		<MATERIAL name="texturesV2_du">
			<DIFFUSE>1.00000000 1.00000000 1.00000000</DIFFUSE>
			<AMBIENT>1.00000000 1.00000000 1.00000000</AMBIENT>
			<SPECULAR>1.00000000 1.00000000 1.00000000</SPECULAR>
			<DIFFUSEMAP>texturesV2/du.jpg</DIFFUSEMAP>
		</MATERIAL>
		<MATERIAL name="Colors_blue">
			<DIFFUSE>1.00000000 1.00000000 1.00000000</DIFFUSE>
			<AMBIENT>1.00000000 1.00000000 1.00000000</AMBIENT>
			<SPECULAR>1.00000000 1.00000000 1.00000000</SPECULAR>
			<DIFFUSEMAP>Colors/blue.tga</DIFFUSEMAP>
                                         <ADDITIVE/>
		</MATERIAL>
		<MATERIAL name="texturesV2_2">
			<DIFFUSE>1.00000000 1.00000000 1.00000000</DIFFUSE>
			<AMBIENT>1.00000000 1.00000000 1.00000000</AMBIENT>
			<SPECULAR>1.00000000 1.00000000 1.00000000</SPECULAR>
			<DIFFUSEMAP>texturesV2/2.jpg</DIFFUSEMAP>
		</MATERIAL>
		<MATERIAL name="texturesV2_Cm_o_wall003">
			<DIFFUSE>1.00000000 1.00000000 1.00000000</DIFFUSE>
			<AMBIENT>1.00000000 1.00000000 1.00000000</AMBIENT>
			<SPECULAR>1.00000000 1.00000000 1.00000000</SPECULAR>
			<DIFFUSEMAP>texturesV2/Cm_o_wall003.jpg</DIFFUSEMAP>
		</MATERIAL>
		<MATERIAL name="texturesV2_frozenriver">
			<DIFFUSE>1.00000000 1.00000000 1.00000000</DIFFUSE>
			<AMBIENT>1.00000000 1.00000000 1.00000000</AMBIENT>
			<SPECULAR>1.00000000 1.00000000 1.00000000</SPECULAR>
			<DIFFUSEMAP>texturesV2/frozenriver.jpg</DIFFUSEMAP>
		</MATERIAL>
		<MATERIAL name="texturesV2_snowfield">
			<DIFFUSE>1.00000000 1.00000000 1.00000000</DIFFUSE>
			<AMBIENT>1.00000000 1.00000000 1.00000000</AMBIENT>
			<SPECULAR>1.00000000 1.00000000 1.00000000</SPECULAR>
			<DIFFUSEMAP>texturesV2/snowfield.jpg</DIFFUSEMAP>
		</MATERIAL>
		<MATERIAL name="common_snow">
			<DIFFUSE>1.00000000 1.00000000 1.00000000</DIFFUSE>
			<AMBIENT>1.00000000 1.00000000 1.00000000</AMBIENT>
			<SPECULAR>1.00000000 1.00000000 1.00000000</SPECULAR>
			<DIFFUSEMAP>common/snow.jpg</DIFFUSEMAP>
		</MATERIAL>
		<MATERIAL name="texturesV2_Ec">
			<DIFFUSE>1.00000000 1.00000000 1.00000000</DIFFUSE>
			<AMBIENT>1.00000000 1.00000000 1.00000000</AMBIENT>
			<SPECULAR>1.00000000 1.00000000 1.00000000</SPECULAR>
			<DIFFUSEMAP>texturesV2/Ec.jpg</DIFFUSEMAP>
		</MATERIAL>
		<MATERIAL name="texturesV2_GMBox">
			<DIFFUSE>1.00000000 1.00000000 1.00000000</DIFFUSE>
			<AMBIENT>1.00000000 1.00000000 1.00000000</AMBIENT>
			<SPECULAR>1.00000000 1.00000000 1.00000000</SPECULAR>
			<DIFFUSEMAP>texturesV2/GMBox.jpg</DIFFUSEMAP>
		</MATERIAL>
		<MATERIAL name="texturesV2_castlewall">
			<DIFFUSE>1.00000000 1.00000000 1.00000000</DIFFUSE>
			<AMBIENT>1.00000000 1.00000000 1.00000000</AMBIENT>
			<SPECULAR>1.00000000 1.00000000 1.00000000</SPECULAR>
			<DIFFUSEMAP>texturesV2/castlewall.tga</DIFFUSEMAP>
		</MATERIAL>
		<MATERIAL name="texturesV2_3x3green">
			<DIFFUSE>1.00000000 1.00000000 1.00000000</DIFFUSE>
			<AMBIENT>1.00000000 1.00000000 1.00000000</AMBIENT>
			<SPECULAR>1.00000000 1.00000000 1.00000000</SPECULAR>
			<DIFFUSEMAP>texturesV2/3x3green.tga</DIFFUSEMAP>
		</MATERIAL>
		<MATERIAL name="texturesV2_block8">
			<DIFFUSE>1.00000000 1.00000000 1.00000000</DIFFUSE>
			<AMBIENT>1.00000000 1.00000000 1.00000000</AMBIENT>
			<SPECULAR>1.00000000 1.00000000 1.00000000</SPECULAR>
			<DIFFUSEMAP>texturesV2/block8.jpg</DIFFUSEMAP>
		</MATERIAL>
		<MATERIAL name="texturesV2_lava">
			<DIFFUSE>1.00000000 1.00000000 1.00000000</DIFFUSE>
			<AMBIENT>1.00000000 1.00000000 1.00000000</AMBIENT>
			<SPECULAR>1.00000000 1.00000000 1.00000000</SPECULAR>
			<DIFFUSEMAP>texturesV2/lava.tga</DIFFUSEMAP>
		</MATERIAL>
		<MATERIAL name="texturesV2_water">
			<DIFFUSE>1.00000000 1.00000000 1.00000000</DIFFUSE>
			<AMBIENT>1.00000000 1.00000000 1.00000000</AMBIENT>
			<SPECULAR>1.00000000 1.00000000 1.00000000</SPECULAR>
			<DIFFUSEMAP>texturesV2/water.tga</DIFFUSEMAP>
		</MATERIAL>
		<MATERIAL name="texturesV2_VolcanicRoseGlass">
			<DIFFUSE>1.00000000 1.00000000 1.00000000</DIFFUSE>
			<AMBIENT>1.00000000 1.00000000 1.00000000</AMBIENT>
			<SPECULAR>1.00000000 1.00000000 1.00000000</SPECULAR>
			<DIFFUSEMAP>texturesV2/VolcanicRoseGlass.jpg</DIFFUSEMAP>
		</MATERIAL>
		<MATERIAL name="texturesV2_concrete004">
			<DIFFUSE>1.00000000 1.00000000 1.00000000</DIFFUSE>
			<AMBIENT>1.00000000 1.00000000 1.00000000</AMBIENT>
			<SPECULAR>1.00000000 1.00000000 1.00000000</SPECULAR>
			<DIFFUSEMAP>texturesV2/concrete004.jpg</DIFFUSEMAP>
		</MATERIAL>
		<MATERIAL name="texturesV2_diskofloor2">
			<DIFFUSE>1.00000000 1.00000000 1.00000000</DIFFUSE>
			<AMBIENT>1.00000000 1.00000000 1.00000000</AMBIENT>
			<SPECULAR>1.00000000 1.00000000 1.00000000</SPECULAR>
			<DIFFUSEMAP>texturesV2/diskofloor2.jpg</DIFFUSEMAP>
		</MATERIAL>
		<MATERIAL name="texturesV2_Metal093wallgray">
			<DIFFUSE>1.00000000 1.00000000 1.00000000</DIFFUSE>
			<AMBIENT>1.00000000 1.00000000 1.00000000</AMBIENT>
			<SPECULAR>1.00000000 1.00000000 1.00000000</SPECULAR>
			<DIFFUSEMAP>texturesV2/Metal093wallgray.jpg</DIFFUSEMAP>
		</MATERIAL>
		<MATERIAL name="texturesV2_!RADIO">
			<DIFFUSE>1.00000000 1.00000000 1.00000000</DIFFUSE>
			<AMBIENT>1.00000000 1.00000000 1.00000000</AMBIENT>
			<SPECULAR>1.00000000 1.00000000 1.00000000</SPECULAR>
			<DIFFUSEMAP>texturesV2/!RADIO.jpg</DIFFUSEMAP>
		</MATERIAL>
		<MATERIAL name="texturesV2_heaven">
			<DIFFUSE>1.00000000 1.00000000 1.00000000</DIFFUSE>
			<AMBIENT>1.00000000 1.00000000 1.00000000</AMBIENT>
			<SPECULAR>1.00000000 1.00000000 1.00000000</SPECULAR>
			<DIFFUSEMAP>texturesV2/heaven.jpg</DIFFUSEMAP>
		</MATERIAL>
		<MATERIAL name="texturesV1_colortransparent">
			<DIFFUSE>1.00000000 1.00000000 1.00000000</DIFFUSE>
			<AMBIENT>1.00000000 1.00000000 1.00000000</AMBIENT>
			<SPECULAR>1.00000000 1.00000000 1.00000000</SPECULAR>
			<DIFFUSEMAP>texturesV1/colortransparent.tga</DIFFUSEMAP>
			<USEOPACITY/>
		</MATERIAL>
		<MATERIAL name="texturesV1_redrock">
			<DIFFUSE>1.00000000 1.00000000 1.00000000</DIFFUSE>
			<AMBIENT>1.00000000 1.00000000 1.00000000</AMBIENT>
			<SPECULAR>1.00000000 1.00000000 1.00000000</SPECULAR>
			<DIFFUSEMAP>texturesV1/redrock.jpg</DIFFUSEMAP>
		</MATERIAL>
		<MATERIAL name="mansion_gzd_map_Mansion_door02.bmp">
			<DIFFUSE>1.00000000 1.00000000 1.00000000</DIFFUSE>
			<AMBIENT>1.00000000 1.00000000 1.00000000</AMBIENT>
			<SPECULAR>1.00000000 1.00000000 1.00000000</SPECULAR>
			<DIFFUSEMAP>mansion/gzd_map_Mansion_door02.bmp</DIFFUSEMAP>
		</MATERIAL>
		<MATERIAL name="texturesV1_wallwood">
			<DIFFUSE>1.00000000 1.00000000 1.00000000</DIFFUSE>
			<AMBIENT>1.00000000 1.00000000 1.00000000</AMBIENT>
			<SPECULAR>1.00000000 1.00000000 1.00000000</SPECULAR>
			<DIFFUSEMAP>texturesV1/wallwood.jpg</DIFFUSEMAP>
		</MATERIAL>
		<MATERIAL name="common_red">
			<DIFFUSE>1.00000000 1.00000000 1.00000000</DIFFUSE>
			<AMBIENT>1.00000000 1.00000000 1.00000000</AMBIENT>
			<SPECULAR>1.00000000 1.00000000 1.00000000</SPECULAR>
			<DIFFUSEMAP>common/red.tga</DIFFUSEMAP>
		</MATERIAL>
		<MATERIAL name="minecraft_log">
			<DIFFUSE>1.00000000 1.00000000 1.00000000</DIFFUSE>
			<AMBIENT>1.00000000 1.00000000 1.00000000</AMBIENT>
			<SPECULAR>1.00000000 1.00000000 1.00000000</SPECULAR>
			<DIFFUSEMAP>minecraft/log.jpg</DIFFUSEMAP>
		</MATERIAL>
		<MATERIAL name="minecraft_leaves">
			<DIFFUSE>1.00000000 1.00000000 1.00000000</DIFFUSE>
			<AMBIENT>1.00000000 1.00000000 1.00000000</AMBIENT>
			<SPECULAR>1.00000000 1.00000000 1.00000000</SPECULAR>
			<DIFFUSEMAP>minecraft/leaves.png</DIFFUSEMAP>
		</MATERIAL>
		<MATERIAL name="texturesV2_PTS">
			<DIFFUSE>1.00000000 1.00000000 1.00000000</DIFFUSE>
			<AMBIENT>1.00000000 1.00000000 1.00000000</AMBIENT>
			<SPECULAR>1.00000000 1.00000000 1.00000000</SPECULAR>
			<DIFFUSEMAP>texturesV2/PTS.png</DIFFUSEMAP>
		</MATERIAL>
		<MATERIAL name="texturesV2_Finish">
			<DIFFUSE>1.00000000 1.00000000 1.00000000</DIFFUSE>
			<AMBIENT>1.00000000 1.00000000 1.00000000</AMBIENT>
			<SPECULAR>1.00000000 1.00000000 1.00000000</SPECULAR>
			<DIFFUSEMAP>texturesV2/Finish.jpg</DIFFUSEMAP>
		</MATERIAL>
		<MATERIAL name="Grid_03WOOD_CROSS_13">
			<DIFFUSE>1.00000000 1.00000000 1.00000000</DIFFUSE>
			<AMBIENT>1.00000000 1.00000000 1.00000000</AMBIENT>
			<SPECULAR>1.00000000 1.00000000 1.00000000</SPECULAR>
			<DIFFUSEMAP>Grid/03WOOD_CROSS_13.jpg</DIFFUSEMAP>
		</MATERIAL>
		<MATERIAL name="Colors_florecente">
			<DIFFUSE>1.00000000 1.00000000 1.00000000</DIFFUSE>
			<AMBIENT>1.00000000 1.00000000 1.00000000</AMBIENT>
			<SPECULAR>1.00000000 1.00000000 1.00000000</SPECULAR>
			<DIFFUSEMAP>Colors/florecente.tga</DIFFUSEMAP>
		</MATERIAL>
	</MATERIALLIST>
	<DUMMYLIST>
		<DUMMY name="spawn_solo_101">
			<POSITION>28160.00000000 8.00000000 -504.00000000</POSITION>
			<DIRECTION>-1.00000000 0.00000000 0.00000000</DIRECTION>
		</DUMMY>
	</DUMMYLIST>
<FOG min="0" max="8500">
		<R>0</R>
		<G>80</G>
		<B>145</B>
	</FOG>
</XML>
