<?xml version="1.0" encoding="UTF-8"?>
<XML>
	<MATERIALLIST>
		<MATERIAL name="dirt_arzrblset_1">
			<DIFFUSE>1.00000000 1.00000000 1.00000000</DIFFUSE>
			<AMBIENT>1.00000000 1.00000000 1.00000000</AMBIENT>
			<SPECULAR>1.00000000 1.00000000 1.00000000</SPECULAR>
			<DIFFUSEMAP>dirt/arzrblset_1.tga</DIFFUSEMAP>
		</MATERIAL>
		<MATERIAL name="cs_finish">
			<DIFFUSE>1.00000000 1.00000000 1.00000000</DIFFUSE>
			<AMBIENT>1.00000000 1.00000000 1.00000000</AMBIENT>
			<SPECULAR>1.00000000 1.00000000 1.00000000</SPECULAR>
			<DIFFUSEMAP>cs/finish.tga</DIFFUSEMAP>
		</MATERIAL>
		<MATERIAL name="metalpanel_1">
			<DIFFUSE>1.00000000 1.00000000 1.00000000</DIFFUSE>
			<AMBIENT>1.00000000 1.00000000 1.00000000</AMBIENT>
			<SPECULAR>1.00000000 1.00000000 1.00000000</SPECULAR>
			<DIFFUSEMAP>metalpanel/1.tga</DIFFUSEMAP>
		</MATERIAL>
	</MATERIALLIST>
	<DUMMYLIST>
		<DUMMY name="spawn_solo_101">
			<POSITION>-1024.00000000 688.00000000 -128.00000000</POSITION>
			<DIRECTION>0.90467837 -0.42609511 0.00000000</DIRECTION>
		</DUMMY>
		<DUMMY name="spawn_team1_101">
			<POSITION>-1024.00000000 552.00000000 -128.00000000</POSITION>
			<DIRECTION>0.26267758 -0.96488366 0.00000000</DIRECTION>
		</DUMMY>
		<DUMMY name="spawn_team1_102">
			<POSITION>-1064.00000000 624.00000000 -128.00000000</POSITION>
			<DIRECTION>0.56361255 -0.82603928 0.00000000</DIRECTION>
		</DUMMY>
		<DUMMY name="spawn_team2_101">
			<POSITION>-1040.00000000 560.00000000 -128.00000000</POSITION>
			<DIRECTION>0.45720659 -0.88936052 0.00000000</DIRECTION>
		</DUMMY>
		<DUMMY name="spawn_team2_102">
			<POSITION>-1072.00000000 584.00000000 -128.00000000</POSITION>
			<DIRECTION>0.50113320 -0.86537016 0.00000000</DIRECTION>
		</DUMMY>
	</DUMMYLIST>
</XML>
