<?xml version="1.0"?>
<XML>
	<MATERIALLIST>
		<MATERIAL name="gzd_map_Stairway_wall04_mt_con">
			<DIFFUSE>0.5880000 0.5880000 0.5880000</DIFFUSE>
			<AMBIENT>0.5880000 0.5880000 0.5880000</AMBIENT>
			<SPECULAR>0.9000000 0.9000000 0.9000000</SPECULAR>
			<DIFFUSEMAP>gzd_map_Stairway_wall04.bmp</DIFFUSEMAP>
		</MATERIAL>
		<MATERIAL name="gzd_map_Stairway_wall03_mt_con">
			<DIFFUSE>0.5880000 0.5880000 0.5880000</DIFFUSE>
			<AMBIENT>0.5880000 0.5880000 0.5880000</AMBIENT>
			<SPECULAR>0.9000000 0.9000000 0.9000000</SPECULAR>
			<DIFFUSEMAP>gzd_map_Stairway_wall03.bmp</DIFFUSEMAP>
		</MATERIAL>
		<MATERIAL name="gzd_map_Stairway_stair01_mt_con">
			<DIFFUSE>0.5880000 0.5880000 0.5880000</DIFFUSE>
			<AMBIENT>0.5880000 0.5880000 0.5880000</AMBIENT>
			<SPECULAR>0.9000000 0.9000000 0.9000000</SPECULAR>
			<DIFFUSEMAP>gzd_map_Stairway_stair01.bmp</DIFFUSEMAP>
		</MATERIAL>
		<MATERIAL name="gzd_map_BA_black">
			<DIFFUSE>0.3137255 0.3137255 0.3137255</DIFFUSE>
			<AMBIENT>0.3137255 0.3137255 0.3137255</AMBIENT>
			<SPECULAR>0.9000000 0.9000000 0.9000000</SPECULAR>
			<DIFFUSEMAP>../battle arena/black.tga</DIFFUSEMAP>
			<USEOPACITY/>
		</MATERIAL>
	</MATERIALLIST>
	<LIGHTLIST>
		<LIGHT name="Omni_main_a 01">
			<POSITION>-11000.0000000 11000.0000000 10500.0000000</POSITION>
			<COLOR>0.9294118 0.9450981 0.9568628</COLOR>
			<INTENSITY>0.1800000</INTENSITY>
			<ATTENUATIONSTART>50000.0000000</ATTENUATIONSTART>
			<ATTENUATIONEND>50000.0000000</ATTENUATIONEND>
		</LIGHT>
		<LIGHT name="Omni_main_a 02">
			<POSITION>11000.0000000 11000.0000000 10500.0000000</POSITION>
			<COLOR>0.9294118 0.9450981 0.9568628</COLOR>
			<INTENSITY>0.1800000</INTENSITY>
			<ATTENUATIONSTART>50000.0000000</ATTENUATIONSTART>
			<ATTENUATIONEND>50000.0000000</ATTENUATIONEND>
		</LIGHT>
		<LIGHT name="Omni_main_a 03">
			<POSITION>11000.0000000 -11000.0000000 10500.0000000</POSITION>
			<COLOR>0.9294118 0.9450981 0.9568628</COLOR>
			<INTENSITY>0.1800000</INTENSITY>
			<ATTENUATIONSTART>50000.0000000</ATTENUATIONSTART>
			<ATTENUATIONEND>50000.0000000</ATTENUATIONEND>
		</LIGHT>
		<LIGHT name="Omni_main_a 04">
			<POSITION>-11000.0000000 -11000.0000000 10500.0000000</POSITION>
			<COLOR>0.9294118 0.9450981 0.9568628</COLOR>
			<INTENSITY>0.1800000</INTENSITY>
			<ATTENUATIONSTART>50000.0000000</ATTENUATIONSTART>
			<ATTENUATIONEND>50000.0000000</ATTENUATIONEND>
		</LIGHT>
		<LIGHT name="Omni_main_b 01">
			<POSITION>-11000.0000000 11000.0000000 -11500.0000000</POSITION>
			<COLOR>0.9294118 0.9450981 0.9568628</COLOR>
			<INTENSITY>0.1500000</INTENSITY>
			<ATTENUATIONSTART>50000.0000000</ATTENUATIONSTART>
			<ATTENUATIONEND>50000.0000000</ATTENUATIONEND>
		</LIGHT>
		<LIGHT name="Omni_main_b 02">
			<POSITION>11000.0000000 11000.0000000 -11500.0000000</POSITION>
			<COLOR>0.9294118 0.9450981 0.9568628</COLOR>
			<INTENSITY>0.1500000</INTENSITY>
			<ATTENUATIONSTART>50000.0000000</ATTENUATIONSTART>
			<ATTENUATIONEND>50000.0000000</ATTENUATIONEND>
		</LIGHT>
		<LIGHT name="Omni_main_b 03">
			<POSITION>-11000.0000000 -11000.0000000 -11500.0000000</POSITION>
			<COLOR>0.9294118 0.9450981 0.9568628</COLOR>
			<INTENSITY>0.1500000</INTENSITY>
			<ATTENUATIONSTART>50000.0000000</ATTENUATIONSTART>
			<ATTENUATIONEND>50000.0000000</ATTENUATIONEND>
		</LIGHT>
		<LIGHT name="Omni_main_b 04">
			<POSITION>11000.0000000 -11000.0000000 -11500.0000000</POSITION>
			<COLOR>0.9294118 0.9450981 0.9568628</COLOR>
			<INTENSITY>0.1500000</INTENSITY>
			<ATTENUATIONSTART>50000.0000000</ATTENUATIONSTART>
			<ATTENUATIONEND>50000.0000000</ATTENUATIONEND>
		</LIGHT>
		<LIGHT name="sun_Omni">
			<POSITION>-37580.5312500 -30479.7578125 43378.9062500</POSITION>
			<COLOR>0.9294118 0.9450981 0.9568628</COLOR>
			<INTENSITY>1.3000000</INTENSITY>
			<ATTENUATIONSTART>100000.0000000</ATTENUATIONSTART>
			<ATTENUATIONEND>100000.0000000</ATTENUATIONEND>
			<CASTSHADOW/>
		</LIGHT>
		<LIGHT name="sun_Omni01">
			<POSITION>-35903.0937500 -28915.6328125 -43378.9062500</POSITION>
			<COLOR>0.9294118 0.9450981 0.9568628</COLOR>
			<INTENSITY>0.6000000</INTENSITY>
			<ATTENUATIONSTART>100000.0000000</ATTENUATIONSTART>
			<ATTENUATIONEND>100000.0000000</ATTENUATIONEND>
		</LIGHT>
		<LIGHT name="Omni_deco 01">
			<POSITION>2641.4277344 -2129.5151367 -147.7376251</POSITION>
			<COLOR>0.5137255 0.4784314 1.0000000</COLOR>
			<INTENSITY>0.8000000</INTENSITY>
			<ATTENUATIONSTART>0.0000000</ATTENUATIONSTART>
			<ATTENUATIONEND>1336.0479736</ATTENUATIONEND>
		</LIGHT>
		<LIGHT name="Omni_deco 02">
			<POSITION>-4008.9108887 1704.7391357 -861.3771362</POSITION>
			<COLOR>1.0000000 0.4784314 0.4784314</COLOR>
			<INTENSITY>0.8000000</INTENSITY>
			<ATTENUATIONSTART>0.0000000</ATTENUATIONSTART>
			<ATTENUATIONEND>1336.0479736</ATTENUATIONEND>
		</LIGHT>
		<LIGHT name="Omni_deco 03">
			<POSITION>1538.0772705 1502.9638672 2037.2078857</POSITION>
			<COLOR>1.0000000 0.7098039 0.7098039</COLOR>
			<INTENSITY>0.8000000</INTENSITY>
			<ATTENUATIONSTART>0.0000000</ATTENUATIONSTART>
			<ATTENUATIONEND>1336.0479736</ATTENUATIONEND>
		</LIGHT>
		<LIGHT name="Omni_deco 04">
			<POSITION>1538.0772705 148.1773376 -92.4932861</POSITION>
			<COLOR>0.7843138 1.0000000 0.9921569</COLOR>
			<INTENSITY>0.8000000</INTENSITY>
			<ATTENUATIONSTART>0.0000000</ATTENUATIONSTART>
			<ATTENUATIONEND>1336.0479736</ATTENUATIONEND>
		</LIGHT>
		<LIGHT name="Omni_deco 05">
			<POSITION>-527.8924561 -1805.1628418 1389.6099854</POSITION>
			<COLOR>0.9098040 1.0000000 0.7843138</COLOR>
			<INTENSITY>0.8000000</INTENSITY>
			<ATTENUATIONSTART>0.0000000</ATTENUATIONSTART>
			<ATTENUATIONEND>1336.0479736</ATTENUATIONEND>
		</LIGHT>
		<LIGHT name="Omni_deco 06">
			<POSITION>-1023.1004639 155.9542084 613.3897705</POSITION>
			<COLOR>0.6784314 0.6784314 1.0000000</COLOR>
			<INTENSITY>0.8000000</INTENSITY>
			<ATTENUATIONSTART>0.0000000</ATTENUATIONSTART>
			<ATTENUATIONEND>1336.0479736</ATTENUATIONEND>
		</LIGHT>
		<LIGHT name="Omni_deco 07">
			<POSITION>3211.1064453 -1171.1204834 2281.1166992</POSITION>
			<COLOR>1.0000000 0.4784314 0.4784314</COLOR>
			<INTENSITY>0.8000000</INTENSITY>
			<ATTENUATIONSTART>0.0000000</ATTENUATIONSTART>
			<ATTENUATIONEND>1336.0479736</ATTENUATIONEND>
		</LIGHT>
		<LIGHT name="Omni_deco 08">
			<POSITION>1538.0772705 1502.9638672 412.8553467</POSITION>
			<COLOR>1.0000000 0.7098039 0.7098039</COLOR>
			<INTENSITY>0.8000000</INTENSITY>
			<ATTENUATIONSTART>0.0000000</ATTENUATIONSTART>
			<ATTENUATIONEND>1336.0479736</ATTENUATIONEND>
		</LIGHT>
		<LIGHT name="Omni_deco 09">
			<POSITION>-512.5528564 1835.7221680 1263.5085449</POSITION>
			<COLOR>0.6784314 0.6784314 1.0000000</COLOR>
			<INTENSITY>0.8000000</INTENSITY>
			<ATTENUATIONSTART>0.0000000</ATTENUATIONSTART>
			<ATTENUATIONEND>1336.0479736</ATTENUATIONEND>
		</LIGHT>
		<LIGHT name="Omni_deco 10">
			<POSITION>-2814.8400879 -1504.2706299 615.3059082</POSITION>
			<COLOR>0.5137255 0.4784314 1.0000000</COLOR>
			<INTENSITY>0.8000000</INTENSITY>
			<ATTENUATIONSTART>0.0000000</ATTENUATIONSTART>
			<ATTENUATIONEND>1336.0479736</ATTENUATIONEND>
		</LIGHT>
		<LIGHT name="Omni_deco 11">
			<POSITION>-1075.9377441 780.5435791 1451.1650391</POSITION>
			<COLOR>0.5137255 0.4784314 1.0000000</COLOR>
			<INTENSITY>0.8000000</INTENSITY>
			<ATTENUATIONSTART>0.0000000</ATTENUATIONSTART>
			<ATTENUATIONEND>1336.0479736</ATTENUATIONEND>
		</LIGHT>
		<LIGHT name="Omni_deco 12">
			<POSITION>-3273.1574707 1839.9659424 468.6845093</POSITION>
			<COLOR>0.5137255 0.4784314 1.0000000</COLOR>
			<INTENSITY>0.8000000</INTENSITY>
			<ATTENUATIONSTART>0.0000000</ATTENUATIONSTART>
			<ATTENUATIONEND>1336.0479736</ATTENUATIONEND>
		</LIGHT>
	</LIGHTLIST>
	<OBJECTLIST>
	</OBJECTLIST>
	<DUMMYLIST>
		<DUMMY name="spawn_solo_101">
			<POSITION>-370.0000000 -1350.0001221 1025.0000000</POSITION>
			<DIRECTION>0.9999999 0.0000000 0.0000000</DIRECTION>
		</DUMMY>
		<DUMMY name="spawn_solo_102">
			<POSITION>1600.0000000 -2450.0000000 -625.0000000</POSITION>
			<DIRECTION>-0.9999999 -0.0000003 0.0000000</DIRECTION>
		</DUMMY>
		<DUMMY name="spawn_solo_103">
			<POSITION>-1600.0000000 -2450.0000000 -1415.0000000</POSITION>
			<DIRECTION>0.8660251 0.5000003 0.0000000</DIRECTION>
		</DUMMY>
		<DUMMY name="spawn_solo_104">
			<POSITION>-4100.0000000 0.0000219 -1310.0000000</POSITION>
			<DIRECTION>0.9999999 0.0000000 0.0000000</DIRECTION>
		</DUMMY>
		<DUMMY name="spawn_solo_105">
			<POSITION>3500.0000000 0.0000213 -1420.0000000</POSITION>
			<DIRECTION>-0.8660252 -0.5000002 0.0000000</DIRECTION>
		</DUMMY>
		<DUMMY name="spawn_solo_106">
			<POSITION>3133.2436523 0.0000219 1815.0000000</POSITION>
			<DIRECTION>-0.0000002 0.9999999 0.0000000</DIRECTION>
		</DUMMY>
		<DUMMY name="spawn_solo_107">
			<POSITION>1700.0000000 -299.9999695 -1420.0000000</POSITION>
			<DIRECTION>-0.9999999 -0.0000003 0.0000000</DIRECTION>
		</DUMMY>
		<DUMMY name="spawn_solo_108">
			<POSITION>345.0000000 1965.0000000 820.0000000</POSITION>
			<DIRECTION>0.9999999 0.0000000 0.0000000</DIRECTION>
		</DUMMY>
		<DUMMY name="spawn_solo_109">
			<POSITION>1560.0000000 1355.0000000 1590.0000000</POSITION>
			<DIRECTION>-0.9999999 -0.0000003 0.0000000</DIRECTION>
		</DUMMY>
		<DUMMY name="spawn_solo_110">
			<POSITION>-2485.8320313 2250.0000000 1715.0000000</POSITION>
			<DIRECTION>0.9999999 0.0000000 0.0000000</DIRECTION>
		</DUMMY>
		<DUMMY name="spawn_solo_111">
			<POSITION>-2100.0000000 0.0000217 170.0000000</POSITION>
			<DIRECTION>0.9999999 0.0000000 0.0000000</DIRECTION>
		</DUMMY>
		<DUMMY name="spawn_solo_112">
			<POSITION>-200.0000000 2250.0000000 2510.0000000</POSITION>
			<DIRECTION>0.7071068 -0.7071066 0.0000000</DIRECTION>
		</DUMMY>
		<DUMMY name="spawn_solo_113">
			<POSITION>-1600.0000000 150.0000153 -625.0000000</POSITION>
			<DIRECTION>0.0000000 -0.9999999 0.0000000</DIRECTION>
		</DUMMY>
		<DUMMY name="spawn_solo_114">
			<POSITION>-600.0000000 700.0000000 2385.0000000</POSITION>
			<DIRECTION>-0.0000002 0.9999999 0.0000000</DIRECTION>
		</DUMMY>
		<DUMMY name="spawn_solo_115">
			<POSITION>1400.0000000 2050.0000000 150.0000000</POSITION>
			<DIRECTION>0.0000000 -0.9999999 0.0000000</DIRECTION>
		</DUMMY>
		<DUMMY name="spawn_solo_116">
			<POSITION>3410.0000000 1965.0000000 25.0000000</POSITION>
			<DIRECTION>-0.9999999 -0.0000008 0.0000000</DIRECTION>
		</DUMMY>
		<DUMMY name="spawn_team1_101">
			<POSITION>-4321.8813477 1738.1739502 -1310.0000000</POSITION>
			<DIRECTION>0.0000000 -0.9999999 0.0000000</DIRECTION>
		</DUMMY>
		<DUMMY name="spawn_team2_101">
			<POSITION>2877.3193359 -2229.7756348 -625.0000000</POSITION>
			<DIRECTION>-0.9999999 -0.0000003 0.0000000</DIRECTION>
		</DUMMY>
		<DUMMY name="spawn_team2_102">
			<POSITION>2877.3193359 -2356.4387207 -625.0000000</POSITION>
			<DIRECTION>-0.9999999 -0.0000003 0.0000000</DIRECTION>
		</DUMMY>
		<DUMMY name="spawn_team1_102">
			<POSITION>-4195.2182617 1738.1739502 -1310.0000000</POSITION>
			<DIRECTION>0.0000000 -0.9999999 0.0000000</DIRECTION>
		</DUMMY>
		<DUMMY name="spawn_team2_103">
			<POSITION>3013.6579590 -2356.4387207 -625.0000000</POSITION>
			<DIRECTION>-0.9999999 -0.0000003 0.0000000</DIRECTION>
		</DUMMY>
		<DUMMY name="spawn_team2_104">
			<POSITION>3013.6579590 -2229.7756348 -625.0000000</POSITION>
			<DIRECTION>-0.9999999 -0.0000003 0.0000000</DIRECTION>
		</DUMMY>
		<DUMMY name="spawn_team2_105">
			<POSITION>3149.9965820 -2356.4387207 -625.0000000</POSITION>
			<DIRECTION>-0.9999999 -0.0000003 0.0000000</DIRECTION>
		</DUMMY>
		<DUMMY name="spawn_team2_106">
			<POSITION>3149.9965820 -2229.7756348 -625.0000000</POSITION>
			<DIRECTION>-0.9999999 -0.0000003 0.0000000</DIRECTION>
		</DUMMY>
		<DUMMY name="spawn_team2_107">
			<POSITION>3286.3352051 -2356.4387207 -625.0000000</POSITION>
			<DIRECTION>-0.9999999 -0.0000003 0.0000000</DIRECTION>
		</DUMMY>
		<DUMMY name="spawn_team2_108">
			<POSITION>3286.3352051 -2229.7756348 -625.0000000</POSITION>
			<DIRECTION>-0.9999999 -0.0000003 0.0000000</DIRECTION>
		</DUMMY>
		<DUMMY name="spawn_team1_103">
			<POSITION>-4195.2182617 1861.3496094 -1310.0000000</POSITION>
			<DIRECTION>0.0000000 -0.9999999 0.0000000</DIRECTION>
		</DUMMY>
		<DUMMY name="spawn_team1_104">
			<POSITION>-4321.8813477 1861.3496094 -1310.0000000</POSITION>
			<DIRECTION>0.0000000 -0.9999999 0.0000000</DIRECTION>
		</DUMMY>
		<DUMMY name="spawn_team1_105">
			<POSITION>-4195.2182617 1984.5252686 -1310.0000000</POSITION>
			<DIRECTION>0.0000000 -0.9999999 0.0000000</DIRECTION>
		</DUMMY>
		<DUMMY name="spawn_team1_106">
			<POSITION>-4321.8813477 1984.5252686 -1310.0000000</POSITION>
			<DIRECTION>0.0000000 -0.9999999 0.0000000</DIRECTION>
		</DUMMY>
		<DUMMY name="spawn_team1_107">
			<POSITION>-4195.2182617 2107.7009277 -1309.9998779</POSITION>
			<DIRECTION>0.0000000 -0.9999999 0.0000000</DIRECTION>
		</DUMMY>
		<DUMMY name="spawn_team1_108">
			<POSITION>-4321.8813477 2107.7009277 -1309.9998779</POSITION>
			<DIRECTION>0.0000000 -0.9999999 0.0000000</DIRECTION>
		</DUMMY>
		<DUMMY name="spawn_item_solo_bullet02_01">
			<POSITION>3734.7490234 299.9999695 150.0000000</POSITION>
			<DIRECTION>-0.0000002 0.9999999 0.0000000</DIRECTION>
		</DUMMY>
		<DUMMY name="spawn_item_solo_ap03_01">
			<POSITION>1625.2487793 1965.0000000 820.0000000</POSITION>
			<DIRECTION>-0.0000002 0.9999999 0.0000000</DIRECTION>
		</DUMMY>
		<DUMMY name="spawn_item_solo_hp03_01">
			<POSITION>3050.0000000 -1200.0000000 1815.0000000</POSITION>
			<DIRECTION>-0.0000002 0.9999999 0.0000000</DIRECTION>
		</DUMMY>
		<DUMMY name="spawn_item_team_bullet02_01">
			<POSITION>1560.0000000 1655.0000000 1590.0000000</POSITION>
			<DIRECTION>-0.0000002 0.9999999 0.0000000</DIRECTION>
		</DUMMY>
		<DUMMY name="spawn_item_team_ap03_01">
			<POSITION>3500.0000000 -2356.4387207 -625.0000000</POSITION>
			<DIRECTION>-0.0000002 0.9999999 0.0000000</DIRECTION>
		</DUMMY>
		<DUMMY name="spawn_item_team_hp03_01">
			<POSITION>192.4004974 -2150.0000000 150.0000000</POSITION>
			<DIRECTION>-0.0000002 0.9999999 0.0000000</DIRECTION>
		</DUMMY>
		<DUMMY name="spawn_item_solo_hp03_02">
			<POSITION>-2800.0000000 2250.0000000 1715.0000000</POSITION>
			<DIRECTION>-0.0000002 0.9999999 0.0000000</DIRECTION>
		</DUMMY>
		<DUMMY name="spawn_item_solo_ap03_02">
			<POSITION>-2500.0000000 -1350.0001221 230.0000000</POSITION>
			<DIRECTION>-0.0000002 0.9999999 0.0000000</DIRECTION>
		</DUMMY>
		<DUMMY name="spawn_item_solo_bullet02_02">
			<POSITION>-2800.0000000 299.9999390 945.0000000</POSITION>
			<DIRECTION>-0.0000002 0.9999999 0.0000000</DIRECTION>
		</DUMMY>
		<DUMMY name="spawn_item_team_hp03_02">
			<POSITION>-250.0000000 1800.0000000 820.0000000</POSITION>
			<DIRECTION>-0.0000002 0.9999999 0.0000000</DIRECTION>
		</DUMMY>
		<DUMMY name="spawn_item_team_ap03_02">
			<POSITION>-4100.0000000 1450.0000000 -1309.9998779</POSITION>
			<DIRECTION>-0.0000002 0.9999999 0.0000000</DIRECTION>
		</DUMMY>
		<DUMMY name="spawn_item_team_bullet02_02">
			<POSITION>-2500.0000000 -1050.0000000 1590.0000000</POSITION>
			<DIRECTION>-0.0000002 0.9999999 0.0000000</DIRECTION>
		</DUMMY>
		<DUMMY name="wait_pos_01">
			<POSITION>240.5456543 -1149.1514893 2874.1440430</POSITION>
			<DIRECTION>0.4999999 0.5000000 -0.7071067</DIRECTION>
		</DUMMY>
	</DUMMYLIST>
	<OCCLUSIONLIST>
	</OCCLUSIONLIST>
	<FOG min="0" max="7000">
		<R>1</R>
		<G>1</G>
		<B>1</B>
	</FOG>
	<AMBIENTSOUNDLIST>
	</AMBIENTSOUNDLIST>
	<GLOBAL>
		<fog_enable>TRUE</fog_enable>
		<fog_min>0</fog_min>
		<fog_max>7000</fog_max>
		<fog_color>1,1,1</fog_color>
	</GLOBAL>
</XML>
