<?xml version="1.0" encoding="UTF-8"?>
<XML>
	<MATERIALLIST>
		<MATERIAL name="shader1_grey2">
			<DIFFUSE>1.00000000 1.00000000 1.00000000</DIFFUSE>
			<AMBIENT>1.00000000 1.00000000 1.00000000</AMBIENT>
			<SPECULAR>1.00000000 1.00000000 1.00000000</SPECULAR>
			<DIFFUSEMAP>shader1/grey2.tga</DIFFUSEMAP>
			<ADDITIVE/>
		</MATERIAL>
		<MATERIAL name="floors_0114_metal">
			<DIFFUSE>1.00000000 1.00000000 1.00000000</DIFFUSE>
			<AMBIENT>1.00000000 1.00000000 1.00000000</AMBIENT>
			<SPECULAR>1.00000000 1.00000000 1.00000000</SPECULAR>
			<DIFFUSEMAP>floors/0114_metal.jpg</DIFFUSEMAP>
		</MATERIAL>
		<MATERIAL name="shader1_grey">
			<DIFFUSE>1.00000000 1.00000000 1.00000000</DIFFUSE>
			<AMBIENT>1.00000000 1.00000000 1.00000000</AMBIENT>
			<SPECULAR>1.00000000 1.00000000 1.00000000</SPECULAR>
			<DIFFUSEMAP>shader1/grey.tga</DIFFUSEMAP>
			<ADDITIVE/>
		</MATERIAL>
		<MATERIAL name="floors_halo">
			<DIFFUSE>1.00000000 1.00000000 1.00000000</DIFFUSE>
			<AMBIENT>1.00000000 1.00000000 1.00000000</AMBIENT>
			<SPECULAR>1.00000000 1.00000000 1.00000000</SPECULAR>
			<DIFFUSEMAP>floors/halo.tga</DIFFUSEMAP>
		</MATERIAL>
		<MATERIAL name="Q3Extras_crate_top">
			<DIFFUSE>1.00000000 1.00000000 1.00000000</DIFFUSE>
			<AMBIENT>1.00000000 1.00000000 1.00000000</AMBIENT>
			<SPECULAR>1.00000000 1.00000000 1.00000000</SPECULAR>
			<DIFFUSEMAP>Q3Extras/crate_top.tga</DIFFUSEMAP>
		</MATERIAL>
		<MATERIAL name="Q3Extras_crate">
			<DIFFUSE>1.00000000 1.00000000 1.00000000</DIFFUSE>
			<AMBIENT>1.00000000 1.00000000 1.00000000</AMBIENT>
			<SPECULAR>1.00000000 1.00000000 1.00000000</SPECULAR>
			<DIFFUSEMAP>Q3Extras/crate.tga</DIFFUSEMAP>
		</MATERIAL>
		<MATERIAL name="Q3Extras_crate_koreans">
			<DIFFUSE>1.00000000 1.00000000 1.00000000</DIFFUSE>
			<AMBIENT>1.00000000 1.00000000 1.00000000</AMBIENT>
			<SPECULAR>1.00000000 1.00000000 1.00000000</SPECULAR>
			<DIFFUSEMAP>Q3Extras/crate_koreans.tga</DIFFUSEMAP>
		</MATERIAL>
		<MATERIAL name="colors_black">
			<DIFFUSE>1.00000000 1.00000000 1.00000000</DIFFUSE>
			<AMBIENT>1.00000000 1.00000000 1.00000000</AMBIENT>
			<SPECULAR>1.00000000 1.00000000 1.00000000</SPECULAR>
			<DIFFUSEMAP>colors/black.tga</DIFFUSEMAP>
		</MATERIAL>
		<MATERIAL name="colors_white">
			<DIFFUSE>1.00000000 1.00000000 1.00000000</DIFFUSE>
			<AMBIENT>1.00000000 1.00000000 1.00000000</AMBIENT>
			<SPECULAR>1.00000000 1.00000000 1.00000000</SPECULAR>
			<DIFFUSEMAP>colors/white.tga</DIFFUSEMAP>
		</MATERIAL>
		<MATERIAL name="Q3Extras_struc_darkgrey">
			<DIFFUSE>1.00000000 1.00000000 1.00000000</DIFFUSE>
			<AMBIENT>1.00000000 1.00000000 1.00000000</AMBIENT>
			<SPECULAR>1.00000000 1.00000000 1.00000000</SPECULAR>
			<DIFFUSEMAP>Q3Extras/struc_darkgrey.tga</DIFFUSEMAP>
		</MATERIAL>
		<MATERIAL name="floors_0132_metal">
			<DIFFUSE>1.00000000 1.00000000 1.00000000</DIFFUSE>
			<AMBIENT>1.00000000 1.00000000 1.00000000</AMBIENT>
			<SPECULAR>1.00000000 1.00000000 1.00000000</SPECULAR>
			<DIFFUSEMAP>floors/0132_metal.jpg</DIFFUSEMAP>
		</MATERIAL>
		<MATERIAL name="floors_sun">
			<DIFFUSE>1.00000000 1.00000000 1.00000000</DIFFUSE>
			<AMBIENT>1.00000000 1.00000000 1.00000000</AMBIENT>
			<SPECULAR>1.00000000 1.00000000 1.00000000</SPECULAR>
			<DIFFUSEMAP>floors/sun.tga</DIFFUSEMAP>
		</MATERIAL>
		<MATERIAL name="floors_moon">
			<DIFFUSE>1.00000000 1.00000000 1.00000000</DIFFUSE>
			<AMBIENT>1.00000000 1.00000000 1.00000000</AMBIENT>
			<SPECULAR>1.00000000 1.00000000 1.00000000</SPECULAR>
			<DIFFUSEMAP>floors/moon.jpg</DIFFUSEMAP>
		</MATERIAL>
	</MATERIALLIST>
	<DUMMYLIST>
		<DUMMY name="spawn_solo_101">
			<POSITION>1584.00000000 3784.00000000 3064.00000000</POSITION>
			<DIRECTION>-1.00000000 0.00000000 0.00000000</DIRECTION>
		</DUMMY>
		<DUMMY name="spawn_solo_102">
			<POSITION>-1056.00000000 3768.00000000 3064.00000000</POSITION>
			<DIRECTION>-0.00000000 -1.00000000 0.00000000</DIRECTION>
		</DUMMY>
		<DUMMY name="spawn_solo_103">
			<POSITION>-1064.00000000 6448.00000000 3064.00000000</POSITION>
			<DIRECTION>1.00000000 -0.00000000 0.00000000</DIRECTION>
		</DUMMY>
		<DUMMY name="spawn_solo_104">
			<POSITION>1560.00000000 6448.00000000 3064.00000000</POSITION>
			<DIRECTION>0.00000000 1.00000000 0.00000000</DIRECTION>
		</DUMMY>
		<DUMMY name="spawn_solo_105">
			<POSITION>1584.00000000 3784.00000000 672.00000000</POSITION>
			<DIRECTION>-1.00000000 0.00000000 0.00000000</DIRECTION>
		</DUMMY>
		<DUMMY name="spawn_solo_106">
			<POSITION>-1056.00000000 3768.00000000 672.00000000</POSITION>
			<DIRECTION>-0.00000000 -1.00000000 0.00000000</DIRECTION>
		</DUMMY>
		<DUMMY name="spawn_solo_107">
			<POSITION>-1064.00000000 6448.00000000 672.00000000</POSITION>
			<DIRECTION>1.00000000 -0.00000000 0.00000000</DIRECTION>
		</DUMMY>
		<DUMMY name="spawn_solo_108">
			<POSITION>1560.00000000 6448.00000000 672.00000000</POSITION>
			<DIRECTION>0.00000000 1.00000000 0.00000000</DIRECTION>
		</DUMMY>
		<DUMMY name="spawn_solo_109">
			<POSITION>-2120.00000000 5120.00000000 2288.00000000</POSITION>
			<DIRECTION>1.00000000 -0.00000000 0.00000000</DIRECTION>
		</DUMMY>
		<DUMMY name="spawn_solo_110">
			<POSITION>256.00000000 7504.00000000 2288.00000000</POSITION>
			<DIRECTION>0.00000000 1.00000000 0.00000000</DIRECTION>
		</DUMMY>
		<DUMMY name="spawn_solo_111">
			<POSITION>248.00000000 2736.00000000 2288.00000000</POSITION>
			<DIRECTION>-0.00000000 -1.00000000 0.00000000</DIRECTION>
		</DUMMY>
		<DUMMY name="spawn_solo_112">
			<POSITION>-1616.00000000 5120.00000000 -992.00000000</POSITION>
			<DIRECTION>1.00000000 -0.00000000 0.00000000</DIRECTION>
		</DUMMY>
		<DUMMY name="spawn_solo_113">
			<POSITION>2152.00000000 5112.00000000 -992.00000000</POSITION>
			<DIRECTION>-1.00000000 0.00000000 0.00000000</DIRECTION>
		</DUMMY>
		<DUMMY name="spawn_solo_114">
			<POSITION>248.00000000 3216.00000000 -992.00000000</POSITION>
			<DIRECTION>-0.00000000 -1.00000000 0.00000000</DIRECTION>
		</DUMMY>
		<DUMMY name="spawn_solo_115">
			<POSITION>2616.00000000 5120.00000000 2288.00000000</POSITION>
			<DIRECTION>-1.00000000 0.00000000 0.00000000</DIRECTION>
		</DUMMY>
		<DUMMY name="spawn_team1_101">
			<POSITION>1128.00000000 5304.00000000 -680.00000000</POSITION>
			<DIRECTION>-1.00000000 0.00000000 0.00000000</DIRECTION>
		</DUMMY>
		<DUMMY name="spawn_team1_102">
			<POSITION>976.00000000 4944.00000000 -680.00000000</POSITION>
			<DIRECTION>-1.00000000 0.00000000 0.00000000</DIRECTION>
		</DUMMY>
		<DUMMY name="spawn_team1_103">
			<POSITION>480.00000000 5976.00000000 -680.00000000</POSITION>
			<DIRECTION>0.00000000 1.00000000 0.00000000</DIRECTION>
		</DUMMY>
		<DUMMY name="spawn_team1_104">
			<POSITION>72.00000000 5880.00000000 -680.00000000</POSITION>
			<DIRECTION>0.00000000 1.00000000 0.00000000</DIRECTION>
		</DUMMY>
		<DUMMY name="spawn_team1_105">
			<POSITION>-440.00000000 5304.00000000 -680.00000000</POSITION>
			<DIRECTION>1.00000000 -0.00000000 0.00000000</DIRECTION>
		</DUMMY>
		<DUMMY name="spawn_team1_106">
			<POSITION>-592.00000000 4928.00000000 -680.00000000</POSITION>
			<DIRECTION>1.00000000 -0.00000000 0.00000000</DIRECTION>
		</DUMMY>
		<DUMMY name="spawn_team1_107">
			<POSITION>216.00000000 4296.00000000 -680.00000000</POSITION>
			<DIRECTION>-0.00000000 -1.00000000 0.00000000</DIRECTION>
		</DUMMY>
		<DUMMY name="spawn_team1_108">
			<POSITION>632.00000000 4416.00000000 -680.00000000</POSITION>
			<DIRECTION>-0.00000000 -1.00000000 0.00000000</DIRECTION>
		</DUMMY>
		<DUMMY name="spawn_team2_101">
			<POSITION>344.00000000 4712.00000000 3064.00000000</POSITION>
			<DIRECTION>-1.00000000 0.00000000 0.00000000</DIRECTION>
		</DUMMY>
		<DUMMY name="spawn_team2_102">
			<POSITION>208.00000000 5512.00000000 3064.00000000</POSITION>
			<DIRECTION>-1.00000000 0.00000000 0.00000000</DIRECTION>
		</DUMMY>
		<DUMMY name="spawn_team2_103">
			<POSITION>480.00000000 5432.00000000 3064.00000000</POSITION>
			<DIRECTION>-1.00000000 0.00000000 0.00000000</DIRECTION>
		</DUMMY>
		<DUMMY name="spawn_team2_104">
			<POSITION>248.00000000 5216.00000000 3064.00000000</POSITION>
			<DIRECTION>-1.00000000 0.00000000 0.00000000</DIRECTION>
		</DUMMY>
		<DUMMY name="spawn_team2_105">
			<POSITION>600.00000000 5144.00000000 3064.00000000</POSITION>
			<DIRECTION>-1.00000000 0.00000000 0.00000000</DIRECTION>
		</DUMMY>
		<DUMMY name="spawn_team2_106">
			<POSITION>504.00000000 4976.00000000 3064.00000000</POSITION>
			<DIRECTION>-1.00000000 0.00000000 0.00000000</DIRECTION>
		</DUMMY>
		<DUMMY name="spawn_team2_107">
			<POSITION>-56.00000000 5160.00000000 3064.00000000</POSITION>
			<DIRECTION>-1.00000000 0.00000000 0.00000000</DIRECTION>
		</DUMMY>
		<DUMMY name="spawn_team2_108">
			<POSITION>56.00000000 4840.00000000 3064.00000000</POSITION>
			<DIRECTION>-1.00000000 0.00000000 0.00000000</DIRECTION>
		</DUMMY>
		<DUMMY name="spawn_solo_116">
			<POSITION>256.00000000 6992.00000000 -992.00000000</POSITION>
			<DIRECTION>0.00000000 1.00000000 0.00000000</DIRECTION>
		</DUMMY>
		<DUMMY name="smk_st_01">
			<POSITION>1800.0000000 5120.0000000 3100.0000000</POSITION>
			<DIRECTION>.0000000 .0000000 1000.0000000</DIRECTION>
		</DUMMY>
		<DUMMY name="smk_st_02">
			<POSITION>-1250.0000000 5120.0000000 3100.0000000</POSITION>
			<DIRECTION>.0000000 .0000000 1000.0000000</DIRECTION>
		</DUMMY>
		<DUMMY name="smk_st_03">
			<POSITION>275.0000000 6656.0000000 3100.0000000</POSITION>
			<DIRECTION>.0000000 .0000000 1000.0000000</DIRECTION>
		</DUMMY>
		<DUMMY name="smk_st_04">
			<POSITION>275.0000000 3580.0000000 3100.0000000</POSITION>
			<DIRECTION>.0000000 .0000000 1000.0000000</DIRECTION>
		</DUMMY>
		<DUMMY name="smk_st_05">
			<POSITION>1800.0000000 6656.0000000 3100.0000000</POSITION>
			<DIRECTION>.0000000 .0000000 1000.0000000</DIRECTION>
		</DUMMY>
		<DUMMY name="smk_st_06">
			<POSITION>-1250.0000000 6656.0000000 3100.0000000</POSITION>
			<DIRECTION>.0000000 .0000000 1000.0000000</DIRECTION>
		</DUMMY>
		<DUMMY name="smk_st_07">
			<POSITION>1800.0000000 3580.0000000 3100.0000000</POSITION>
			<DIRECTION>.0000000 .0000000 1000.0000000</DIRECTION>
		</DUMMY>
		<DUMMY name="smk_st_08">
			<POSITION>-1250.0000000 3580.0000000 3100.0000000</POSITION>
			<DIRECTION>.0000000 .0000000 1000.0000000</DIRECTION>
		</DUMMY>
		<DUMMY name="smk_st_09">
			<POSITION>1800.0000000 5888.0000000 3100.0000000</POSITION>
			<DIRECTION>.0000000 .0000000 1000.0000000</DIRECTION>
		</DUMMY>
		<DUMMY name="smk_st_10">
			<POSITION>1800.0000000 4350.0000000 3100.0000000</POSITION>
			<DIRECTION>.0000000 .0000000 1000.0000000</DIRECTION>
		</DUMMY>
		<DUMMY name="smk_st_11">
			<POSITION>-1250.0000000 5888.0000000 3100.0000000</POSITION>
			<DIRECTION>.0000000 .0000000 1000.0000000</DIRECTION>
		</DUMMY>
		<DUMMY name="smk_st_12">
			<POSITION>-1250.0000000 4350.0000000 3100.0000000</POSITION>
			<DIRECTION>.0000000 .0000000 1000.0000000</DIRECTION>
		</DUMMY>
		<DUMMY name="smk_st_13">
			<POSITION>1038.0000000 6656.0000000 3100.0000000</POSITION>
			<DIRECTION>.0000000 .0000000 1000.0000000</DIRECTION>
		</DUMMY>
		<DUMMY name="smk_st_14">
			<POSITION>-488.0000000 6656.0000000 3100.0000000</POSITION>
			<DIRECTION>.0000000 .0000000 1000.0000000</DIRECTION>
		</DUMMY>
		<DUMMY name="smk_st_13">
			<POSITION>1038.0000000 6656.0000000 3100.0000000</POSITION>
			<DIRECTION>.0000000 .0000000 1000.0000000</DIRECTION>
		</DUMMY>
		<DUMMY name="smk_st_14">
			<POSITION>-488.0000000 6656.0000000 3100.0000000</POSITION>
			<DIRECTION>.0000000 .0000000 1000.0000000</DIRECTION>
		</DUMMY>
		<DUMMY name="smk_st_15">
			<POSITION>1038.0000000 3580.0000000 3100.0000000</POSITION>
			<DIRECTION>.0000000 .0000000 1000.0000000</DIRECTION>
		</DUMMY>
		<DUMMY name="smk_st_16">
			<POSITION>-488.0000000 3580.0000000 3100.0000000</POSITION>
			<DIRECTION>.0000000 .0000000 1000.0000000</DIRECTION>
		</DUMMY>
		<DUMMY name="smk_ss_01">
			<POSITION>275.0000000 5120.0000000 -512.0000000</POSITION>
			<DIRECTION>.0000000 .0000000 1000.0000000</DIRECTION>
		</DUMMY>
		<DUMMY name="sun_Dummy">
			<POSITION>3008.0000000 12160.0000000 5888.0000000</POSITION>
			<DIRECTION>0.0000000 0.9999999 0.0000000</DIRECTION>
		</DUMMY>
	</DUMMYLIST>
</XML>
