<?xml version="1.0" encoding="UTF-8"?>
<XML>
	<GAMETYPE id="solo">
		<SPAWN item="bullet02" timesec="35000">
			<POSITION>-2716.0000000 -2320.5000000 656.6000000</POSITION>
		</SPAWN>
		<SPAWN item="bullet02" timesec="35000">
			<POSITION>2716.0000000 2448.0000000 656.6000000</POSITION>
		</SPAWN>
		<SPAWN item="ap02" timesec="35000">
			<POSITION>-25.0000000 3667.0000000 656.6000000</POSITION>
		</SPAWN>
		<SPAWN item="ap02" timesec="35000">
			<POSITION>-25.0000000 -3576.0000000 656.6000000</POSITION>
		</SPAWN>
		<SPAWN item="hp03" timesec="35000">
			<POSITION>-23.2000000 85.8000000 656.6000000</POSITION>
		</SPAWN>
	</GAMETYPE>

	<GAMETYPE id="team">
		<SPAWN item="bullet02" timesec="35000">
			<POSITION>-2716.0000000 -2320.5000000 656.6000000</POSITION>
		</SPAWN>
		<SPAWN item="bullet02" timesec="35000">
			<POSITION>2716.0000000 2448.0000000 656.6000000</POSITION>
		</SPAWN>
		<SPAWN item="ap02" timesec="35000">
			<POSITION>-25.0000000 3667.0000000 656.6000000</POSITION>
		</SPAWN>
		<SPAWN item="ap02" timesec="35000">
			<POSITION>-25.0000000 -3576.0000000 656.6000000</POSITION>
		</SPAWN>
		<SPAWN item="hp03" timesec="35000">
			<POSITION>-23.2000000 85.8000000 656.6000000</POSITION>
		</SPAWN>
	</GAMETYPE>
</XML>
